record_id,data_source,source_file,source_row,country,smtp_observation_state,starttls_observation_state,tls_observation_state,certificate_observation_state,port,smtp_status,smtp_protocol,banner_present,ehlo_present,starttls_present,tls_observed,tls_handshake_success,tls_version,tls_selected_version,cipher_suite,key_exchange,tls_extension_count,tls_ext_43,tls_ext_51,tls_ext_65281,tls_ext_11,tls_ext_5,tls_ocsp_stapling,tls_ticket,tls_secure_renegotiation,tls_heartbeat,tls_extended_master_secret,tls_session_id_present,cipher_uses_aead,cipher_uses_cbc,cipher_uses_rsa_kex,cipher_uses_ecdhe,uses_forward_secrecy,is_tls10,is_tls11,is_tls12,is_tls13,is_legacy_tls,certificate_observed,browser_trusted,cert_key_algorithm,cert_rsa_key_size,cert_rsa_exponent,cert_ecdsa_key_size,cert_ecdsa_curve,cert_signature_algorithm,cert_sha1_signature,cert_sha256_signature,cert_sha384_signature,cert_sha512_signature,cert_validation_level,cert_self_signed,cert_san_count,cert_has_wildcard_san,cert_max_san_length,cert_unique_san_count,cert_is_ca,cert_server_auth,cert_client_auth,cert_digital_signature,cert_key_encipherment,cert_key_agreement,cert_key_usage_count,cert_extension_count,cert_validity_days,cert_days_remaining,cert_expired,cert_not_yet_valid,cert_chain_length,cert_ocsp_url_count,cert_issuer_url_count,cert_has_ocsp,cert_policy_count,cert_has_certificate_policy,cert_sct_count,cert_has_sct,cert_crl_url_count,cert_has_crl_distribution,cert_has_authority_key_id,cert_has_subject_key_id,rule_flag_legacy_tls,rule_flag_weak_cipher,rule_flag_rsa_key_exchange,rule_flag_cbc_cipher,rule_flag_sha1_certificate,rule_flag_weak_rsa_certificate,rule_flag_certificate_identity,smtp_no_starttls_or_tls_observed,smtp_starttls_tls_observed
zgrab_587_Australia.json:1,zgrab_real,zgrab_587_Australia.json,1,Australia,SMTP_RESPONSE_OBSERVED,STARTTLS_NOT_OBSERVED,TLS_NOT_OBSERVED,CERTIFICATE_NOT_OBSERVED_NO_TLS,587,success,smtp,1,1,0,0,0,,,,,,,,,,,,,,,,,,,,,,,,,,,0,,,,,,,,,,,,,,,,,,,,,,,,,,,,,,,,,,,,,,,,,,,,,,,,,1,0
zgrab_587_Australia.json:2,zgrab_real,zgrab_587_Australia.json,2,Australia,SMTP_RESPONSE_OBSERVED,TLS_HANDSHAKE_SUCCEEDED,HANDSHAKE_SUCCEEDED,CERTIFICATE_OBSERVED,587,success,smtp,1,1,1,1,1,TLSv1.2,TLSv1.3,TLS_CHACHA20_POLY1305_SHA256,x25519,2,1,1,0,0,0,0,0,0,0,0,1,1,0,0,0,1,0,0,1,0,0,1,True,RSA,2048,65537,,,SHA256-RSA,0,1,0,0,DV,False,2,1,12,2,False,True,,True,True,,2,10,384.99998842592595,70.97362268518519,0,0,1,1,1,1,1,1,3,1,1,1,1,1,0,0,0,0,0,0,0,0,1
zgrab_587_Australia.json:3,zgrab_real,zgrab_587_Australia.json,3,Australia,SMTP_RESPONSE_OBSERVED,TLS_HANDSHAKE_SUCCEEDED,HANDSHAKE_SUCCEEDED,CERTIFICATE_OBSERVED,587,success,smtp,1,1,1,1,1,TLSv1.2,,TLS_ECDHE_RSA_WITH_AES_128_GCM_SHA256,,2,0,0,1,1,0,0,0,0,0,0,1,1,0,0,1,1,0,0,1,0,0,1,True,RSA,2048,65537,,,SHA256-RSA,0,1,0,0,DV,False,18,1,21,18,False,True,,True,True,,2,9,365.99998842592595,37.97359953703704,0,0,2,1,1,1,2,1,3,1,0,0,1,1,0,0,0,0,0,0,0,0,1
zgrab_587_Australia.json:4,zgrab_real,zgrab_587_Australia.json,4,Australia,SMTP_RESPONSE_OBSERVED,TLS_HANDSHAKE_SUCCEEDED,HANDSHAKE_SUCCEEDED,CERTIFICATE_OBSERVED,587,success,smtp,1,1,1,1,1,TLSv1.2,,TLS_ECDHE_RSA_WITH_AES_128_GCM_SHA256,,2,0,0,1,1,0,0,0,0,0,0,1,1,0,0,1,1,0,0,1,0,0,1,True,RSA,2048,65537,,,SHA256-RSA,0,1,0,0,DV,False,18,1,21,18,False,True,,True,True,,2,9,365.99998842592595,37.97358796296297,0,0,2,1,1,1,2,1,3,1,0,0,1,1,0,0,0,0,0,0,0,0,1
zgrab_587_Australia.json:5,zgrab_real,zgrab_587_Australia.json,5,Australia,SMTP_RESPONSE_OBSERVED,TLS_HANDSHAKE_SUCCEEDED,HANDSHAKE_SUCCEEDED,CERTIFICATE_OBSERVED,587,success,smtp,1,1,1,1,1,TLSv1.2,,TLS_ECDHE_RSA_WITH_AES_128_GCM_SHA256,,2,0,0,1,1,0,0,0,0,0,0,1,1,0,0,1,1,0,0,1,0,0,1,True,RSA,2048,65537,,,SHA256-RSA,0,1,0,0,DV,False,18,1,21,18,False,True,,True,True,,2,9,365.99998842592595,37.97358796296297,0,0,2,1,1,1,2,1,3,1,0,0,1,1,0,0,0,0,0,0,0,0,1
zgrab_587_Australia.json:6,zgrab_real,zgrab_587_Australia.json,6,Australia,SMTP_RESPONSE_OBSERVED,TLS_HANDSHAKE_SUCCEEDED,HANDSHAKE_SUCCEEDED,CERTIFICATE_OBSERVED,587,success,smtp,1,1,1,1,1,TLSv1.2,,TLS_ECDHE_RSA_WITH_AES_128_GCM_SHA256,,2,0,0,1,1,0,0,0,0,0,0,1,1,0,0,1,1,0,0,1,0,0,1,True,RSA,2048,65537,,,SHA256-RSA,0,1,0,0,DV,False,18,1,21,18,False,True,,True,True,,2,9,365.99998842592595,37.97357638888889,0,0,2,1,1,1,2,1,3,1,0,0,1,1,0,0,0,0,0,0,0,0,1
zgrab_587_Australia.json:7,zgrab_real,zgrab_587_Australia.json,7,Australia,SMTP_RESPONSE_OBSERVED,TLS_HANDSHAKE_SUCCEEDED,HANDSHAKE_SUCCEEDED,CERTIFICATE_OBSERVED,587,success,smtp,1,1,1,1,1,TLSv1.2,,TLS_ECDHE_RSA_WITH_AES_128_GCM_SHA256,,2,0,0,1,1,0,0,0,0,0,0,1,1,0,0,1,1,0,0,1,0,0,1,True,RSA,2048,65537,,,SHA256-RSA,0,1,0,0,DV,False,18,1,21,18,False,True,,True,True,,2,9,365.99998842592595,37.973564814814814,0,0,2,1,1,1,2,1,3,1,0,0,1,1,0,0,0,0,0,0,0,0,1
zgrab_587_Australia.json:8,zgrab_real,zgrab_587_Australia.json,8,Australia,SMTP_RESPONSE_OBSERVED,TLS_HANDSHAKE_SUCCEEDED,HANDSHAKE_SUCCEEDED,CERTIFICATE_OBSERVED,587,success,smtp,1,1,1,1,1,TLSv1.2,,TLS_ECDHE_RSA_WITH_AES_128_GCM_SHA256,,2,0,0,1,1,0,0,0,0,0,0,1,1,0,0,1,1,0,0,1,0,0,1,True,RSA,2048,65537,,,SHA256-RSA,0,1,0,0,DV,False,18,1,21,18,False,True,,True,True,,2,9,365.99998842592595,37.97355324074074,0,0,2,1,1,1,2,1,3,1,0,0,1,1,0,0,0,0,0,0,0,0,1
zgrab_587_Australia.json:9,zgrab_real,zgrab_587_Australia.json,9,Australia,SMTP_RESPONSE_OBSERVED,TLS_HANDSHAKE_SUCCEEDED,HANDSHAKE_SUCCEEDED,CERTIFICATE_OBSERVED,587,success,smtp,1,1,1,1,1,TLSv1.2,,TLS_ECDHE_RSA_WITH_AES_128_GCM_SHA256,,2,0,0,1,1,0,0,0,0,0,0,1,1,0,0,1,1,0,0,1,0,0,1,True,RSA,2048,65537,,,SHA256-RSA,0,1,0,0,DV,False,18,1,21,18,False,True,,True,True,,2,9,365.99998842592595,37.97355324074074,0,0,2,1,1,1,2,1,3,1,0,0,1,1,0,0,0,0,0,0,0,0,1
zgrab_587_Australia.json:10,zgrab_real,zgrab_587_Australia.json,10,Australia,SMTP_RESPONSE_OBSERVED,TLS_HANDSHAKE_SUCCEEDED,HANDSHAKE_SUCCEEDED,CERTIFICATE_OBSERVED,587,success,smtp,1,1,1,1,1,TLSv1.2,,TLS_ECDHE_RSA_WITH_AES_128_GCM_SHA256,,2,0,0,1,1,0,0,0,0,0,0,1,1,0,0,1,1,0,0,1,0,0,1,True,RSA,2048,65537,,,SHA256-RSA,0,1,0,0,DV,False,18,1,21,18,False,True,,True,True,,2,9,365.99998842592595,37.97354166666667,0,0,2,1,1,1,2,1,3,1,0,0,1,1,0,0,0,0,0,0,0,0,1
zgrab_587_Australia.json:11,zgrab_real,zgrab_587_Australia.json,11,Australia,SMTP_RESPONSE_OBSERVED,TLS_HANDSHAKE_SUCCEEDED,HANDSHAKE_SUCCEEDED,CERTIFICATE_OBSERVED,587,success,smtp,1,1,1,1,1,TLSv1.2,TLSv1.3,TLS_CHACHA20_POLY1305_SHA256,x25519,2,1,1,0,0,0,0,0,0,0,0,1,1,0,0,0,1,0,0,1,0,0,1,True,RSA,2048,65537,,,SHA256-RSA,0,1,0,0,DV,False,2,1,12,2,False,True,,True,True,,2,10,384.99998842592595,70.97354166666666,0,0,1,1,1,1,1,1,3,1,1,1,1,1,0,0,0,0,0,0,0,0,1
zgrab_587_Australia.json:12,zgrab_real,zgrab_587_Australia.json,12,Australia,SMTP_RESPONSE_OBSERVED,TLS_HANDSHAKE_SUCCEEDED,HANDSHAKE_SUCCEEDED,CERTIFICATE_OBSERVED,587,success,smtp,1,1,1,1,1,TLSv1.2,TLSv1.3,TLS_CHACHA20_POLY1305_SHA256,x25519,2,1,1,0,0,0,0,0,0,0,0,1,1,0,0,0,1,0,0,1,0,0,1,True,RSA,2048,65537,,,SHA256-RSA,0,1,0,0,DV,False,2,1,12,2,False,True,,True,True,,2,10,384.99998842592595,70.9735300925926,0,0,1,1,1,1,1,1,3,1,1,1,1,1,0,0,0,0,0,0,0,0,1
zgrab_587_Australia.json:13,zgrab_real,zgrab_587_Australia.json,13,Australia,SMTP_RESPONSE_OBSERVED,TLS_HANDSHAKE_SUCCEEDED,HANDSHAKE_SUCCEEDED,CERTIFICATE_OBSERVED,587,success,smtp,1,1,1,1,1,TLSv1.2,,TLS_ECDHE_RSA_WITH_AES_128_GCM_SHA256,,2,0,0,1,1,0,0,0,0,0,0,1,1,0,0,1,1,0,0,1,0,0,1,True,RSA,2048,65537,,,SHA256-RSA,0,1,0,0,DV,False,18,1,21,18,False,True,,True,True,,2,9,365.99998842592595,37.97351851851852,0,0,2,1,1,1,2,1,3,1,0,0,1,1,0,0,0,0,0,0,0,0,1
zgrab_587_Australia.json:14,zgrab_real,zgrab_587_Australia.json,14,Australia,SMTP_RESPONSE_OBSERVED,TLS_HANDSHAKE_SUCCEEDED,HANDSHAKE_SUCCEEDED,CERTIFICATE_OBSERVED,587,success,smtp,1,1,1,1,1,TLSv1.2,,TLS_ECDHE_RSA_WITH_AES_128_GCM_SHA256,,2,0,0,1,1,0,0,0,0,0,0,1,1,0,0,1,1,0,0,1,0,0,1,True,RSA,2048,65537,,,SHA256-RSA,0,1,0,0,DV,False,18,1,21,18,False,True,,True,True,,2,9,365.99998842592595,37.97351851851852,0,0,2,1,1,1,2,1,3,1,0,0,1,1,0,0,0,0,0,0,0,0,1
zgrab_587_Australia.json:15,zgrab_real,zgrab_587_Australia.json,15,Australia,SMTP_RESPONSE_OBSERVED,TLS_HANDSHAKE_SUCCEEDED,HANDSHAKE_SUCCEEDED,CERTIFICATE_OBSERVED,587,success,smtp,1,1,1,1,1,TLSv1.2,,TLS_ECDHE_RSA_WITH_AES_128_GCM_SHA256,,2,0,0,1,1,0,0,0,0,0,0,1,1,0,0,1,1,0,0,1,0,0,1,True,RSA,2048,65537,,,SHA256-RSA,0,1,0,0,DV,False,18,1,21,18,False,True,,True,True,,2,9,365.99998842592595,37.973506944444445,0,0,2,1,1,1,2,1,3,1,0,0,1,1,0,0,0,0,0,0,0,0,1
zgrab_587_Australia.json:16,zgrab_real,zgrab_587_Australia.json,16,Australia,SMTP_RESPONSE_OBSERVED,TLS_HANDSHAKE_SUCCEEDED,HANDSHAKE_SUCCEEDED,CERTIFICATE_OBSERVED,587,success,smtp,1,1,1,1,1,TLSv1.2,,TLS_ECDHE_RSA_WITH_AES_128_GCM_SHA256,,2,0,0,1,1,0,0,0,0,0,0,1,1,0,0,1,1,0,0,1,0,0,1,True,RSA,2048,65537,,,SHA256-RSA,0,1,0,0,DV,False,18,1,21,18,False,True,,True,True,,2,9,365.99998842592595,37.97348379629629,0,0,2,1,1,1,2,1,3,1,0,0,1,1,0,0,0,0,0,0,0,0,1
zgrab_587_Australia.json:17,zgrab_real,zgrab_587_Australia.json,17,Australia,SMTP_RESPONSE_OBSERVED,TLS_HANDSHAKE_SUCCEEDED,HANDSHAKE_SUCCEEDED,CERTIFICATE_OBSERVED,587,success,smtp,1,1,1,1,1,TLSv1.2,,TLS_ECDHE_RSA_WITH_AES_128_GCM_SHA256,,2,0,0,1,1,0,0,0,0,0,0,1,1,0,0,1,1,0,0,1,0,0,1,True,RSA,2048,65537,,,SHA256-RSA,0,1,0,0,DV,False,18,1,21,18,False,True,,True,True,,2,9,365.99998842592595,37.97348379629629,0,0,2,1,1,1,2,1,3,1,0,0,1,1,0,0,0,0,0,0,0,0,1
zgrab_587_Australia.json:18,zgrab_real,zgrab_587_Australia.json,18,Australia,SMTP_RESPONSE_OBSERVED,TLS_HANDSHAKE_SUCCEEDED,HANDSHAKE_SUCCEEDED,CERTIFICATE_OBSERVED,587,success,smtp,1,1,1,1,1,TLSv1.2,,TLS_ECDHE_RSA_WITH_AES_128_GCM_SHA256,,2,0,0,1,1,0,0,0,0,0,0,1,1,0,0,1,1,0,0,1,0,0,1,True,RSA,2048,65537,,,SHA256-RSA,0,1,0,0,DV,False,1,0,28,1,False,True,,True,True,,2,10,89.99998842592592,79.20041666666667,0,0,2,0,1,0,1,1,2,1,1,1,1,1,0,0,0,0,0,0,0,0,1
zgrab_587_Australia.json:19,zgrab_real,zgrab_587_Australia.json,19,Australia,SMTP_RESPONSE_OBSERVED,TLS_HANDSHAKE_SUCCEEDED,HANDSHAKE_SUCCEEDED,CERTIFICATE_OBSERVED,587,success,smtp,1,1,1,1,1,TLSv1.2,TLSv1.3,TLS_AES_256_GCM_SHA384,secp256r1,2,1,1,0,0,0,0,0,0,0,0,1,1,0,0,0,1,0,0,1,0,0,1,True,RSA,2048,65537,,,SHA256-RSA,0,1,0,0,DV,False,1,0,20,1,False,True,,True,True,,2,10,89.99998842592592,70.79567129629629,0,0,2,0,1,0,1,1,2,1,1,1,1,1,0,0,0,0,0,0,0,0,1
zgrab_587_Australia.json:20,zgrab_real,zgrab_587_Australia.json,20,Australia,SMTP_RESPONSE_OBSERVED,STARTTLS_NOT_OBSERVED,TLS_NOT_OBSERVED,CERTIFICATE_NOT_OBSERVED_NO_TLS,587,success,smtp,1,1,0,0,0,,,,,,,,,,,,,,,,,,,,,,,,,,,0,,,,,,,,,,,,,,,,,,,,,,,,,,,,,,,,,,,,,,,,,,,,,,,,,1,0
zgrab_587_Australia.json:21,zgrab_real,zgrab_587_Australia.json,21,Australia,SMTP_RESPONSE_OBSERVED,STARTTLS_NOT_OBSERVED,TLS_NOT_OBSERVED,CERTIFICATE_NOT_OBSERVED_NO_TLS,587,success,smtp,1,1,0,0,0,,,,,,,,,,,,,,,,,,,,,,,,,,,0,,,,,,,,,,,,,,,,,,,,,,,,,,,,,,,,,,,,,,,,,,,,,,,,,1,0
zgrab_587_Australia.json:22,zgrab_real,zgrab_587_Australia.json,22,Australia,SMTP_RESPONSE_OBSERVED,STARTTLS_NOT_OBSERVED,TLS_NOT_OBSERVED,CERTIFICATE_NOT_OBSERVED_NO_TLS,587,success,smtp,1,1,0,0,0,,,,,,,,,,,,,,,,,,,,,,,,,,,0,,,,,,,,,,,,,,,,,,,,,,,,,,,,,,,,,,,,,,,,,,,,,,,,,1,0
zgrab_587_Australia.json:23,zgrab_real,zgrab_587_Australia.json,23,Australia,SMTP_RESPONSE_OBSERVED,STARTTLS_NOT_OBSERVED,TLS_NOT_OBSERVED,CERTIFICATE_NOT_OBSERVED_NO_TLS,587,success,smtp,1,1,0,0,0,,,,,,,,,,,,,,,,,,,,,,,,,,,0,,,,,,,,,,,,,,,,,,,,,,,,,,,,,,,,,,,,,,,,,,,,,,,,,1,0
zgrab_587_Australia.json:24,zgrab_real,zgrab_587_Australia.json,24,Australia,SMTP_RESPONSE_OBSERVED,STARTTLS_NOT_OBSERVED,TLS_NOT_OBSERVED,CERTIFICATE_NOT_OBSERVED_NO_TLS,587,success,smtp,1,1,0,0,0,,,,,,,,,,,,,,,,,,,,,,,,,,,0,,,,,,,,,,,,,,,,,,,,,,,,,,,,,,,,,,,,,,,,,,,,,,,,,1,0
zgrab_587_Australia.json:25,zgrab_real,zgrab_587_Australia.json,25,Australia,SMTP_RESPONSE_OBSERVED,STARTTLS_NOT_OBSERVED,TLS_NOT_OBSERVED,CERTIFICATE_NOT_OBSERVED_NO_TLS,587,success,smtp,1,1,0,0,0,,,,,,,,,,,,,,,,,,,,,,,,,,,0,,,,,,,,,,,,,,,,,,,,,,,,,,,,,,,,,,,,,,,,,,,,,,,,,1,0
zgrab_587_Australia.json:26,zgrab_real,zgrab_587_Australia.json,26,Australia,SMTP_RESPONSE_OBSERVED,STARTTLS_NOT_OBSERVED,TLS_NOT_OBSERVED,CERTIFICATE_NOT_OBSERVED_NO_TLS,587,success,smtp,1,1,0,0,0,,,,,,,,,,,,,,,,,,,,,,,,,,,0,,,,,,,,,,,,,,,,,,,,,,,,,,,,,,,,,,,,,,,,,,,,,,,,,1,0
zgrab_587_Australia.json:27,zgrab_real,zgrab_587_Australia.json,27,Australia,SMTP_RESPONSE_OBSERVED,STARTTLS_NOT_OBSERVED,TLS_NOT_OBSERVED,CERTIFICATE_NOT_OBSERVED_NO_TLS,587,success,smtp,1,1,0,0,0,,,,,,,,,,,,,,,,,,,,,,,,,,,0,,,,,,,,,,,,,,,,,,,,,,,,,,,,,,,,,,,,,,,,,,,,,,,,,1,0
zgrab_587_Australia.json:28,zgrab_real,zgrab_587_Australia.json,28,Australia,SMTP_RESPONSE_OBSERVED,STARTTLS_NOT_OBSERVED,TLS_NOT_OBSERVED,CERTIFICATE_NOT_OBSERVED_NO_TLS,587,success,smtp,1,1,0,0,0,,,,,,,,,,,,,,,,,,,,,,,,,,,0,,,,,,,,,,,,,,,,,,,,,,,,,,,,,,,,,,,,,,,,,,,,,,,,,1,0
zgrab_587_Australia.json:29,zgrab_real,zgrab_587_Australia.json,29,Australia,SMTP_RESPONSE_OBSERVED,STARTTLS_NOT_OBSERVED,TLS_NOT_OBSERVED,CERTIFICATE_NOT_OBSERVED_NO_TLS,587,success,smtp,1,1,0,0,0,,,,,,,,,,,,,,,,,,,,,,,,,,,0,,,,,,,,,,,,,,,,,,,,,,,,,,,,,,,,,,,,,,,,,,,,,,,,,1,0
zgrab_587_Australia.json:30,zgrab_real,zgrab_587_Australia.json,30,Australia,SMTP_RESPONSE_OBSERVED,TLS_HANDSHAKE_SUCCEEDED,HANDSHAKE_SUCCEEDED,CERTIFICATE_OBSERVED,587,success,smtp,1,1,1,1,1,TLSv1.2,,TLS_ECDHE_RSA_WITH_AES_128_GCM_SHA256,,2,0,0,1,1,0,0,0,0,0,0,1,1,0,0,1,1,0,0,1,0,0,1,True,RSA,2048,65537,,,SHA256-RSA,0,1,0,0,DV,False,12,0,36,12,False,True,,True,True,,2,10,89.99998842592592,55.01612268518519,0,0,2,0,1,0,1,1,2,1,1,1,1,1,0,0,0,0,0,0,0,0,1
zgrab_587_Australia.json:31,zgrab_real,zgrab_587_Australia.json,31,Australia,SMTP_RESPONSE_OBSERVED,TLS_HANDSHAKE_SUCCEEDED,HANDSHAKE_SUCCEEDED,CERTIFICATE_OBSERVED,587,success,smtp,1,1,1,1,1,TLSv1.2,,TLS_ECDHE_RSA_WITH_AES_128_GCM_SHA256,,2,0,0,1,1,0,0,0,0,0,0,1,1,0,0,1,1,0,0,1,0,0,1,True,RSA,2048,65537,,,SHA256-RSA,0,1,0,0,DV,False,12,0,36,12,False,True,,True,True,,2,10,89.99998842592592,55.01612268518519,0,0,2,0,1,0,1,1,2,1,1,1,1,1,0,0,0,0,0,0,0,0,1
zgrab_587_Australia.json:32,zgrab_real,zgrab_587_Australia.json,32,Australia,SMTP_RESPONSE_OBSERVED,STARTTLS_NOT_OBSERVED,TLS_NOT_OBSERVED,CERTIFICATE_NOT_OBSERVED_NO_TLS,587,success,smtp,1,1,0,0,0,,,,,,,,,,,,,,,,,,,,,,,,,,,0,,,,,,,,,,,,,,,,,,,,,,,,,,,,,,,,,,,,,,,,,,,,,,,,,1,0
zgrab_587_Australia.json:33,zgrab_real,zgrab_587_Australia.json,33,Australia,SMTP_RESPONSE_OBSERVED,TLS_HANDSHAKE_SUCCEEDED,HANDSHAKE_SUCCEEDED,CERTIFICATE_OBSERVED,587,success,smtp,1,1,1,1,1,TLSv1.2,TLSv1.3,TLS_CHACHA20_POLY1305_SHA256,x25519,2,1,1,0,0,0,0,0,0,0,0,1,1,0,0,0,1,0,0,1,0,0,1,True,RSA,2048,65537,,,SHA256-RSA,0,1,0,0,DV,False,1,0,29,1,False,True,,True,True,,2,10,89.99998842592592,61.05751157407408,0,0,2,0,1,0,1,1,2,1,1,1,1,1,0,0,0,0,0,0,0,0,1
zgrab_587_Australia.json:34,zgrab_real,zgrab_587_Australia.json,34,Australia,SMTP_RESPONSE_OBSERVED,TLS_HANDSHAKE_SUCCEEDED,HANDSHAKE_SUCCEEDED,CERTIFICATE_OBSERVED,587,success,smtp,1,1,1,1,1,TLSv1.2,TLSv1.3,TLS_CHACHA20_POLY1305_SHA256,x25519,2,1,1,0,0,0,0,0,0,0,0,1,1,0,0,0,1,0,0,1,0,0,1,True,RSA,2048,65537,,,SHA256-RSA,0,1,0,0,DV,False,1,0,29,1,False,True,,True,True,,2,10,89.99998842592592,61.05751157407408,0,0,2,0,1,0,1,1,2,1,1,1,1,1,0,0,0,0,0,0,0,0,1
zgrab_587_Australia.json:35,zgrab_real,zgrab_587_Australia.json,35,Australia,SMTP_RESPONSE_OBSERVED,TLS_HANDSHAKE_SUCCEEDED,HANDSHAKE_SUCCEEDED,CERTIFICATE_OBSERVED,587,success,smtp,1,1,1,1,1,TLSv1.2,TLSv1.3,TLS_CHACHA20_POLY1305_SHA256,x25519,2,1,1,0,0,0,0,0,0,0,0,1,1,0,0,0,1,0,0,1,0,0,1,True,RSA,2048,65537,,,SHA256-RSA,0,1,0,0,DV,False,1,0,29,1,False,True,,True,True,,2,10,89.99998842592592,61.0575,0,0,2,0,1,0,1,1,2,1,1,1,1,1,0,0,0,0,0,0,0,0,1
zgrab_587_Australia.json:36,zgrab_real,zgrab_587_Australia.json,36,Australia,SMTP_RESPONSE_OBSERVED,TLS_HANDSHAKE_SUCCEEDED,HANDSHAKE_SUCCEEDED,CERTIFICATE_OBSERVED,587,success,smtp,1,1,1,1,1,TLSv1.2,TLSv1.3,TLS_CHACHA20_POLY1305_SHA256,x25519,2,1,1,0,0,0,0,0,0,0,0,1,1,0,0,0,1,0,0,1,0,0,1,True,RSA,2048,65537,,,SHA256-RSA,0,1,0,0,DV,False,1,0,29,1,False,True,,True,True,,2,10,89.99998842592592,61.0575,0,0,2,0,1,0,1,1,2,1,1,1,1,1,0,0,0,0,0,0,0,0,1
zgrab_587_Australia.json:37,zgrab_real,zgrab_587_Australia.json,37,Australia,SMTP_PROBE_FAILED,STARTTLS_NOT_OBSERVED,TLS_NOT_OBSERVED,CERTIFICATE_NOT_OBSERVED_NO_TLS,587,protocol-error,smtp,0,0,0,0,0,,,,,,,,,,,,,,,,,,,,,,,,,,,0,,,,,,,,,,,,,,,,,,,,,,,,,,,,,,,,,,,,,,,,,,,,,,,,,0,0
zgrab_587_Australia.json:38,zgrab_real,zgrab_587_Australia.json,38,Australia,SMTP_RESPONSE_OBSERVED,TLS_HANDSHAKE_SUCCEEDED,HANDSHAKE_SUCCEEDED,CERTIFICATE_OBSERVED,587,success,smtp,1,1,1,1,1,TLSv1.2,,TLS_ECDHE_RSA_WITH_AES_128_GCM_SHA256,,2,0,0,1,1,0,0,0,0,0,0,1,1,0,0,1,1,0,0,1,0,0,1,True,RSA,2048,65537,,,SHA256-RSA,0,1,0,0,DV,False,12,0,37,12,False,True,,True,True,,2,10,89.99998842592592,64.16542824074074,0,0,2,0,1,0,1,1,2,1,1,1,1,1,0,0,0,0,0,0,0,0,1
zgrab_587_Australia.json:39,zgrab_real,zgrab_587_Australia.json,39,Australia,SMTP_RESPONSE_OBSERVED,TLS_HANDSHAKE_SUCCEEDED,HANDSHAKE_SUCCEEDED,CERTIFICATE_OBSERVED,587,success,smtp,1,1,1,1,1,TLSv1.2,TLSv1.3,TLS_CHACHA20_POLY1305_SHA256,x25519,2,1,1,0,0,0,0,0,0,0,0,1,1,0,0,0,1,0,0,1,0,0,1,True,RSA,2048,65537,,,SHA256-RSA,0,1,0,0,DV,False,2,0,22,2,False,True,,True,True,,2,10,89.99998842592592,53.97813657407407,0,0,2,0,1,0,1,1,2,1,1,1,1,1,0,0,0,0,0,0,0,0,1
zgrab_587_Australia.json:40,zgrab_real,zgrab_587_Australia.json,40,Australia,SMTP_RESPONSE_OBSERVED,TLS_HANDSHAKE_SUCCEEDED,HANDSHAKE_SUCCEEDED,CERTIFICATE_OBSERVED,587,success,smtp,1,1,1,1,1,TLSv1.2,,TLS_ECDHE_RSA_WITH_AES_128_GCM_SHA256,,2,0,0,1,1,0,0,0,0,0,0,1,1,0,0,1,1,0,0,1,0,0,1,False,RSA,2048,65537,,,SHA256-RSA,0,1,0,0,unknown,True,1,0,28,1,False,True,True,,,,0,5,365.0,250.11998842592592,0,0,0,0,0,0,0,0,0,0,0,0,1,1,0,0,0,0,0,0,1,0,1
zgrab_587_Australia.json:41,zgrab_real,zgrab_587_Australia.json,41,Australia,SMTP_RESPONSE_OBSERVED,STARTTLS_NOT_OBSERVED,TLS_NOT_OBSERVED,CERTIFICATE_NOT_OBSERVED_NO_TLS,587,success,smtp,1,1,0,0,0,,,,,,,,,,,,,,,,,,,,,,,,,,,0,,,,,,,,,,,,,,,,,,,,,,,,,,,,,,,,,,,,,,,,,,,,,,,,,1,0
zgrab_587_Australia.json:42,zgrab_real,zgrab_587_Australia.json,42,Australia,SMTP_RESPONSE_OBSERVED,STARTTLS_NOT_OBSERVED,TLS_NOT_OBSERVED,CERTIFICATE_NOT_OBSERVED_NO_TLS,587,success,smtp,1,1,0,0,0,,,,,,,,,,,,,,,,,,,,,,,,,,,0,,,,,,,,,,,,,,,,,,,,,,,,,,,,,,,,,,,,,,,,,,,,,,,,,1,0
zgrab_587_Australia.json:43,zgrab_real,zgrab_587_Australia.json,43,Australia,SMTP_RESPONSE_OBSERVED,STARTTLS_NOT_OBSERVED,TLS_NOT_OBSERVED,CERTIFICATE_NOT_OBSERVED_NO_TLS,587,success,smtp,1,1,0,0,0,,,,,,,,,,,,,,,,,,,,,,,,,,,0,,,,,,,,,,,,,,,,,,,,,,,,,,,,,,,,,,,,,,,,,,,,,,,,,1,0
zgrab_587_Australia.json:44,zgrab_real,zgrab_587_Australia.json,44,Australia,SMTP_RESPONSE_OBSERVED,TLS_HANDSHAKE_SUCCEEDED,HANDSHAKE_SUCCEEDED,CERTIFICATE_OBSERVED,587,success,smtp,1,1,1,1,1,TLSv1.2,TLSv1.3,TLS_CHACHA20_POLY1305_SHA256,x25519,2,1,1,0,0,0,0,0,0,0,0,1,1,0,0,0,1,0,0,1,0,0,1,True,RSA,2048,65537,,,SHA256-RSA,0,1,0,0,DV,False,1,0,29,1,False,True,,True,True,,2,10,89.99998842592592,60.14275462962963,0,0,2,0,1,0,1,1,2,1,1,1,1,1,0,0,0,0,0,0,0,0,1
zgrab_587_Australia.json:45,zgrab_real,zgrab_587_Australia.json,45,Australia,SMTP_RESPONSE_OBSERVED,TLS_HANDSHAKE_SUCCEEDED,HANDSHAKE_SUCCEEDED,CERTIFICATE_OBSERVED,587,success,smtp,1,1,1,1,1,TLSv1.2,TLSv1.3,TLS_CHACHA20_POLY1305_SHA256,x25519,2,1,1,0,0,0,0,0,0,0,0,1,1,0,0,0,1,0,0,1,0,0,1,True,RSA,2048,65537,,,SHA256-RSA,0,1,0,0,DV,False,1,0,29,1,False,True,,True,True,,2,10,89.99998842592592,75.72844907407408,0,0,2,0,1,0,1,1,2,1,1,1,1,1,0,0,0,0,0,0,0,0,1
zgrab_587_Australia.json:46,zgrab_real,zgrab_587_Australia.json,46,Australia,SMTP_RESPONSE_OBSERVED,TLS_HANDSHAKE_SUCCEEDED,HANDSHAKE_SUCCEEDED,CERTIFICATE_OBSERVED,587,success,smtp,1,1,1,1,1,TLSv1.2,TLSv1.3,TLS_CHACHA20_POLY1305_SHA256,x25519,2,1,1,0,0,0,0,0,0,0,0,1,1,0,0,0,1,0,0,1,0,0,1,True,RSA,2048,65537,,,SHA256-RSA,0,1,0,0,DV,False,1,0,29,1,False,True,,True,True,,2,10,89.99998842592592,66.6135300925926,0,0,2,0,1,0,1,1,2,1,1,1,1,1,0,0,0,0,0,0,0,0,1
zgrab_587_Australia.json:47,zgrab_real,zgrab_587_Australia.json,47,Australia,SMTP_RESPONSE_OBSERVED,STARTTLS_NOT_OBSERVED,TLS_NOT_OBSERVED,CERTIFICATE_NOT_OBSERVED_NO_TLS,587,success,smtp,1,0,0,0,0,,,,,,,,,,,,,,,,,,,,,,,,,,,0,,,,,,,,,,,,,,,,,,,,,,,,,,,,,,,,,,,,,,,,,,,,,,,,,1,0
zgrab_587_Australia.json:48,zgrab_real,zgrab_587_Australia.json,48,Australia,SMTP_RESPONSE_OBSERVED,TLS_HANDSHAKE_SUCCEEDED,HANDSHAKE_SUCCEEDED,CERTIFICATE_OBSERVED,587,success,smtp,1,1,1,1,1,TLSv1.2,TLSv1.3,TLS_CHACHA20_POLY1305_SHA256,x25519,2,1,1,0,0,0,0,0,0,0,0,1,1,0,0,0,1,0,0,1,0,0,1,True,RSA,2048,65537,,,SHA256-RSA,0,1,0,0,DV,False,1,0,29,1,False,True,,True,True,,2,10,89.99998842592592,71.84620370370371,0,0,2,0,1,0,1,1,2,1,1,1,1,1,0,0,0,0,0,0,0,0,1
zgrab_587_Australia.json:49,zgrab_real,zgrab_587_Australia.json,49,Australia,SMTP_RESPONSE_OBSERVED,STARTTLS_NOT_OBSERVED,TLS_NOT_OBSERVED,CERTIFICATE_NOT_OBSERVED_NO_TLS,587,success,smtp,1,1,0,0,0,,,,,,,,,,,,,,,,,,,,,,,,,,,0,,,,,,,,,,,,,,,,,,,,,,,,,,,,,,,,,,,,,,,,,,,,,,,,,1,0
zgrab_587_Australia.json:50,zgrab_real,zgrab_587_Australia.json,50,Australia,SMTP_RESPONSE_OBSERVED,TLS_HANDSHAKE_SUCCEEDED,HANDSHAKE_SUCCEEDED,CERTIFICATE_OBSERVED,587,success,smtp,1,1,1,1,1,TLSv1.2,TLSv1.3,TLS_CHACHA20_POLY1305_SHA256,x25519,2,1,1,0,0,0,0,0,0,0,0,1,1,0,0,0,1,0,0,1,0,0,1,True,RSA,2048,65537,,,SHA256-RSA,0,1,0,0,DV,False,24,0,31,24,False,True,,True,True,,2,10,89.99998842592592,43.40175925925926,0,0,2,0,1,0,1,1,2,1,1,1,1,1,0,0,0,0,0,0,0,0,1
zgrab_587_Australia.json:51,zgrab_real,zgrab_587_Australia.json,51,Australia,SMTP_RESPONSE_OBSERVED,TLS_HANDSHAKE_SUCCEEDED,HANDSHAKE_SUCCEEDED,CERTIFICATE_OBSERVED,587,success,smtp,1,1,1,1,1,TLSv1.2,TLSv1.3,TLS_CHACHA20_POLY1305_SHA256,x25519,2,1,1,0,0,0,0,0,0,0,0,1,1,0,0,0,1,0,0,1,0,0,1,True,RSA,2048,65537,,,SHA256-RSA,0,1,0,0,DV,False,12,0,36,12,False,True,,True,True,,2,10,89.99998842592592,37.73524305555556,0,0,2,0,1,0,1,1,2,1,1,1,1,1,0,0,0,0,0,0,0,0,1
zgrab_587_Australia.json:52,zgrab_real,zgrab_587_Australia.json,52,Australia,SMTP_RESPONSE_OBSERVED,TLS_HANDSHAKE_SUCCEEDED,HANDSHAKE_SUCCEEDED,CERTIFICATE_OBSERVED,587,success,smtp,1,1,1,1,1,TLSv1.2,TLSv1.3,TLS_CHACHA20_POLY1305_SHA256,x25519,2,1,1,0,0,0,0,0,0,0,0,1,1,0,0,0,1,0,0,1,0,0,1,True,RSA,2048,65537,,,SHA256-RSA,0,1,0,0,DV,False,1,0,25,1,False,True,,True,True,,2,10,89.99998842592592,55.04591435185185,0,0,2,0,1,0,1,1,2,1,1,1,1,1,0,0,0,0,0,0,0,0,1
zgrab_587_Australia.json:53,zgrab_real,zgrab_587_Australia.json,53,Australia,SMTP_PROBE_FAILED,STARTTLS_NOT_OBSERVED,TLS_NOT_OBSERVED,CERTIFICATE_NOT_OBSERVED_NO_TLS,587,connection-timeout,smtp,0,0,0,0,0,,,,,,,,,,,,,,,,,,,,,,,,,,,0,,,,,,,,,,,,,,,,,,,,,,,,,,,,,,,,,,,,,,,,,,,,,,,,,0,0
zgrab_587_Australia.json:54,zgrab_real,zgrab_587_Australia.json,54,Australia,SMTP_RESPONSE_OBSERVED,TLS_HANDSHAKE_SUCCEEDED,HANDSHAKE_SUCCEEDED,CERTIFICATE_OBSERVED,587,success,smtp,1,1,1,1,1,TLSv1.2,TLSv1.3,TLS_CHACHA20_POLY1305_SHA256,x25519,2,1,1,0,0,0,0,0,0,0,0,1,1,0,0,0,1,0,0,1,0,0,1,True,RSA,2048,65537,,,SHA256-RSA,0,1,0,0,DV,False,1,0,16,1,False,True,,True,True,,2,10,89.99998842592592,46.18390046296296,0,0,2,0,1,0,1,1,2,1,1,1,1,1,0,0,0,0,0,0,0,0,1
zgrab_587_Australia.json:55,zgrab_real,zgrab_587_Australia.json,55,Australia,SMTP_RESPONSE_OBSERVED,TLS_HANDSHAKE_SUCCEEDED,HANDSHAKE_SUCCEEDED,CERTIFICATE_OBSERVED,587,success,smtp,1,1,1,1,1,TLSv1.2,TLSv1.3,TLS_CHACHA20_POLY1305_SHA256,x25519,2,1,1,0,0,0,0,0,0,0,0,1,1,0,0,0,1,0,0,1,0,0,1,False,RSA,2048,65537,,,SHA256-RSA,0,1,0,0,unknown,True,1,0,15,1,False,True,True,,,,0,5,365.0,201.4391435185185,0,0,0,0,0,0,0,0,0,0,0,0,1,1,0,0,0,0,0,0,1,0,1
zgrab_587_Australia.json:56,zgrab_real,zgrab_587_Australia.json,56,Australia,SMTP_RESPONSE_OBSERVED,TLS_HANDSHAKE_SUCCEEDED,HANDSHAKE_SUCCEEDED,CERTIFICATE_OBSERVED,587,success,smtp,1,1,1,1,1,TLSv1.2,TLSv1.3,TLS_CHACHA20_POLY1305_SHA256,x25519,2,1,1,0,0,0,0,0,0,0,0,1,1,0,0,0,1,0,0,1,0,0,1,True,RSA,2048,65537,,,SHA256-RSA,0,1,0,0,DV,False,1,0,36,1,False,True,,True,True,,2,10,89.99998842592592,86.91196759259259,0,0,2,0,1,0,1,1,2,1,1,1,1,1,0,0,0,0,0,0,0,0,1
zgrab_587_Australia.json:57,zgrab_real,zgrab_587_Australia.json,57,Australia,SMTP_RESPONSE_OBSERVED,TLS_HANDSHAKE_SUCCEEDED,HANDSHAKE_SUCCEEDED,CERTIFICATE_OBSERVED,587,success,smtp,1,1,1,1,1,TLSv1.2,TLSv1.3,TLS_CHACHA20_POLY1305_SHA256,x25519,2,1,1,0,0,0,0,0,0,0,0,1,1,0,0,0,1,0,0,1,0,0,1,True,RSA,2048,65537,,,SHA256-RSA,0,1,0,0,DV,False,5,0,28,5,False,True,,True,True,,2,10,89.99998842592592,55.165486111111115,0,0,2,0,1,0,1,1,2,1,1,1,1,1,0,0,0,0,0,0,0,0,1
zgrab_587_Australia.json:58,zgrab_real,zgrab_587_Australia.json,58,Australia,SMTP_RESPONSE_OBSERVED,TLS_HANDSHAKE_SUCCEEDED,HANDSHAKE_SUCCEEDED,CERTIFICATE_OBSERVED,587,success,smtp,1,1,1,1,1,TLSv1.2,TLSv1.3,TLS_CHACHA20_POLY1305_SHA256,x25519,2,1,1,0,0,0,0,0,0,0,0,1,1,0,0,0,1,0,0,1,0,0,1,True,RSA,2048,65537,,,SHA256-RSA,0,1,0,0,DV,False,1,0,16,1,False,True,,True,True,,2,10,89.99998842592592,69.76670138888889,0,0,2,0,1,0,1,1,2,1,1,1,1,1,0,0,0,0,0,0,0,0,1
zgrab_587_Australia.json:59,zgrab_real,zgrab_587_Australia.json,59,Australia,SMTP_RESPONSE_OBSERVED,TLS_HANDSHAKE_SUCCEEDED,HANDSHAKE_SUCCEEDED,CERTIFICATE_OBSERVED,587,success,smtp,1,1,1,1,1,TLSv1.2,TLSv1.3,TLS_CHACHA20_POLY1305_SHA256,x25519,2,1,1,0,0,0,0,0,0,0,0,1,1,0,0,0,1,0,0,1,0,0,1,True,RSA,2048,65537,,,SHA256-RSA,0,1,0,0,DV,False,12,0,28,12,False,True,,True,True,,2,10,89.99998842592592,34.06856481481481,0,0,2,0,1,0,1,1,2,1,1,1,1,1,0,0,0,0,0,0,0,0,1
zgrab_587_Australia.json:60,zgrab_real,zgrab_587_Australia.json,60,Australia,SMTP_RESPONSE_OBSERVED,TLS_HANDSHAKE_SUCCEEDED,HANDSHAKE_SUCCEEDED,CERTIFICATE_OBSERVED,587,success,smtp,1,1,1,1,1,TLSv1.2,TLSv1.3,TLS_CHACHA20_POLY1305_SHA256,x25519,2,1,1,0,0,0,0,0,0,0,0,1,1,0,0,0,1,0,0,1,0,0,1,True,RSA,2048,65537,,,SHA256-RSA,0,1,0,0,DV,False,12,0,31,12,False,True,,True,True,,2,10,89.99998842592592,53.192511574074075,0,0,2,0,1,0,1,1,2,1,1,1,1,1,0,0,0,0,0,0,0,0,1
zgrab_587_Australia.json:61,zgrab_real,zgrab_587_Australia.json,61,Australia,SMTP_RESPONSE_OBSERVED,STARTTLS_NOT_OBSERVED,TLS_NOT_OBSERVED,CERTIFICATE_NOT_OBSERVED_NO_TLS,587,success,smtp,1,0,0,0,0,,,,,,,,,,,,,,,,,,,,,,,,,,,0,,,,,,,,,,,,,,,,,,,,,,,,,,,,,,,,,,,,,,,,,,,,,,,,,1,0
zgrab_587_Australia.json:62,zgrab_real,zgrab_587_Australia.json,62,Australia,SMTP_RESPONSE_OBSERVED,TLS_HANDSHAKE_SUCCEEDED,HANDSHAKE_SUCCEEDED,CERTIFICATE_OBSERVED,587,success,smtp,1,1,1,1,1,TLSv1.2,TLSv1.3,TLS_CHACHA20_POLY1305_SHA256,x25519,2,1,1,0,0,0,0,0,0,0,0,1,1,0,0,0,1,0,0,1,0,0,1,True,RSA,2048,65537,,,SHA256-RSA,0,1,0,0,DV,False,1,0,21,1,False,True,,True,True,,2,10,89.99998842592592,83.77844907407408,0,0,2,0,1,0,1,1,2,1,1,1,1,1,0,0,0,0,0,0,0,0,1
zgrab_587_Australia.json:63,zgrab_real,zgrab_587_Australia.json,63,Australia,SMTP_RESPONSE_OBSERVED,STARTTLS_NOT_OBSERVED,TLS_NOT_OBSERVED,CERTIFICATE_NOT_OBSERVED_NO_TLS,587,success,smtp,1,1,0,0,0,,,,,,,,,,,,,,,,,,,,,,,,,,,0,,,,,,,,,,,,,,,,,,,,,,,,,,,,,,,,,,,,,,,,,,,,,,,,,1,0
zgrab_587_Australia.json:64,zgrab_real,zgrab_587_Australia.json,64,Australia,SMTP_RESPONSE_OBSERVED,TLS_HANDSHAKE_SUCCEEDED,HANDSHAKE_SUCCEEDED,CERTIFICATE_OBSERVED,587,success,smtp,1,1,1,1,1,TLSv1.2,TLSv1.3,TLS_CHACHA20_POLY1305_SHA256,x25519,2,1,1,0,0,0,0,0,0,0,0,1,1,0,0,0,1,0,0,1,0,0,1,True,RSA,2048,65537,,,SHA256-RSA,0,1,0,0,DV,False,1,0,28,1,False,True,,True,True,,2,10,89.99998842592592,47.175358796296294,0,0,2,0,1,0,1,1,2,1,1,1,1,1,0,0,0,0,0,0,0,0,1
zgrab_587_Australia.json:65,zgrab_real,zgrab_587_Australia.json,65,Australia,SMTP_RESPONSE_OBSERVED,TLS_HANDSHAKE_SUCCEEDED,HANDSHAKE_SUCCEEDED,CERTIFICATE_OBSERVED,587,success,smtp,1,1,1,1,1,TLSv1.2,TLSv1.3,TLS_CHACHA20_POLY1305_SHA256,x25519,2,1,1,0,0,0,0,0,0,0,0,1,1,0,0,0,1,0,0,1,0,0,1,True,RSA,2048,65537,,,SHA256-RSA,0,1,0,0,DV,False,1,0,11,1,False,True,,True,True,,2,10,89.99998842592592,76.06936342592593,0,0,2,0,1,0,1,1,2,1,1,1,1,1,0,0,0,0,0,0,0,0,1
zgrab_587_Australia.json:66,zgrab_real,zgrab_587_Australia.json,66,Australia,SMTP_RESPONSE_OBSERVED,STARTTLS_NOT_OBSERVED,TLS_NOT_OBSERVED,CERTIFICATE_NOT_OBSERVED_NO_TLS,587,success,smtp,1,1,0,0,0,,,,,,,,,,,,,,,,,,,,,,,,,,,0,,,,,,,,,,,,,,,,,,,,,,,,,,,,,,,,,,,,,,,,,,,,,,,,,1,0
zgrab_587_Australia.json:67,zgrab_real,zgrab_587_Australia.json,67,Australia,SMTP_RESPONSE_OBSERVED,TLS_HANDSHAKE_SUCCEEDED,HANDSHAKE_SUCCEEDED,CERTIFICATE_OBSERVED,587,success,smtp,1,1,1,1,1,TLSv1.2,,TLS_ECDHE_RSA_WITH_AES_128_GCM_SHA256,,2,0,0,1,1,0,0,0,0,0,0,1,1,0,0,1,1,0,0,1,0,0,1,False,RSA,2048,65537,,,SHA256-RSA,0,1,0,0,DV,False,1,0,37,1,False,True,,True,True,,2,10,89.99998842592592,-30.71002314814815,1,0,2,0,1,0,1,1,2,1,1,1,1,1,0,0,0,0,0,0,1,0,1
zgrab_587_Australia.json:68,zgrab_real,zgrab_587_Australia.json,68,Australia,SMTP_RESPONSE_OBSERVED,TLS_HANDSHAKE_SUCCEEDED,HANDSHAKE_SUCCEEDED,CERTIFICATE_OBSERVED,587,success,smtp,1,1,1,1,1,TLSv1.2,,TLS_ECDHE_RSA_WITH_AES_128_GCM_SHA256,,2,0,0,1,1,0,0,0,0,0,0,1,1,0,0,1,1,0,0,1,0,0,1,False,RSA,2048,65537,,,SHA256-RSA,0,1,0,0,DV,False,1,0,37,1,False,True,,True,True,,2,10,89.99998842592592,-30.71002314814815,1,0,2,0,1,0,1,1,2,1,1,1,1,1,0,0,0,0,0,0,1,0,1
zgrab_587_Australia.json:69,zgrab_real,zgrab_587_Australia.json,69,Australia,SMTP_RESPONSE_OBSERVED,TLS_HANDSHAKE_SUCCEEDED,HANDSHAKE_SUCCEEDED,CERTIFICATE_OBSERVED,587,success,smtp,1,1,1,1,1,TLSv1.2,TLSv1.3,TLS_CHACHA20_POLY1305_SHA256,x25519,2,1,1,0,0,0,0,0,0,0,0,1,1,0,0,0,1,0,0,1,0,0,1,True,RSA,2048,65537,,,SHA256-RSA,0,1,0,0,DV,False,1,0,31,1,False,True,,True,True,,2,10,89.99998842592592,35.53545138888889,0,0,2,0,1,0,1,1,2,1,1,1,1,1,0,0,0,0,0,0,0,0,1
zgrab_587_Australia.json:70,zgrab_real,zgrab_587_Australia.json,70,Australia,SMTP_PROBE_FAILED,STARTTLS_NOT_OBSERVED,TLS_NOT_OBSERVED,CERTIFICATE_NOT_OBSERVED_NO_TLS,587,connection-timeout,smtp,0,0,0,0,0,,,,,,,,,,,,,,,,,,,,,,,,,,,0,,,,,,,,,,,,,,,,,,,,,,,,,,,,,,,,,,,,,,,,,,,,,,,,,0,0
zgrab_587_Australia.json:71,zgrab_real,zgrab_587_Australia.json,71,Australia,SMTP_PROBE_FAILED,STARTTLS_NOT_OBSERVED,TLS_NOT_OBSERVED,CERTIFICATE_NOT_OBSERVED_NO_TLS,587,application-error,smtp,1,0,0,0,0,,,,,,,,,,,,,,,,,,,,,,,,,,,0,,,,,,,,,,,,,,,,,,,,,,,,,,,,,,,,,,,,,,,,,,,,,,,,,1,0
zgrab_587_Australia.json:72,zgrab_real,zgrab_587_Australia.json,72,Australia,SMTP_RESPONSE_OBSERVED,STARTTLS_NOT_OBSERVED,TLS_NOT_OBSERVED,CERTIFICATE_NOT_OBSERVED_NO_TLS,587,success,smtp,1,1,0,0,0,,,,,,,,,,,,,,,,,,,,,,,,,,,0,,,,,,,,,,,,,,,,,,,,,,,,,,,,,,,,,,,,,,,,,,,,,,,,,1,0
zgrab_587_Australia.json:73,zgrab_real,zgrab_587_Australia.json,73,Australia,SMTP_RESPONSE_OBSERVED,TLS_HANDSHAKE_SUCCEEDED,HANDSHAKE_SUCCEEDED,CERTIFICATE_OBSERVED,587,success,smtp,1,1,1,1,1,TLSv1.2,TLSv1.3,TLS_CHACHA20_POLY1305_SHA256,x25519,2,1,1,0,0,0,0,0,0,0,0,1,1,0,0,0,1,0,0,1,0,0,1,True,RSA,2048,65537,,,SHA256-RSA,0,1,0,0,DV,False,12,0,31,12,False,True,,True,True,,2,10,89.99998842592592,47.202650462962964,0,0,2,0,1,0,1,1,2,1,1,1,1,1,0,0,0,0,0,0,0,0,1
zgrab_587_Australia.json:74,zgrab_real,zgrab_587_Australia.json,74,Australia,SMTP_RESPONSE_OBSERVED,TLS_HANDSHAKE_SUCCEEDED,HANDSHAKE_SUCCEEDED,CERTIFICATE_OBSERVED,587,success,smtp,1,1,1,1,1,TLSv1.2,TLSv1.3,TLS_CHACHA20_POLY1305_SHA256,x25519,2,1,1,0,0,0,0,0,0,0,0,1,1,0,0,0,1,0,0,1,0,0,1,True,RSA,2048,65537,,,SHA256-RSA,0,1,0,0,DV,False,1,0,25,1,False,True,,True,True,,2,10,89.99998842592592,62.703472222222224,0,0,2,0,1,0,1,1,2,1,1,1,1,1,0,0,0,0,0,0,0,0,1
zgrab_587_Australia.json:75,zgrab_real,zgrab_587_Australia.json,75,Australia,SMTP_PROBE_FAILED,STARTTLS_NOT_OBSERVED,TLS_NOT_OBSERVED,CERTIFICATE_NOT_OBSERVED_NO_TLS,587,application-error,smtp,1,0,0,0,0,,,,,,,,,,,,,,,,,,,,,,,,,,,0,,,,,,,,,,,,,,,,,,,,,,,,,,,,,,,,,,,,,,,,,,,,,,,,,1,0
zgrab_587_Australia.json:76,zgrab_real,zgrab_587_Australia.json,76,Australia,SMTP_RESPONSE_OBSERVED,TLS_HANDSHAKE_SUCCEEDED,HANDSHAKE_SUCCEEDED,CERTIFICATE_OBSERVED,587,success,smtp,1,1,1,1,1,TLSv1.2,TLSv1.3,TLS_CHACHA20_POLY1305_SHA256,x25519,2,1,1,0,0,0,0,0,0,0,0,1,1,0,0,0,1,0,0,1,0,0,1,False,RSA,2048,65537,,,SHA256-RSA,0,1,0,0,unknown,True,1,0,17,1,False,True,True,,,,0,5,365.0,25.085694444444446,0,0,0,0,0,0,0,0,0,0,0,0,1,1,0,0,0,0,0,0,1,0,1
zgrab_587_Australia.json:77,zgrab_real,zgrab_587_Australia.json,77,Australia,SMTP_RESPONSE_OBSERVED,STARTTLS_NOT_OBSERVED,TLS_NOT_OBSERVED,CERTIFICATE_NOT_OBSERVED_NO_TLS,587,success,smtp,1,1,0,0,0,,,,,,,,,,,,,,,,,,,,,,,,,,,0,,,,,,,,,,,,,,,,,,,,,,,,,,,,,,,,,,,,,,,,,,,,,,,,,1,0
zgrab_587_Australia.json:78,zgrab_real,zgrab_587_Australia.json,78,Australia,SMTP_PROBE_FAILED,STARTTLS_NOT_OBSERVED,TLS_NOT_OBSERVED,CERTIFICATE_NOT_OBSERVED_NO_TLS,587,connection-timeout,smtp,0,0,0,0,0,,,,,,,,,,,,,,,,,,,,,,,,,,,0,,,,,,,,,,,,,,,,,,,,,,,,,,,,,,,,,,,,,,,,,,,,,,,,,0,0
zgrab_587_Australia.json:79,zgrab_real,zgrab_587_Australia.json,79,Australia,SMTP_RESPONSE_OBSERVED,TLS_HANDSHAKE_SUCCEEDED,HANDSHAKE_SUCCEEDED,CERTIFICATE_OBSERVED,587,success,smtp,1,1,1,1,1,TLSv1.2,TLSv1.3,TLS_CHACHA20_POLY1305_SHA256,x25519,2,1,1,0,0,0,0,0,0,0,0,1,1,0,0,0,1,0,0,1,0,0,1,False,RSA,2048,65537,,,SHA256-RSA,0,1,0,0,unknown,True,1,0,20,1,False,True,True,,,,0,5,365.0,201.19462962962962,0,0,0,0,0,0,0,0,0,0,0,0,1,1,0,0,0,0,0,0,1,0,1
zgrab_587_Australia.json:80,zgrab_real,zgrab_587_Australia.json,80,Australia,SMTP_RESPONSE_OBSERVED,STARTTLS_NOT_OBSERVED,TLS_NOT_OBSERVED,CERTIFICATE_NOT_OBSERVED_NO_TLS,587,success,smtp,1,1,0,0,0,,,,,,,,,,,,,,,,,,,,,,,,,,,0,,,,,,,,,,,,,,,,,,,,,,,,,,,,,,,,,,,,,,,,,,,,,,,,,1,0
zgrab_587_Australia.json:81,zgrab_real,zgrab_587_Australia.json,81,Australia,SMTP_RESPONSE_OBSERVED,TLS_HANDSHAKE_SUCCEEDED,HANDSHAKE_SUCCEEDED,CERTIFICATE_OBSERVED,587,success,smtp,1,1,1,1,1,TLSv1.2,TLSv1.3,TLS_CHACHA20_POLY1305_SHA256,x25519,2,1,1,0,0,0,0,0,0,0,0,1,1,0,0,0,1,0,0,1,0,0,1,True,RSA,2048,65537,,,SHA256-RSA,0,1,0,0,DV,False,1,0,30,1,False,True,,True,True,,2,10,89.99998842592592,70.06233796296296,0,0,2,0,1,0,1,1,2,1,1,1,1,1,0,0,0,0,0,0,0,0,1
zgrab_587_Australia.json:82,zgrab_real,zgrab_587_Australia.json,82,Australia,SMTP_RESPONSE_OBSERVED,TLS_HANDSHAKE_SUCCEEDED,HANDSHAKE_SUCCEEDED,CERTIFICATE_OBSERVED,587,success,smtp,1,1,1,1,1,TLSv1.2,TLSv1.3,TLS_CHACHA20_POLY1305_SHA256,x25519,2,1,1,0,0,0,0,0,0,0,0,1,1,0,0,0,1,0,0,1,0,0,1,True,RSA,2048,65537,,,SHA256-RSA,0,1,0,0,DV,False,1,0,25,1,False,True,,True,True,,2,10,89.99998842592592,48.95961805555555,0,0,2,0,1,0,1,1,2,1,1,1,1,1,0,0,0,0,0,0,0,0,1
zgrab_587_Australia.json:83,zgrab_real,zgrab_587_Australia.json,83,Australia,SMTP_RESPONSE_OBSERVED,TLS_HANDSHAKE_SUCCEEDED,HANDSHAKE_SUCCEEDED,CERTIFICATE_OBSERVED,587,success,smtp,1,1,1,1,1,TLSv1.2,TLSv1.3,TLS_CHACHA20_POLY1305_SHA256,x25519,2,1,1,0,0,0,0,0,0,0,0,1,1,0,0,0,1,0,0,1,0,0,1,True,RSA,2048,65537,,,SHA256-RSA,0,1,0,0,DV,False,1,0,30,1,False,True,,True,True,,2,10,89.99998842592592,69.96358796296296,0,0,2,0,1,0,1,1,2,1,1,1,1,1,0,0,0,0,0,0,0,0,1
zgrab_587_Australia.json:84,zgrab_real,zgrab_587_Australia.json,84,Australia,SMTP_RESPONSE_OBSERVED,TLS_HANDSHAKE_SUCCEEDED,HANDSHAKE_SUCCEEDED,CERTIFICATE_OBSERVED,587,success,smtp,1,1,1,1,1,TLSv1.2,TLSv1.3,TLS_CHACHA20_POLY1305_SHA256,x25519,2,1,1,0,0,0,0,0,0,0,0,1,1,0,0,0,1,0,0,1,0,0,1,True,RSA,2048,65537,,,SHA256-RSA,0,1,0,0,DV,False,1,0,30,1,False,True,,True,True,,2,10,89.99998842592592,70.06230324074075,0,0,2,0,1,0,1,1,2,1,1,1,1,1,0,0,0,0,0,0,0,0,1
zgrab_587_Australia.json:85,zgrab_real,zgrab_587_Australia.json,85,Australia,SMTP_RESPONSE_OBSERVED,TLS_HANDSHAKE_SUCCEEDED,HANDSHAKE_SUCCEEDED,CERTIFICATE_OBSERVED,587,success,smtp,1,1,1,1,1,TLSv1.2,TLSv1.3,TLS_CHACHA20_POLY1305_SHA256,x25519,2,1,1,0,0,0,0,0,0,0,0,1,1,0,0,0,1,0,0,1,0,0,1,True,RSA,2048,65537,,,SHA256-RSA,0,1,0,0,DV,False,1,0,30,1,False,True,,True,True,,2,10,89.99998842592592,71.69377314814815,0,0,2,0,1,0,1,1,2,1,1,1,1,1,0,0,0,0,0,0,0,0,1
zgrab_587_Australia.json:86,zgrab_real,zgrab_587_Australia.json,86,Australia,SMTP_RESPONSE_OBSERVED,TLS_HANDSHAKE_SUCCEEDED,HANDSHAKE_SUCCEEDED,CERTIFICATE_OBSERVED,587,success,smtp,1,1,1,1,1,TLSv1.2,TLSv1.3,TLS_CHACHA20_POLY1305_SHA256,x25519,2,1,1,0,0,0,0,0,0,0,0,1,1,0,0,0,1,0,0,1,0,0,1,True,RSA,2048,65537,,,SHA256-RSA,0,1,0,0,DV,False,1,0,30,1,False,True,,True,True,,2,10,89.99998842592592,71.69377314814815,0,0,2,0,1,0,1,1,2,1,1,1,1,1,0,0,0,0,0,0,0,0,1
zgrab_587_Australia.json:87,zgrab_real,zgrab_587_Australia.json,87,Australia,SMTP_RESPONSE_OBSERVED,STARTTLS_NOT_OBSERVED,TLS_NOT_OBSERVED,CERTIFICATE_NOT_OBSERVED_NO_TLS,587,success,smtp,1,0,0,0,0,,,,,,,,,,,,,,,,,,,,,,,,,,,0,,,,,,,,,,,,,,,,,,,,,,,,,,,,,,,,,,,,,,,,,,,,,,,,,1,0
zgrab_587_Australia.json:88,zgrab_real,zgrab_587_Australia.json,88,Australia,SMTP_RESPONSE_OBSERVED,TLS_HANDSHAKE_SUCCEEDED,HANDSHAKE_SUCCEEDED,CERTIFICATE_OBSERVED,587,success,smtp,1,1,1,1,1,TLSv1.2,TLSv1.3,TLS_CHACHA20_POLY1305_SHA256,x25519,2,1,1,0,0,0,0,0,0,0,0,1,1,0,0,0,1,0,0,1,0,0,1,True,RSA,2048,65537,,,SHA256-RSA,0,1,0,0,DV,False,1,0,30,1,False,True,,True,True,,2,10,89.99998842592592,69.96353009259259,0,0,2,0,1,0,1,1,2,1,1,1,1,1,0,0,0,0,0,0,0,0,1
zgrab_587_Australia.json:89,zgrab_real,zgrab_587_Australia.json,89,Australia,SMTP_RESPONSE_OBSERVED,TLS_HANDSHAKE_SUCCEEDED,HANDSHAKE_SUCCEEDED,CERTIFICATE_OBSERVED,587,success,smtp,1,1,1,1,1,TLSv1.2,TLSv1.3,TLS_CHACHA20_POLY1305_SHA256,x25519,2,1,1,0,0,0,0,0,0,0,0,1,1,0,0,0,1,0,0,1,0,0,1,True,RSA,2048,65537,,,SHA256-RSA,0,1,0,0,DV,False,1,0,30,1,False,True,,True,True,,2,10,89.99998842592592,70.06225694444444,0,0,2,0,1,0,1,1,2,1,1,1,1,1,0,0,0,0,0,0,0,0,1
zgrab_587_Australia.json:90,zgrab_real,zgrab_587_Australia.json,90,Australia,SMTP_RESPONSE_OBSERVED,STARTTLS_NOT_OBSERVED,TLS_NOT_OBSERVED,CERTIFICATE_NOT_OBSERVED_NO_TLS,587,success,smtp,1,1,0,0,0,,,,,,,,,,,,,,,,,,,,,,,,,,,0,,,,,,,,,,,,,,,,,,,,,,,,,,,,,,,,,,,,,,,,,,,,,,,,,1,0
zgrab_587_Australia.json:91,zgrab_real,zgrab_587_Australia.json,91,Australia,SMTP_RESPONSE_OBSERVED,TLS_HANDSHAKE_SUCCEEDED,HANDSHAKE_SUCCEEDED,CERTIFICATE_OBSERVED,587,success,smtp,1,1,1,1,1,TLSv1.2,TLSv1.3,TLS_CHACHA20_POLY1305_SHA256,x25519,2,1,1,0,0,0,0,0,0,0,0,1,1,0,0,0,1,0,0,1,0,0,1,True,RSA,2048,65537,,,SHA256-RSA,0,1,0,0,DV,False,1,0,23,1,False,True,,True,True,,2,10,89.99998842592592,69.33358796296297,0,0,2,0,1,0,1,1,2,1,1,1,1,1,0,0,0,0,0,0,0,0,1
zgrab_587_Australia.json:92,zgrab_real,zgrab_587_Australia.json,92,Australia,SMTP_RESPONSE_OBSERVED,TLS_HANDSHAKE_SUCCEEDED,HANDSHAKE_SUCCEEDED,CERTIFICATE_OBSERVED,587,success,smtp,1,1,1,1,1,TLSv1.2,TLSv1.3,TLS_CHACHA20_POLY1305_SHA256,x25519,2,1,1,0,0,0,0,0,0,0,0,1,1,0,0,0,1,0,0,1,0,0,1,True,RSA,2048,65537,,,SHA256-RSA,0,1,0,0,DV,False,1,0,30,1,False,True,,True,True,,2,10,89.99998842592592,69.96349537037037,0,0,2,0,1,0,1,1,2,1,1,1,1,1,0,0,0,0,0,0,0,0,1
zgrab_587_Australia.json:93,zgrab_real,zgrab_587_Australia.json,93,Australia,SMTP_RESPONSE_OBSERVED,TLS_HANDSHAKE_SUCCEEDED,HANDSHAKE_SUCCEEDED,CERTIFICATE_OBSERVED,587,success,smtp,1,1,1,1,1,TLSv1.2,TLSv1.3,TLS_CHACHA20_POLY1305_SHA256,x25519,2,1,1,0,0,0,0,0,0,0,0,1,1,0,0,0,1,0,0,1,0,0,1,True,RSA,2048,65537,,,SHA256-RSA,0,1,0,0,DV,False,1,0,30,1,False,True,,True,True,,2,10,89.99998842592592,72.13746527777778,0,0,2,0,1,0,1,1,2,1,1,1,1,1,0,0,0,0,0,0,0,0,1
zgrab_587_Australia.json:94,zgrab_real,zgrab_587_Australia.json,94,Australia,SMTP_RESPONSE_OBSERVED,TLS_HANDSHAKE_SUCCEEDED,HANDSHAKE_SUCCEEDED,CERTIFICATE_OBSERVED,587,success,smtp,1,1,1,1,1,TLSv1.2,TLSv1.3,TLS_CHACHA20_POLY1305_SHA256,x25519,2,1,1,0,0,0,0,0,0,0,0,1,1,0,0,0,1,0,0,1,0,0,1,True,RSA,2048,65537,,,SHA256-RSA,0,1,0,0,DV,False,1,0,30,1,False,True,,True,True,,2,10,89.99998842592592,71.69369212962962,0,0,2,0,1,0,1,1,2,1,1,1,1,1,0,0,0,0,0,0,0,0,1
zgrab_587_Australia.json:95,zgrab_real,zgrab_587_Australia.json,95,Australia,SMTP_RESPONSE_OBSERVED,TLS_HANDSHAKE_SUCCEEDED,HANDSHAKE_SUCCEEDED,CERTIFICATE_OBSERVED,587,success,smtp,1,1,1,1,1,TLSv1.2,TLSv1.3,TLS_CHACHA20_POLY1305_SHA256,x25519,2,1,1,0,0,0,0,0,0,0,0,1,1,0,0,0,1,0,0,1,0,0,1,True,RSA,2048,65537,,,SHA256-RSA,0,1,0,0,DV,False,1,0,30,1,False,True,,True,True,,2,10,89.99998842592592,72.1374537037037,0,0,2,0,1,0,1,1,2,1,1,1,1,1,0,0,0,0,0,0,0,0,1
zgrab_587_Australia.json:96,zgrab_real,zgrab_587_Australia.json,96,Australia,SMTP_RESPONSE_OBSERVED,TLS_HANDSHAKE_SUCCEEDED,HANDSHAKE_SUCCEEDED,CERTIFICATE_OBSERVED,587,success,smtp,1,1,1,1,1,TLSv1.2,TLSv1.3,TLS_CHACHA20_POLY1305_SHA256,x25519,2,1,1,0,0,0,0,0,0,0,0,1,1,0,0,0,1,0,0,1,0,0,1,True,RSA,2048,65537,,,SHA256-RSA,0,1,0,0,DV,False,1,0,30,1,False,True,,True,True,,2,10,89.99998842592592,72.13744212962963,0,0,2,0,1,0,1,1,2,1,1,1,1,1,0,0,0,0,0,0,0,0,1
zgrab_587_Australia.json:97,zgrab_real,zgrab_587_Australia.json,97,Australia,SMTP_RESPONSE_OBSERVED,TLS_HANDSHAKE_SUCCEEDED,HANDSHAKE_SUCCEEDED,CERTIFICATE_OBSERVED,587,success,smtp,1,1,1,1,1,TLSv1.2,TLSv1.3,TLS_CHACHA20_POLY1305_SHA256,x25519,2,1,1,0,0,0,0,0,0,0,0,1,1,0,0,0,1,0,0,1,0,0,1,True,RSA,2048,65537,,,SHA256-RSA,0,1,0,0,DV,False,1,0,30,1,False,True,,True,True,,2,10,89.99998842592592,72.13744212962963,0,0,2,0,1,0,1,1,2,1,1,1,1,1,0,0,0,0,0,0,0,0,1
zgrab_587_Australia.json:98,zgrab_real,zgrab_587_Australia.json,98,Australia,SMTP_RESPONSE_OBSERVED,TLS_HANDSHAKE_SUCCEEDED,HANDSHAKE_SUCCEEDED,CERTIFICATE_OBSERVED,587,success,smtp,1,1,1,1,1,TLSv1.2,TLSv1.3,TLS_CHACHA20_POLY1305_SHA256,x25519,2,1,1,0,0,0,0,0,0,0,0,1,1,0,0,0,1,0,0,1,0,0,1,True,RSA,2048,65537,,,SHA256-RSA,0,1,0,0,DV,False,1,0,30,1,False,True,,True,True,,2,10,89.99998842592592,72.13744212962963,0,0,2,0,1,0,1,1,2,1,1,1,1,1,0,0,0,0,0,0,0,0,1
zgrab_587_Australia.json:99,zgrab_real,zgrab_587_Australia.json,99,Australia,SMTP_RESPONSE_OBSERVED,TLS_HANDSHAKE_SUCCEEDED,HANDSHAKE_SUCCEEDED,CERTIFICATE_OBSERVED,587,success,smtp,1,1,1,1,1,TLSv1.2,TLSv1.3,TLS_CHACHA20_POLY1305_SHA256,x25519,2,1,1,0,0,0,0,0,0,0,0,1,1,0,0,0,1,0,0,1,0,0,1,True,RSA,2048,65537,,,SHA256-RSA,0,1,0,0,DV,False,1,0,30,1,False,True,,True,True,,2,10,89.99998842592592,72.13741898148149,0,0,2,0,1,0,1,1,2,1,1,1,1,1,0,0,0,0,0,0,0,0,1
zgrab_587_Australia.json:100,zgrab_real,zgrab_587_Australia.json,100,Australia,SMTP_RESPONSE_OBSERVED,STARTTLS_NOT_OBSERVED,TLS_NOT_OBSERVED,CERTIFICATE_NOT_OBSERVED_NO_TLS,587,success,smtp,1,1,0,0,0,,,,,,,,,,,,,,,,,,,,,,,,,,,0,,,,,,,,,,,,,,,,,,,,,,,,,,,,,,,,,,,,,,,,,,,,,,,,,1,0
zgrab_587_Brazil.json:1,zgrab_real,zgrab_587_Brazil.json,1,Brazil,SMTP_RESPONSE_OBSERVED,TLS_HANDSHAKE_SUCCEEDED,HANDSHAKE_SUCCEEDED,CERTIFICATE_OBSERVED,587,success,smtp,1,1,1,1,1,TLSv1.2,,TLS_ECDHE_RSA_WITH_AES_256_GCM_SHA384,,2,0,0,1,0,1,1,0,0,0,0,1,1,0,0,1,1,0,0,1,0,0,1,True,RSA,2048,65537,,,SHA256-RSA,0,1,0,0,DV,False,2,1,18,2,False,True,True,True,True,,2,10,397.0,70.64806712962962,0,0,2,1,1,1,2,1,3,1,1,1,1,1,0,0,0,0,0,0,0,0,1
zgrab_587_Brazil.json:2,zgrab_real,zgrab_587_Brazil.json,2,Brazil,SMTP_RESPONSE_OBSERVED,TLS_HANDSHAKE_SUCCEEDED,HANDSHAKE_SUCCEEDED,CERTIFICATE_OBSERVED,587,success,smtp,1,1,1,1,1,TLSv1.2,TLSv1.3,TLS_CHACHA20_POLY1305_SHA256,x25519,2,1,1,0,0,0,0,0,0,0,0,1,1,0,0,0,1,0,0,1,0,0,1,True,RSA,2048,65537,,,SHA256-RSA,0,1,0,0,DV,False,2,1,18,2,False,True,True,True,True,,2,9,198.99998842592592,76.96197916666667,0,0,2,1,1,1,2,1,3,1,0,0,1,1,0,0,0,0,0,0,0,0,1
zgrab_587_Brazil.json:3,zgrab_real,zgrab_587_Brazil.json,3,Brazil,SMTP_RESPONSE_OBSERVED,TLS_HANDSHAKE_SUCCEEDED,HANDSHAKE_SUCCEEDED,CERTIFICATE_OBSERVED,587,success,smtp,1,1,1,1,1,TLSv1.2,TLSv1.3,TLS_CHACHA20_POLY1305_SHA256,x25519,2,1,1,0,0,0,0,0,0,0,0,1,1,0,0,0,1,0,0,1,0,0,1,True,RSA,2048,65537,,,SHA256-RSA,0,1,0,0,DV,False,2,1,18,2,False,True,True,True,True,,2,9,198.99998842592592,76.96194444444444,0,0,2,1,1,1,2,1,3,1,0,0,1,1,0,0,0,0,0,0,0,0,1
zgrab_587_Brazil.json:4,zgrab_real,zgrab_587_Brazil.json,4,Brazil,SMTP_RESPONSE_OBSERVED,TLS_HANDSHAKE_SUCCEEDED,HANDSHAKE_SUCCEEDED,CERTIFICATE_OBSERVED,587,success,smtp,1,1,1,1,1,TLSv1.2,TLSv1.3,TLS_CHACHA20_POLY1305_SHA256,x25519,2,1,1,0,0,0,0,0,0,0,0,1,1,0,0,0,1,0,0,1,0,0,1,True,RSA,2048,65537,,,SHA256-RSA,0,1,0,0,DV,False,2,1,18,2,False,True,True,True,True,,2,9,198.99998842592592,76.96190972222222,0,0,2,1,1,1,2,1,3,1,0,0,1,1,0,0,0,0,0,0,0,0,1
zgrab_587_Brazil.json:5,zgrab_real,zgrab_587_Brazil.json,5,Brazil,SMTP_RESPONSE_OBSERVED,STARTTLS_NOT_OBSERVED,TLS_NOT_OBSERVED,CERTIFICATE_NOT_OBSERVED_NO_TLS,587,success,smtp,1,1,0,0,0,,,,,,,,,,,,,,,,,,,,,,,,,,,0,,,,,,,,,,,,,,,,,,,,,,,,,,,,,,,,,,,,,,,,,,,,,,,,,1,0
zgrab_587_Brazil.json:6,zgrab_real,zgrab_587_Brazil.json,6,Brazil,SMTP_RESPONSE_OBSERVED,TLS_HANDSHAKE_SUCCEEDED,HANDSHAKE_SUCCEEDED,CERTIFICATE_OBSERVED,587,success,smtp,1,1,1,1,1,TLSv1.2,TLSv1.3,TLS_CHACHA20_POLY1305_SHA256,x25519,2,1,1,0,0,0,0,0,0,0,0,1,1,0,0,0,1,0,0,1,0,0,1,True,RSA,2048,65537,,,SHA256-RSA,0,1,0,0,DV,False,2,1,18,2,False,True,True,True,True,,2,9,198.99998842592592,76.96188657407407,0,0,2,1,1,1,2,1,3,1,0,0,1,1,0,0,0,0,0,0,0,0,1
zgrab_587_Brazil.json:7,zgrab_real,zgrab_587_Brazil.json,7,Brazil,SMTP_RESPONSE_OBSERVED,STARTTLS_NOT_OBSERVED,TLS_NOT_OBSERVED,CERTIFICATE_NOT_OBSERVED_NO_TLS,587,success,smtp,1,1,0,0,0,,,,,,,,,,,,,,,,,,,,,,,,,,,0,,,,,,,,,,,,,,,,,,,,,,,,,,,,,,,,,,,,,,,,,,,,,,,,,1,0
zgrab_587_Brazil.json:8,zgrab_real,zgrab_587_Brazil.json,8,Brazil,SMTP_RESPONSE_OBSERVED,TLS_HANDSHAKE_SUCCEEDED,HANDSHAKE_SUCCEEDED,CERTIFICATE_OBSERVED,587,success,smtp,1,1,1,1,1,TLSv1.2,TLSv1.3,TLS_CHACHA20_POLY1305_SHA256,x25519,2,1,1,0,0,0,0,0,0,0,0,1,1,0,0,0,1,0,0,1,0,0,1,True,RSA,2048,65537,,,SHA256-RSA,0,1,0,0,DV,False,2,1,18,2,False,True,True,True,True,,2,9,198.99998842592592,76.96186342592593,0,0,2,1,1,1,2,1,3,1,0,0,1,1,0,0,0,0,0,0,0,0,1
zgrab_587_Brazil.json:9,zgrab_real,zgrab_587_Brazil.json,9,Brazil,SMTP_RESPONSE_OBSERVED,TLS_HANDSHAKE_SUCCEEDED,HANDSHAKE_SUCCEEDED,CERTIFICATE_OBSERVED,587,success,smtp,1,1,1,1,1,TLSv1.2,TLSv1.3,TLS_CHACHA20_POLY1305_SHA256,x25519,2,1,1,0,0,0,0,0,0,0,0,1,1,0,0,0,1,0,0,1,0,0,1,True,RSA,2048,65537,,,SHA256-RSA,0,1,0,0,DV,False,2,1,18,2,False,True,True,True,True,,2,9,198.99998842592592,76.96185185185185,0,0,2,1,1,1,2,1,3,1,0,0,1,1,0,0,0,0,0,0,0,0,1
zgrab_587_Brazil.json:10,zgrab_real,zgrab_587_Brazil.json,10,Brazil,SMTP_RESPONSE_OBSERVED,TLS_HANDSHAKE_SUCCEEDED,HANDSHAKE_SUCCEEDED,CERTIFICATE_OBSERVED,587,success,smtp,1,1,1,1,1,TLSv1.2,TLSv1.3,TLS_CHACHA20_POLY1305_SHA256,x25519,2,1,1,0,0,0,0,0,0,0,0,1,1,0,0,0,1,0,0,1,0,0,1,True,RSA,2048,65537,,,SHA256-RSA,0,1,0,0,DV,False,2,1,18,2,False,True,True,True,True,,2,9,198.99998842592592,76.9618287037037,0,0,2,1,1,1,2,1,3,1,0,0,1,1,0,0,0,0,0,0,0,0,1
zgrab_587_Brazil.json:11,zgrab_real,zgrab_587_Brazil.json,11,Brazil,SMTP_RESPONSE_OBSERVED,TLS_HANDSHAKE_SUCCEEDED,HANDSHAKE_SUCCEEDED,CERTIFICATE_OBSERVED,587,success,smtp,1,1,1,1,1,TLSv1.2,TLSv1.3,TLS_CHACHA20_POLY1305_SHA256,x25519,2,1,1,0,0,0,0,0,0,0,0,1,1,0,0,0,1,0,0,1,0,0,1,True,RSA,2048,65537,,,SHA256-RSA,0,1,0,0,DV,False,2,1,18,2,False,True,True,True,True,,2,9,198.99998842592592,76.96177083333333,0,0,2,1,1,1,2,1,3,1,0,0,1,1,0,0,0,0,0,0,0,0,1
zgrab_587_Brazil.json:12,zgrab_real,zgrab_587_Brazil.json,12,Brazil,SMTP_RESPONSE_OBSERVED,TLS_HANDSHAKE_SUCCEEDED,HANDSHAKE_SUCCEEDED,CERTIFICATE_OBSERVED,587,success,smtp,1,1,1,1,1,TLSv1.2,TLSv1.3,TLS_CHACHA20_POLY1305_SHA256,x25519,2,1,1,0,0,0,0,0,0,0,0,1,1,0,0,0,1,0,0,1,0,0,1,True,RSA,2048,65537,,,SHA256-RSA,0,1,0,0,DV,False,2,1,18,2,False,True,True,True,True,,2,9,198.99998842592592,76.96177083333333,0,0,2,1,1,1,2,1,3,1,0,0,1,1,0,0,0,0,0,0,0,0,1
zgrab_587_Brazil.json:13,zgrab_real,zgrab_587_Brazil.json,13,Brazil,SMTP_RESPONSE_OBSERVED,TLS_HANDSHAKE_SUCCEEDED,HANDSHAKE_SUCCEEDED,CERTIFICATE_OBSERVED,587,success,smtp,1,1,1,1,1,TLSv1.2,TLSv1.3,TLS_CHACHA20_POLY1305_SHA256,x25519,2,1,1,0,0,0,0,0,0,0,0,1,1,0,0,0,1,0,0,1,0,0,1,True,RSA,2048,65537,,,SHA256-RSA,0,1,0,0,DV,False,2,1,18,2,False,True,True,True,True,,2,9,198.99998842592592,76.96177083333333,0,0,2,1,1,1,2,1,3,1,0,0,1,1,0,0,0,0,0,0,0,0,1
zgrab_587_Brazil.json:14,zgrab_real,zgrab_587_Brazil.json,14,Brazil,SMTP_RESPONSE_OBSERVED,TLS_HANDSHAKE_SUCCEEDED,HANDSHAKE_SUCCEEDED,CERTIFICATE_OBSERVED,587,success,smtp,1,1,1,1,1,TLSv1.2,,TLS_ECDHE_RSA_WITH_AES_128_GCM_SHA256,,2,0,0,1,1,0,0,0,0,0,0,0,1,0,0,1,1,0,0,1,0,0,1,True,RSA,2048,65537,,,SHA256-RSA,0,1,0,0,DV,False,2,1,18,2,False,True,,True,True,,2,10,89.99998842592592,33.259594907407404,0,0,2,0,1,0,1,1,2,1,1,1,1,1,0,0,0,0,0,0,0,0,1
zgrab_587_Brazil.json:15,zgrab_real,zgrab_587_Brazil.json,15,Brazil,SMTP_RESPONSE_OBSERVED,TLS_HANDSHAKE_SUCCEEDED,HANDSHAKE_SUCCEEDED,CERTIFICATE_OBSERVED,587,success,smtp,1,1,1,1,1,TLSv1.2,TLSv1.3,TLS_CHACHA20_POLY1305_SHA256,x25519,2,1,1,0,0,0,0,0,0,0,0,1,1,0,0,0,1,0,0,1,0,0,1,True,RSA,2048,65537,,,SHA256-RSA,0,1,0,0,DV,False,2,1,18,2,False,True,True,True,True,,2,9,198.99998842592592,76.96175925925925,0,0,2,1,1,1,2,1,3,1,0,0,1,1,0,0,0,0,0,0,0,0,1
zgrab_587_Brazil.json:16,zgrab_real,zgrab_587_Brazil.json,16,Brazil,SMTP_RESPONSE_OBSERVED,TLS_HANDSHAKE_SUCCEEDED,HANDSHAKE_SUCCEEDED,CERTIFICATE_OBSERVED,587,success,smtp,1,1,1,1,1,TLSv1.2,TLSv1.3,TLS_CHACHA20_POLY1305_SHA256,x25519,2,1,1,0,0,0,0,0,0,0,0,1,1,0,0,0,1,0,0,1,0,0,1,True,RSA,2048,65537,,,SHA256-RSA,0,1,0,0,DV,False,2,1,18,2,False,True,True,True,True,,2,9,198.99998842592592,76.96172453703704,0,0,2,1,1,1,2,1,3,1,0,0,1,1,0,0,0,0,0,0,0,0,1
zgrab_587_Brazil.json:17,zgrab_real,zgrab_587_Brazil.json,17,Brazil,SMTP_RESPONSE_OBSERVED,TLS_HANDSHAKE_SUCCEEDED,HANDSHAKE_SUCCEEDED,CERTIFICATE_OBSERVED,587,success,smtp,1,1,1,1,1,TLSv1.2,TLSv1.3,TLS_CHACHA20_POLY1305_SHA256,x25519,2,1,1,0,0,0,0,0,0,0,0,1,1,0,0,0,1,0,0,1,0,0,1,True,RSA,2048,65537,,,SHA256-RSA,0,1,0,0,DV,False,2,1,18,2,False,True,True,True,True,,2,9,198.99998842592592,76.96172453703704,0,0,2,1,1,1,2,1,3,1,0,0,1,1,0,0,0,0,0,0,0,0,1
zgrab_587_Brazil.json:18,zgrab_real,zgrab_587_Brazil.json,18,Brazil,SMTP_RESPONSE_OBSERVED,TLS_HANDSHAKE_SUCCEEDED,HANDSHAKE_SUCCEEDED,CERTIFICATE_OBSERVED,587,success,smtp,1,1,1,1,1,TLSv1.2,TLSv1.3,TLS_CHACHA20_POLY1305_SHA256,x25519,2,1,1,0,0,0,0,0,0,0,0,1,1,0,0,0,1,0,0,1,0,0,1,True,RSA,2048,65537,,,SHA256-RSA,0,1,0,0,DV,False,2,1,18,2,False,True,True,True,True,,2,9,198.99998842592592,76.96171296296296,0,0,2,1,1,1,2,1,3,1,0,0,1,1,0,0,0,0,0,0,0,0,1
zgrab_587_Brazil.json:19,zgrab_real,zgrab_587_Brazil.json,19,Brazil,SMTP_RESPONSE_OBSERVED,TLS_HANDSHAKE_SUCCEEDED,HANDSHAKE_SUCCEEDED,CERTIFICATE_OBSERVED,587,success,smtp,1,1,1,1,1,TLSv1.2,TLSv1.3,TLS_CHACHA20_POLY1305_SHA256,x25519,2,1,1,0,0,0,0,0,0,0,0,1,1,0,0,0,1,0,0,1,0,0,1,True,RSA,2048,65537,,,SHA256-RSA,0,1,0,0,DV,False,2,1,18,2,False,True,True,True,True,,2,9,198.99998842592592,76.96170138888888,0,0,2,1,1,1,2,1,3,1,0,0,1,1,0,0,0,0,0,0,0,0,1
zgrab_587_Brazil.json:20,zgrab_real,zgrab_587_Brazil.json,20,Brazil,SMTP_RESPONSE_OBSERVED,TLS_HANDSHAKE_SUCCEEDED,HANDSHAKE_SUCCEEDED,CERTIFICATE_OBSERVED,587,success,smtp,1,1,1,1,1,TLSv1.2,TLSv1.3,TLS_CHACHA20_POLY1305_SHA256,x25519,2,1,1,0,0,0,0,0,0,0,0,1,1,0,0,0,1,0,0,1,0,0,1,True,RSA,2048,65537,,,SHA256-RSA,0,1,0,0,DV,False,2,1,18,2,False,True,True,True,True,,2,9,198.99998842592592,76.96170138888888,0,0,2,1,1,1,2,1,3,1,0,0,1,1,0,0,0,0,0,0,0,0,1
zgrab_587_Brazil.json:21,zgrab_real,zgrab_587_Brazil.json,21,Brazil,SMTP_RESPONSE_OBSERVED,TLS_HANDSHAKE_SUCCEEDED,HANDSHAKE_SUCCEEDED,CERTIFICATE_OBSERVED,587,success,smtp,1,1,1,1,1,TLSv1.2,TLSv1.3,TLS_CHACHA20_POLY1305_SHA256,x25519,2,1,1,0,0,0,0,0,0,0,0,1,1,0,0,0,1,0,0,1,0,0,1,True,RSA,2048,65537,,,SHA256-RSA,0,1,0,0,DV,False,2,1,18,2,False,True,True,True,True,,2,9,198.99998842592592,76.96166666666667,0,0,2,1,1,1,2,1,3,1,0,0,1,1,0,0,0,0,0,0,0,0,1
zgrab_587_Brazil.json:22,zgrab_real,zgrab_587_Brazil.json,22,Brazil,SMTP_RESPONSE_OBSERVED,TLS_HANDSHAKE_SUCCEEDED,HANDSHAKE_SUCCEEDED,CERTIFICATE_OBSERVED,587,success,smtp,1,1,1,1,1,TLSv1.2,TLSv1.3,TLS_CHACHA20_POLY1305_SHA256,x25519,2,1,1,0,0,0,0,0,0,0,0,1,1,0,0,0,1,0,0,1,0,0,1,True,RSA,2048,65537,,,SHA256-RSA,0,1,0,0,DV,False,2,1,18,2,False,True,True,True,True,,2,9,198.99998842592592,76.9616550925926,0,0,2,1,1,1,2,1,3,1,0,0,1,1,0,0,0,0,0,0,0,0,1
zgrab_587_Brazil.json:23,zgrab_real,zgrab_587_Brazil.json,23,Brazil,SMTP_RESPONSE_OBSERVED,TLS_HANDSHAKE_SUCCEEDED,HANDSHAKE_SUCCEEDED,CERTIFICATE_OBSERVED,587,success,smtp,1,1,1,1,1,TLSv1.2,TLSv1.3,TLS_CHACHA20_POLY1305_SHA256,x25519,2,1,1,0,0,0,0,0,0,0,0,1,1,0,0,0,1,0,0,1,0,0,1,True,RSA,2048,65537,,,SHA256-RSA,0,1,0,0,DV,False,2,1,18,2,False,True,True,True,True,,2,9,198.99998842592592,76.96164351851851,0,0,2,1,1,1,2,1,3,1,0,0,1,1,0,0,0,0,0,0,0,0,1
zgrab_587_Brazil.json:24,zgrab_real,zgrab_587_Brazil.json,24,Brazil,SMTP_RESPONSE_OBSERVED,TLS_HANDSHAKE_SUCCEEDED,HANDSHAKE_SUCCEEDED,CERTIFICATE_OBSERVED,587,success,smtp,1,1,1,1,1,TLSv1.2,TLSv1.3,TLS_CHACHA20_POLY1305_SHA256,x25519,2,1,1,0,0,0,0,0,0,0,0,1,1,0,0,0,1,0,0,1,0,0,1,True,RSA,2048,65537,,,SHA256-RSA,0,1,0,0,DV,False,2,1,18,2,False,True,True,True,True,,2,9,198.99998842592592,76.96164351851851,0,0,2,1,1,1,2,1,3,1,0,0,1,1,0,0,0,0,0,0,0,0,1
zgrab_587_Brazil.json:25,zgrab_real,zgrab_587_Brazil.json,25,Brazil,SMTP_RESPONSE_OBSERVED,TLS_HANDSHAKE_SUCCEEDED,HANDSHAKE_SUCCEEDED,CERTIFICATE_OBSERVED,587,success,smtp,1,1,1,1,1,TLSv1.2,TLSv1.3,TLS_CHACHA20_POLY1305_SHA256,x25519,2,1,1,0,0,0,0,0,0,0,0,1,1,0,0,0,1,0,0,1,0,0,1,True,RSA,2048,65537,,,SHA256-RSA,0,1,0,0,DV,False,2,1,18,2,False,True,True,True,True,,2,9,198.99998842592592,76.96163194444445,0,0,2,1,1,1,2,1,3,1,0,0,1,1,0,0,0,0,0,0,0,0,1
zgrab_587_Brazil.json:26,zgrab_real,zgrab_587_Brazil.json,26,Brazil,SMTP_RESPONSE_OBSERVED,STARTTLS_NOT_OBSERVED,TLS_NOT_OBSERVED,CERTIFICATE_NOT_OBSERVED_NO_TLS,587,success,smtp,1,0,0,0,0,,,,,,,,,,,,,,,,,,,,,,,,,,,0,,,,,,,,,,,,,,,,,,,,,,,,,,,,,,,,,,,,,,,,,,,,,,,,,1,0
zgrab_587_Brazil.json:27,zgrab_real,zgrab_587_Brazil.json,27,Brazil,SMTP_RESPONSE_OBSERVED,TLS_HANDSHAKE_SUCCEEDED,HANDSHAKE_SUCCEEDED,CERTIFICATE_OBSERVED,587,success,smtp,1,1,1,1,1,TLSv1.2,TLSv1.3,TLS_CHACHA20_POLY1305_SHA256,x25519,2,1,1,0,0,0,0,0,0,0,0,1,1,0,0,0,1,0,0,1,0,0,1,True,RSA,2048,65537,,,SHA256-RSA,0,1,0,0,DV,False,2,1,18,2,False,True,True,True,True,,2,9,198.99998842592592,76.96160879629629,0,0,2,1,1,1,2,1,3,1,0,0,1,1,0,0,0,0,0,0,0,0,1
zgrab_587_Brazil.json:28,zgrab_real,zgrab_587_Brazil.json,28,Brazil,SMTP_RESPONSE_OBSERVED,TLS_HANDSHAKE_SUCCEEDED,HANDSHAKE_SUCCEEDED,CERTIFICATE_OBSERVED,587,success,smtp,1,1,1,1,1,TLSv1.2,TLSv1.3,TLS_CHACHA20_POLY1305_SHA256,x25519,2,1,1,0,0,0,0,0,0,0,0,1,1,0,0,0,1,0,0,1,0,0,1,True,RSA,2048,65537,,,SHA256-RSA,0,1,0,0,DV,False,2,1,18,2,False,True,True,True,True,,2,9,198.99998842592592,76.96159722222222,0,0,2,1,1,1,2,1,3,1,0,0,1,1,0,0,0,0,0,0,0,0,1
zgrab_587_Brazil.json:29,zgrab_real,zgrab_587_Brazil.json,29,Brazil,SMTP_RESPONSE_OBSERVED,TLS_HANDSHAKE_SUCCEEDED,HANDSHAKE_SUCCEEDED,CERTIFICATE_OBSERVED,587,success,smtp,1,1,1,1,1,TLSv1.2,TLSv1.3,TLS_CHACHA20_POLY1305_SHA256,x25519,2,1,1,0,0,0,0,0,0,0,0,1,1,0,0,0,1,0,0,1,0,0,1,True,RSA,2048,65537,,,SHA256-RSA,0,1,0,0,DV,False,2,1,18,2,False,True,True,True,True,,2,9,198.99998842592592,76.96155092592592,0,0,2,1,1,1,2,1,3,1,0,0,1,1,0,0,0,0,0,0,0,0,1
zgrab_587_Brazil.json:30,zgrab_real,zgrab_587_Brazil.json,30,Brazil,SMTP_RESPONSE_OBSERVED,TLS_HANDSHAKE_SUCCEEDED,HANDSHAKE_SUCCEEDED,CERTIFICATE_OBSERVED,587,success,smtp,1,1,1,1,1,TLSv1.2,TLSv1.3,TLS_CHACHA20_POLY1305_SHA256,x25519,2,1,1,0,0,0,0,0,0,0,0,1,1,0,0,0,1,0,0,1,0,0,1,True,RSA,2048,65537,,,SHA256-RSA,0,1,0,0,DV,False,2,1,18,2,False,True,True,True,True,,2,9,198.99998842592592,76.96155092592592,0,0,2,1,1,1,2,1,3,1,0,0,1,1,0,0,0,0,0,0,0,0,1
zgrab_587_Brazil.json:31,zgrab_real,zgrab_587_Brazil.json,31,Brazil,SMTP_PROBE_FAILED,STARTTLS_NOT_OBSERVED,TLS_NOT_OBSERVED,CERTIFICATE_NOT_OBSERVED_NO_TLS,587,connection-timeout,smtp,0,0,0,0,0,,,,,,,,,,,,,,,,,,,,,,,,,,,0,,,,,,,,,,,,,,,,,,,,,,,,,,,,,,,,,,,,,,,,,,,,,,,,,0,0
zgrab_587_Brazil.json:32,zgrab_real,zgrab_587_Brazil.json,32,Brazil,SMTP_RESPONSE_OBSERVED,TLS_HANDSHAKE_SUCCEEDED,HANDSHAKE_SUCCEEDED,CERTIFICATE_OBSERVED,587,success,smtp,1,1,1,1,1,TLSv1.2,TLSv1.3,TLS_CHACHA20_POLY1305_SHA256,x25519,2,1,1,0,0,0,0,0,0,0,0,1,1,0,0,0,1,0,0,1,0,0,1,True,RSA,2048,65537,,,SHA256-RSA,0,1,0,0,DV,False,2,1,18,2,False,True,True,True,True,,2,9,198.99998842592592,76.96150462962963,0,0,2,1,1,1,2,1,3,1,0,0,1,1,0,0,0,0,0,0,0,0,1
zgrab_587_Brazil.json:33,zgrab_real,zgrab_587_Brazil.json,33,Brazil,SMTP_RESPONSE_OBSERVED,TLS_HANDSHAKE_SUCCEEDED,HANDSHAKE_SUCCEEDED,CERTIFICATE_OBSERVED,587,success,smtp,1,1,1,1,1,TLSv1.2,TLSv1.3,TLS_CHACHA20_POLY1305_SHA256,x25519,2,1,1,0,0,0,0,0,0,0,0,1,1,0,0,0,1,0,0,1,0,0,1,True,RSA,2048,65537,,,SHA256-RSA,0,1,0,0,DV,False,2,1,18,2,False,True,True,True,True,,2,9,198.99998842592592,76.96150462962963,0,0,2,1,1,1,2,1,3,1,0,0,1,1,0,0,0,0,0,0,0,0,1
zgrab_587_Brazil.json:34,zgrab_real,zgrab_587_Brazil.json,34,Brazil,SMTP_PROBE_FAILED,STARTTLS_NOT_OBSERVED,TLS_NOT_OBSERVED,CERTIFICATE_NOT_OBSERVED_NO_TLS,587,connection-timeout,smtp,0,0,0,0,0,,,,,,,,,,,,,,,,,,,,,,,,,,,0,,,,,,,,,,,,,,,,,,,,,,,,,,,,,,,,,,,,,,,,,,,,,,,,,0,0
zgrab_587_Brazil.json:35,zgrab_real,zgrab_587_Brazil.json,35,Brazil,SMTP_PROBE_FAILED,STARTTLS_NOT_OBSERVED,TLS_NOT_OBSERVED,CERTIFICATE_NOT_OBSERVED_NO_TLS,587,connection-timeout,smtp,0,0,0,0,0,,,,,,,,,,,,,,,,,,,,,,,,,,,0,,,,,,,,,,,,,,,,,,,,,,,,,,,,,,,,,,,,,,,,,,,,,,,,,0,0
zgrab_587_Brazil.json:36,zgrab_real,zgrab_587_Brazil.json,36,Brazil,SMTP_RESPONSE_OBSERVED,STARTTLS_NOT_OBSERVED,TLS_NOT_OBSERVED,CERTIFICATE_NOT_OBSERVED_NO_TLS,587,success,smtp,1,1,0,0,0,,,,,,,,,,,,,,,,,,,,,,,,,,,0,,,,,,,,,,,,,,,,,,,,,,,,,,,,,,,,,,,,,,,,,,,,,,,,,1,0
zgrab_587_Brazil.json:37,zgrab_real,zgrab_587_Brazil.json,37,Brazil,SMTP_RESPONSE_OBSERVED,TLS_HANDSHAKE_SUCCEEDED,HANDSHAKE_SUCCEEDED,CERTIFICATE_OBSERVED,587,success,smtp,1,1,1,1,1,TLSv1.2,TLSv1.3,TLS_CHACHA20_POLY1305_SHA256,x25519,2,1,1,0,0,0,0,0,0,0,0,1,1,0,0,0,1,0,0,1,0,0,1,True,RSA,2048,65537,,,SHA256-RSA,0,1,0,0,DV,False,2,1,15,2,False,True,True,True,True,,2,9,198.99998842592592,39.96136574074074,0,0,2,1,1,1,2,1,3,1,0,0,1,1,0,0,0,0,0,0,0,0,1
zgrab_587_Brazil.json:38,zgrab_real,zgrab_587_Brazil.json,38,Brazil,SMTP_RESPONSE_OBSERVED,TLS_HANDSHAKE_SUCCEEDED,HANDSHAKE_SUCCEEDED,CERTIFICATE_OBSERVED,587,success,smtp,1,1,1,1,1,TLSv1.2,TLSv1.3,TLS_CHACHA20_POLY1305_SHA256,x25519,2,1,1,0,0,0,0,0,0,0,0,1,1,0,0,0,1,0,0,1,0,0,1,True,RSA,2048,65537,,,SHA256-RSA,0,1,0,0,DV,False,2,1,18,2,False,True,True,True,True,,2,9,198.99998842592592,76.96135416666667,0,0,2,1,1,1,2,1,3,1,0,0,1,1,0,0,0,0,0,0,0,0,1
zgrab_587_Brazil.json:39,zgrab_real,zgrab_587_Brazil.json,39,Brazil,SMTP_RESPONSE_OBSERVED,TLS_HANDSHAKE_SUCCEEDED,HANDSHAKE_SUCCEEDED,CERTIFICATE_OBSERVED,587,success,smtp,1,1,1,1,1,TLSv1.2,TLSv1.3,TLS_CHACHA20_POLY1305_SHA256,x25519,2,1,1,0,0,0,0,0,0,0,0,1,1,0,0,0,1,0,0,1,0,0,1,True,RSA,2048,65537,,,SHA256-RSA,0,1,0,0,DV,False,2,1,18,2,False,True,True,True,True,,2,9,198.99998842592592,76.96135416666667,0,0,2,1,1,1,2,1,3,1,0,0,1,1,0,0,0,0,0,0,0,0,1
zgrab_587_Brazil.json:40,zgrab_real,zgrab_587_Brazil.json,40,Brazil,SMTP_RESPONSE_OBSERVED,STARTTLS_NOT_OBSERVED,TLS_NOT_OBSERVED,CERTIFICATE_NOT_OBSERVED_NO_TLS,587,success,smtp,1,1,0,0,0,,,,,,,,,,,,,,,,,,,,,,,,,,,0,,,,,,,,,,,,,,,,,,,,,,,,,,,,,,,,,,,,,,,,,,,,,,,,,1,0
zgrab_587_Brazil.json:41,zgrab_real,zgrab_587_Brazil.json,41,Brazil,SMTP_RESPONSE_OBSERVED,STARTTLS_NOT_OBSERVED,TLS_NOT_OBSERVED,CERTIFICATE_NOT_OBSERVED_NO_TLS,587,success,smtp,1,1,0,0,0,,,,,,,,,,,,,,,,,,,,,,,,,,,0,,,,,,,,,,,,,,,,,,,,,,,,,,,,,,,,,,,,,,,,,,,,,,,,,1,0
zgrab_587_Brazil.json:42,zgrab_real,zgrab_587_Brazil.json,42,Brazil,SMTP_RESPONSE_OBSERVED,TLS_HANDSHAKE_SUCCEEDED,HANDSHAKE_SUCCEEDED,CERTIFICATE_OBSERVED,587,success,smtp,1,1,1,1,1,TLSv1.2,TLSv1.3,TLS_CHACHA20_POLY1305_SHA256,x25519,2,1,1,0,0,0,0,0,0,0,0,1,1,0,0,0,1,0,0,1,0,0,1,True,RSA,2048,65537,,,SHA256-RSA,0,1,0,0,DV,False,2,1,18,2,False,True,True,True,True,,2,9,198.99998842592592,76.96130787037038,0,0,2,1,1,1,2,1,3,1,0,0,1,1,0,0,0,0,0,0,0,0,1
zgrab_587_Brazil.json:43,zgrab_real,zgrab_587_Brazil.json,43,Brazil,SMTP_RESPONSE_OBSERVED,TLS_HANDSHAKE_SUCCEEDED,HANDSHAKE_SUCCEEDED,CERTIFICATE_OBSERVED,587,success,smtp,1,1,1,1,1,TLSv1.2,TLSv1.3,TLS_CHACHA20_POLY1305_SHA256,x25519,2,1,1,0,0,0,0,0,0,0,0,1,1,0,0,0,1,0,0,1,0,0,1,True,RSA,2048,65537,,,SHA256-RSA,0,1,0,0,DV,False,2,1,18,2,False,True,True,True,True,,2,9,198.99998842592592,76.9612962962963,0,0,2,1,1,1,2,1,3,1,0,0,1,1,0,0,0,0,0,0,0,0,1
zgrab_587_Brazil.json:44,zgrab_real,zgrab_587_Brazil.json,44,Brazil,SMTP_RESPONSE_OBSERVED,TLS_HANDSHAKE_SUCCEEDED,HANDSHAKE_SUCCEEDED,CERTIFICATE_OBSERVED,587,success,smtp,1,1,1,1,1,TLSv1.2,TLSv1.3,TLS_CHACHA20_POLY1305_SHA256,x25519,2,1,1,0,0,0,0,0,0,0,0,1,1,0,0,0,1,0,0,1,0,0,1,True,RSA,2048,65537,,,SHA256-RSA,0,1,0,0,DV,False,2,1,18,2,False,True,True,True,True,,2,9,198.99998842592592,76.9612962962963,0,0,2,1,1,1,2,1,3,1,0,0,1,1,0,0,0,0,0,0,0,0,1
zgrab_587_Brazil.json:45,zgrab_real,zgrab_587_Brazil.json,45,Brazil,SMTP_RESPONSE_OBSERVED,TLS_HANDSHAKE_SUCCEEDED,HANDSHAKE_SUCCEEDED,CERTIFICATE_OBSERVED,587,success,smtp,1,1,1,1,1,TLSv1.2,TLSv1.3,TLS_CHACHA20_POLY1305_SHA256,x25519,2,1,1,0,0,0,0,0,0,0,0,1,1,0,0,0,1,0,0,1,0,0,1,True,RSA,2048,65537,,,SHA256-RSA,0,1,0,0,DV,False,2,1,18,2,False,True,True,True,True,,2,9,198.99998842592592,76.96127314814815,0,0,2,1,1,1,2,1,3,1,0,0,1,1,0,0,0,0,0,0,0,0,1
zgrab_587_Brazil.json:46,zgrab_real,zgrab_587_Brazil.json,46,Brazil,SMTP_RESPONSE_OBSERVED,TLS_HANDSHAKE_SUCCEEDED,HANDSHAKE_SUCCEEDED,CERTIFICATE_OBSERVED,587,success,smtp,1,1,1,1,1,TLSv1.2,TLSv1.3,TLS_CHACHA20_POLY1305_SHA256,x25519,2,1,1,0,0,0,0,0,0,0,0,1,1,0,0,0,1,0,0,1,0,0,1,True,RSA,2048,65537,,,SHA256-RSA,0,1,0,0,DV,False,2,1,18,2,False,True,True,True,True,,2,9,198.99998842592592,76.96127314814815,0,0,2,1,1,1,2,1,3,1,0,0,1,1,0,0,0,0,0,0,0,0,1
zgrab_587_Brazil.json:47,zgrab_real,zgrab_587_Brazil.json,47,Brazil,SMTP_RESPONSE_OBSERVED,TLS_HANDSHAKE_SUCCEEDED,HANDSHAKE_SUCCEEDED,CERTIFICATE_OBSERVED,587,success,smtp,1,1,1,1,1,TLSv1.2,TLSv1.3,TLS_CHACHA20_POLY1305_SHA256,x25519,2,1,1,0,0,0,0,0,0,0,0,1,1,0,0,0,1,0,0,1,0,0,1,True,RSA,2048,65537,,,SHA256-RSA,0,1,0,0,DV,False,2,1,18,2,False,True,True,True,True,,2,9,198.99998842592592,76.96126157407407,0,0,2,1,1,1,2,1,3,1,0,0,1,1,0,0,0,0,0,0,0,0,1
zgrab_587_Brazil.json:48,zgrab_real,zgrab_587_Brazil.json,48,Brazil,SMTP_RESPONSE_OBSERVED,STARTTLS_NOT_OBSERVED,TLS_NOT_OBSERVED,CERTIFICATE_NOT_OBSERVED_NO_TLS,587,success,smtp,1,1,0,0,0,,,,,,,,,,,,,,,,,,,,,,,,,,,0,,,,,,,,,,,,,,,,,,,,,,,,,,,,,,,,,,,,,,,,,,,,,,,,,1,0
zgrab_587_Brazil.json:49,zgrab_real,zgrab_587_Brazil.json,49,Brazil,SMTP_RESPONSE_OBSERVED,STARTTLS_NOT_OBSERVED,TLS_NOT_OBSERVED,CERTIFICATE_NOT_OBSERVED_NO_TLS,587,success,smtp,1,1,0,0,0,,,,,,,,,,,,,,,,,,,,,,,,,,,0,,,,,,,,,,,,,,,,,,,,,,,,,,,,,,,,,,,,,,,,,,,,,,,,,1,0
zgrab_587_Brazil.json:50,zgrab_real,zgrab_587_Brazil.json,50,Brazil,SMTP_RESPONSE_OBSERVED,STARTTLS_NOT_OBSERVED,TLS_NOT_OBSERVED,CERTIFICATE_NOT_OBSERVED_NO_TLS,587,success,smtp,1,1,0,0,0,,,,,,,,,,,,,,,,,,,,,,,,,,,0,,,,,,,,,,,,,,,,,,,,,,,,,,,,,,,,,,,,,,,,,,,,,,,,,1,0
zgrab_587_Brazil.json:51,zgrab_real,zgrab_587_Brazil.json,51,Brazil,SMTP_RESPONSE_OBSERVED,STARTTLS_NOT_OBSERVED,TLS_NOT_OBSERVED,CERTIFICATE_NOT_OBSERVED_NO_TLS,587,success,smtp,1,1,0,0,0,,,,,,,,,,,,,,,,,,,,,,,,,,,0,,,,,,,,,,,,,,,,,,,,,,,,,,,,,,,,,,,,,,,,,,,,,,,,,1,0
zgrab_587_Brazil.json:52,zgrab_real,zgrab_587_Brazil.json,52,Brazil,SMTP_PROBE_FAILED,STARTTLS_NOT_OBSERVED,TLS_NOT_OBSERVED,CERTIFICATE_NOT_OBSERVED_NO_TLS,587,connection-timeout,smtp,0,0,0,0,0,,,,,,,,,,,,,,,,,,,,,,,,,,,0,,,,,,,,,,,,,,,,,,,,,,,,,,,,,,,,,,,,,,,,,,,,,,,,,0,0
zgrab_587_Brazil.json:53,zgrab_real,zgrab_587_Brazil.json,53,Brazil,SMTP_RESPONSE_OBSERVED,STARTTLS_NOT_OBSERVED,TLS_NOT_OBSERVED,CERTIFICATE_NOT_OBSERVED_NO_TLS,587,success,smtp,1,1,0,0,0,,,,,,,,,,,,,,,,,,,,,,,,,,,0,,,,,,,,,,,,,,,,,,,,,,,,,,,,,,,,,,,,,,,,,,,,,,,,,1,0
zgrab_587_Brazil.json:54,zgrab_real,zgrab_587_Brazil.json,54,Brazil,SMTP_RESPONSE_OBSERVED,STARTTLS_NOT_OBSERVED,TLS_NOT_OBSERVED,CERTIFICATE_NOT_OBSERVED_NO_TLS,587,success,smtp,1,1,0,0,0,,,,,,,,,,,,,,,,,,,,,,,,,,,0,,,,,,,,,,,,,,,,,,,,,,,,,,,,,,,,,,,,,,,,,,,,,,,,,1,0
zgrab_587_Brazil.json:55,zgrab_real,zgrab_587_Brazil.json,55,Brazil,SMTP_RESPONSE_OBSERVED,STARTTLS_NOT_OBSERVED,TLS_NOT_OBSERVED,CERTIFICATE_NOT_OBSERVED_NO_TLS,587,success,smtp,1,0,0,0,0,,,,,,,,,,,,,,,,,,,,,,,,,,,0,,,,,,,,,,,,,,,,,,,,,,,,,,,,,,,,,,,,,,,,,,,,,,,,,1,0
zgrab_587_Brazil.json:56,zgrab_real,zgrab_587_Brazil.json,56,Brazil,SMTP_RESPONSE_OBSERVED,STARTTLS_NOT_OBSERVED,TLS_NOT_OBSERVED,CERTIFICATE_NOT_OBSERVED_NO_TLS,587,success,smtp,1,1,0,0,0,,,,,,,,,,,,,,,,,,,,,,,,,,,0,,,,,,,,,,,,,,,,,,,,,,,,,,,,,,,,,,,,,,,,,,,,,,,,,1,0
zgrab_587_Brazil.json:57,zgrab_real,zgrab_587_Brazil.json,57,Brazil,SMTP_RESPONSE_OBSERVED,STARTTLS_NOT_OBSERVED,TLS_NOT_OBSERVED,CERTIFICATE_NOT_OBSERVED_NO_TLS,587,success,smtp,1,1,0,0,0,,,,,,,,,,,,,,,,,,,,,,,,,,,0,,,,,,,,,,,,,,,,,,,,,,,,,,,,,,,,,,,,,,,,,,,,,,,,,1,0
zgrab_587_Brazil.json:58,zgrab_real,zgrab_587_Brazil.json,58,Brazil,SMTP_RESPONSE_OBSERVED,TLS_HANDSHAKE_SUCCEEDED,HANDSHAKE_SUCCEEDED,CERTIFICATE_OBSERVED,587,success,smtp,1,1,1,1,1,TLSv1.2,TLSv1.3,TLS_CHACHA20_POLY1305_SHA256,x25519,2,1,1,0,0,0,0,0,0,0,0,1,1,0,0,0,1,0,0,1,0,0,1,False,RSA,2048,65537,,,SHA256-RSA,0,1,0,0,unknown,True,1,0,34,1,False,True,True,,,,0,5,365.0,334.1323726851852,0,0,0,0,0,0,0,0,0,0,0,0,1,1,0,0,0,0,0,0,1,0,1
zgrab_587_Brazil.json:59,zgrab_real,zgrab_587_Brazil.json,59,Brazil,SMTP_RESPONSE_OBSERVED,STARTTLS_NOT_OBSERVED,TLS_NOT_OBSERVED,CERTIFICATE_NOT_OBSERVED_NO_TLS,587,success,smtp,1,1,0,0,0,,,,,,,,,,,,,,,,,,,,,,,,,,,0,,,,,,,,,,,,,,,,,,,,,,,,,,,,,,,,,,,,,,,,,,,,,,,,,1,0
zgrab_587_Brazil.json:60,zgrab_real,zgrab_587_Brazil.json,60,Brazil,SMTP_RESPONSE_OBSERVED,STARTTLS_NOT_OBSERVED,TLS_NOT_OBSERVED,CERTIFICATE_NOT_OBSERVED_NO_TLS,587,success,smtp,1,1,0,0,0,,,,,,,,,,,,,,,,,,,,,,,,,,,0,,,,,,,,,,,,,,,,,,,,,,,,,,,,,,,,,,,,,,,,,,,,,,,,,1,0
zgrab_587_Brazil.json:61,zgrab_real,zgrab_587_Brazil.json,61,Brazil,SMTP_RESPONSE_OBSERVED,STARTTLS_NOT_OBSERVED,TLS_NOT_OBSERVED,CERTIFICATE_NOT_OBSERVED_NO_TLS,587,success,smtp,1,1,0,0,0,,,,,,,,,,,,,,,,,,,,,,,,,,,0,,,,,,,,,,,,,,,,,,,,,,,,,,,,,,,,,,,,,,,,,,,,,,,,,1,0
zgrab_587_Brazil.json:62,zgrab_real,zgrab_587_Brazil.json,62,Brazil,SMTP_RESPONSE_OBSERVED,STARTTLS_NOT_OBSERVED,TLS_NOT_OBSERVED,CERTIFICATE_NOT_OBSERVED_NO_TLS,587,success,smtp,1,1,0,0,0,,,,,,,,,,,,,,,,,,,,,,,,,,,0,,,,,,,,,,,,,,,,,,,,,,,,,,,,,,,,,,,,,,,,,,,,,,,,,1,0
zgrab_587_Brazil.json:63,zgrab_real,zgrab_587_Brazil.json,63,Brazil,SMTP_RESPONSE_OBSERVED,STARTTLS_NOT_OBSERVED,TLS_NOT_OBSERVED,CERTIFICATE_NOT_OBSERVED_NO_TLS,587,success,smtp,1,1,0,0,0,,,,,,,,,,,,,,,,,,,,,,,,,,,0,,,,,,,,,,,,,,,,,,,,,,,,,,,,,,,,,,,,,,,,,,,,,,,,,1,0
zgrab_587_Brazil.json:64,zgrab_real,zgrab_587_Brazil.json,64,Brazil,SMTP_RESPONSE_OBSERVED,STARTTLS_NOT_OBSERVED,TLS_NOT_OBSERVED,CERTIFICATE_NOT_OBSERVED_NO_TLS,587,success,smtp,1,1,0,0,0,,,,,,,,,,,,,,,,,,,,,,,,,,,0,,,,,,,,,,,,,,,,,,,,,,,,,,,,,,,,,,,,,,,,,,,,,,,,,1,0
zgrab_587_Brazil.json:65,zgrab_real,zgrab_587_Brazil.json,65,Brazil,SMTP_RESPONSE_OBSERVED,STARTTLS_NOT_OBSERVED,TLS_NOT_OBSERVED,CERTIFICATE_NOT_OBSERVED_NO_TLS,587,success,smtp,1,1,0,0,0,,,,,,,,,,,,,,,,,,,,,,,,,,,0,,,,,,,,,,,,,,,,,,,,,,,,,,,,,,,,,,,,,,,,,,,,,,,,,1,0
zgrab_587_Brazil.json:66,zgrab_real,zgrab_587_Brazil.json,66,Brazil,SMTP_RESPONSE_OBSERVED,STARTTLS_NOT_OBSERVED,TLS_NOT_OBSERVED,CERTIFICATE_NOT_OBSERVED_NO_TLS,587,success,smtp,1,1,0,0,0,,,,,,,,,,,,,,,,,,,,,,,,,,,0,,,,,,,,,,,,,,,,,,,,,,,,,,,,,,,,,,,,,,,,,,,,,,,,,1,0
zgrab_587_Brazil.json:67,zgrab_real,zgrab_587_Brazil.json,67,Brazil,SMTP_RESPONSE_OBSERVED,TLS_HANDSHAKE_SUCCEEDED,HANDSHAKE_SUCCEEDED,CERTIFICATE_OBSERVED,587,success,smtp,1,1,1,1,1,TLSv1.2,TLSv1.3,TLS_CHACHA20_POLY1305_SHA256,x25519,2,1,1,0,0,0,0,0,0,0,0,1,1,0,0,0,1,0,0,1,0,0,1,True,RSA,2048,65537,,,SHA256-RSA,0,1,0,0,DV,False,12,0,52,12,False,True,,True,True,,2,10,89.99998842592592,70.6783449074074,0,0,2,0,1,0,1,1,2,1,1,1,1,1,0,0,0,0,0,0,0,0,1
zgrab_587_Brazil.json:68,zgrab_real,zgrab_587_Brazil.json,68,Brazil,SMTP_RESPONSE_OBSERVED,TLS_HANDSHAKE_SUCCEEDED,HANDSHAKE_SUCCEEDED,CERTIFICATE_OBSERVED,587,success,smtp,1,1,1,1,1,TLSv1.2,TLSv1.3,TLS_CHACHA20_POLY1305_SHA256,x25519,2,1,1,0,0,0,0,0,0,0,0,1,1,0,0,0,1,0,0,1,0,0,1,True,RSA,2048,65537,,,SHA256-RSA,0,1,0,0,DV,False,12,0,45,12,False,True,,True,True,,2,10,89.99998842592592,70.71359953703704,0,0,2,0,1,0,1,1,2,1,1,1,1,1,0,0,0,0,0,0,0,0,1
zgrab_587_Brazil.json:69,zgrab_real,zgrab_587_Brazil.json,69,Brazil,SMTP_RESPONSE_OBSERVED,TLS_HANDSHAKE_SUCCEEDED,HANDSHAKE_SUCCEEDED,CERTIFICATE_OBSERVED,587,success,smtp,1,1,1,1,1,TLSv1.2,TLSv1.3,TLS_CHACHA20_POLY1305_SHA256,x25519,2,1,1,0,0,0,0,0,0,0,0,1,1,0,0,0,1,0,0,1,0,0,1,False,RSA,2048,65537,,,SHA256-RSA,0,1,0,0,unknown,True,1,0,34,1,False,True,True,,,,0,5,365.0,331.5587384259259,0,0,0,0,0,0,0,0,0,0,0,0,1,1,0,0,0,0,0,0,1,0,1
zgrab_587_Brazil.json:70,zgrab_real,zgrab_587_Brazil.json,70,Brazil,SMTP_PROBE_FAILED,STARTTLS_NOT_OBSERVED,TLS_NOT_OBSERVED,CERTIFICATE_NOT_OBSERVED_NO_TLS,587,connection-timeout,smtp,0,0,0,0,0,,,,,,,,,,,,,,,,,,,,,,,,,,,0,,,,,,,,,,,,,,,,,,,,,,,,,,,,,,,,,,,,,,,,,,,,,,,,,0,0
zgrab_587_Brazil.json:71,zgrab_real,zgrab_587_Brazil.json,71,Brazil,SMTP_PROBE_FAILED,STARTTLS_NOT_OBSERVED,TLS_NOT_OBSERVED,CERTIFICATE_NOT_OBSERVED_NO_TLS,587,connection-timeout,smtp,0,0,0,0,0,,,,,,,,,,,,,,,,,,,,,,,,,,,0,,,,,,,,,,,,,,,,,,,,,,,,,,,,,,,,,,,,,,,,,,,,,,,,,0,0
zgrab_587_Brazil.json:72,zgrab_real,zgrab_587_Brazil.json,72,Brazil,SMTP_PROBE_FAILED,STARTTLS_NOT_OBSERVED,TLS_NOT_OBSERVED,CERTIFICATE_NOT_OBSERVED_NO_TLS,587,connection-timeout,smtp,0,0,0,0,0,,,,,,,,,,,,,,,,,,,,,,,,,,,0,,,,,,,,,,,,,,,,,,,,,,,,,,,,,,,,,,,,,,,,,,,,,,,,,0,0
zgrab_587_Brazil.json:73,zgrab_real,zgrab_587_Brazil.json,73,Brazil,SMTP_PROBE_FAILED,STARTTLS_NOT_OBSERVED,TLS_NOT_OBSERVED,CERTIFICATE_NOT_OBSERVED_NO_TLS,587,connection-timeout,smtp,0,0,0,0,0,,,,,,,,,,,,,,,,,,,,,,,,,,,0,,,,,,,,,,,,,,,,,,,,,,,,,,,,,,,,,,,,,,,,,,,,,,,,,0,0
zgrab_587_Brazil.json:74,zgrab_real,zgrab_587_Brazil.json,74,Brazil,SMTP_PROBE_FAILED,STARTTLS_NOT_OBSERVED,TLS_NOT_OBSERVED,CERTIFICATE_NOT_OBSERVED_NO_TLS,587,connection-timeout,smtp,0,0,0,0,0,,,,,,,,,,,,,,,,,,,,,,,,,,,0,,,,,,,,,,,,,,,,,,,,,,,,,,,,,,,,,,,,,,,,,,,,,,,,,0,0
zgrab_587_Brazil.json:75,zgrab_real,zgrab_587_Brazil.json,75,Brazil,SMTP_PROBE_FAILED,STARTTLS_NOT_OBSERVED,TLS_NOT_OBSERVED,CERTIFICATE_NOT_OBSERVED_NO_TLS,587,connection-timeout,smtp,0,0,0,0,0,,,,,,,,,,,,,,,,,,,,,,,,,,,0,,,,,,,,,,,,,,,,,,,,,,,,,,,,,,,,,,,,,,,,,,,,,,,,,0,0
zgrab_587_Brazil.json:76,zgrab_real,zgrab_587_Brazil.json,76,Brazil,SMTP_PROBE_FAILED,STARTTLS_NOT_OBSERVED,TLS_NOT_OBSERVED,CERTIFICATE_NOT_OBSERVED_NO_TLS,587,connection-timeout,smtp,0,0,0,0,0,,,,,,,,,,,,,,,,,,,,,,,,,,,0,,,,,,,,,,,,,,,,,,,,,,,,,,,,,,,,,,,,,,,,,,,,,,,,,0,0
zgrab_587_Brazil.json:77,zgrab_real,zgrab_587_Brazil.json,77,Brazil,SMTP_PROBE_FAILED,STARTTLS_NOT_OBSERVED,TLS_NOT_OBSERVED,CERTIFICATE_NOT_OBSERVED_NO_TLS,587,connection-timeout,smtp,0,0,0,0,0,,,,,,,,,,,,,,,,,,,,,,,,,,,0,,,,,,,,,,,,,,,,,,,,,,,,,,,,,,,,,,,,,,,,,,,,,,,,,0,0
zgrab_587_Brazil.json:78,zgrab_real,zgrab_587_Brazil.json,78,Brazil,SMTP_PROBE_FAILED,STARTTLS_NOT_OBSERVED,TLS_NOT_OBSERVED,CERTIFICATE_NOT_OBSERVED_NO_TLS,587,connection-timeout,smtp,0,0,0,0,0,,,,,,,,,,,,,,,,,,,,,,,,,,,0,,,,,,,,,,,,,,,,,,,,,,,,,,,,,,,,,,,,,,,,,,,,,,,,,0,0
zgrab_587_Brazil.json:79,zgrab_real,zgrab_587_Brazil.json,79,Brazil,SMTP_PROBE_FAILED,STARTTLS_NOT_OBSERVED,TLS_NOT_OBSERVED,CERTIFICATE_NOT_OBSERVED_NO_TLS,587,connection-timeout,smtp,0,0,0,0,0,,,,,,,,,,,,,,,,,,,,,,,,,,,0,,,,,,,,,,,,,,,,,,,,,,,,,,,,,,,,,,,,,,,,,,,,,,,,,0,0
zgrab_587_Brazil.json:80,zgrab_real,zgrab_587_Brazil.json,80,Brazil,SMTP_PROBE_FAILED,STARTTLS_NOT_OBSERVED,TLS_NOT_OBSERVED,CERTIFICATE_NOT_OBSERVED_NO_TLS,587,io-timeout,smtp,0,0,0,0,0,,,,,,,,,,,,,,,,,,,,,,,,,,,0,,,,,,,,,,,,,,,,,,,,,,,,,,,,,,,,,,,,,,,,,,,,,,,,,0,0
zgrab_587_Brazil.json:81,zgrab_real,zgrab_587_Brazil.json,81,Brazil,SMTP_PROBE_FAILED,STARTTLS_NOT_OBSERVED,TLS_NOT_OBSERVED,CERTIFICATE_NOT_OBSERVED_NO_TLS,587,connection-timeout,smtp,0,0,0,0,0,,,,,,,,,,,,,,,,,,,,,,,,,,,0,,,,,,,,,,,,,,,,,,,,,,,,,,,,,,,,,,,,,,,,,,,,,,,,,0,0
zgrab_587_Brazil.json:82,zgrab_real,zgrab_587_Brazil.json,82,Brazil,SMTP_RESPONSE_OBSERVED,STARTTLS_NOT_OBSERVED,TLS_NOT_OBSERVED,CERTIFICATE_NOT_OBSERVED_NO_TLS,587,success,smtp,1,1,0,0,0,,,,,,,,,,,,,,,,,,,,,,,,,,,0,,,,,,,,,,,,,,,,,,,,,,,,,,,,,,,,,,,,,,,,,,,,,,,,,1,0
zgrab_587_Brazil.json:83,zgrab_real,zgrab_587_Brazil.json,83,Brazil,SMTP_RESPONSE_OBSERVED,STARTTLS_NOT_OBSERVED,TLS_NOT_OBSERVED,CERTIFICATE_NOT_OBSERVED_NO_TLS,587,success,smtp,1,1,0,0,0,,,,,,,,,,,,,,,,,,,,,,,,,,,0,,,,,,,,,,,,,,,,,,,,,,,,,,,,,,,,,,,,,,,,,,,,,,,,,1,0
zgrab_587_Brazil.json:84,zgrab_real,zgrab_587_Brazil.json,84,Brazil,SMTP_RESPONSE_OBSERVED,STARTTLS_NOT_OBSERVED,TLS_NOT_OBSERVED,CERTIFICATE_NOT_OBSERVED_NO_TLS,587,success,smtp,1,1,0,0,0,,,,,,,,,,,,,,,,,,,,,,,,,,,0,,,,,,,,,,,,,,,,,,,,,,,,,,,,,,,,,,,,,,,,,,,,,,,,,1,0
zgrab_587_Brazil.json:85,zgrab_real,zgrab_587_Brazil.json,85,Brazil,SMTP_RESPONSE_OBSERVED,TLS_HANDSHAKE_SUCCEEDED,HANDSHAKE_SUCCEEDED,CERTIFICATE_OBSERVED,587,success,smtp,1,1,1,1,1,TLSv1.2,TLSv1.3,TLS_CHACHA20_POLY1305_SHA256,x25519,2,1,1,0,0,0,0,0,0,0,0,1,1,0,0,0,1,0,0,1,0,0,1,True,RSA,2048,65537,,,SHA256-RSA,0,1,0,0,DV,False,1,0,25,1,False,True,,True,True,,2,10,89.99998842592592,67.23251157407407,0,0,2,0,1,0,1,1,2,1,1,1,1,1,0,0,0,0,0,0,0,0,1
zgrab_587_Brazil.json:86,zgrab_real,zgrab_587_Brazil.json,86,Brazil,SMTP_PROBE_FAILED,STARTTLS_NOT_OBSERVED,TLS_NOT_OBSERVED,CERTIFICATE_NOT_OBSERVED_NO_TLS,587,connection-timeout,smtp,0,0,0,0,0,,,,,,,,,,,,,,,,,,,,,,,,,,,0,,,,,,,,,,,,,,,,,,,,,,,,,,,,,,,,,,,,,,,,,,,,,,,,,0,0
zgrab_587_Brazil.json:87,zgrab_real,zgrab_587_Brazil.json,87,Brazil,SMTP_PROBE_FAILED,STARTTLS_NOT_OBSERVED,TLS_NOT_OBSERVED,CERTIFICATE_NOT_OBSERVED_NO_TLS,587,connection-timeout,smtp,0,0,0,0,0,,,,,,,,,,,,,,,,,,,,,,,,,,,0,,,,,,,,,,,,,,,,,,,,,,,,,,,,,,,,,,,,,,,,,,,,,,,,,0,0
zgrab_587_Brazil.json:88,zgrab_real,zgrab_587_Brazil.json,88,Brazil,SMTP_RESPONSE_OBSERVED,TLS_HANDSHAKE_SUCCEEDED,HANDSHAKE_SUCCEEDED,CERTIFICATE_OBSERVED,587,success,smtp,1,1,1,1,1,TLSv1.2,TLSv1.3,TLS_CHACHA20_POLY1305_SHA256,x25519,2,1,1,0,0,0,0,0,0,0,0,1,1,0,0,0,1,0,0,1,0,0,1,True,RSA,2048,65537,,,SHA256-RSA,0,1,0,0,DV,False,12,0,38,12,False,True,,True,True,,2,10,89.99998842592592,52.94164351851852,0,0,2,0,1,0,1,1,2,1,1,1,1,1,0,0,0,0,0,0,0,0,1
zgrab_587_Brazil.json:89,zgrab_real,zgrab_587_Brazil.json,89,Brazil,SMTP_RESPONSE_OBSERVED,STARTTLS_NOT_OBSERVED,TLS_NOT_OBSERVED,CERTIFICATE_NOT_OBSERVED_NO_TLS,587,success,smtp,1,1,0,0,0,,,,,,,,,,,,,,,,,,,,,,,,,,,0,,,,,,,,,,,,,,,,,,,,,,,,,,,,,,,,,,,,,,,,,,,,,,,,,1,0
zgrab_587_Brazil.json:90,zgrab_real,zgrab_587_Brazil.json,90,Brazil,SMTP_RESPONSE_OBSERVED,TLS_HANDSHAKE_SUCCEEDED,HANDSHAKE_SUCCEEDED,CERTIFICATE_OBSERVED,587,success,smtp,1,1,1,1,1,TLSv1.2,TLSv1.3,TLS_CHACHA20_POLY1305_SHA256,x25519,2,1,1,0,0,0,0,0,0,0,0,1,1,0,0,0,1,0,0,1,0,0,1,False,RSA,2048,65537,,,SHA256-RSA,0,1,0,0,unknown,True,1,0,32,1,False,True,True,,,,0,5,365.0,185.60769675925926,0,0,0,0,0,0,0,0,0,0,0,0,1,1,0,0,0,0,0,0,1,0,1
zgrab_587_Brazil.json:91,zgrab_real,zgrab_587_Brazil.json,91,Brazil,SMTP_RESPONSE_OBSERVED,TLS_HANDSHAKE_SUCCEEDED,HANDSHAKE_SUCCEEDED,CERTIFICATE_OBSERVED,587,success,smtp,1,1,1,1,1,TLSv1.2,TLSv1.3,TLS_CHACHA20_POLY1305_SHA256,x25519,2,1,1,0,0,0,0,0,0,0,0,1,1,0,0,0,1,0,0,1,0,0,1,True,RSA,2048,65537,,,SHA256-RSA,0,1,0,0,DV,False,1,0,27,1,False,True,,True,True,,2,10,89.99998842592592,50.684571759259256,0,0,2,0,1,0,1,1,2,1,1,1,1,1,0,0,0,0,0,0,0,0,1
zgrab_587_Brazil.json:92,zgrab_real,zgrab_587_Brazil.json,92,Brazil,SMTP_RESPONSE_OBSERVED,STARTTLS_NOT_OBSERVED,TLS_NOT_OBSERVED,CERTIFICATE_NOT_OBSERVED_NO_TLS,587,success,smtp,1,1,0,0,0,,,,,,,,,,,,,,,,,,,,,,,,,,,0,,,,,,,,,,,,,,,,,,,,,,,,,,,,,,,,,,,,,,,,,,,,,,,,,1,0
zgrab_587_Brazil.json:93,zgrab_real,zgrab_587_Brazil.json,93,Brazil,SMTP_RESPONSE_OBSERVED,STARTTLS_NOT_OBSERVED,TLS_NOT_OBSERVED,CERTIFICATE_NOT_OBSERVED_NO_TLS,587,success,smtp,1,1,0,0,0,,,,,,,,,,,,,,,,,,,,,,,,,,,0,,,,,,,,,,,,,,,,,,,,,,,,,,,,,,,,,,,,,,,,,,,,,,,,,1,0
zgrab_587_Brazil.json:94,zgrab_real,zgrab_587_Brazil.json,94,Brazil,SMTP_RESPONSE_OBSERVED,TLS_HANDSHAKE_SUCCEEDED,HANDSHAKE_SUCCEEDED,CERTIFICATE_OBSERVED,587,success,smtp,1,1,1,1,1,TLSv1.2,TLSv1.3,TLS_CHACHA20_POLY1305_SHA256,x25519,2,1,1,0,0,0,0,0,0,0,0,1,1,0,0,0,1,0,0,1,0,0,1,False,RSA,2048,65537,,,SHA256-RSA,0,1,0,0,unknown,True,1,0,47,1,False,True,True,,,,0,5,365.0,171.32164351851853,0,0,0,0,0,0,0,0,0,0,0,0,1,1,0,0,0,0,0,0,1,0,1
zgrab_587_Brazil.json:95,zgrab_real,zgrab_587_Brazil.json,95,Brazil,SMTP_RESPONSE_OBSERVED,STARTTLS_NOT_OBSERVED,TLS_NOT_OBSERVED,CERTIFICATE_NOT_OBSERVED_NO_TLS,587,success,smtp,1,1,0,0,0,,,,,,,,,,,,,,,,,,,,,,,,,,,0,,,,,,,,,,,,,,,,,,,,,,,,,,,,,,,,,,,,,,,,,,,,,,,,,1,0
zgrab_587_Brazil.json:96,zgrab_real,zgrab_587_Brazil.json,96,Brazil,SMTP_RESPONSE_OBSERVED,STARTTLS_NOT_OBSERVED,TLS_NOT_OBSERVED,CERTIFICATE_NOT_OBSERVED_NO_TLS,587,success,smtp,1,1,0,0,0,,,,,,,,,,,,,,,,,,,,,,,,,,,0,,,,,,,,,,,,,,,,,,,,,,,,,,,,,,,,,,,,,,,,,,,,,,,,,1,0
zgrab_587_Brazil.json:97,zgrab_real,zgrab_587_Brazil.json,97,Brazil,SMTP_RESPONSE_OBSERVED,STARTTLS_NOT_OBSERVED,TLS_NOT_OBSERVED,CERTIFICATE_NOT_OBSERVED_NO_TLS,587,success,smtp,1,1,0,0,0,,,,,,,,,,,,,,,,,,,,,,,,,,,0,,,,,,,,,,,,,,,,,,,,,,,,,,,,,,,,,,,,,,,,,,,,,,,,,1,0
zgrab_587_Brazil.json:98,zgrab_real,zgrab_587_Brazil.json,98,Brazil,SMTP_RESPONSE_OBSERVED,TLS_HANDSHAKE_SUCCEEDED,HANDSHAKE_SUCCEEDED,CERTIFICATE_OBSERVED,587,success,smtp,1,1,1,1,1,TLSv1.2,TLSv1.3,TLS_CHACHA20_POLY1305_SHA256,x25519,2,1,1,0,0,0,0,0,0,0,0,1,1,0,0,0,1,0,0,1,0,0,1,False,RSA,2048,65537,,,SHA256-RSA,0,1,0,0,unknown,True,1,0,47,1,False,True,True,,,,0,5,365.0,178.51822916666666,0,0,0,0,0,0,0,0,0,0,0,0,1,1,0,0,0,0,0,0,1,0,1
zgrab_587_Brazil.json:99,zgrab_real,zgrab_587_Brazil.json,99,Brazil,SMTP_PROBE_FAILED,STARTTLS_NOT_OBSERVED,TLS_NOT_OBSERVED,CERTIFICATE_NOT_OBSERVED_NO_TLS,587,protocol-error,smtp,0,0,0,0,0,,,,,,,,,,,,,,,,,,,,,,,,,,,0,,,,,,,,,,,,,,,,,,,,,,,,,,,,,,,,,,,,,,,,,,,,,,,,,0,0
zgrab_587_Brazil.json:100,zgrab_real,zgrab_587_Brazil.json,100,Brazil,SMTP_PROBE_FAILED,STARTTLS_NOT_OBSERVED,TLS_NOT_OBSERVED,CERTIFICATE_NOT_OBSERVED_NO_TLS,587,protocol-error,smtp,0,0,0,0,0,,,,,,,,,,,,,,,,,,,,,,,,,,,0,,,,,,,,,,,,,,,,,,,,,,,,,,,,,,,,,,,,,,,,,,,,,,,,,0,0
zgrab_587_Canada.json:1,zgrab_real,zgrab_587_Canada.json,1,Canada,SMTP_RESPONSE_OBSERVED,STARTTLS_NOT_OBSERVED,TLS_NOT_OBSERVED,CERTIFICATE_NOT_OBSERVED_NO_TLS,587,success,smtp,1,1,0,0,0,,,,,,,,,,,,,,,,,,,,,,,,,,,0,,,,,,,,,,,,,,,,,,,,,,,,,,,,,,,,,,,,,,,,,,,,,,,,,1,0
zgrab_587_Canada.json:2,zgrab_real,zgrab_587_Canada.json,2,Canada,SMTP_RESPONSE_OBSERVED,STARTTLS_NOT_OBSERVED,TLS_NOT_OBSERVED,CERTIFICATE_NOT_OBSERVED_NO_TLS,587,success,smtp,1,1,0,0,0,,,,,,,,,,,,,,,,,,,,,,,,,,,0,,,,,,,,,,,,,,,,,,,,,,,,,,,,,,,,,,,,,,,,,,,,,,,,,1,0
zgrab_587_Canada.json:3,zgrab_real,zgrab_587_Canada.json,3,Canada,SMTP_RESPONSE_OBSERVED,STARTTLS_NOT_OBSERVED,TLS_NOT_OBSERVED,CERTIFICATE_NOT_OBSERVED_NO_TLS,587,success,smtp,1,1,0,0,0,,,,,,,,,,,,,,,,,,,,,,,,,,,0,,,,,,,,,,,,,,,,,,,,,,,,,,,,,,,,,,,,,,,,,,,,,,,,,1,0
zgrab_587_Canada.json:4,zgrab_real,zgrab_587_Canada.json,4,Canada,SMTP_RESPONSE_OBSERVED,STARTTLS_NOT_OBSERVED,TLS_NOT_OBSERVED,CERTIFICATE_NOT_OBSERVED_NO_TLS,587,success,smtp,1,1,0,0,0,,,,,,,,,,,,,,,,,,,,,,,,,,,0,,,,,,,,,,,,,,,,,,,,,,,,,,,,,,,,,,,,,,,,,,,,,,,,,1,0
zgrab_587_Canada.json:5,zgrab_real,zgrab_587_Canada.json,5,Canada,SMTP_RESPONSE_OBSERVED,STARTTLS_NOT_OBSERVED,TLS_NOT_OBSERVED,CERTIFICATE_NOT_OBSERVED_NO_TLS,587,success,smtp,1,1,0,0,0,,,,,,,,,,,,,,,,,,,,,,,,,,,0,,,,,,,,,,,,,,,,,,,,,,,,,,,,,,,,,,,,,,,,,,,,,,,,,1,0
zgrab_587_Canada.json:6,zgrab_real,zgrab_587_Canada.json,6,Canada,SMTP_RESPONSE_OBSERVED,TLS_HANDSHAKE_SUCCEEDED,HANDSHAKE_SUCCEEDED,CERTIFICATE_OBSERVED,587,success,smtp,1,1,1,1,1,TLSv1.2,TLSv1.3,TLS_CHACHA20_POLY1305_SHA256,x25519,2,1,1,0,0,0,0,0,0,0,0,1,1,0,0,0,1,0,0,1,0,0,1,True,RSA,2048,65537,,,SHA256-RSA,0,1,0,0,DV,False,3,0,25,3,False,True,,True,True,,2,10,89.99998842592592,60.81475694444445,0,0,2,0,1,0,1,1,2,1,1,1,1,1,0,0,0,0,0,0,0,0,1
zgrab_587_Canada.json:7,zgrab_real,zgrab_587_Canada.json,7,Canada,SMTP_RESPONSE_OBSERVED,STARTTLS_NOT_OBSERVED,TLS_NOT_OBSERVED,CERTIFICATE_NOT_OBSERVED_NO_TLS,587,success,smtp,1,1,0,0,0,,,,,,,,,,,,,,,,,,,,,,,,,,,0,,,,,,,,,,,,,,,,,,,,,,,,,,,,,,,,,,,,,,,,,,,,,,,,,1,0
zgrab_587_Canada.json:8,zgrab_real,zgrab_587_Canada.json,8,Canada,SMTP_RESPONSE_OBSERVED,STARTTLS_NOT_OBSERVED,TLS_NOT_OBSERVED,CERTIFICATE_NOT_OBSERVED_NO_TLS,587,success,smtp,1,1,0,0,0,,,,,,,,,,,,,,,,,,,,,,,,,,,0,,,,,,,,,,,,,,,,,,,,,,,,,,,,,,,,,,,,,,,,,,,,,,,,,1,0
zgrab_587_Canada.json:9,zgrab_real,zgrab_587_Canada.json,9,Canada,SMTP_RESPONSE_OBSERVED,TLS_HANDSHAKE_SUCCEEDED,HANDSHAKE_SUCCEEDED,CERTIFICATE_OBSERVED,587,success,smtp,1,1,1,1,1,TLSv1.2,,TLS_ECDHE_RSA_WITH_AES_256_GCM_SHA384,,1,0,0,1,0,0,0,0,0,0,0,1,1,0,0,1,1,0,0,1,0,0,1,False,RSA,2048,65537,,,SHA256-RSA,0,1,0,0,unknown,True,1,0,27,1,False,True,,True,True,,2,4,1826.0,1604.090335648148,0,0,0,0,0,0,0,0,0,0,0,0,0,0,0,0,0,0,0,0,1,0,1
zgrab_587_Canada.json:10,zgrab_real,zgrab_587_Canada.json,10,Canada,SMTP_RESPONSE_OBSERVED,STARTTLS_NOT_OBSERVED,TLS_NOT_OBSERVED,CERTIFICATE_NOT_OBSERVED_NO_TLS,587,success,smtp,1,1,0,0,0,,,,,,,,,,,,,,,,,,,,,,,,,,,0,,,,,,,,,,,,,,,,,,,,,,,,,,,,,,,,,,,,,,,,,,,,,,,,,1,0
zgrab_587_Canada.json:11,zgrab_real,zgrab_587_Canada.json,11,Canada,SMTP_RESPONSE_OBSERVED,TLS_HANDSHAKE_SUCCEEDED,HANDSHAKE_SUCCEEDED,CERTIFICATE_OBSERVED,587,success,smtp,1,1,1,1,1,TLSv1.2,TLSv1.3,TLS_CHACHA20_POLY1305_SHA256,x25519,2,1,1,0,0,0,0,0,0,0,0,1,1,0,0,0,1,0,0,1,0,0,1,True,RSA,2048,65537,,,SHA256-RSA,0,1,0,0,DV,False,4,0,24,4,False,True,,True,True,,2,10,89.99998842592592,70.35725694444444,0,0,2,0,1,0,1,1,2,1,1,1,1,1,0,0,0,0,0,0,0,0,1
zgrab_587_Canada.json:12,zgrab_real,zgrab_587_Canada.json,12,Canada,SMTP_RESPONSE_OBSERVED,TLS_HANDSHAKE_SUCCEEDED,HANDSHAKE_SUCCEEDED,CERTIFICATE_OBSERVED,587,success,smtp,1,1,1,1,1,TLSv1.2,TLSv1.3,TLS_CHACHA20_POLY1305_SHA256,x25519,2,1,1,0,0,0,0,0,0,0,0,1,1,0,0,0,1,0,0,1,0,0,1,True,RSA,2048,65537,,,SHA256-RSA,0,1,0,0,DV,False,1,0,25,1,False,True,,True,True,,2,10,89.99998842592592,58.57230324074074,0,0,2,0,1,0,1,1,2,1,1,1,1,1,0,0,0,0,0,0,0,0,1
zgrab_587_Canada.json:13,zgrab_real,zgrab_587_Canada.json,13,Canada,SMTP_RESPONSE_OBSERVED,STARTTLS_NOT_OBSERVED,TLS_NOT_OBSERVED,CERTIFICATE_NOT_OBSERVED_NO_TLS,587,success,smtp,1,1,0,0,0,,,,,,,,,,,,,,,,,,,,,,,,,,,0,,,,,,,,,,,,,,,,,,,,,,,,,,,,,,,,,,,,,,,,,,,,,,,,,1,0
zgrab_587_Canada.json:14,zgrab_real,zgrab_587_Canada.json,14,Canada,SMTP_RESPONSE_OBSERVED,STARTTLS_NOT_OBSERVED,TLS_NOT_OBSERVED,CERTIFICATE_NOT_OBSERVED_NO_TLS,587,success,smtp,1,1,0,0,0,,,,,,,,,,,,,,,,,,,,,,,,,,,0,,,,,,,,,,,,,,,,,,,,,,,,,,,,,,,,,,,,,,,,,,,,,,,,,1,0
zgrab_587_Canada.json:15,zgrab_real,zgrab_587_Canada.json,15,Canada,SMTP_RESPONSE_OBSERVED,STARTTLS_NOT_OBSERVED,TLS_NOT_OBSERVED,CERTIFICATE_NOT_OBSERVED_NO_TLS,587,success,smtp,1,1,0,0,0,,,,,,,,,,,,,,,,,,,,,,,,,,,0,,,,,,,,,,,,,,,,,,,,,,,,,,,,,,,,,,,,,,,,,,,,,,,,,1,0
zgrab_587_Canada.json:16,zgrab_real,zgrab_587_Canada.json,16,Canada,SMTP_RESPONSE_OBSERVED,STARTTLS_NOT_OBSERVED,TLS_NOT_OBSERVED,CERTIFICATE_NOT_OBSERVED_NO_TLS,587,success,smtp,1,1,0,0,0,,,,,,,,,,,,,,,,,,,,,,,,,,,0,,,,,,,,,,,,,,,,,,,,,,,,,,,,,,,,,,,,,,,,,,,,,,,,,1,0
zgrab_587_Canada.json:17,zgrab_real,zgrab_587_Canada.json,17,Canada,SMTP_RESPONSE_OBSERVED,TLS_HANDSHAKE_SUCCEEDED,HANDSHAKE_SUCCEEDED,CERTIFICATE_OBSERVED,587,success,smtp,1,1,1,1,1,TLSv1.2,TLSv1.3,TLS_CHACHA20_POLY1305_SHA256,x25519,2,1,1,0,0,0,0,0,0,0,0,1,1,0,0,0,1,0,0,1,0,0,1,True,RSA,2048,65537,,,SHA256-RSA,0,1,0,0,DV,False,1,0,24,1,False,True,,True,True,,2,10,89.99998842592592,59.30077546296296,0,0,2,0,1,0,1,1,2,1,1,1,1,1,0,0,0,0,0,0,0,0,1
zgrab_587_Canada.json:18,zgrab_real,zgrab_587_Canada.json,18,Canada,SMTP_RESPONSE_OBSERVED,TLS_HANDSHAKE_SUCCEEDED,HANDSHAKE_SUCCEEDED,CERTIFICATE_OBSERVED,587,success,smtp,1,1,1,1,1,TLSv1.2,TLSv1.3,TLS_CHACHA20_POLY1305_SHA256,x25519,2,1,1,0,0,0,0,0,0,0,0,1,1,0,0,0,1,0,0,1,0,0,1,True,RSA,2048,65537,,,SHA256-RSA,0,1,0,0,DV,False,13,0,29,13,False,True,,True,True,,2,10,89.99998842592592,38.306469907407404,0,0,2,0,1,0,1,1,2,1,1,1,1,1,0,0,0,0,0,0,0,0,1
zgrab_587_Canada.json:19,zgrab_real,zgrab_587_Canada.json,19,Canada,SMTP_RESPONSE_OBSERVED,TLS_HANDSHAKE_SUCCEEDED,HANDSHAKE_SUCCEEDED,CERTIFICATE_OBSERVED,587,success,smtp,1,1,1,1,1,TLSv1.2,,TLS_ECDHE_RSA_WITH_AES_256_GCM_SHA384,,1,0,0,1,0,0,0,0,0,0,0,1,1,0,0,1,1,0,0,1,0,0,1,False,RSA,2048,65537,,,SHA256-RSA,0,1,0,0,unknown,True,4,0,24,4,False,True,,True,True,,2,4,1826.0,155.6598263888889,0,0,0,0,0,0,0,0,0,0,0,0,0,0,0,0,0,0,0,0,1,0,1
zgrab_587_Canada.json:20,zgrab_real,zgrab_587_Canada.json,20,Canada,SMTP_RESPONSE_OBSERVED,STARTTLS_NOT_OBSERVED,TLS_NOT_OBSERVED,CERTIFICATE_NOT_OBSERVED_NO_TLS,587,success,smtp,1,1,0,0,0,,,,,,,,,,,,,,,,,,,,,,,,,,,0,,,,,,,,,,,,,,,,,,,,,,,,,,,,,,,,,,,,,,,,,,,,,,,,,1,0
zgrab_587_Canada.json:21,zgrab_real,zgrab_587_Canada.json,21,Canada,SMTP_RESPONSE_OBSERVED,TLS_HANDSHAKE_SUCCEEDED,HANDSHAKE_SUCCEEDED,CERTIFICATE_OBSERVED,587,success,smtp,1,1,1,1,1,TLSv1.2,TLSv1.3,TLS_CHACHA20_POLY1305_SHA256,x25519,2,1,1,0,0,0,0,0,0,0,0,1,1,0,0,0,1,0,0,1,0,0,1,True,RSA,2048,65537,,,SHA256-RSA,0,1,0,0,DV,False,12,0,25,12,False,True,,True,True,,2,10,89.99998842592592,71.05608796296296,0,0,2,0,1,0,1,1,2,1,1,1,1,1,0,0,0,0,0,0,0,0,1
zgrab_587_Canada.json:22,zgrab_real,zgrab_587_Canada.json,22,Canada,SMTP_RESPONSE_OBSERVED,STARTTLS_NOT_OBSERVED,TLS_NOT_OBSERVED,CERTIFICATE_NOT_OBSERVED_NO_TLS,587,success,smtp,1,1,0,0,0,,,,,,,,,,,,,,,,,,,,,,,,,,,0,,,,,,,,,,,,,,,,,,,,,,,,,,,,,,,,,,,,,,,,,,,,,,,,,1,0
zgrab_587_Canada.json:23,zgrab_real,zgrab_587_Canada.json,23,Canada,SMTP_RESPONSE_OBSERVED,TLS_HANDSHAKE_SUCCEEDED,HANDSHAKE_SUCCEEDED,CERTIFICATE_OBSERVED,587,success,smtp,1,1,1,1,1,TLSv1.2,TLSv1.3,TLS_CHACHA20_POLY1305_SHA256,x25519,2,1,1,0,0,0,0,0,0,0,0,1,1,0,0,0,1,0,0,1,0,0,1,True,RSA,2048,65537,,,SHA256-RSA,0,1,0,0,DV,False,12,0,26,12,False,True,,True,True,,2,10,89.99998842592592,58.89207175925926,0,0,2,0,1,0,1,1,2,1,1,1,1,1,0,0,0,0,0,0,0,0,1
zgrab_587_Canada.json:24,zgrab_real,zgrab_587_Canada.json,24,Canada,SMTP_RESPONSE_OBSERVED,STARTTLS_NOT_OBSERVED,TLS_NOT_OBSERVED,CERTIFICATE_NOT_OBSERVED_NO_TLS,587,success,smtp,1,1,0,0,0,,,,,,,,,,,,,,,,,,,,,,,,,,,0,,,,,,,,,,,,,,,,,,,,,,,,,,,,,,,,,,,,,,,,,,,,,,,,,1,0
zgrab_587_Canada.json:25,zgrab_real,zgrab_587_Canada.json,25,Canada,SMTP_RESPONSE_OBSERVED,STARTTLS_NOT_OBSERVED,TLS_NOT_OBSERVED,CERTIFICATE_NOT_OBSERVED_NO_TLS,587,success,smtp,1,1,0,0,0,,,,,,,,,,,,,,,,,,,,,,,,,,,0,,,,,,,,,,,,,,,,,,,,,,,,,,,,,,,,,,,,,,,,,,,,,,,,,1,0
zgrab_587_Canada.json:26,zgrab_real,zgrab_587_Canada.json,26,Canada,SMTP_RESPONSE_OBSERVED,STARTTLS_NOT_OBSERVED,TLS_NOT_OBSERVED,CERTIFICATE_NOT_OBSERVED_NO_TLS,587,success,smtp,1,1,0,0,0,,,,,,,,,,,,,,,,,,,,,,,,,,,0,,,,,,,,,,,,,,,,,,,,,,,,,,,,,,,,,,,,,,,,,,,,,,,,,1,0
zgrab_587_Canada.json:27,zgrab_real,zgrab_587_Canada.json,27,Canada,SMTP_RESPONSE_OBSERVED,STARTTLS_NOT_OBSERVED,TLS_NOT_OBSERVED,CERTIFICATE_NOT_OBSERVED_NO_TLS,587,success,smtp,1,1,0,0,0,,,,,,,,,,,,,,,,,,,,,,,,,,,0,,,,,,,,,,,,,,,,,,,,,,,,,,,,,,,,,,,,,,,,,,,,,,,,,1,0
zgrab_587_Canada.json:28,zgrab_real,zgrab_587_Canada.json,28,Canada,SMTP_RESPONSE_OBSERVED,STARTTLS_NOT_OBSERVED,TLS_NOT_OBSERVED,CERTIFICATE_NOT_OBSERVED_NO_TLS,587,success,smtp,1,1,0,0,0,,,,,,,,,,,,,,,,,,,,,,,,,,,0,,,,,,,,,,,,,,,,,,,,,,,,,,,,,,,,,,,,,,,,,,,,,,,,,1,0
zgrab_587_Canada.json:29,zgrab_real,zgrab_587_Canada.json,29,Canada,SMTP_RESPONSE_OBSERVED,STARTTLS_NOT_OBSERVED,TLS_NOT_OBSERVED,CERTIFICATE_NOT_OBSERVED_NO_TLS,587,success,smtp,1,1,0,0,0,,,,,,,,,,,,,,,,,,,,,,,,,,,0,,,,,,,,,,,,,,,,,,,,,,,,,,,,,,,,,,,,,,,,,,,,,,,,,1,0
zgrab_587_Canada.json:30,zgrab_real,zgrab_587_Canada.json,30,Canada,SMTP_RESPONSE_OBSERVED,STARTTLS_NOT_OBSERVED,TLS_NOT_OBSERVED,CERTIFICATE_NOT_OBSERVED_NO_TLS,587,success,smtp,1,1,0,0,0,,,,,,,,,,,,,,,,,,,,,,,,,,,0,,,,,,,,,,,,,,,,,,,,,,,,,,,,,,,,,,,,,,,,,,,,,,,,,1,0
zgrab_587_Canada.json:31,zgrab_real,zgrab_587_Canada.json,31,Canada,SMTP_RESPONSE_OBSERVED,STARTTLS_NOT_OBSERVED,TLS_NOT_OBSERVED,CERTIFICATE_NOT_OBSERVED_NO_TLS,587,success,smtp,1,1,0,0,0,,,,,,,,,,,,,,,,,,,,,,,,,,,0,,,,,,,,,,,,,,,,,,,,,,,,,,,,,,,,,,,,,,,,,,,,,,,,,1,0
zgrab_587_Canada.json:32,zgrab_real,zgrab_587_Canada.json,32,Canada,SMTP_RESPONSE_OBSERVED,STARTTLS_NOT_OBSERVED,TLS_NOT_OBSERVED,CERTIFICATE_NOT_OBSERVED_NO_TLS,587,success,smtp,1,1,0,0,0,,,,,,,,,,,,,,,,,,,,,,,,,,,0,,,,,,,,,,,,,,,,,,,,,,,,,,,,,,,,,,,,,,,,,,,,,,,,,1,0
zgrab_587_Canada.json:33,zgrab_real,zgrab_587_Canada.json,33,Canada,SMTP_RESPONSE_OBSERVED,STARTTLS_NOT_OBSERVED,TLS_NOT_OBSERVED,CERTIFICATE_NOT_OBSERVED_NO_TLS,587,success,smtp,1,1,0,0,0,,,,,,,,,,,,,,,,,,,,,,,,,,,0,,,,,,,,,,,,,,,,,,,,,,,,,,,,,,,,,,,,,,,,,,,,,,,,,1,0
zgrab_587_Canada.json:34,zgrab_real,zgrab_587_Canada.json,34,Canada,SMTP_RESPONSE_OBSERVED,STARTTLS_NOT_OBSERVED,TLS_NOT_OBSERVED,CERTIFICATE_NOT_OBSERVED_NO_TLS,587,success,smtp,1,0,0,0,0,,,,,,,,,,,,,,,,,,,,,,,,,,,0,,,,,,,,,,,,,,,,,,,,,,,,,,,,,,,,,,,,,,,,,,,,,,,,,1,0
zgrab_587_Canada.json:35,zgrab_real,zgrab_587_Canada.json,35,Canada,SMTP_RESPONSE_OBSERVED,STARTTLS_NOT_OBSERVED,TLS_NOT_OBSERVED,CERTIFICATE_NOT_OBSERVED_NO_TLS,587,success,smtp,1,1,0,0,0,,,,,,,,,,,,,,,,,,,,,,,,,,,0,,,,,,,,,,,,,,,,,,,,,,,,,,,,,,,,,,,,,,,,,,,,,,,,,1,0
zgrab_587_Canada.json:36,zgrab_real,zgrab_587_Canada.json,36,Canada,SMTP_RESPONSE_OBSERVED,STARTTLS_NOT_OBSERVED,TLS_NOT_OBSERVED,CERTIFICATE_NOT_OBSERVED_NO_TLS,587,success,smtp,1,1,0,0,0,,,,,,,,,,,,,,,,,,,,,,,,,,,0,,,,,,,,,,,,,,,,,,,,,,,,,,,,,,,,,,,,,,,,,,,,,,,,,1,0
zgrab_587_Canada.json:37,zgrab_real,zgrab_587_Canada.json,37,Canada,SMTP_PROBE_FAILED,STARTTLS_NOT_OBSERVED,TLS_NOT_OBSERVED,CERTIFICATE_NOT_OBSERVED_NO_TLS,587,application-error,smtp,1,0,0,0,0,,,,,,,,,,,,,,,,,,,,,,,,,,,0,,,,,,,,,,,,,,,,,,,,,,,,,,,,,,,,,,,,,,,,,,,,,,,,,1,0
zgrab_587_Canada.json:38,zgrab_real,zgrab_587_Canada.json,38,Canada,SMTP_RESPONSE_OBSERVED,STARTTLS_NOT_OBSERVED,TLS_NOT_OBSERVED,CERTIFICATE_NOT_OBSERVED_NO_TLS,587,success,smtp,1,1,0,0,0,,,,,,,,,,,,,,,,,,,,,,,,,,,0,,,,,,,,,,,,,,,,,,,,,,,,,,,,,,,,,,,,,,,,,,,,,,,,,1,0
zgrab_587_Canada.json:39,zgrab_real,zgrab_587_Canada.json,39,Canada,SMTP_RESPONSE_OBSERVED,STARTTLS_NOT_OBSERVED,TLS_NOT_OBSERVED,CERTIFICATE_NOT_OBSERVED_NO_TLS,587,success,smtp,1,1,0,0,0,,,,,,,,,,,,,,,,,,,,,,,,,,,0,,,,,,,,,,,,,,,,,,,,,,,,,,,,,,,,,,,,,,,,,,,,,,,,,1,0
zgrab_587_Canada.json:40,zgrab_real,zgrab_587_Canada.json,40,Canada,SMTP_RESPONSE_OBSERVED,STARTTLS_NOT_OBSERVED,TLS_NOT_OBSERVED,CERTIFICATE_NOT_OBSERVED_NO_TLS,587,success,smtp,1,1,0,0,0,,,,,,,,,,,,,,,,,,,,,,,,,,,0,,,,,,,,,,,,,,,,,,,,,,,,,,,,,,,,,,,,,,,,,,,,,,,,,1,0
zgrab_587_Canada.json:41,zgrab_real,zgrab_587_Canada.json,41,Canada,SMTP_RESPONSE_OBSERVED,TLS_HANDSHAKE_SUCCEEDED,HANDSHAKE_SUCCEEDED,CERTIFICATE_OBSERVED,587,success,smtp,1,1,1,1,1,TLSv1.2,TLSv1.3,TLS_CHACHA20_POLY1305_SHA256,x25519,2,1,1,0,0,0,0,0,0,0,0,1,1,0,0,0,1,0,0,1,0,0,1,True,RSA,2048,65537,,,SHA256-RSA,0,1,0,0,DV,False,1,0,14,1,False,True,,True,True,,2,10,89.99998842592592,72.55952546296297,0,0,2,0,1,0,1,1,2,1,1,1,1,1,0,0,0,0,0,0,0,0,1
zgrab_587_Canada.json:42,zgrab_real,zgrab_587_Canada.json,42,Canada,SMTP_RESPONSE_OBSERVED,STARTTLS_NOT_OBSERVED,TLS_NOT_OBSERVED,CERTIFICATE_NOT_OBSERVED_NO_TLS,587,success,smtp,1,1,0,0,0,,,,,,,,,,,,,,,,,,,,,,,,,,,0,,,,,,,,,,,,,,,,,,,,,,,,,,,,,,,,,,,,,,,,,,,,,,,,,1,0
zgrab_587_Canada.json:43,zgrab_real,zgrab_587_Canada.json,43,Canada,SMTP_RESPONSE_OBSERVED,STARTTLS_NOT_OBSERVED,TLS_NOT_OBSERVED,CERTIFICATE_NOT_OBSERVED_NO_TLS,587,success,smtp,1,1,0,0,0,,,,,,,,,,,,,,,,,,,,,,,,,,,0,,,,,,,,,,,,,,,,,,,,,,,,,,,,,,,,,,,,,,,,,,,,,,,,,1,0
zgrab_587_Canada.json:44,zgrab_real,zgrab_587_Canada.json,44,Canada,SMTP_RESPONSE_OBSERVED,STARTTLS_NOT_OBSERVED,TLS_NOT_OBSERVED,CERTIFICATE_NOT_OBSERVED_NO_TLS,587,success,smtp,1,1,0,0,0,,,,,,,,,,,,,,,,,,,,,,,,,,,0,,,,,,,,,,,,,,,,,,,,,,,,,,,,,,,,,,,,,,,,,,,,,,,,,1,0
zgrab_587_Canada.json:45,zgrab_real,zgrab_587_Canada.json,45,Canada,SMTP_RESPONSE_OBSERVED,STARTTLS_NOT_OBSERVED,TLS_NOT_OBSERVED,CERTIFICATE_NOT_OBSERVED_NO_TLS,587,success,smtp,1,1,0,0,0,,,,,,,,,,,,,,,,,,,,,,,,,,,0,,,,,,,,,,,,,,,,,,,,,,,,,,,,,,,,,,,,,,,,,,,,,,,,,1,0
zgrab_587_Canada.json:46,zgrab_real,zgrab_587_Canada.json,46,Canada,SMTP_RESPONSE_OBSERVED,STARTTLS_NOT_OBSERVED,TLS_NOT_OBSERVED,CERTIFICATE_NOT_OBSERVED_NO_TLS,587,success,smtp,1,1,0,0,0,,,,,,,,,,,,,,,,,,,,,,,,,,,0,,,,,,,,,,,,,,,,,,,,,,,,,,,,,,,,,,,,,,,,,,,,,,,,,1,0
zgrab_587_Canada.json:47,zgrab_real,zgrab_587_Canada.json,47,Canada,SMTP_RESPONSE_OBSERVED,STARTTLS_NOT_OBSERVED,TLS_NOT_OBSERVED,CERTIFICATE_NOT_OBSERVED_NO_TLS,587,success,smtp,1,1,0,0,0,,,,,,,,,,,,,,,,,,,,,,,,,,,0,,,,,,,,,,,,,,,,,,,,,,,,,,,,,,,,,,,,,,,,,,,,,,,,,1,0
zgrab_587_Canada.json:48,zgrab_real,zgrab_587_Canada.json,48,Canada,SMTP_RESPONSE_OBSERVED,STARTTLS_NOT_OBSERVED,TLS_NOT_OBSERVED,CERTIFICATE_NOT_OBSERVED_NO_TLS,587,success,smtp,1,1,0,0,0,,,,,,,,,,,,,,,,,,,,,,,,,,,0,,,,,,,,,,,,,,,,,,,,,,,,,,,,,,,,,,,,,,,,,,,,,,,,,1,0
zgrab_587_Canada.json:49,zgrab_real,zgrab_587_Canada.json,49,Canada,SMTP_RESPONSE_OBSERVED,STARTTLS_NOT_OBSERVED,TLS_NOT_OBSERVED,CERTIFICATE_NOT_OBSERVED_NO_TLS,587,success,smtp,1,1,0,0,0,,,,,,,,,,,,,,,,,,,,,,,,,,,0,,,,,,,,,,,,,,,,,,,,,,,,,,,,,,,,,,,,,,,,,,,,,,,,,1,0
zgrab_587_Canada.json:50,zgrab_real,zgrab_587_Canada.json,50,Canada,SMTP_RESPONSE_OBSERVED,STARTTLS_NOT_OBSERVED,TLS_NOT_OBSERVED,CERTIFICATE_NOT_OBSERVED_NO_TLS,587,success,smtp,1,1,0,0,0,,,,,,,,,,,,,,,,,,,,,,,,,,,0,,,,,,,,,,,,,,,,,,,,,,,,,,,,,,,,,,,,,,,,,,,,,,,,,1,0
zgrab_587_Canada.json:51,zgrab_real,zgrab_587_Canada.json,51,Canada,SMTP_RESPONSE_OBSERVED,STARTTLS_NOT_OBSERVED,TLS_NOT_OBSERVED,CERTIFICATE_NOT_OBSERVED_NO_TLS,587,success,smtp,1,1,0,0,0,,,,,,,,,,,,,,,,,,,,,,,,,,,0,,,,,,,,,,,,,,,,,,,,,,,,,,,,,,,,,,,,,,,,,,,,,,,,,1,0
zgrab_587_Canada.json:52,zgrab_real,zgrab_587_Canada.json,52,Canada,SMTP_RESPONSE_OBSERVED,STARTTLS_NOT_OBSERVED,TLS_NOT_OBSERVED,CERTIFICATE_NOT_OBSERVED_NO_TLS,587,success,smtp,1,1,0,0,0,,,,,,,,,,,,,,,,,,,,,,,,,,,0,,,,,,,,,,,,,,,,,,,,,,,,,,,,,,,,,,,,,,,,,,,,,,,,,1,0
zgrab_587_Canada.json:53,zgrab_real,zgrab_587_Canada.json,53,Canada,SMTP_RESPONSE_OBSERVED,TLS_HANDSHAKE_SUCCEEDED,HANDSHAKE_SUCCEEDED,CERTIFICATE_OBSERVED,587,success,smtp,1,1,1,1,1,TLSv1.2,,TLS_ECDHE_RSA_WITH_AES_128_GCM_SHA256,,2,0,0,1,1,0,0,0,0,0,0,1,1,0,0,1,1,0,0,1,0,0,1,True,RSA,2048,65537,,,SHA256-RSA,0,1,0,0,DV,False,12,0,35,12,False,True,,True,True,,2,10,89.99998842592592,29.83792824074074,0,0,2,0,1,0,1,1,2,1,1,1,1,1,0,0,0,0,0,0,0,0,1
zgrab_587_Canada.json:54,zgrab_real,zgrab_587_Canada.json,54,Canada,SMTP_RESPONSE_OBSERVED,TLS_HANDSHAKE_SUCCEEDED,HANDSHAKE_SUCCEEDED,CERTIFICATE_OBSERVED,587,success,smtp,1,1,1,1,1,TLSv1.2,,TLS_ECDHE_RSA_WITH_AES_128_GCM_SHA256,,2,0,0,1,1,0,0,0,0,0,0,1,1,0,0,1,1,0,0,1,0,0,1,True,RSA,2048,65537,,,SHA256-RSA,0,1,0,0,DV,False,12,0,35,12,False,True,,True,True,,2,10,89.99998842592592,29.83791666666667,0,0,2,0,1,0,1,1,2,1,1,1,1,1,0,0,0,0,0,0,0,0,1
zgrab_587_Canada.json:55,zgrab_real,zgrab_587_Canada.json,55,Canada,SMTP_RESPONSE_OBSERVED,TLS_HANDSHAKE_SUCCEEDED,HANDSHAKE_SUCCEEDED,CERTIFICATE_OBSERVED,587,success,smtp,1,1,1,1,1,TLSv1.2,,TLS_ECDHE_RSA_WITH_AES_128_GCM_SHA256,,2,0,0,1,1,0,0,0,0,0,0,1,1,0,0,1,1,0,0,1,0,0,1,True,RSA,2048,65537,,,SHA256-RSA,0,1,0,0,DV,False,12,0,35,12,False,True,,True,True,,2,10,89.99998842592592,29.83789351851852,0,0,2,0,1,0,1,1,2,1,1,1,1,1,0,0,0,0,0,0,0,0,1
zgrab_587_Canada.json:56,zgrab_real,zgrab_587_Canada.json,56,Canada,SMTP_RESPONSE_OBSERVED,TLS_HANDSHAKE_SUCCEEDED,HANDSHAKE_SUCCEEDED,CERTIFICATE_OBSERVED,587,success,smtp,1,1,1,1,1,TLSv1.2,,TLS_ECDHE_RSA_WITH_AES_128_GCM_SHA256,,2,0,0,1,1,0,0,0,0,0,0,1,1,0,0,1,1,0,0,1,0,0,1,True,RSA,2048,65537,,,SHA256-RSA,0,1,0,0,DV,False,12,0,35,12,False,True,,True,True,,2,10,89.99998842592592,29.837881944444444,0,0,2,0,1,0,1,1,2,1,1,1,1,1,0,0,0,0,0,0,0,0,1
zgrab_587_Canada.json:57,zgrab_real,zgrab_587_Canada.json,57,Canada,SMTP_RESPONSE_OBSERVED,TLS_HANDSHAKE_SUCCEEDED,HANDSHAKE_SUCCEEDED,CERTIFICATE_OBSERVED,587,success,smtp,1,1,1,1,1,TLSv1.2,TLSv1.3,TLS_CHACHA20_POLY1305_SHA256,x25519,2,1,1,0,0,0,0,0,0,0,0,1,1,0,0,0,1,0,0,1,0,0,1,True,RSA,2048,65537,,,SHA256-RSA,0,1,0,0,DV,False,12,0,26,12,False,True,,True,True,,2,10,89.99998842592592,59.4859375,0,0,2,0,1,0,1,1,2,1,1,1,1,1,0,0,0,0,0,0,0,0,1
zgrab_587_Canada.json:58,zgrab_real,zgrab_587_Canada.json,58,Canada,SMTP_RESPONSE_OBSERVED,TLS_HANDSHAKE_SUCCEEDED,HANDSHAKE_SUCCEEDED,CERTIFICATE_OBSERVED,587,success,smtp,1,1,1,1,1,TLSv1.2,TLSv1.3,TLS_CHACHA20_POLY1305_SHA256,x25519,2,1,1,0,0,0,0,0,0,0,0,1,1,0,0,0,1,0,0,1,0,0,1,True,RSA,2048,65537,,,SHA256-RSA,0,1,0,0,DV,False,12,0,26,12,False,True,,True,True,,2,10,89.99998842592592,59.4859375,0,0,2,0,1,0,1,1,2,1,1,1,1,1,0,0,0,0,0,0,0,0,1
zgrab_587_Canada.json:59,zgrab_real,zgrab_587_Canada.json,59,Canada,SMTP_RESPONSE_OBSERVED,TLS_HANDSHAKE_SUCCEEDED,HANDSHAKE_SUCCEEDED,CERTIFICATE_OBSERVED,587,success,smtp,1,1,1,1,1,TLSv1.2,TLSv1.3,TLS_CHACHA20_POLY1305_SHA256,x25519,2,1,1,0,0,0,0,0,0,0,0,1,1,0,0,0,1,0,0,1,0,0,1,True,RSA,2048,65537,,,SHA256-RSA,0,1,0,0,DV,False,12,0,26,12,False,True,,True,True,,2,10,89.99998842592592,59.4859375,0,0,2,0,1,0,1,1,2,1,1,1,1,1,0,0,0,0,0,0,0,0,1
zgrab_587_Canada.json:60,zgrab_real,zgrab_587_Canada.json,60,Canada,SMTP_RESPONSE_OBSERVED,TLS_HANDSHAKE_SUCCEEDED,HANDSHAKE_SUCCEEDED,CERTIFICATE_OBSERVED,587,success,smtp,1,1,1,1,1,TLSv1.2,TLSv1.3,TLS_CHACHA20_POLY1305_SHA256,x25519,2,1,1,0,0,0,0,0,0,0,0,1,1,0,0,0,1,0,0,1,0,0,1,True,RSA,2048,65537,,,SHA256-RSA,0,1,0,0,DV,False,12,0,26,12,False,True,,True,True,,2,10,89.99998842592592,59.48590277777778,0,0,2,0,1,0,1,1,2,1,1,1,1,1,0,0,0,0,0,0,0,0,1
zgrab_587_Canada.json:61,zgrab_real,zgrab_587_Canada.json,61,Canada,SMTP_RESPONSE_OBSERVED,TLS_HANDSHAKE_SUCCEEDED,HANDSHAKE_SUCCEEDED,CERTIFICATE_OBSERVED,587,success,smtp,1,1,1,1,1,TLSv1.2,TLSv1.3,TLS_CHACHA20_POLY1305_SHA256,x25519,2,1,1,0,0,0,0,0,0,0,0,1,1,0,0,0,1,0,0,1,0,0,1,True,RSA,2048,65537,,,SHA256-RSA,0,1,0,0,DV,False,12,0,26,12,False,True,,True,True,,2,10,89.99998842592592,59.48590277777778,0,0,2,0,1,0,1,1,2,1,1,1,1,1,0,0,0,0,0,0,0,0,1
zgrab_587_Canada.json:62,zgrab_real,zgrab_587_Canada.json,62,Canada,SMTP_RESPONSE_OBSERVED,STARTTLS_NOT_OBSERVED,TLS_NOT_OBSERVED,CERTIFICATE_NOT_OBSERVED_NO_TLS,587,success,smtp,1,1,0,0,0,,,,,,,,,,,,,,,,,,,,,,,,,,,0,,,,,,,,,,,,,,,,,,,,,,,,,,,,,,,,,,,,,,,,,,,,,,,,,1,0
zgrab_587_Canada.json:63,zgrab_real,zgrab_587_Canada.json,63,Canada,SMTP_RESPONSE_OBSERVED,TLS_HANDSHAKE_SUCCEEDED,HANDSHAKE_SUCCEEDED,CERTIFICATE_OBSERVED,587,success,smtp,1,1,1,1,1,TLSv1.2,TLSv1.3,TLS_CHACHA20_POLY1305_SHA256,x25519,2,1,1,0,0,0,0,0,0,0,0,1,1,0,0,0,1,0,0,1,0,0,1,True,RSA,2048,65537,,,SHA256-RSA,0,1,0,0,DV,False,12,0,26,12,False,True,,True,True,,2,10,89.99998842592592,59.48571759259259,0,0,2,0,1,0,1,1,2,1,1,1,1,1,0,0,0,0,0,0,0,0,1
zgrab_587_Canada.json:64,zgrab_real,zgrab_587_Canada.json,64,Canada,SMTP_RESPONSE_OBSERVED,TLS_HANDSHAKE_SUCCEEDED,HANDSHAKE_SUCCEEDED,CERTIFICATE_OBSERVED,587,success,smtp,1,1,1,1,1,TLSv1.2,TLSv1.3,TLS_CHACHA20_POLY1305_SHA256,x25519,2,1,1,0,0,0,0,0,0,0,0,1,1,0,0,0,1,0,0,1,0,0,1,True,RSA,2048,65537,,,SHA256-RSA,0,1,0,0,DV,False,12,0,26,12,False,True,,True,True,,2,10,89.99998842592592,59.48571759259259,0,0,2,0,1,0,1,1,2,1,1,1,1,1,0,0,0,0,0,0,0,0,1
zgrab_587_Canada.json:65,zgrab_real,zgrab_587_Canada.json,65,Canada,SMTP_RESPONSE_OBSERVED,TLS_HANDSHAKE_SUCCEEDED,HANDSHAKE_SUCCEEDED,CERTIFICATE_OBSERVED,587,success,smtp,1,1,1,1,1,TLSv1.2,TLSv1.3,TLS_CHACHA20_POLY1305_SHA256,x25519,2,1,1,0,0,0,0,0,0,0,0,1,1,0,0,0,1,0,0,1,0,0,1,True,RSA,2048,65537,,,SHA256-RSA,0,1,0,0,DV,False,12,0,26,12,False,True,,True,True,,2,10,89.99998842592592,59.48571759259259,0,0,2,0,1,0,1,1,2,1,1,1,1,1,0,0,0,0,0,0,0,0,1
zgrab_587_Canada.json:66,zgrab_real,zgrab_587_Canada.json,66,Canada,SMTP_RESPONSE_OBSERVED,TLS_HANDSHAKE_SUCCEEDED,HANDSHAKE_SUCCEEDED,CERTIFICATE_OBSERVED,587,success,smtp,1,1,1,1,1,TLSv1.2,TLSv1.3,TLS_CHACHA20_POLY1305_SHA256,x25519,2,1,1,0,0,0,0,0,0,0,0,1,1,0,0,0,1,0,0,1,0,0,1,True,RSA,2048,65537,,,SHA256-RSA,0,1,0,0,DV,False,12,0,26,12,False,True,,True,True,,2,10,89.99998842592592,59.48564814814815,0,0,2,0,1,0,1,1,2,1,1,1,1,1,0,0,0,0,0,0,0,0,1
zgrab_587_Canada.json:67,zgrab_real,zgrab_587_Canada.json,67,Canada,SMTP_RESPONSE_OBSERVED,STARTTLS_NOT_OBSERVED,TLS_NOT_OBSERVED,CERTIFICATE_NOT_OBSERVED_NO_TLS,587,success,smtp,1,1,0,0,0,,,,,,,,,,,,,,,,,,,,,,,,,,,0,,,,,,,,,,,,,,,,,,,,,,,,,,,,,,,,,,,,,,,,,,,,,,,,,1,0
zgrab_587_Canada.json:68,zgrab_real,zgrab_587_Canada.json,68,Canada,SMTP_RESPONSE_OBSERVED,STARTTLS_NOT_OBSERVED,TLS_NOT_OBSERVED,CERTIFICATE_NOT_OBSERVED_NO_TLS,587,success,smtp,1,1,0,0,0,,,,,,,,,,,,,,,,,,,,,,,,,,,0,,,,,,,,,,,,,,,,,,,,,,,,,,,,,,,,,,,,,,,,,,,,,,,,,1,0
zgrab_587_Canada.json:69,zgrab_real,zgrab_587_Canada.json,69,Canada,SMTP_RESPONSE_OBSERVED,STARTTLS_NOT_OBSERVED,TLS_NOT_OBSERVED,CERTIFICATE_NOT_OBSERVED_NO_TLS,587,success,smtp,1,1,0,0,0,,,,,,,,,,,,,,,,,,,,,,,,,,,0,,,,,,,,,,,,,,,,,,,,,,,,,,,,,,,,,,,,,,,,,,,,,,,,,1,0
zgrab_587_Canada.json:70,zgrab_real,zgrab_587_Canada.json,70,Canada,SMTP_RESPONSE_OBSERVED,TLS_HANDSHAKE_SUCCEEDED,HANDSHAKE_SUCCEEDED,CERTIFICATE_OBSERVED,587,success,smtp,1,1,1,1,1,TLSv1.2,TLSv1.3,TLS_CHACHA20_POLY1305_SHA256,x25519,2,1,1,0,0,0,0,0,0,0,0,1,1,0,0,0,1,0,0,1,0,0,1,True,RSA,2048,65537,,,SHA256-RSA,0,1,0,0,DV,False,12,0,26,12,False,True,,True,True,,2,10,89.99998842592592,59.48549768518519,0,0,2,0,1,0,1,1,2,1,1,1,1,1,0,0,0,0,0,0,0,0,1
zgrab_587_Canada.json:71,zgrab_real,zgrab_587_Canada.json,71,Canada,SMTP_RESPONSE_OBSERVED,TLS_HANDSHAKE_SUCCEEDED,HANDSHAKE_SUCCEEDED,CERTIFICATE_OBSERVED,587,success,smtp,1,1,1,1,1,TLSv1.2,,TLS_ECDHE_RSA_WITH_AES_128_GCM_SHA256,,2,0,0,1,1,0,0,0,0,0,0,1,1,0,0,1,1,0,0,1,0,0,1,True,RSA,2048,65537,,,SHA256-RSA,0,1,0,0,DV,False,1,0,16,1,False,True,,True,True,,2,10,89.99998842592592,54.961342592592594,0,0,2,0,1,0,1,1,2,1,1,1,1,1,0,0,0,0,0,0,0,0,1
zgrab_587_Canada.json:72,zgrab_real,zgrab_587_Canada.json,72,Canada,SMTP_RESPONSE_OBSERVED,TLS_HANDSHAKE_SUCCEEDED,HANDSHAKE_SUCCEEDED,CERTIFICATE_OBSERVED,587,success,smtp,1,1,1,1,1,TLSv1.2,,TLS_ECDHE_RSA_WITH_AES_128_GCM_SHA256,,2,0,0,1,1,0,0,0,0,0,0,1,1,0,0,1,1,0,0,1,0,0,1,True,RSA,2048,65537,,,SHA256-RSA,0,1,0,0,DV,False,1,0,16,1,False,True,,True,True,,2,10,89.99998842592592,54.961342592592594,0,0,2,0,1,0,1,1,2,1,1,1,1,1,0,0,0,0,0,0,0,0,1
zgrab_587_Canada.json:73,zgrab_real,zgrab_587_Canada.json,73,Canada,SMTP_RESPONSE_OBSERVED,TLS_HANDSHAKE_SUCCEEDED,HANDSHAKE_SUCCEEDED,CERTIFICATE_OBSERVED,587,success,smtp,1,1,1,1,1,TLSv1.2,,TLS_ECDHE_RSA_WITH_AES_128_GCM_SHA256,,2,0,0,1,1,0,0,0,0,0,0,1,1,0,0,1,1,0,0,1,0,0,1,True,RSA,2048,65537,,,SHA256-RSA,0,1,0,0,DV,False,1,0,16,1,False,True,,True,True,,2,10,89.99998842592592,54.96126157407407,0,0,2,0,1,0,1,1,2,1,1,1,1,1,0,0,0,0,0,0,0,0,1
zgrab_587_Canada.json:74,zgrab_real,zgrab_587_Canada.json,74,Canada,SMTP_RESPONSE_OBSERVED,TLS_HANDSHAKE_SUCCEEDED,HANDSHAKE_SUCCEEDED,CERTIFICATE_OBSERVED,587,success,smtp,1,1,1,1,1,TLSv1.2,,TLS_ECDHE_RSA_WITH_AES_128_GCM_SHA256,,2,0,0,1,1,0,0,0,0,0,0,1,1,0,0,1,1,0,0,1,0,0,1,True,RSA,2048,65537,,,SHA256-RSA,0,1,0,0,DV,False,1,0,16,1,False,True,,True,True,,2,10,89.99998842592592,54.96126157407407,0,0,2,0,1,0,1,1,2,1,1,1,1,1,0,0,0,0,0,0,0,0,1
zgrab_587_Canada.json:75,zgrab_real,zgrab_587_Canada.json,75,Canada,SMTP_RESPONSE_OBSERVED,STARTTLS_NOT_OBSERVED,TLS_NOT_OBSERVED,CERTIFICATE_NOT_OBSERVED_NO_TLS,587,success,smtp,1,1,0,0,0,,,,,,,,,,,,,,,,,,,,,,,,,,,0,,,,,,,,,,,,,,,,,,,,,,,,,,,,,,,,,,,,,,,,,,,,,,,,,1,0
zgrab_587_Canada.json:76,zgrab_real,zgrab_587_Canada.json,76,Canada,SMTP_RESPONSE_OBSERVED,TLS_HANDSHAKE_SUCCEEDED,HANDSHAKE_SUCCEEDED,CERTIFICATE_OBSERVED,587,success,smtp,1,1,1,1,1,TLSv1.2,,TLS_ECDHE_RSA_WITH_AES_128_GCM_SHA256,,2,0,0,1,0,1,1,0,0,0,0,1,1,0,0,1,1,0,0,1,0,0,1,True,RSA,2048,65537,,,SHA256-RSA,0,1,0,0,DV,False,2,0,24,2,False,True,True,True,True,,2,10,397.0,23.885625,0,0,1,1,1,1,2,1,3,1,1,1,1,1,0,0,0,0,0,0,0,0,1
zgrab_587_Canada.json:77,zgrab_real,zgrab_587_Canada.json,77,Canada,SMTP_RESPONSE_OBSERVED,TLS_HANDSHAKE_SUCCEEDED,HANDSHAKE_SUCCEEDED,CERTIFICATE_OBSERVED,587,success,smtp,1,1,1,1,1,TLSv1.2,TLSv1.3,TLS_CHACHA20_POLY1305_SHA256,x25519,2,1,1,0,0,0,0,0,0,0,0,1,1,0,0,0,1,0,0,1,0,0,1,True,RSA,2048,65537,,,SHA256-RSA,0,1,0,0,DV,False,12,0,26,12,False,True,,True,True,,2,10,89.99998842592592,59.485358796296296,0,0,2,0,1,0,1,1,2,1,1,1,1,1,0,0,0,0,0,0,0,0,1
zgrab_587_Canada.json:78,zgrab_real,zgrab_587_Canada.json,78,Canada,SMTP_RESPONSE_OBSERVED,TLS_HANDSHAKE_SUCCEEDED,HANDSHAKE_SUCCEEDED,CERTIFICATE_OBSERVED,587,success,smtp,1,1,1,1,1,TLSv1.2,TLSv1.3,TLS_CHACHA20_POLY1305_SHA256,x25519,2,1,1,0,0,0,0,0,0,0,0,1,1,0,0,0,1,0,0,1,0,0,1,True,RSA,2048,65537,,,SHA256-RSA,0,1,0,0,DV,False,12,0,26,12,False,True,,True,True,,2,10,89.99998842592592,59.485358796296296,0,0,2,0,1,0,1,1,2,1,1,1,1,1,0,0,0,0,0,0,0,0,1
zgrab_587_Canada.json:79,zgrab_real,zgrab_587_Canada.json,79,Canada,SMTP_PROBE_FAILED,STARTTLS_NOT_OBSERVED,TLS_NOT_OBSERVED,CERTIFICATE_NOT_OBSERVED_NO_TLS,587,application-error,smtp,1,0,0,0,0,,,,,,,,,,,,,,,,,,,,,,,,,,,0,,,,,,,,,,,,,,,,,,,,,,,,,,,,,,,,,,,,,,,,,,,,,,,,,1,0
zgrab_587_Canada.json:80,zgrab_real,zgrab_587_Canada.json,80,Canada,SMTP_PROBE_FAILED,STARTTLS_NOT_OBSERVED,TLS_NOT_OBSERVED,CERTIFICATE_NOT_OBSERVED_NO_TLS,587,application-error,smtp,1,0,0,0,0,,,,,,,,,,,,,,,,,,,,,,,,,,,0,,,,,,,,,,,,,,,,,,,,,,,,,,,,,,,,,,,,,,,,,,,,,,,,,1,0
zgrab_587_Canada.json:81,zgrab_real,zgrab_587_Canada.json,81,Canada,SMTP_PROBE_FAILED,STARTTLS_NOT_OBSERVED,TLS_NOT_OBSERVED,CERTIFICATE_NOT_OBSERVED_NO_TLS,587,application-error,smtp,1,0,0,0,0,,,,,,,,,,,,,,,,,,,,,,,,,,,0,,,,,,,,,,,,,,,,,,,,,,,,,,,,,,,,,,,,,,,,,,,,,,,,,1,0
zgrab_587_Canada.json:82,zgrab_real,zgrab_587_Canada.json,82,Canada,SMTP_PROBE_FAILED,STARTTLS_NOT_OBSERVED,TLS_NOT_OBSERVED,CERTIFICATE_NOT_OBSERVED_NO_TLS,587,application-error,smtp,1,0,0,0,0,,,,,,,,,,,,,,,,,,,,,,,,,,,0,,,,,,,,,,,,,,,,,,,,,,,,,,,,,,,,,,,,,,,,,,,,,,,,,1,0
zgrab_587_Canada.json:83,zgrab_real,zgrab_587_Canada.json,83,Canada,SMTP_RESPONSE_OBSERVED,STARTTLS_NOT_OBSERVED,TLS_NOT_OBSERVED,CERTIFICATE_NOT_OBSERVED_NO_TLS,587,success,smtp,1,0,0,0,0,,,,,,,,,,,,,,,,,,,,,,,,,,,0,,,,,,,,,,,,,,,,,,,,,,,,,,,,,,,,,,,,,,,,,,,,,,,,,1,0
zgrab_587_Canada.json:84,zgrab_real,zgrab_587_Canada.json,84,Canada,SMTP_RESPONSE_OBSERVED,TLS_HANDSHAKE_SUCCEEDED,HANDSHAKE_SUCCEEDED,CERTIFICATE_OBSERVED,587,success,smtp,1,1,1,1,1,TLSv1.2,TLSv1.3,TLS_CHACHA20_POLY1305_SHA256,x25519,2,1,1,0,0,0,0,0,0,0,0,1,1,0,0,0,1,0,0,1,0,0,1,True,RSA,2048,65537,,,SHA256-RSA,0,1,0,0,DV,False,2,1,16,2,False,True,,True,True,,2,9,396.99998842592595,50.971875,0,0,2,1,1,1,2,1,3,1,0,0,1,1,0,0,0,0,0,0,0,0,1
zgrab_587_Canada.json:85,zgrab_real,zgrab_587_Canada.json,85,Canada,SMTP_RESPONSE_OBSERVED,TLS_HANDSHAKE_SUCCEEDED,HANDSHAKE_SUCCEEDED,CERTIFICATE_OBSERVED,587,success,smtp,1,1,1,1,1,TLSv1.2,TLSv1.3,TLS_CHACHA20_POLY1305_SHA256,x25519,2,1,1,0,0,0,0,0,0,0,0,1,1,0,0,0,1,0,0,1,0,0,1,True,RSA,2048,65537,,,SHA256-RSA,0,1,0,0,DV,False,2,1,16,2,False,True,,True,True,,2,9,396.99998842592595,50.971875,0,0,2,1,1,1,2,1,3,1,0,0,1,1,0,0,0,0,0,0,0,0,1
zgrab_587_Canada.json:86,zgrab_real,zgrab_587_Canada.json,86,Canada,SMTP_PROBE_FAILED,STARTTLS_NOT_OBSERVED,TLS_NOT_OBSERVED,CERTIFICATE_NOT_OBSERVED_NO_TLS,587,application-error,smtp,1,0,0,0,0,,,,,,,,,,,,,,,,,,,,,,,,,,,0,,,,,,,,,,,,,,,,,,,,,,,,,,,,,,,,,,,,,,,,,,,,,,,,,1,0
zgrab_587_Canada.json:87,zgrab_real,zgrab_587_Canada.json,87,Canada,SMTP_RESPONSE_OBSERVED,TLS_HANDSHAKE_SUCCEEDED,HANDSHAKE_SUCCEEDED,CERTIFICATE_OBSERVED,587,success,smtp,1,1,1,1,1,TLSv1.2,TLSv1.3,TLS_CHACHA20_POLY1305_SHA256,x25519,2,1,1,0,0,0,0,0,0,0,0,1,1,0,0,0,1,0,0,1,0,0,1,True,RSA,2048,65537,,,SHA256-RSA,0,1,0,0,DV,False,2,1,16,2,False,True,,True,True,,2,9,396.99998842592595,50.97182870370371,0,0,2,1,1,1,2,1,3,1,0,0,1,1,0,0,0,0,0,0,0,0,1
zgrab_587_Canada.json:88,zgrab_real,zgrab_587_Canada.json,88,Canada,SMTP_RESPONSE_OBSERVED,STARTTLS_NOT_OBSERVED,TLS_NOT_OBSERVED,CERTIFICATE_NOT_OBSERVED_NO_TLS,587,success,smtp,1,1,0,0,0,,,,,,,,,,,,,,,,,,,,,,,,,,,0,,,,,,,,,,,,,,,,,,,,,,,,,,,,,,,,,,,,,,,,,,,,,,,,,1,0
zgrab_587_Canada.json:89,zgrab_real,zgrab_587_Canada.json,89,Canada,SMTP_RESPONSE_OBSERVED,TLS_HANDSHAKE_SUCCEEDED,HANDSHAKE_SUCCEEDED,CERTIFICATE_OBSERVED,587,success,smtp,1,1,1,1,1,TLSv1.2,TLSv1.3,TLS_CHACHA20_POLY1305_SHA256,x25519,2,1,1,0,0,0,0,0,0,0,0,1,1,0,0,0,1,0,0,1,0,0,1,True,RSA,2048,65537,,,SHA256-RSA,0,1,0,0,DV,False,2,1,16,2,False,True,,True,True,,2,9,396.99998842592595,50.97177083333333,0,0,2,1,1,1,2,1,3,1,0,0,1,1,0,0,0,0,0,0,0,0,1
zgrab_587_Canada.json:90,zgrab_real,zgrab_587_Canada.json,90,Canada,SMTP_RESPONSE_OBSERVED,TLS_HANDSHAKE_SUCCEEDED,HANDSHAKE_SUCCEEDED,CERTIFICATE_OBSERVED,587,success,smtp,1,1,1,1,1,TLSv1.2,,TLS_ECDHE_RSA_WITH_AES_128_GCM_SHA256,,2,0,0,1,1,0,0,0,0,0,0,1,1,0,0,1,1,0,0,1,0,0,1,True,RSA,2048,65537,,,SHA256-RSA,0,1,0,0,DV,False,1,0,25,1,False,True,,True,True,,2,10,89.99998842592592,52.852789351851854,0,0,2,0,1,0,1,1,2,1,1,1,1,1,0,0,0,0,0,0,0,0,1
zgrab_587_Canada.json:91,zgrab_real,zgrab_587_Canada.json,91,Canada,SMTP_RESPONSE_OBSERVED,TLS_HANDSHAKE_SUCCEEDED,HANDSHAKE_SUCCEEDED,CERTIFICATE_OBSERVED,587,success,smtp,1,1,1,1,1,TLSv1.2,,TLS_ECDHE_RSA_WITH_AES_128_GCM_SHA256,,2,0,0,1,1,0,0,0,0,0,0,1,1,0,0,1,1,0,0,1,0,0,1,True,RSA,2048,65537,,,SHA256-RSA,0,1,0,0,DV,False,1,0,25,1,False,True,,True,True,,2,10,89.99998842592592,52.852789351851854,0,0,2,0,1,0,1,1,2,1,1,1,1,1,0,0,0,0,0,0,0,0,1
zgrab_587_Canada.json:92,zgrab_real,zgrab_587_Canada.json,92,Canada,SMTP_RESPONSE_OBSERVED,TLS_HANDSHAKE_SUCCEEDED,HANDSHAKE_SUCCEEDED,CERTIFICATE_OBSERVED,587,success,smtp,1,1,1,1,1,TLSv1.2,TLSv1.3,TLS_CHACHA20_POLY1305_SHA256,x25519,2,1,1,0,0,0,0,0,0,0,0,1,1,0,0,0,1,0,0,1,0,0,1,True,RSA,2048,65537,,,SHA256-RSA,0,1,0,0,DV,False,2,1,16,2,False,True,,True,True,,2,9,396.99998842592595,50.97173611111111,0,0,2,1,1,1,2,1,3,1,0,0,1,1,0,0,0,0,0,0,0,0,1
zgrab_587_Canada.json:93,zgrab_real,zgrab_587_Canada.json,93,Canada,SMTP_RESPONSE_OBSERVED,TLS_HANDSHAKE_SUCCEEDED,HANDSHAKE_SUCCEEDED,CERTIFICATE_OBSERVED,587,success,smtp,1,1,1,1,1,TLSv1.2,TLSv1.3,TLS_AES_256_GCM_SHA384,secp256r1,2,1,1,0,0,0,0,0,0,0,0,1,1,0,0,0,1,0,0,1,0,0,1,True,RSA,2048,65537,,,SHA256-RSA,0,1,0,0,DV,False,1,0,23,1,False,True,,True,True,,2,10,89.99998842592592,5.82574074074074,0,0,2,0,1,0,1,1,2,1,1,1,1,1,0,0,0,0,0,0,0,0,1
zgrab_587_Canada.json:94,zgrab_real,zgrab_587_Canada.json,94,Canada,SMTP_RESPONSE_OBSERVED,TLS_HANDSHAKE_SUCCEEDED,HANDSHAKE_SUCCEEDED,CERTIFICATE_OBSERVED,587,success,smtp,1,1,1,1,1,TLSv1.2,,TLS_ECDHE_RSA_WITH_AES_128_GCM_SHA256,,2,0,0,1,1,0,0,0,0,0,0,1,1,0,0,1,1,0,0,1,0,0,1,True,RSA,2048,65537,,,SHA256-RSA,0,1,0,0,DV,False,1,0,25,1,False,True,,True,True,,2,10,89.99998842592592,52.852731481481484,0,0,2,0,1,0,1,1,2,1,1,1,1,1,0,0,0,0,0,0,0,0,1
zgrab_587_Canada.json:95,zgrab_real,zgrab_587_Canada.json,95,Canada,SMTP_RESPONSE_OBSERVED,TLS_HANDSHAKE_SUCCEEDED,HANDSHAKE_SUCCEEDED,CERTIFICATE_OBSERVED,587,success,smtp,1,1,1,1,1,TLSv1.2,TLSv1.3,TLS_CHACHA20_POLY1305_SHA256,x25519,2,1,1,0,0,0,0,0,0,0,0,1,1,0,0,0,1,0,0,1,0,0,1,True,RSA,2048,65537,,,SHA256-RSA,0,1,0,0,DV,False,2,1,16,2,False,True,,True,True,,2,9,396.99998842592595,50.971689814814816,0,0,2,1,1,1,2,1,3,1,0,0,1,1,0,0,0,0,0,0,0,0,1
zgrab_587_Canada.json:96,zgrab_real,zgrab_587_Canada.json,96,Canada,SMTP_RESPONSE_OBSERVED,TLS_HANDSHAKE_SUCCEEDED,HANDSHAKE_SUCCEEDED,CERTIFICATE_OBSERVED,587,success,smtp,1,1,1,1,1,TLSv1.2,TLSv1.3,TLS_CHACHA20_POLY1305_SHA256,x25519,2,1,1,0,0,0,0,0,0,0,0,1,1,0,0,0,1,0,0,1,0,0,1,True,RSA,2048,65537,,,SHA256-RSA,0,1,0,0,DV,False,2,1,16,2,False,True,,True,True,,2,9,396.99998842592595,50.971666666666664,0,0,2,1,1,1,2,1,3,1,0,0,1,1,0,0,0,0,0,0,0,0,1
zgrab_587_Canada.json:97,zgrab_real,zgrab_587_Canada.json,97,Canada,SMTP_RESPONSE_OBSERVED,TLS_HANDSHAKE_SUCCEEDED,HANDSHAKE_SUCCEEDED,CERTIFICATE_OBSERVED,587,success,smtp,1,1,1,1,1,TLSv1.2,,TLS_RSA_WITH_AES_128_GCM_SHA256,,1,0,0,1,0,0,0,0,0,0,0,1,1,0,1,0,0,0,0,1,0,0,1,True,RSA,2048,65537,,,SHA256-RSA,0,1,0,0,DV,False,2,1,16,2,False,True,,True,True,,2,9,396.99998842592595,50.97165509259259,0,0,2,1,1,1,2,1,3,1,0,0,1,1,0,1,1,0,0,0,0,0,1
zgrab_587_Canada.json:98,zgrab_real,zgrab_587_Canada.json,98,Canada,SMTP_PROBE_FAILED,STARTTLS_NOT_OBSERVED,TLS_NOT_OBSERVED,CERTIFICATE_NOT_OBSERVED_NO_TLS,587,connection-timeout,smtp,0,0,0,0,0,,,,,,,,,,,,,,,,,,,,,,,,,,,0,,,,,,,,,,,,,,,,,,,,,,,,,,,,,,,,,,,,,,,,,,,,,,,,,0,0
zgrab_587_Canada.json:99,zgrab_real,zgrab_587_Canada.json,99,Canada,SMTP_RESPONSE_OBSERVED,TLS_HANDSHAKE_SUCCEEDED,HANDSHAKE_SUCCEEDED,CERTIFICATE_OBSERVED,587,success,smtp,1,1,1,1,1,TLSv1.2,TLSv1.3,TLS_AES_256_GCM_SHA384,x25519,2,1,1,0,0,0,0,0,0,0,0,1,1,0,0,0,1,0,0,1,0,0,1,True,RSA,2048,65537,,,SHA256-RSA,0,1,0,0,DV,False,1,0,27,1,False,True,,True,True,,2,10,89.99998842592592,40.21697916666667,0,0,3,0,1,0,1,1,2,1,1,1,1,1,0,0,0,0,0,0,0,0,1
zgrab_587_Canada.json:100,zgrab_real,zgrab_587_Canada.json,100,Canada,SMTP_PROBE_FAILED,STARTTLS_NOT_OBSERVED,TLS_NOT_OBSERVED,CERTIFICATE_NOT_OBSERVED_NO_TLS,587,protocol-error,smtp,0,0,0,0,0,,,,,,,,,,,,,,,,,,,,,,,,,,,0,,,,,,,,,,,,,,,,,,,,,,,,,,,,,,,,,,,,,,,,,,,,,,,,,0,0
zgrab_587_Italy.json:1,zgrab_real,zgrab_587_Italy.json,1,Italy,SMTP_RESPONSE_OBSERVED,STARTTLS_NOT_OBSERVED,TLS_NOT_OBSERVED,CERTIFICATE_NOT_OBSERVED_NO_TLS,587,success,smtp,1,1,0,0,0,,,,,,,,,,,,,,,,,,,,,,,,,,,0,,,,,,,,,,,,,,,,,,,,,,,,,,,,,,,,,,,,,,,,,,,,,,,,,1,0
zgrab_587_Italy.json:2,zgrab_real,zgrab_587_Italy.json,2,Italy,SMTP_RESPONSE_OBSERVED,STARTTLS_NOT_OBSERVED,TLS_NOT_OBSERVED,CERTIFICATE_NOT_OBSERVED_NO_TLS,587,success,smtp,1,1,0,0,0,,,,,,,,,,,,,,,,,,,,,,,,,,,0,,,,,,,,,,,,,,,,,,,,,,,,,,,,,,,,,,,,,,,,,,,,,,,,,1,0
zgrab_587_Italy.json:3,zgrab_real,zgrab_587_Italy.json,3,Italy,SMTP_RESPONSE_OBSERVED,STARTTLS_NOT_OBSERVED,TLS_NOT_OBSERVED,CERTIFICATE_NOT_OBSERVED_NO_TLS,587,success,smtp,1,1,0,0,0,,,,,,,,,,,,,,,,,,,,,,,,,,,0,,,,,,,,,,,,,,,,,,,,,,,,,,,,,,,,,,,,,,,,,,,,,,,,,1,0
zgrab_587_Italy.json:4,zgrab_real,zgrab_587_Italy.json,4,Italy,SMTP_RESPONSE_OBSERVED,TLS_HANDSHAKE_SUCCEEDED,HANDSHAKE_SUCCEEDED,CERTIFICATE_OBSERVED,587,success,smtp,1,1,1,1,1,TLSv1.2,,TLS_RSA_WITH_AES_128_GCM_SHA256,,1,0,0,1,0,0,0,0,0,0,0,1,1,0,1,0,0,0,0,1,0,0,1,False,RSA,2048,65537,,,SHA1-RSA,1,0,0,0,unknown,True,0,0,0,0,,,,,,,0,0,365.0,-6112.448622685185,1,0,0,0,0,0,0,0,0,0,0,0,0,0,0,1,1,0,1,0,1,0,1
zgrab_587_Italy.json:5,zgrab_real,zgrab_587_Italy.json,5,Italy,SMTP_RESPONSE_OBSERVED,STARTTLS_NOT_OBSERVED,TLS_NOT_OBSERVED,CERTIFICATE_NOT_OBSERVED_NO_TLS,587,success,smtp,1,1,0,0,0,,,,,,,,,,,,,,,,,,,,,,,,,,,0,,,,,,,,,,,,,,,,,,,,,,,,,,,,,,,,,,,,,,,,,,,,,,,,,1,0
zgrab_587_Italy.json:6,zgrab_real,zgrab_587_Italy.json,6,Italy,SMTP_RESPONSE_OBSERVED,STARTTLS_NOT_OBSERVED,TLS_NOT_OBSERVED,CERTIFICATE_NOT_OBSERVED_NO_TLS,587,success,smtp,1,1,0,0,0,,,,,,,,,,,,,,,,,,,,,,,,,,,0,,,,,,,,,,,,,,,,,,,,,,,,,,,,,,,,,,,,,,,,,,,,,,,,,1,0
zgrab_587_Italy.json:7,zgrab_real,zgrab_587_Italy.json,7,Italy,SMTP_RESPONSE_OBSERVED,STARTTLS_NOT_OBSERVED,TLS_NOT_OBSERVED,CERTIFICATE_NOT_OBSERVED_NO_TLS,587,success,smtp,1,1,0,0,0,,,,,,,,,,,,,,,,,,,,,,,,,,,0,,,,,,,,,,,,,,,,,,,,,,,,,,,,,,,,,,,,,,,,,,,,,,,,,1,0
zgrab_587_Italy.json:8,zgrab_real,zgrab_587_Italy.json,8,Italy,SMTP_RESPONSE_OBSERVED,STARTTLS_NOT_OBSERVED,TLS_NOT_OBSERVED,CERTIFICATE_NOT_OBSERVED_NO_TLS,587,success,smtp,1,1,0,0,0,,,,,,,,,,,,,,,,,,,,,,,,,,,0,,,,,,,,,,,,,,,,,,,,,,,,,,,,,,,,,,,,,,,,,,,,,,,,,1,0
zgrab_587_Italy.json:9,zgrab_real,zgrab_587_Italy.json,9,Italy,SMTP_RESPONSE_OBSERVED,STARTTLS_NOT_OBSERVED,TLS_NOT_OBSERVED,CERTIFICATE_NOT_OBSERVED_NO_TLS,587,success,smtp,1,1,0,0,0,,,,,,,,,,,,,,,,,,,,,,,,,,,0,,,,,,,,,,,,,,,,,,,,,,,,,,,,,,,,,,,,,,,,,,,,,,,,,1,0
zgrab_587_Italy.json:10,zgrab_real,zgrab_587_Italy.json,10,Italy,SMTP_RESPONSE_OBSERVED,STARTTLS_NOT_OBSERVED,TLS_NOT_OBSERVED,CERTIFICATE_NOT_OBSERVED_NO_TLS,587,success,smtp,1,1,0,0,0,,,,,,,,,,,,,,,,,,,,,,,,,,,0,,,,,,,,,,,,,,,,,,,,,,,,,,,,,,,,,,,,,,,,,,,,,,,,,1,0
zgrab_587_Italy.json:11,zgrab_real,zgrab_587_Italy.json,11,Italy,SMTP_RESPONSE_OBSERVED,STARTTLS_NOT_OBSERVED,TLS_NOT_OBSERVED,CERTIFICATE_NOT_OBSERVED_NO_TLS,587,success,smtp,1,1,0,0,0,,,,,,,,,,,,,,,,,,,,,,,,,,,0,,,,,,,,,,,,,,,,,,,,,,,,,,,,,,,,,,,,,,,,,,,,,,,,,1,0
zgrab_587_Italy.json:12,zgrab_real,zgrab_587_Italy.json,12,Italy,SMTP_RESPONSE_OBSERVED,STARTTLS_NOT_OBSERVED,TLS_NOT_OBSERVED,CERTIFICATE_NOT_OBSERVED_NO_TLS,587,success,smtp,1,1,0,0,0,,,,,,,,,,,,,,,,,,,,,,,,,,,0,,,,,,,,,,,,,,,,,,,,,,,,,,,,,,,,,,,,,,,,,,,,,,,,,1,0
zgrab_587_Italy.json:13,zgrab_real,zgrab_587_Italy.json,13,Italy,SMTP_RESPONSE_OBSERVED,STARTTLS_NOT_OBSERVED,TLS_NOT_OBSERVED,CERTIFICATE_NOT_OBSERVED_NO_TLS,587,success,smtp,1,1,0,0,0,,,,,,,,,,,,,,,,,,,,,,,,,,,0,,,,,,,,,,,,,,,,,,,,,,,,,,,,,,,,,,,,,,,,,,,,,,,,,1,0
zgrab_587_Italy.json:14,zgrab_real,zgrab_587_Italy.json,14,Italy,SMTP_RESPONSE_OBSERVED,STARTTLS_NOT_OBSERVED,TLS_NOT_OBSERVED,CERTIFICATE_NOT_OBSERVED_NO_TLS,587,success,smtp,1,1,0,0,0,,,,,,,,,,,,,,,,,,,,,,,,,,,0,,,,,,,,,,,,,,,,,,,,,,,,,,,,,,,,,,,,,,,,,,,,,,,,,1,0
zgrab_587_Italy.json:15,zgrab_real,zgrab_587_Italy.json,15,Italy,SMTP_RESPONSE_OBSERVED,STARTTLS_NOT_OBSERVED,TLS_NOT_OBSERVED,CERTIFICATE_NOT_OBSERVED_NO_TLS,587,success,smtp,1,1,0,0,0,,,,,,,,,,,,,,,,,,,,,,,,,,,0,,,,,,,,,,,,,,,,,,,,,,,,,,,,,,,,,,,,,,,,,,,,,,,,,1,0
zgrab_587_Italy.json:16,zgrab_real,zgrab_587_Italy.json,16,Italy,SMTP_RESPONSE_OBSERVED,STARTTLS_NOT_OBSERVED,TLS_NOT_OBSERVED,CERTIFICATE_NOT_OBSERVED_NO_TLS,587,success,smtp,1,1,0,0,0,,,,,,,,,,,,,,,,,,,,,,,,,,,0,,,,,,,,,,,,,,,,,,,,,,,,,,,,,,,,,,,,,,,,,,,,,,,,,1,0
zgrab_587_Italy.json:17,zgrab_real,zgrab_587_Italy.json,17,Italy,SMTP_RESPONSE_OBSERVED,STARTTLS_NOT_OBSERVED,TLS_NOT_OBSERVED,CERTIFICATE_NOT_OBSERVED_NO_TLS,587,success,smtp,1,1,0,0,0,,,,,,,,,,,,,,,,,,,,,,,,,,,0,,,,,,,,,,,,,,,,,,,,,,,,,,,,,,,,,,,,,,,,,,,,,,,,,1,0
zgrab_587_Italy.json:18,zgrab_real,zgrab_587_Italy.json,18,Italy,SMTP_RESPONSE_OBSERVED,STARTTLS_NOT_OBSERVED,TLS_NOT_OBSERVED,CERTIFICATE_NOT_OBSERVED_NO_TLS,587,success,smtp,1,1,0,0,0,,,,,,,,,,,,,,,,,,,,,,,,,,,0,,,,,,,,,,,,,,,,,,,,,,,,,,,,,,,,,,,,,,,,,,,,,,,,,1,0
zgrab_587_Italy.json:19,zgrab_real,zgrab_587_Italy.json,19,Italy,SMTP_RESPONSE_OBSERVED,STARTTLS_NOT_OBSERVED,TLS_NOT_OBSERVED,CERTIFICATE_NOT_OBSERVED_NO_TLS,587,success,smtp,1,1,0,0,0,,,,,,,,,,,,,,,,,,,,,,,,,,,0,,,,,,,,,,,,,,,,,,,,,,,,,,,,,,,,,,,,,,,,,,,,,,,,,1,0
zgrab_587_Italy.json:20,zgrab_real,zgrab_587_Italy.json,20,Italy,SMTP_RESPONSE_OBSERVED,STARTTLS_NOT_OBSERVED,TLS_NOT_OBSERVED,CERTIFICATE_NOT_OBSERVED_NO_TLS,587,success,smtp,1,1,0,0,0,,,,,,,,,,,,,,,,,,,,,,,,,,,0,,,,,,,,,,,,,,,,,,,,,,,,,,,,,,,,,,,,,,,,,,,,,,,,,1,0
zgrab_587_Italy.json:21,zgrab_real,zgrab_587_Italy.json,21,Italy,SMTP_RESPONSE_OBSERVED,STARTTLS_NOT_OBSERVED,TLS_NOT_OBSERVED,CERTIFICATE_NOT_OBSERVED_NO_TLS,587,success,smtp,1,1,0,0,0,,,,,,,,,,,,,,,,,,,,,,,,,,,0,,,,,,,,,,,,,,,,,,,,,,,,,,,,,,,,,,,,,,,,,,,,,,,,,1,0
zgrab_587_Italy.json:22,zgrab_real,zgrab_587_Italy.json,22,Italy,SMTP_RESPONSE_OBSERVED,STARTTLS_NOT_OBSERVED,TLS_NOT_OBSERVED,CERTIFICATE_NOT_OBSERVED_NO_TLS,587,success,smtp,1,1,0,0,0,,,,,,,,,,,,,,,,,,,,,,,,,,,0,,,,,,,,,,,,,,,,,,,,,,,,,,,,,,,,,,,,,,,,,,,,,,,,,1,0
zgrab_587_Italy.json:23,zgrab_real,zgrab_587_Italy.json,23,Italy,SMTP_RESPONSE_OBSERVED,STARTTLS_NOT_OBSERVED,TLS_NOT_OBSERVED,CERTIFICATE_NOT_OBSERVED_NO_TLS,587,success,smtp,1,1,0,0,0,,,,,,,,,,,,,,,,,,,,,,,,,,,0,,,,,,,,,,,,,,,,,,,,,,,,,,,,,,,,,,,,,,,,,,,,,,,,,1,0
zgrab_587_Italy.json:24,zgrab_real,zgrab_587_Italy.json,24,Italy,SMTP_RESPONSE_OBSERVED,STARTTLS_NOT_OBSERVED,TLS_NOT_OBSERVED,CERTIFICATE_NOT_OBSERVED_NO_TLS,587,success,smtp,1,1,0,0,0,,,,,,,,,,,,,,,,,,,,,,,,,,,0,,,,,,,,,,,,,,,,,,,,,,,,,,,,,,,,,,,,,,,,,,,,,,,,,1,0
zgrab_587_Italy.json:25,zgrab_real,zgrab_587_Italy.json,25,Italy,SMTP_RESPONSE_OBSERVED,STARTTLS_NOT_OBSERVED,TLS_NOT_OBSERVED,CERTIFICATE_NOT_OBSERVED_NO_TLS,587,success,smtp,1,1,0,0,0,,,,,,,,,,,,,,,,,,,,,,,,,,,0,,,,,,,,,,,,,,,,,,,,,,,,,,,,,,,,,,,,,,,,,,,,,,,,,1,0
zgrab_587_Italy.json:26,zgrab_real,zgrab_587_Italy.json,26,Italy,SMTP_RESPONSE_OBSERVED,STARTTLS_NOT_OBSERVED,TLS_NOT_OBSERVED,CERTIFICATE_NOT_OBSERVED_NO_TLS,587,success,smtp,1,1,0,0,0,,,,,,,,,,,,,,,,,,,,,,,,,,,0,,,,,,,,,,,,,,,,,,,,,,,,,,,,,,,,,,,,,,,,,,,,,,,,,1,0
zgrab_587_Italy.json:27,zgrab_real,zgrab_587_Italy.json,27,Italy,SMTP_RESPONSE_OBSERVED,STARTTLS_NOT_OBSERVED,TLS_NOT_OBSERVED,CERTIFICATE_NOT_OBSERVED_NO_TLS,587,success,smtp,1,1,0,0,0,,,,,,,,,,,,,,,,,,,,,,,,,,,0,,,,,,,,,,,,,,,,,,,,,,,,,,,,,,,,,,,,,,,,,,,,,,,,,1,0
zgrab_587_Italy.json:28,zgrab_real,zgrab_587_Italy.json,28,Italy,SMTP_RESPONSE_OBSERVED,STARTTLS_NOT_OBSERVED,TLS_NOT_OBSERVED,CERTIFICATE_NOT_OBSERVED_NO_TLS,587,success,smtp,1,1,0,0,0,,,,,,,,,,,,,,,,,,,,,,,,,,,0,,,,,,,,,,,,,,,,,,,,,,,,,,,,,,,,,,,,,,,,,,,,,,,,,1,0
zgrab_587_Italy.json:29,zgrab_real,zgrab_587_Italy.json,29,Italy,SMTP_RESPONSE_OBSERVED,STARTTLS_NOT_OBSERVED,TLS_NOT_OBSERVED,CERTIFICATE_NOT_OBSERVED_NO_TLS,587,success,smtp,1,1,0,0,0,,,,,,,,,,,,,,,,,,,,,,,,,,,0,,,,,,,,,,,,,,,,,,,,,,,,,,,,,,,,,,,,,,,,,,,,,,,,,1,0
zgrab_587_Italy.json:30,zgrab_real,zgrab_587_Italy.json,30,Italy,SMTP_RESPONSE_OBSERVED,STARTTLS_NOT_OBSERVED,TLS_NOT_OBSERVED,CERTIFICATE_NOT_OBSERVED_NO_TLS,587,success,smtp,1,1,0,0,0,,,,,,,,,,,,,,,,,,,,,,,,,,,0,,,,,,,,,,,,,,,,,,,,,,,,,,,,,,,,,,,,,,,,,,,,,,,,,1,0
zgrab_587_Italy.json:31,zgrab_real,zgrab_587_Italy.json,31,Italy,SMTP_RESPONSE_OBSERVED,STARTTLS_NOT_OBSERVED,TLS_NOT_OBSERVED,CERTIFICATE_NOT_OBSERVED_NO_TLS,587,success,smtp,1,1,0,0,0,,,,,,,,,,,,,,,,,,,,,,,,,,,0,,,,,,,,,,,,,,,,,,,,,,,,,,,,,,,,,,,,,,,,,,,,,,,,,1,0
zgrab_587_Italy.json:32,zgrab_real,zgrab_587_Italy.json,32,Italy,SMTP_RESPONSE_OBSERVED,TLS_HANDSHAKE_SUCCEEDED,HANDSHAKE_SUCCEEDED,CERTIFICATE_OBSERVED,587,success,smtp,1,1,1,1,1,TLSv1.2,,TLS_ECDHE_RSA_WITH_AES_128_GCM_SHA256,,2,0,0,1,1,0,0,0,0,0,0,1,1,0,0,1,1,0,0,1,0,0,1,True,RSA,2048,65537,,,SHA256-RSA,0,1,0,0,DV,False,1,0,16,1,False,True,,True,True,,2,10,89.99998842592592,31.87908564814815,0,0,2,0,1,0,1,1,2,1,1,1,1,1,0,0,0,0,0,0,0,0,1
zgrab_587_Italy.json:33,zgrab_real,zgrab_587_Italy.json,33,Italy,SMTP_RESPONSE_OBSERVED,STARTTLS_NOT_OBSERVED,TLS_NOT_OBSERVED,CERTIFICATE_NOT_OBSERVED_NO_TLS,587,success,smtp,1,1,0,0,0,,,,,,,,,,,,,,,,,,,,,,,,,,,0,,,,,,,,,,,,,,,,,,,,,,,,,,,,,,,,,,,,,,,,,,,,,,,,,1,0
zgrab_587_Italy.json:34,zgrab_real,zgrab_587_Italy.json,34,Italy,SMTP_RESPONSE_OBSERVED,STARTTLS_NOT_OBSERVED,TLS_NOT_OBSERVED,CERTIFICATE_NOT_OBSERVED_NO_TLS,587,success,smtp,1,1,0,0,0,,,,,,,,,,,,,,,,,,,,,,,,,,,0,,,,,,,,,,,,,,,,,,,,,,,,,,,,,,,,,,,,,,,,,,,,,,,,,1,0
zgrab_587_Italy.json:35,zgrab_real,zgrab_587_Italy.json,35,Italy,SMTP_RESPONSE_OBSERVED,STARTTLS_NOT_OBSERVED,TLS_NOT_OBSERVED,CERTIFICATE_NOT_OBSERVED_NO_TLS,587,success,smtp,1,1,0,0,0,,,,,,,,,,,,,,,,,,,,,,,,,,,0,,,,,,,,,,,,,,,,,,,,,,,,,,,,,,,,,,,,,,,,,,,,,,,,,1,0
zgrab_587_Italy.json:36,zgrab_real,zgrab_587_Italy.json,36,Italy,SMTP_RESPONSE_OBSERVED,TLS_HANDSHAKE_SUCCEEDED,HANDSHAKE_SUCCEEDED,CERTIFICATE_OBSERVED,587,success,smtp,1,1,1,1,1,TLSv1.2,TLSv1.3,TLS_AES_256_GCM_SHA384,secp256r1,2,1,1,0,0,0,0,0,0,0,0,1,1,0,0,0,1,0,0,1,0,0,1,True,RSA,2048,65537,,,SHA256-RSA,0,1,0,0,DV,False,1,0,21,1,False,True,,True,True,,2,10,89.99998842592592,35.634594907407404,0,0,2,0,1,0,1,1,2,1,1,1,1,1,0,0,0,0,0,0,0,0,1
zgrab_587_Italy.json:37,zgrab_real,zgrab_587_Italy.json,37,Italy,SMTP_RESPONSE_OBSERVED,STARTTLS_NOT_OBSERVED,TLS_NOT_OBSERVED,CERTIFICATE_NOT_OBSERVED_NO_TLS,587,success,smtp,1,1,0,0,0,,,,,,,,,,,,,,,,,,,,,,,,,,,0,,,,,,,,,,,,,,,,,,,,,,,,,,,,,,,,,,,,,,,,,,,,,,,,,1,0
zgrab_587_Italy.json:38,zgrab_real,zgrab_587_Italy.json,38,Italy,SMTP_RESPONSE_OBSERVED,STARTTLS_NOT_OBSERVED,TLS_NOT_OBSERVED,CERTIFICATE_NOT_OBSERVED_NO_TLS,587,success,smtp,1,1,0,0,0,,,,,,,,,,,,,,,,,,,,,,,,,,,0,,,,,,,,,,,,,,,,,,,,,,,,,,,,,,,,,,,,,,,,,,,,,,,,,1,0
zgrab_587_Italy.json:39,zgrab_real,zgrab_587_Italy.json,39,Italy,SMTP_RESPONSE_OBSERVED,STARTTLS_NOT_OBSERVED,TLS_NOT_OBSERVED,CERTIFICATE_NOT_OBSERVED_NO_TLS,587,success,smtp,1,1,0,0,0,,,,,,,,,,,,,,,,,,,,,,,,,,,0,,,,,,,,,,,,,,,,,,,,,,,,,,,,,,,,,,,,,,,,,,,,,,,,,1,0
zgrab_587_Italy.json:40,zgrab_real,zgrab_587_Italy.json,40,Italy,SMTP_RESPONSE_OBSERVED,STARTTLS_NOT_OBSERVED,TLS_NOT_OBSERVED,CERTIFICATE_NOT_OBSERVED_NO_TLS,587,success,smtp,1,1,0,0,0,,,,,,,,,,,,,,,,,,,,,,,,,,,0,,,,,,,,,,,,,,,,,,,,,,,,,,,,,,,,,,,,,,,,,,,,,,,,,1,0
zgrab_587_Italy.json:41,zgrab_real,zgrab_587_Italy.json,41,Italy,SMTP_RESPONSE_OBSERVED,STARTTLS_NOT_OBSERVED,TLS_NOT_OBSERVED,CERTIFICATE_NOT_OBSERVED_NO_TLS,587,success,smtp,1,1,0,0,0,,,,,,,,,,,,,,,,,,,,,,,,,,,0,,,,,,,,,,,,,,,,,,,,,,,,,,,,,,,,,,,,,,,,,,,,,,,,,1,0
zgrab_587_Italy.json:42,zgrab_real,zgrab_587_Italy.json,42,Italy,SMTP_RESPONSE_OBSERVED,STARTTLS_NOT_OBSERVED,TLS_NOT_OBSERVED,CERTIFICATE_NOT_OBSERVED_NO_TLS,587,success,smtp,1,1,0,0,0,,,,,,,,,,,,,,,,,,,,,,,,,,,0,,,,,,,,,,,,,,,,,,,,,,,,,,,,,,,,,,,,,,,,,,,,,,,,,1,0
zgrab_587_Italy.json:43,zgrab_real,zgrab_587_Italy.json,43,Italy,SMTP_RESPONSE_OBSERVED,STARTTLS_NOT_OBSERVED,TLS_NOT_OBSERVED,CERTIFICATE_NOT_OBSERVED_NO_TLS,587,success,smtp,1,1,0,0,0,,,,,,,,,,,,,,,,,,,,,,,,,,,0,,,,,,,,,,,,,,,,,,,,,,,,,,,,,,,,,,,,,,,,,,,,,,,,,1,0
zgrab_587_Italy.json:44,zgrab_real,zgrab_587_Italy.json,44,Italy,SMTP_RESPONSE_OBSERVED,TLS_HANDSHAKE_SUCCEEDED,HANDSHAKE_SUCCEEDED,CERTIFICATE_OBSERVED,587,success,smtp,1,1,1,1,1,TLSv1.2,TLSv1.3,TLS_AES_256_GCM_SHA384,secp256r1,2,1,1,0,0,0,0,0,0,0,0,1,1,0,0,0,1,0,0,1,0,0,1,True,RSA,2048,65537,,,SHA256-RSA,0,1,0,0,DV,False,1,0,30,1,False,True,,True,True,,2,10,89.99998842592592,23.475601851851852,0,0,2,0,1,0,1,1,2,1,1,1,1,1,0,0,0,0,0,0,0,0,1
zgrab_587_Italy.json:45,zgrab_real,zgrab_587_Italy.json,45,Italy,SMTP_RESPONSE_OBSERVED,TLS_HANDSHAKE_SUCCEEDED,HANDSHAKE_SUCCEEDED,CERTIFICATE_OBSERVED,587,success,smtp,1,1,1,1,1,TLSv1.2,TLSv1.3,TLS_AES_256_GCM_SHA384,secp256r1,2,1,1,0,0,0,0,0,0,0,0,1,1,0,0,0,1,0,0,1,0,0,1,True,RSA,2048,65537,,,SHA256-RSA,0,1,0,0,DV,False,1,0,30,1,False,True,,True,True,,2,10,89.99998842592592,23.475590277777776,0,0,2,0,1,0,1,1,2,1,1,1,1,1,0,0,0,0,0,0,0,0,1
zgrab_587_Italy.json:46,zgrab_real,zgrab_587_Italy.json,46,Italy,SMTP_RESPONSE_OBSERVED,TLS_HANDSHAKE_SUCCEEDED,HANDSHAKE_SUCCEEDED,CERTIFICATE_OBSERVED,587,success,smtp,1,1,1,1,1,TLSv1.2,TLSv1.3,TLS_AES_256_GCM_SHA384,secp256r1,2,1,1,0,0,0,0,0,0,0,0,1,1,0,0,0,1,0,0,1,0,0,1,True,RSA,2048,65537,,,SHA256-RSA,0,1,0,0,DV,False,1,0,30,1,False,True,,True,True,,2,10,89.99998842592592,23.475578703703704,0,0,2,0,1,0,1,1,2,1,1,1,1,1,0,0,0,0,0,0,0,0,1
zgrab_587_Italy.json:47,zgrab_real,zgrab_587_Italy.json,47,Italy,SMTP_RESPONSE_OBSERVED,STARTTLS_NOT_OBSERVED,TLS_NOT_OBSERVED,CERTIFICATE_NOT_OBSERVED_NO_TLS,587,success,smtp,1,1,0,0,0,,,,,,,,,,,,,,,,,,,,,,,,,,,0,,,,,,,,,,,,,,,,,,,,,,,,,,,,,,,,,,,,,,,,,,,,,,,,,1,0
zgrab_587_Italy.json:48,zgrab_real,zgrab_587_Italy.json,48,Italy,SMTP_RESPONSE_OBSERVED,STARTTLS_NOT_OBSERVED,TLS_NOT_OBSERVED,CERTIFICATE_NOT_OBSERVED_NO_TLS,587,success,smtp,1,1,0,0,0,,,,,,,,,,,,,,,,,,,,,,,,,,,0,,,,,,,,,,,,,,,,,,,,,,,,,,,,,,,,,,,,,,,,,,,,,,,,,1,0
zgrab_587_Italy.json:49,zgrab_real,zgrab_587_Italy.json,49,Italy,SMTP_RESPONSE_OBSERVED,STARTTLS_NOT_OBSERVED,TLS_NOT_OBSERVED,CERTIFICATE_NOT_OBSERVED_NO_TLS,587,success,smtp,1,1,0,0,0,,,,,,,,,,,,,,,,,,,,,,,,,,,0,,,,,,,,,,,,,,,,,,,,,,,,,,,,,,,,,,,,,,,,,,,,,,,,,1,0
zgrab_587_Italy.json:50,zgrab_real,zgrab_587_Italy.json,50,Italy,SMTP_RESPONSE_OBSERVED,TLS_HANDSHAKE_SUCCEEDED,HANDSHAKE_SUCCEEDED,CERTIFICATE_OBSERVED,587,success,smtp,1,1,1,1,1,TLSv1.2,,TLS_RSA_WITH_AES_256_GCM_SHA384,,1,0,0,1,0,0,0,0,0,0,0,1,1,0,1,0,0,0,0,1,0,0,1,False,RSA,2048,65537,,,SHA1-RSA,1,0,0,0,unknown,True,0,0,0,0,,,,,,,0,0,365.0,-4205.293969907408,1,0,0,0,0,0,0,0,0,0,0,0,0,0,0,1,1,0,1,0,1,0,1
zgrab_587_Italy.json:51,zgrab_real,zgrab_587_Italy.json,51,Italy,SMTP_RESPONSE_OBSERVED,STARTTLS_NOT_OBSERVED,TLS_NOT_OBSERVED,CERTIFICATE_NOT_OBSERVED_NO_TLS,587,success,smtp,1,1,0,0,0,,,,,,,,,,,,,,,,,,,,,,,,,,,0,,,,,,,,,,,,,,,,,,,,,,,,,,,,,,,,,,,,,,,,,,,,,,,,,1,0
zgrab_587_Italy.json:52,zgrab_real,zgrab_587_Italy.json,52,Italy,SMTP_RESPONSE_OBSERVED,STARTTLS_NOT_OBSERVED,TLS_NOT_OBSERVED,CERTIFICATE_NOT_OBSERVED_NO_TLS,587,success,smtp,1,1,0,0,0,,,,,,,,,,,,,,,,,,,,,,,,,,,0,,,,,,,,,,,,,,,,,,,,,,,,,,,,,,,,,,,,,,,,,,,,,,,,,1,0
zgrab_587_Italy.json:53,zgrab_real,zgrab_587_Italy.json,53,Italy,SMTP_RESPONSE_OBSERVED,STARTTLS_NOT_OBSERVED,TLS_NOT_OBSERVED,CERTIFICATE_NOT_OBSERVED_NO_TLS,587,success,smtp,1,1,0,0,0,,,,,,,,,,,,,,,,,,,,,,,,,,,0,,,,,,,,,,,,,,,,,,,,,,,,,,,,,,,,,,,,,,,,,,,,,,,,,1,0
zgrab_587_Italy.json:54,zgrab_real,zgrab_587_Italy.json,54,Italy,SMTP_RESPONSE_OBSERVED,STARTTLS_NOT_OBSERVED,TLS_NOT_OBSERVED,CERTIFICATE_NOT_OBSERVED_NO_TLS,587,success,smtp,1,1,0,0,0,,,,,,,,,,,,,,,,,,,,,,,,,,,0,,,,,,,,,,,,,,,,,,,,,,,,,,,,,,,,,,,,,,,,,,,,,,,,,1,0
zgrab_587_Italy.json:55,zgrab_real,zgrab_587_Italy.json,55,Italy,SMTP_RESPONSE_OBSERVED,STARTTLS_NOT_OBSERVED,TLS_NOT_OBSERVED,CERTIFICATE_NOT_OBSERVED_NO_TLS,587,success,smtp,1,1,0,0,0,,,,,,,,,,,,,,,,,,,,,,,,,,,0,,,,,,,,,,,,,,,,,,,,,,,,,,,,,,,,,,,,,,,,,,,,,,,,,1,0
zgrab_587_Italy.json:56,zgrab_real,zgrab_587_Italy.json,56,Italy,SMTP_RESPONSE_OBSERVED,STARTTLS_NOT_OBSERVED,TLS_NOT_OBSERVED,CERTIFICATE_NOT_OBSERVED_NO_TLS,587,success,smtp,1,1,0,0,0,,,,,,,,,,,,,,,,,,,,,,,,,,,0,,,,,,,,,,,,,,,,,,,,,,,,,,,,,,,,,,,,,,,,,,,,,,,,,1,0
zgrab_587_Italy.json:57,zgrab_real,zgrab_587_Italy.json,57,Italy,SMTP_RESPONSE_OBSERVED,STARTTLS_NOT_OBSERVED,TLS_NOT_OBSERVED,CERTIFICATE_NOT_OBSERVED_NO_TLS,587,success,smtp,1,1,0,0,0,,,,,,,,,,,,,,,,,,,,,,,,,,,0,,,,,,,,,,,,,,,,,,,,,,,,,,,,,,,,,,,,,,,,,,,,,,,,,1,0
zgrab_587_Italy.json:58,zgrab_real,zgrab_587_Italy.json,58,Italy,SMTP_RESPONSE_OBSERVED,STARTTLS_NOT_OBSERVED,TLS_NOT_OBSERVED,CERTIFICATE_NOT_OBSERVED_NO_TLS,587,success,smtp,1,1,0,0,0,,,,,,,,,,,,,,,,,,,,,,,,,,,0,,,,,,,,,,,,,,,,,,,,,,,,,,,,,,,,,,,,,,,,,,,,,,,,,1,0
zgrab_587_Italy.json:59,zgrab_real,zgrab_587_Italy.json,59,Italy,SMTP_RESPONSE_OBSERVED,STARTTLS_NOT_OBSERVED,TLS_NOT_OBSERVED,CERTIFICATE_NOT_OBSERVED_NO_TLS,587,success,smtp,1,1,0,0,0,,,,,,,,,,,,,,,,,,,,,,,,,,,0,,,,,,,,,,,,,,,,,,,,,,,,,,,,,,,,,,,,,,,,,,,,,,,,,1,0
zgrab_587_Italy.json:60,zgrab_real,zgrab_587_Italy.json,60,Italy,SMTP_RESPONSE_OBSERVED,STARTTLS_NOT_OBSERVED,TLS_NOT_OBSERVED,CERTIFICATE_NOT_OBSERVED_NO_TLS,587,success,smtp,1,1,0,0,0,,,,,,,,,,,,,,,,,,,,,,,,,,,0,,,,,,,,,,,,,,,,,,,,,,,,,,,,,,,,,,,,,,,,,,,,,,,,,1,0
zgrab_587_Italy.json:61,zgrab_real,zgrab_587_Italy.json,61,Italy,SMTP_RESPONSE_OBSERVED,STARTTLS_NOT_OBSERVED,TLS_NOT_OBSERVED,CERTIFICATE_NOT_OBSERVED_NO_TLS,587,success,smtp,1,1,0,0,0,,,,,,,,,,,,,,,,,,,,,,,,,,,0,,,,,,,,,,,,,,,,,,,,,,,,,,,,,,,,,,,,,,,,,,,,,,,,,1,0
zgrab_587_Italy.json:62,zgrab_real,zgrab_587_Italy.json,62,Italy,SMTP_RESPONSE_OBSERVED,STARTTLS_NOT_OBSERVED,TLS_NOT_OBSERVED,CERTIFICATE_NOT_OBSERVED_NO_TLS,587,success,smtp,1,1,0,0,0,,,,,,,,,,,,,,,,,,,,,,,,,,,0,,,,,,,,,,,,,,,,,,,,,,,,,,,,,,,,,,,,,,,,,,,,,,,,,1,0
zgrab_587_Italy.json:63,zgrab_real,zgrab_587_Italy.json,63,Italy,SMTP_RESPONSE_OBSERVED,STARTTLS_NOT_OBSERVED,TLS_NOT_OBSERVED,CERTIFICATE_NOT_OBSERVED_NO_TLS,587,success,smtp,1,1,0,0,0,,,,,,,,,,,,,,,,,,,,,,,,,,,0,,,,,,,,,,,,,,,,,,,,,,,,,,,,,,,,,,,,,,,,,,,,,,,,,1,0
zgrab_587_Italy.json:64,zgrab_real,zgrab_587_Italy.json,64,Italy,SMTP_PROBE_FAILED,STARTTLS_NOT_OBSERVED,TLS_NOT_OBSERVED,CERTIFICATE_NOT_OBSERVED_NO_TLS,587,connection-timeout,smtp,0,0,0,0,0,,,,,,,,,,,,,,,,,,,,,,,,,,,0,,,,,,,,,,,,,,,,,,,,,,,,,,,,,,,,,,,,,,,,,,,,,,,,,0,0
zgrab_587_Italy.json:65,zgrab_real,zgrab_587_Italy.json,65,Italy,SMTP_RESPONSE_OBSERVED,STARTTLS_NOT_OBSERVED,TLS_NOT_OBSERVED,CERTIFICATE_NOT_OBSERVED_NO_TLS,587,success,smtp,1,1,0,0,0,,,,,,,,,,,,,,,,,,,,,,,,,,,0,,,,,,,,,,,,,,,,,,,,,,,,,,,,,,,,,,,,,,,,,,,,,,,,,1,0
zgrab_587_Italy.json:66,zgrab_real,zgrab_587_Italy.json,66,Italy,SMTP_RESPONSE_OBSERVED,TLS_HANDSHAKE_SUCCEEDED,HANDSHAKE_SUCCEEDED,CERTIFICATE_OBSERVED,587,success,smtp,1,1,1,1,1,TLSv1.2,,TLS_ECDHE_RSA_WITH_AES_256_GCM_SHA384,,2,0,0,1,1,0,0,0,0,0,0,1,1,0,0,1,1,0,0,1,0,0,1,True,RSA,2048,65537,,,SHA256-RSA,0,1,0,0,DV,False,1,0,17,1,False,True,,True,True,,2,10,89.99998842592592,85.585625,0,0,2,0,1,0,1,1,2,1,1,1,1,1,0,0,0,0,0,0,0,0,1
zgrab_587_Italy.json:67,zgrab_real,zgrab_587_Italy.json,67,Italy,SMTP_RESPONSE_OBSERVED,STARTTLS_NOT_OBSERVED,TLS_NOT_OBSERVED,CERTIFICATE_NOT_OBSERVED_NO_TLS,587,success,smtp,1,1,0,0,0,,,,,,,,,,,,,,,,,,,,,,,,,,,0,,,,,,,,,,,,,,,,,,,,,,,,,,,,,,,,,,,,,,,,,,,,,,,,,1,0
zgrab_587_Italy.json:68,zgrab_real,zgrab_587_Italy.json,68,Italy,SMTP_RESPONSE_OBSERVED,TLS_HANDSHAKE_SUCCEEDED,HANDSHAKE_SUCCEEDED,CERTIFICATE_OBSERVED,587,success,smtp,1,1,1,1,1,TLSv1.2,TLSv1.3,TLS_AES_256_GCM_SHA384,secp256r1,2,1,1,0,0,0,0,0,0,0,0,1,1,0,0,0,1,0,0,1,0,0,1,True,RSA,2048,65537,,,SHA256-RSA,0,1,0,0,DV,False,1,0,17,1,False,True,,True,True,,2,10,89.99998842592592,31.377025462962962,0,0,2,0,1,0,1,1,2,1,1,1,1,1,0,0,0,0,0,0,0,0,1
zgrab_587_Italy.json:69,zgrab_real,zgrab_587_Italy.json,69,Italy,SMTP_RESPONSE_OBSERVED,TLS_HANDSHAKE_SUCCEEDED,HANDSHAKE_SUCCEEDED,CERTIFICATE_OBSERVED,587,success,smtp,1,1,1,1,1,TLSv1.0,,TLS_RSA_WITH_AES_128_CBC_SHA,,1,0,0,1,0,0,0,0,0,0,0,1,0,1,1,0,0,1,0,0,0,1,1,True,RSA,2048,65537,,,SHA256-RSA,0,1,0,0,DV,False,1,0,16,1,False,True,,True,True,,2,10,89.99998842592592,64.55609953703704,0,0,2,0,1,0,1,1,2,1,1,1,1,1,1,1,1,1,0,0,0,0,1
zgrab_587_Italy.json:70,zgrab_real,zgrab_587_Italy.json,70,Italy,SMTP_RESPONSE_OBSERVED,TLS_HANDSHAKE_SUCCEEDED,HANDSHAKE_SUCCEEDED,CERTIFICATE_OBSERVED,587,success,smtp,1,1,1,1,1,TLSv1.2,TLSv1.3,TLS_AES_256_GCM_SHA384,secp256r1,2,1,1,0,0,0,0,0,0,0,0,1,1,0,0,0,1,0,0,1,0,0,1,True,RSA,2048,65537,,,SHA256-RSA,0,1,0,0,DV,False,1,0,17,1,False,True,,True,True,,2,10,89.99998842592592,52.46047453703704,0,0,2,0,1,0,1,1,2,1,1,1,1,1,0,0,0,0,0,0,0,0,1
zgrab_587_Italy.json:71,zgrab_real,zgrab_587_Italy.json,71,Italy,SMTP_RESPONSE_OBSERVED,STARTTLS_NOT_OBSERVED,TLS_NOT_OBSERVED,CERTIFICATE_NOT_OBSERVED_NO_TLS,587,success,smtp,1,1,0,0,0,,,,,,,,,,,,,,,,,,,,,,,,,,,0,,,,,,,,,,,,,,,,,,,,,,,,,,,,,,,,,,,,,,,,,,,,,,,,,1,0
zgrab_587_Italy.json:72,zgrab_real,zgrab_587_Italy.json,72,Italy,SMTP_RESPONSE_OBSERVED,STARTTLS_NOT_OBSERVED,TLS_NOT_OBSERVED,CERTIFICATE_NOT_OBSERVED_NO_TLS,587,success,smtp,1,1,0,0,0,,,,,,,,,,,,,,,,,,,,,,,,,,,0,,,,,,,,,,,,,,,,,,,,,,,,,,,,,,,,,,,,,,,,,,,,,,,,,1,0
zgrab_587_Italy.json:73,zgrab_real,zgrab_587_Italy.json,73,Italy,SMTP_RESPONSE_OBSERVED,STARTTLS_NOT_OBSERVED,TLS_NOT_OBSERVED,CERTIFICATE_NOT_OBSERVED_NO_TLS,587,success,smtp,1,1,0,0,0,,,,,,,,,,,,,,,,,,,,,,,,,,,0,,,,,,,,,,,,,,,,,,,,,,,,,,,,,,,,,,,,,,,,,,,,,,,,,1,0
zgrab_587_Italy.json:74,zgrab_real,zgrab_587_Italy.json,74,Italy,SMTP_RESPONSE_OBSERVED,STARTTLS_NOT_OBSERVED,TLS_NOT_OBSERVED,CERTIFICATE_NOT_OBSERVED_NO_TLS,587,success,smtp,1,1,0,0,0,,,,,,,,,,,,,,,,,,,,,,,,,,,0,,,,,,,,,,,,,,,,,,,,,,,,,,,,,,,,,,,,,,,,,,,,,,,,,1,0
zgrab_587_Italy.json:75,zgrab_real,zgrab_587_Italy.json,75,Italy,SMTP_RESPONSE_OBSERVED,STARTTLS_NOT_OBSERVED,TLS_NOT_OBSERVED,CERTIFICATE_NOT_OBSERVED_NO_TLS,587,success,smtp,1,1,0,0,0,,,,,,,,,,,,,,,,,,,,,,,,,,,0,,,,,,,,,,,,,,,,,,,,,,,,,,,,,,,,,,,,,,,,,,,,,,,,,1,0
zgrab_587_Italy.json:76,zgrab_real,zgrab_587_Italy.json,76,Italy,SMTP_RESPONSE_OBSERVED,STARTTLS_NOT_OBSERVED,TLS_NOT_OBSERVED,CERTIFICATE_NOT_OBSERVED_NO_TLS,587,success,smtp,1,1,0,0,0,,,,,,,,,,,,,,,,,,,,,,,,,,,0,,,,,,,,,,,,,,,,,,,,,,,,,,,,,,,,,,,,,,,,,,,,,,,,,1,0
zgrab_587_Italy.json:77,zgrab_real,zgrab_587_Italy.json,77,Italy,SMTP_RESPONSE_OBSERVED,STARTTLS_NOT_OBSERVED,TLS_NOT_OBSERVED,CERTIFICATE_NOT_OBSERVED_NO_TLS,587,success,smtp,1,1,0,0,0,,,,,,,,,,,,,,,,,,,,,,,,,,,0,,,,,,,,,,,,,,,,,,,,,,,,,,,,,,,,,,,,,,,,,,,,,,,,,1,0
zgrab_587_Italy.json:78,zgrab_real,zgrab_587_Italy.json,78,Italy,SMTP_RESPONSE_OBSERVED,STARTTLS_NOT_OBSERVED,TLS_NOT_OBSERVED,CERTIFICATE_NOT_OBSERVED_NO_TLS,587,success,smtp,1,1,0,0,0,,,,,,,,,,,,,,,,,,,,,,,,,,,0,,,,,,,,,,,,,,,,,,,,,,,,,,,,,,,,,,,,,,,,,,,,,,,,,1,0
zgrab_587_Italy.json:79,zgrab_real,zgrab_587_Italy.json,79,Italy,SMTP_RESPONSE_OBSERVED,STARTTLS_NOT_OBSERVED,TLS_NOT_OBSERVED,CERTIFICATE_NOT_OBSERVED_NO_TLS,587,success,smtp,1,1,0,0,0,,,,,,,,,,,,,,,,,,,,,,,,,,,0,,,,,,,,,,,,,,,,,,,,,,,,,,,,,,,,,,,,,,,,,,,,,,,,,1,0
zgrab_587_Italy.json:80,zgrab_real,zgrab_587_Italy.json,80,Italy,SMTP_RESPONSE_OBSERVED,STARTTLS_NOT_OBSERVED,TLS_NOT_OBSERVED,CERTIFICATE_NOT_OBSERVED_NO_TLS,587,success,smtp,1,1,0,0,0,,,,,,,,,,,,,,,,,,,,,,,,,,,0,,,,,,,,,,,,,,,,,,,,,,,,,,,,,,,,,,,,,,,,,,,,,,,,,1,0
zgrab_587_Italy.json:81,zgrab_real,zgrab_587_Italy.json,81,Italy,SMTP_RESPONSE_OBSERVED,STARTTLS_NOT_OBSERVED,TLS_NOT_OBSERVED,CERTIFICATE_NOT_OBSERVED_NO_TLS,587,success,smtp,1,1,0,0,0,,,,,,,,,,,,,,,,,,,,,,,,,,,0,,,,,,,,,,,,,,,,,,,,,,,,,,,,,,,,,,,,,,,,,,,,,,,,,1,0
zgrab_587_Italy.json:82,zgrab_real,zgrab_587_Italy.json,82,Italy,SMTP_RESPONSE_OBSERVED,STARTTLS_NOT_OBSERVED,TLS_NOT_OBSERVED,CERTIFICATE_NOT_OBSERVED_NO_TLS,587,success,smtp,1,1,0,0,0,,,,,,,,,,,,,,,,,,,,,,,,,,,0,,,,,,,,,,,,,,,,,,,,,,,,,,,,,,,,,,,,,,,,,,,,,,,,,1,0
zgrab_587_Italy.json:83,zgrab_real,zgrab_587_Italy.json,83,Italy,SMTP_RESPONSE_OBSERVED,STARTTLS_NOT_OBSERVED,TLS_NOT_OBSERVED,CERTIFICATE_NOT_OBSERVED_NO_TLS,587,success,smtp,1,1,0,0,0,,,,,,,,,,,,,,,,,,,,,,,,,,,0,,,,,,,,,,,,,,,,,,,,,,,,,,,,,,,,,,,,,,,,,,,,,,,,,1,0
zgrab_587_Italy.json:84,zgrab_real,zgrab_587_Italy.json,84,Italy,SMTP_RESPONSE_OBSERVED,STARTTLS_NOT_OBSERVED,TLS_NOT_OBSERVED,CERTIFICATE_NOT_OBSERVED_NO_TLS,587,success,smtp,1,1,0,0,0,,,,,,,,,,,,,,,,,,,,,,,,,,,0,,,,,,,,,,,,,,,,,,,,,,,,,,,,,,,,,,,,,,,,,,,,,,,,,1,0
zgrab_587_Italy.json:85,zgrab_real,zgrab_587_Italy.json,85,Italy,SMTP_RESPONSE_OBSERVED,STARTTLS_NOT_OBSERVED,TLS_NOT_OBSERVED,CERTIFICATE_NOT_OBSERVED_NO_TLS,587,success,smtp,1,1,0,0,0,,,,,,,,,,,,,,,,,,,,,,,,,,,0,,,,,,,,,,,,,,,,,,,,,,,,,,,,,,,,,,,,,,,,,,,,,,,,,1,0
zgrab_587_Italy.json:86,zgrab_real,zgrab_587_Italy.json,86,Italy,SMTP_RESPONSE_OBSERVED,STARTTLS_NOT_OBSERVED,TLS_NOT_OBSERVED,CERTIFICATE_NOT_OBSERVED_NO_TLS,587,success,smtp,1,1,0,0,0,,,,,,,,,,,,,,,,,,,,,,,,,,,0,,,,,,,,,,,,,,,,,,,,,,,,,,,,,,,,,,,,,,,,,,,,,,,,,1,0
zgrab_587_Italy.json:87,zgrab_real,zgrab_587_Italy.json,87,Italy,SMTP_RESPONSE_OBSERVED,STARTTLS_NOT_OBSERVED,TLS_NOT_OBSERVED,CERTIFICATE_NOT_OBSERVED_NO_TLS,587,success,smtp,1,1,0,0,0,,,,,,,,,,,,,,,,,,,,,,,,,,,0,,,,,,,,,,,,,,,,,,,,,,,,,,,,,,,,,,,,,,,,,,,,,,,,,1,0
zgrab_587_Italy.json:88,zgrab_real,zgrab_587_Italy.json,88,Italy,SMTP_RESPONSE_OBSERVED,STARTTLS_NOT_OBSERVED,TLS_NOT_OBSERVED,CERTIFICATE_NOT_OBSERVED_NO_TLS,587,success,smtp,1,1,0,0,0,,,,,,,,,,,,,,,,,,,,,,,,,,,0,,,,,,,,,,,,,,,,,,,,,,,,,,,,,,,,,,,,,,,,,,,,,,,,,1,0
zgrab_587_Italy.json:89,zgrab_real,zgrab_587_Italy.json,89,Italy,SMTP_RESPONSE_OBSERVED,STARTTLS_NOT_OBSERVED,TLS_NOT_OBSERVED,CERTIFICATE_NOT_OBSERVED_NO_TLS,587,success,smtp,1,1,0,0,0,,,,,,,,,,,,,,,,,,,,,,,,,,,0,,,,,,,,,,,,,,,,,,,,,,,,,,,,,,,,,,,,,,,,,,,,,,,,,1,0
zgrab_587_Italy.json:90,zgrab_real,zgrab_587_Italy.json,90,Italy,SMTP_RESPONSE_OBSERVED,STARTTLS_NOT_OBSERVED,TLS_NOT_OBSERVED,CERTIFICATE_NOT_OBSERVED_NO_TLS,587,success,smtp,1,1,0,0,0,,,,,,,,,,,,,,,,,,,,,,,,,,,0,,,,,,,,,,,,,,,,,,,,,,,,,,,,,,,,,,,,,,,,,,,,,,,,,1,0
zgrab_587_Italy.json:91,zgrab_real,zgrab_587_Italy.json,91,Italy,SMTP_RESPONSE_OBSERVED,TLS_HANDSHAKE_SUCCEEDED,HANDSHAKE_SUCCEEDED,CERTIFICATE_OBSERVED,587,success,smtp,1,1,1,1,1,TLSv1.2,TLSv1.3,TLS_CHACHA20_POLY1305_SHA256,x25519,2,1,1,0,0,0,0,0,0,0,0,1,1,0,0,0,1,0,0,1,0,0,1,True,RSA,2048,65537,,,SHA256-RSA,0,1,0,0,DV,False,12,0,38,12,False,True,,True,True,,2,10,89.99998842592592,46.73020833333333,0,0,2,0,1,0,1,1,2,1,1,1,1,1,0,0,0,0,0,0,0,0,1
zgrab_587_Italy.json:92,zgrab_real,zgrab_587_Italy.json,92,Italy,SMTP_PROBE_FAILED,STARTTLS_NOT_OBSERVED,TLS_NOT_OBSERVED,CERTIFICATE_NOT_OBSERVED_NO_TLS,587,connection-timeout,smtp,0,0,0,0,0,,,,,,,,,,,,,,,,,,,,,,,,,,,0,,,,,,,,,,,,,,,,,,,,,,,,,,,,,,,,,,,,,,,,,,,,,,,,,0,0
zgrab_587_Italy.json:93,zgrab_real,zgrab_587_Italy.json,93,Italy,SMTP_RESPONSE_OBSERVED,STARTTLS_NOT_OBSERVED,TLS_NOT_OBSERVED,CERTIFICATE_NOT_OBSERVED_NO_TLS,587,success,smtp,1,1,0,0,0,,,,,,,,,,,,,,,,,,,,,,,,,,,0,,,,,,,,,,,,,,,,,,,,,,,,,,,,,,,,,,,,,,,,,,,,,,,,,1,0
zgrab_587_Italy.json:94,zgrab_real,zgrab_587_Italy.json,94,Italy,SMTP_RESPONSE_OBSERVED,STARTTLS_NOT_OBSERVED,TLS_NOT_OBSERVED,CERTIFICATE_NOT_OBSERVED_NO_TLS,587,success,smtp,1,1,0,0,0,,,,,,,,,,,,,,,,,,,,,,,,,,,0,,,,,,,,,,,,,,,,,,,,,,,,,,,,,,,,,,,,,,,,,,,,,,,,,1,0
zgrab_587_Italy.json:95,zgrab_real,zgrab_587_Italy.json,95,Italy,SMTP_RESPONSE_OBSERVED,STARTTLS_NOT_OBSERVED,TLS_NOT_OBSERVED,CERTIFICATE_NOT_OBSERVED_NO_TLS,587,success,smtp,1,1,0,0,0,,,,,,,,,,,,,,,,,,,,,,,,,,,0,,,,,,,,,,,,,,,,,,,,,,,,,,,,,,,,,,,,,,,,,,,,,,,,,1,0
zgrab_587_Italy.json:96,zgrab_real,zgrab_587_Italy.json,96,Italy,SMTP_RESPONSE_OBSERVED,STARTTLS_NOT_OBSERVED,TLS_NOT_OBSERVED,CERTIFICATE_NOT_OBSERVED_NO_TLS,587,success,smtp,1,1,0,0,0,,,,,,,,,,,,,,,,,,,,,,,,,,,0,,,,,,,,,,,,,,,,,,,,,,,,,,,,,,,,,,,,,,,,,,,,,,,,,1,0
zgrab_587_Italy.json:97,zgrab_real,zgrab_587_Italy.json,97,Italy,SMTP_RESPONSE_OBSERVED,STARTTLS_NOT_OBSERVED,TLS_NOT_OBSERVED,CERTIFICATE_NOT_OBSERVED_NO_TLS,587,success,smtp,1,1,0,0,0,,,,,,,,,,,,,,,,,,,,,,,,,,,0,,,,,,,,,,,,,,,,,,,,,,,,,,,,,,,,,,,,,,,,,,,,,,,,,1,0
zgrab_587_Italy.json:98,zgrab_real,zgrab_587_Italy.json,98,Italy,SMTP_RESPONSE_OBSERVED,STARTTLS_NOT_OBSERVED,TLS_NOT_OBSERVED,CERTIFICATE_NOT_OBSERVED_NO_TLS,587,success,smtp,1,1,0,0,0,,,,,,,,,,,,,,,,,,,,,,,,,,,0,,,,,,,,,,,,,,,,,,,,,,,,,,,,,,,,,,,,,,,,,,,,,,,,,1,0
zgrab_587_Italy.json:99,zgrab_real,zgrab_587_Italy.json,99,Italy,SMTP_RESPONSE_OBSERVED,STARTTLS_NOT_OBSERVED,TLS_NOT_OBSERVED,CERTIFICATE_NOT_OBSERVED_NO_TLS,587,success,smtp,1,1,0,0,0,,,,,,,,,,,,,,,,,,,,,,,,,,,0,,,,,,,,,,,,,,,,,,,,,,,,,,,,,,,,,,,,,,,,,,,,,,,,,1,0
zgrab_587_Italy.json:100,zgrab_real,zgrab_587_Italy.json,100,Italy,SMTP_RESPONSE_OBSERVED,STARTTLS_NOT_OBSERVED,TLS_NOT_OBSERVED,CERTIFICATE_NOT_OBSERVED_NO_TLS,587,success,smtp,1,1,0,0,0,,,,,,,,,,,,,,,,,,,,,,,,,,,0,,,,,,,,,,,,,,,,,,,,,,,,,,,,,,,,,,,,,,,,,,,,,,,,,1,0
zgrab_587_Japan.json:1,zgrab_real,zgrab_587_Japan.json,1,Japan,SMTP_RESPONSE_OBSERVED,STARTTLS_NOT_OBSERVED,TLS_NOT_OBSERVED,CERTIFICATE_NOT_OBSERVED_NO_TLS,587,success,smtp,1,1,0,0,0,,,,,,,,,,,,,,,,,,,,,,,,,,,0,,,,,,,,,,,,,,,,,,,,,,,,,,,,,,,,,,,,,,,,,,,,,,,,,1,0
zgrab_587_Japan.json:2,zgrab_real,zgrab_587_Japan.json,2,Japan,SMTP_RESPONSE_OBSERVED,STARTTLS_NOT_OBSERVED,TLS_NOT_OBSERVED,CERTIFICATE_NOT_OBSERVED_NO_TLS,587,success,smtp,1,1,0,0,0,,,,,,,,,,,,,,,,,,,,,,,,,,,0,,,,,,,,,,,,,,,,,,,,,,,,,,,,,,,,,,,,,,,,,,,,,,,,,1,0
zgrab_587_Japan.json:3,zgrab_real,zgrab_587_Japan.json,3,Japan,SMTP_RESPONSE_OBSERVED,STARTTLS_NOT_OBSERVED,TLS_NOT_OBSERVED,CERTIFICATE_NOT_OBSERVED_NO_TLS,587,success,smtp,1,1,0,0,0,,,,,,,,,,,,,,,,,,,,,,,,,,,0,,,,,,,,,,,,,,,,,,,,,,,,,,,,,,,,,,,,,,,,,,,,,,,,,1,0
zgrab_587_Japan.json:4,zgrab_real,zgrab_587_Japan.json,4,Japan,SMTP_RESPONSE_OBSERVED,STARTTLS_NOT_OBSERVED,TLS_NOT_OBSERVED,CERTIFICATE_NOT_OBSERVED_NO_TLS,587,success,smtp,1,1,0,0,0,,,,,,,,,,,,,,,,,,,,,,,,,,,0,,,,,,,,,,,,,,,,,,,,,,,,,,,,,,,,,,,,,,,,,,,,,,,,,1,0
zgrab_587_Japan.json:5,zgrab_real,zgrab_587_Japan.json,5,Japan,SMTP_RESPONSE_OBSERVED,STARTTLS_NOT_OBSERVED,TLS_NOT_OBSERVED,CERTIFICATE_NOT_OBSERVED_NO_TLS,587,success,smtp,1,1,0,0,0,,,,,,,,,,,,,,,,,,,,,,,,,,,0,,,,,,,,,,,,,,,,,,,,,,,,,,,,,,,,,,,,,,,,,,,,,,,,,1,0
zgrab_587_Japan.json:6,zgrab_real,zgrab_587_Japan.json,6,Japan,SMTP_RESPONSE_OBSERVED,STARTTLS_NOT_OBSERVED,TLS_NOT_OBSERVED,CERTIFICATE_NOT_OBSERVED_NO_TLS,587,success,smtp,1,1,0,0,0,,,,,,,,,,,,,,,,,,,,,,,,,,,0,,,,,,,,,,,,,,,,,,,,,,,,,,,,,,,,,,,,,,,,,,,,,,,,,1,0
zgrab_587_Japan.json:7,zgrab_real,zgrab_587_Japan.json,7,Japan,SMTP_RESPONSE_OBSERVED,STARTTLS_NOT_OBSERVED,TLS_NOT_OBSERVED,CERTIFICATE_NOT_OBSERVED_NO_TLS,587,success,smtp,1,1,0,0,0,,,,,,,,,,,,,,,,,,,,,,,,,,,0,,,,,,,,,,,,,,,,,,,,,,,,,,,,,,,,,,,,,,,,,,,,,,,,,1,0
zgrab_587_Japan.json:8,zgrab_real,zgrab_587_Japan.json,8,Japan,SMTP_RESPONSE_OBSERVED,STARTTLS_NOT_OBSERVED,TLS_NOT_OBSERVED,CERTIFICATE_NOT_OBSERVED_NO_TLS,587,success,smtp,1,1,0,0,0,,,,,,,,,,,,,,,,,,,,,,,,,,,0,,,,,,,,,,,,,,,,,,,,,,,,,,,,,,,,,,,,,,,,,,,,,,,,,1,0
zgrab_587_Japan.json:9,zgrab_real,zgrab_587_Japan.json,9,Japan,SMTP_RESPONSE_OBSERVED,STARTTLS_NOT_OBSERVED,TLS_NOT_OBSERVED,CERTIFICATE_NOT_OBSERVED_NO_TLS,587,success,smtp,1,1,0,0,0,,,,,,,,,,,,,,,,,,,,,,,,,,,0,,,,,,,,,,,,,,,,,,,,,,,,,,,,,,,,,,,,,,,,,,,,,,,,,1,0
zgrab_587_Japan.json:10,zgrab_real,zgrab_587_Japan.json,10,Japan,SMTP_RESPONSE_OBSERVED,STARTTLS_NOT_OBSERVED,TLS_NOT_OBSERVED,CERTIFICATE_NOT_OBSERVED_NO_TLS,587,success,smtp,1,1,0,0,0,,,,,,,,,,,,,,,,,,,,,,,,,,,0,,,,,,,,,,,,,,,,,,,,,,,,,,,,,,,,,,,,,,,,,,,,,,,,,1,0
zgrab_587_Japan.json:11,zgrab_real,zgrab_587_Japan.json,11,Japan,SMTP_RESPONSE_OBSERVED,STARTTLS_NOT_OBSERVED,TLS_NOT_OBSERVED,CERTIFICATE_NOT_OBSERVED_NO_TLS,587,success,smtp,1,1,0,0,0,,,,,,,,,,,,,,,,,,,,,,,,,,,0,,,,,,,,,,,,,,,,,,,,,,,,,,,,,,,,,,,,,,,,,,,,,,,,,1,0
zgrab_587_Japan.json:12,zgrab_real,zgrab_587_Japan.json,12,Japan,SMTP_RESPONSE_OBSERVED,STARTTLS_NOT_OBSERVED,TLS_NOT_OBSERVED,CERTIFICATE_NOT_OBSERVED_NO_TLS,587,success,smtp,1,1,0,0,0,,,,,,,,,,,,,,,,,,,,,,,,,,,0,,,,,,,,,,,,,,,,,,,,,,,,,,,,,,,,,,,,,,,,,,,,,,,,,1,0
zgrab_587_Japan.json:13,zgrab_real,zgrab_587_Japan.json,13,Japan,SMTP_RESPONSE_OBSERVED,STARTTLS_NOT_OBSERVED,TLS_NOT_OBSERVED,CERTIFICATE_NOT_OBSERVED_NO_TLS,587,success,smtp,1,1,0,0,0,,,,,,,,,,,,,,,,,,,,,,,,,,,0,,,,,,,,,,,,,,,,,,,,,,,,,,,,,,,,,,,,,,,,,,,,,,,,,1,0
zgrab_587_Japan.json:14,zgrab_real,zgrab_587_Japan.json,14,Japan,SMTP_RESPONSE_OBSERVED,STARTTLS_NOT_OBSERVED,TLS_NOT_OBSERVED,CERTIFICATE_NOT_OBSERVED_NO_TLS,587,success,smtp,1,1,0,0,0,,,,,,,,,,,,,,,,,,,,,,,,,,,0,,,,,,,,,,,,,,,,,,,,,,,,,,,,,,,,,,,,,,,,,,,,,,,,,1,0
zgrab_587_Japan.json:15,zgrab_real,zgrab_587_Japan.json,15,Japan,SMTP_RESPONSE_OBSERVED,TLS_HANDSHAKE_SUCCEEDED,HANDSHAKE_SUCCEEDED,CERTIFICATE_OBSERVED,587,success,smtp,1,1,1,1,1,TLSv1.2,TLSv1.3,TLS_CHACHA20_POLY1305_SHA256,x25519,2,1,1,0,0,0,0,0,0,0,0,1,1,0,0,0,1,0,0,1,0,0,1,False,RSA,2048,65537,,,SHA256-RSA,0,1,0,0,DV,False,2,1,13,2,False,True,,True,True,,2,10,89.99998842592592,89.92940972222222,0,0,0,0,1,0,1,1,2,1,1,1,1,1,0,0,0,0,0,0,0,0,1
zgrab_587_Japan.json:16,zgrab_real,zgrab_587_Japan.json,16,Japan,SMTP_RESPONSE_OBSERVED,TLS_HANDSHAKE_SUCCEEDED,HANDSHAKE_SUCCEEDED,CERTIFICATE_OBSERVED,587,success,smtp,1,1,1,1,1,TLSv1.2,TLSv1.3,TLS_CHACHA20_POLY1305_SHA256,x25519,2,1,1,0,0,0,0,0,0,0,0,1,1,0,0,0,1,0,0,1,0,0,1,True,RSA,2048,65537,,,SHA256-RSA,0,1,0,0,DV,False,3,1,13,3,False,True,,True,True,,2,10,89.99998842592592,35.700439814814814,0,0,2,0,1,0,1,1,2,1,1,1,1,1,0,0,0,0,0,0,0,0,1
zgrab_587_Japan.json:17,zgrab_real,zgrab_587_Japan.json,17,Japan,SMTP_RESPONSE_OBSERVED,STARTTLS_NOT_OBSERVED,TLS_NOT_OBSERVED,CERTIFICATE_NOT_OBSERVED_NO_TLS,587,success,smtp,1,1,0,0,0,,,,,,,,,,,,,,,,,,,,,,,,,,,0,,,,,,,,,,,,,,,,,,,,,,,,,,,,,,,,,,,,,,,,,,,,,,,,,1,0
zgrab_587_Japan.json:18,zgrab_real,zgrab_587_Japan.json,18,Japan,SMTP_RESPONSE_OBSERVED,STARTTLS_NOT_OBSERVED,TLS_NOT_OBSERVED,CERTIFICATE_NOT_OBSERVED_NO_TLS,587,success,smtp,1,1,0,0,0,,,,,,,,,,,,,,,,,,,,,,,,,,,0,,,,,,,,,,,,,,,,,,,,,,,,,,,,,,,,,,,,,,,,,,,,,,,,,1,0
zgrab_587_Japan.json:19,zgrab_real,zgrab_587_Japan.json,19,Japan,SMTP_RESPONSE_OBSERVED,STARTTLS_NOT_OBSERVED,TLS_NOT_OBSERVED,CERTIFICATE_NOT_OBSERVED_NO_TLS,587,success,smtp,1,1,0,0,0,,,,,,,,,,,,,,,,,,,,,,,,,,,0,,,,,,,,,,,,,,,,,,,,,,,,,,,,,,,,,,,,,,,,,,,,,,,,,1,0
zgrab_587_Japan.json:20,zgrab_real,zgrab_587_Japan.json,20,Japan,SMTP_RESPONSE_OBSERVED,STARTTLS_NOT_OBSERVED,TLS_NOT_OBSERVED,CERTIFICATE_NOT_OBSERVED_NO_TLS,587,success,smtp,1,1,0,0,0,,,,,,,,,,,,,,,,,,,,,,,,,,,0,,,,,,,,,,,,,,,,,,,,,,,,,,,,,,,,,,,,,,,,,,,,,,,,,1,0
zgrab_587_Japan.json:21,zgrab_real,zgrab_587_Japan.json,21,Japan,SMTP_RESPONSE_OBSERVED,STARTTLS_NOT_OBSERVED,TLS_NOT_OBSERVED,CERTIFICATE_NOT_OBSERVED_NO_TLS,587,success,smtp,1,1,0,0,0,,,,,,,,,,,,,,,,,,,,,,,,,,,0,,,,,,,,,,,,,,,,,,,,,,,,,,,,,,,,,,,,,,,,,,,,,,,,,1,0
zgrab_587_Japan.json:22,zgrab_real,zgrab_587_Japan.json,22,Japan,SMTP_RESPONSE_OBSERVED,STARTTLS_NOT_OBSERVED,TLS_NOT_OBSERVED,CERTIFICATE_NOT_OBSERVED_NO_TLS,587,success,smtp,1,1,0,0,0,,,,,,,,,,,,,,,,,,,,,,,,,,,0,,,,,,,,,,,,,,,,,,,,,,,,,,,,,,,,,,,,,,,,,,,,,,,,,1,0
zgrab_587_Japan.json:23,zgrab_real,zgrab_587_Japan.json,23,Japan,SMTP_RESPONSE_OBSERVED,STARTTLS_NOT_OBSERVED,TLS_NOT_OBSERVED,CERTIFICATE_NOT_OBSERVED_NO_TLS,587,success,smtp,1,1,0,0,0,,,,,,,,,,,,,,,,,,,,,,,,,,,0,,,,,,,,,,,,,,,,,,,,,,,,,,,,,,,,,,,,,,,,,,,,,,,,,1,0
zgrab_587_Japan.json:24,zgrab_real,zgrab_587_Japan.json,24,Japan,SMTP_RESPONSE_OBSERVED,STARTTLS_NOT_OBSERVED,TLS_NOT_OBSERVED,CERTIFICATE_NOT_OBSERVED_NO_TLS,587,success,smtp,1,1,0,0,0,,,,,,,,,,,,,,,,,,,,,,,,,,,0,,,,,,,,,,,,,,,,,,,,,,,,,,,,,,,,,,,,,,,,,,,,,,,,,1,0
zgrab_587_Japan.json:25,zgrab_real,zgrab_587_Japan.json,25,Japan,SMTP_RESPONSE_OBSERVED,STARTTLS_NOT_OBSERVED,TLS_NOT_OBSERVED,CERTIFICATE_NOT_OBSERVED_NO_TLS,587,success,smtp,1,1,0,0,0,,,,,,,,,,,,,,,,,,,,,,,,,,,0,,,,,,,,,,,,,,,,,,,,,,,,,,,,,,,,,,,,,,,,,,,,,,,,,1,0
zgrab_587_Japan.json:26,zgrab_real,zgrab_587_Japan.json,26,Japan,SMTP_RESPONSE_OBSERVED,STARTTLS_NOT_OBSERVED,TLS_NOT_OBSERVED,CERTIFICATE_NOT_OBSERVED_NO_TLS,587,success,smtp,1,1,0,0,0,,,,,,,,,,,,,,,,,,,,,,,,,,,0,,,,,,,,,,,,,,,,,,,,,,,,,,,,,,,,,,,,,,,,,,,,,,,,,1,0
zgrab_587_Japan.json:27,zgrab_real,zgrab_587_Japan.json,27,Japan,SMTP_RESPONSE_OBSERVED,STARTTLS_NOT_OBSERVED,TLS_NOT_OBSERVED,CERTIFICATE_NOT_OBSERVED_NO_TLS,587,success,smtp,1,1,0,0,0,,,,,,,,,,,,,,,,,,,,,,,,,,,0,,,,,,,,,,,,,,,,,,,,,,,,,,,,,,,,,,,,,,,,,,,,,,,,,1,0
zgrab_587_Japan.json:28,zgrab_real,zgrab_587_Japan.json,28,Japan,SMTP_RESPONSE_OBSERVED,STARTTLS_NOT_OBSERVED,TLS_NOT_OBSERVED,CERTIFICATE_NOT_OBSERVED_NO_TLS,587,success,smtp,1,1,0,0,0,,,,,,,,,,,,,,,,,,,,,,,,,,,0,,,,,,,,,,,,,,,,,,,,,,,,,,,,,,,,,,,,,,,,,,,,,,,,,1,0
zgrab_587_Japan.json:29,zgrab_real,zgrab_587_Japan.json,29,Japan,SMTP_RESPONSE_OBSERVED,STARTTLS_NOT_OBSERVED,TLS_NOT_OBSERVED,CERTIFICATE_NOT_OBSERVED_NO_TLS,587,success,smtp,1,1,0,0,0,,,,,,,,,,,,,,,,,,,,,,,,,,,0,,,,,,,,,,,,,,,,,,,,,,,,,,,,,,,,,,,,,,,,,,,,,,,,,1,0
zgrab_587_Japan.json:30,zgrab_real,zgrab_587_Japan.json,30,Japan,SMTP_RESPONSE_OBSERVED,STARTTLS_NOT_OBSERVED,TLS_NOT_OBSERVED,CERTIFICATE_NOT_OBSERVED_NO_TLS,587,success,smtp,1,1,0,0,0,,,,,,,,,,,,,,,,,,,,,,,,,,,0,,,,,,,,,,,,,,,,,,,,,,,,,,,,,,,,,,,,,,,,,,,,,,,,,1,0
zgrab_587_Japan.json:31,zgrab_real,zgrab_587_Japan.json,31,Japan,SMTP_RESPONSE_OBSERVED,STARTTLS_NOT_OBSERVED,TLS_NOT_OBSERVED,CERTIFICATE_NOT_OBSERVED_NO_TLS,587,success,smtp,1,1,0,0,0,,,,,,,,,,,,,,,,,,,,,,,,,,,0,,,,,,,,,,,,,,,,,,,,,,,,,,,,,,,,,,,,,,,,,,,,,,,,,1,0
zgrab_587_Japan.json:32,zgrab_real,zgrab_587_Japan.json,32,Japan,SMTP_RESPONSE_OBSERVED,STARTTLS_NOT_OBSERVED,TLS_NOT_OBSERVED,CERTIFICATE_NOT_OBSERVED_NO_TLS,587,success,smtp,1,1,0,0,0,,,,,,,,,,,,,,,,,,,,,,,,,,,0,,,,,,,,,,,,,,,,,,,,,,,,,,,,,,,,,,,,,,,,,,,,,,,,,1,0
zgrab_587_Japan.json:33,zgrab_real,zgrab_587_Japan.json,33,Japan,SMTP_RESPONSE_OBSERVED,STARTTLS_NOT_OBSERVED,TLS_NOT_OBSERVED,CERTIFICATE_NOT_OBSERVED_NO_TLS,587,success,smtp,1,1,0,0,0,,,,,,,,,,,,,,,,,,,,,,,,,,,0,,,,,,,,,,,,,,,,,,,,,,,,,,,,,,,,,,,,,,,,,,,,,,,,,1,0
zgrab_587_Japan.json:34,zgrab_real,zgrab_587_Japan.json,34,Japan,SMTP_RESPONSE_OBSERVED,STARTTLS_NOT_OBSERVED,TLS_NOT_OBSERVED,CERTIFICATE_NOT_OBSERVED_NO_TLS,587,success,smtp,1,1,0,0,0,,,,,,,,,,,,,,,,,,,,,,,,,,,0,,,,,,,,,,,,,,,,,,,,,,,,,,,,,,,,,,,,,,,,,,,,,,,,,1,0
zgrab_587_Japan.json:35,zgrab_real,zgrab_587_Japan.json,35,Japan,SMTP_RESPONSE_OBSERVED,STARTTLS_NOT_OBSERVED,TLS_NOT_OBSERVED,CERTIFICATE_NOT_OBSERVED_NO_TLS,587,success,smtp,1,1,0,0,0,,,,,,,,,,,,,,,,,,,,,,,,,,,0,,,,,,,,,,,,,,,,,,,,,,,,,,,,,,,,,,,,,,,,,,,,,,,,,1,0
zgrab_587_Japan.json:36,zgrab_real,zgrab_587_Japan.json,36,Japan,SMTP_RESPONSE_OBSERVED,STARTTLS_NOT_OBSERVED,TLS_NOT_OBSERVED,CERTIFICATE_NOT_OBSERVED_NO_TLS,587,success,smtp,1,1,0,0,0,,,,,,,,,,,,,,,,,,,,,,,,,,,0,,,,,,,,,,,,,,,,,,,,,,,,,,,,,,,,,,,,,,,,,,,,,,,,,1,0
zgrab_587_Japan.json:37,zgrab_real,zgrab_587_Japan.json,37,Japan,SMTP_RESPONSE_OBSERVED,STARTTLS_NOT_OBSERVED,TLS_NOT_OBSERVED,CERTIFICATE_NOT_OBSERVED_NO_TLS,587,success,smtp,1,1,0,0,0,,,,,,,,,,,,,,,,,,,,,,,,,,,0,,,,,,,,,,,,,,,,,,,,,,,,,,,,,,,,,,,,,,,,,,,,,,,,,1,0
zgrab_587_Japan.json:38,zgrab_real,zgrab_587_Japan.json,38,Japan,SMTP_RESPONSE_OBSERVED,STARTTLS_NOT_OBSERVED,TLS_NOT_OBSERVED,CERTIFICATE_NOT_OBSERVED_NO_TLS,587,success,smtp,1,1,0,0,0,,,,,,,,,,,,,,,,,,,,,,,,,,,0,,,,,,,,,,,,,,,,,,,,,,,,,,,,,,,,,,,,,,,,,,,,,,,,,1,0
zgrab_587_Japan.json:39,zgrab_real,zgrab_587_Japan.json,39,Japan,SMTP_RESPONSE_OBSERVED,STARTTLS_NOT_OBSERVED,TLS_NOT_OBSERVED,CERTIFICATE_NOT_OBSERVED_NO_TLS,587,success,smtp,1,1,0,0,0,,,,,,,,,,,,,,,,,,,,,,,,,,,0,,,,,,,,,,,,,,,,,,,,,,,,,,,,,,,,,,,,,,,,,,,,,,,,,1,0
zgrab_587_Japan.json:40,zgrab_real,zgrab_587_Japan.json,40,Japan,SMTP_RESPONSE_OBSERVED,STARTTLS_NOT_OBSERVED,TLS_NOT_OBSERVED,CERTIFICATE_NOT_OBSERVED_NO_TLS,587,success,smtp,1,1,0,0,0,,,,,,,,,,,,,,,,,,,,,,,,,,,0,,,,,,,,,,,,,,,,,,,,,,,,,,,,,,,,,,,,,,,,,,,,,,,,,1,0
zgrab_587_Japan.json:41,zgrab_real,zgrab_587_Japan.json,41,Japan,SMTP_RESPONSE_OBSERVED,STARTTLS_NOT_OBSERVED,TLS_NOT_OBSERVED,CERTIFICATE_NOT_OBSERVED_NO_TLS,587,success,smtp,1,1,0,0,0,,,,,,,,,,,,,,,,,,,,,,,,,,,0,,,,,,,,,,,,,,,,,,,,,,,,,,,,,,,,,,,,,,,,,,,,,,,,,1,0
zgrab_587_Japan.json:42,zgrab_real,zgrab_587_Japan.json,42,Japan,SMTP_RESPONSE_OBSERVED,STARTTLS_NOT_OBSERVED,TLS_NOT_OBSERVED,CERTIFICATE_NOT_OBSERVED_NO_TLS,587,success,smtp,1,1,0,0,0,,,,,,,,,,,,,,,,,,,,,,,,,,,0,,,,,,,,,,,,,,,,,,,,,,,,,,,,,,,,,,,,,,,,,,,,,,,,,1,0
zgrab_587_Japan.json:43,zgrab_real,zgrab_587_Japan.json,43,Japan,SMTP_RESPONSE_OBSERVED,STARTTLS_NOT_OBSERVED,TLS_NOT_OBSERVED,CERTIFICATE_NOT_OBSERVED_NO_TLS,587,success,smtp,1,1,0,0,0,,,,,,,,,,,,,,,,,,,,,,,,,,,0,,,,,,,,,,,,,,,,,,,,,,,,,,,,,,,,,,,,,,,,,,,,,,,,,1,0
zgrab_587_Japan.json:44,zgrab_real,zgrab_587_Japan.json,44,Japan,SMTP_RESPONSE_OBSERVED,STARTTLS_NOT_OBSERVED,TLS_NOT_OBSERVED,CERTIFICATE_NOT_OBSERVED_NO_TLS,587,success,smtp,1,1,0,0,0,,,,,,,,,,,,,,,,,,,,,,,,,,,0,,,,,,,,,,,,,,,,,,,,,,,,,,,,,,,,,,,,,,,,,,,,,,,,,1,0
zgrab_587_Japan.json:45,zgrab_real,zgrab_587_Japan.json,45,Japan,SMTP_RESPONSE_OBSERVED,STARTTLS_NOT_OBSERVED,TLS_NOT_OBSERVED,CERTIFICATE_NOT_OBSERVED_NO_TLS,587,success,smtp,1,1,0,0,0,,,,,,,,,,,,,,,,,,,,,,,,,,,0,,,,,,,,,,,,,,,,,,,,,,,,,,,,,,,,,,,,,,,,,,,,,,,,,1,0
zgrab_587_Japan.json:46,zgrab_real,zgrab_587_Japan.json,46,Japan,SMTP_RESPONSE_OBSERVED,STARTTLS_NOT_OBSERVED,TLS_NOT_OBSERVED,CERTIFICATE_NOT_OBSERVED_NO_TLS,587,success,smtp,1,1,0,0,0,,,,,,,,,,,,,,,,,,,,,,,,,,,0,,,,,,,,,,,,,,,,,,,,,,,,,,,,,,,,,,,,,,,,,,,,,,,,,1,0
zgrab_587_Japan.json:47,zgrab_real,zgrab_587_Japan.json,47,Japan,SMTP_RESPONSE_OBSERVED,STARTTLS_NOT_OBSERVED,TLS_NOT_OBSERVED,CERTIFICATE_NOT_OBSERVED_NO_TLS,587,success,smtp,1,1,0,0,0,,,,,,,,,,,,,,,,,,,,,,,,,,,0,,,,,,,,,,,,,,,,,,,,,,,,,,,,,,,,,,,,,,,,,,,,,,,,,1,0
zgrab_587_Japan.json:48,zgrab_real,zgrab_587_Japan.json,48,Japan,SMTP_RESPONSE_OBSERVED,STARTTLS_NOT_OBSERVED,TLS_NOT_OBSERVED,CERTIFICATE_NOT_OBSERVED_NO_TLS,587,success,smtp,1,1,0,0,0,,,,,,,,,,,,,,,,,,,,,,,,,,,0,,,,,,,,,,,,,,,,,,,,,,,,,,,,,,,,,,,,,,,,,,,,,,,,,1,0
zgrab_587_Japan.json:49,zgrab_real,zgrab_587_Japan.json,49,Japan,SMTP_RESPONSE_OBSERVED,STARTTLS_NOT_OBSERVED,TLS_NOT_OBSERVED,CERTIFICATE_NOT_OBSERVED_NO_TLS,587,success,smtp,1,1,0,0,0,,,,,,,,,,,,,,,,,,,,,,,,,,,0,,,,,,,,,,,,,,,,,,,,,,,,,,,,,,,,,,,,,,,,,,,,,,,,,1,0
zgrab_587_Japan.json:50,zgrab_real,zgrab_587_Japan.json,50,Japan,SMTP_RESPONSE_OBSERVED,STARTTLS_NOT_OBSERVED,TLS_NOT_OBSERVED,CERTIFICATE_NOT_OBSERVED_NO_TLS,587,success,smtp,1,1,0,0,0,,,,,,,,,,,,,,,,,,,,,,,,,,,0,,,,,,,,,,,,,,,,,,,,,,,,,,,,,,,,,,,,,,,,,,,,,,,,,1,0
zgrab_587_Japan.json:51,zgrab_real,zgrab_587_Japan.json,51,Japan,SMTP_RESPONSE_OBSERVED,STARTTLS_NOT_OBSERVED,TLS_NOT_OBSERVED,CERTIFICATE_NOT_OBSERVED_NO_TLS,587,success,smtp,1,1,0,0,0,,,,,,,,,,,,,,,,,,,,,,,,,,,0,,,,,,,,,,,,,,,,,,,,,,,,,,,,,,,,,,,,,,,,,,,,,,,,,1,0
zgrab_587_Japan.json:52,zgrab_real,zgrab_587_Japan.json,52,Japan,SMTP_RESPONSE_OBSERVED,STARTTLS_NOT_OBSERVED,TLS_NOT_OBSERVED,CERTIFICATE_NOT_OBSERVED_NO_TLS,587,success,smtp,1,1,0,0,0,,,,,,,,,,,,,,,,,,,,,,,,,,,0,,,,,,,,,,,,,,,,,,,,,,,,,,,,,,,,,,,,,,,,,,,,,,,,,1,0
zgrab_587_Japan.json:53,zgrab_real,zgrab_587_Japan.json,53,Japan,SMTP_RESPONSE_OBSERVED,STARTTLS_NOT_OBSERVED,TLS_NOT_OBSERVED,CERTIFICATE_NOT_OBSERVED_NO_TLS,587,success,smtp,1,1,0,0,0,,,,,,,,,,,,,,,,,,,,,,,,,,,0,,,,,,,,,,,,,,,,,,,,,,,,,,,,,,,,,,,,,,,,,,,,,,,,,1,0
zgrab_587_Japan.json:54,zgrab_real,zgrab_587_Japan.json,54,Japan,SMTP_RESPONSE_OBSERVED,STARTTLS_NOT_OBSERVED,TLS_NOT_OBSERVED,CERTIFICATE_NOT_OBSERVED_NO_TLS,587,success,smtp,1,1,0,0,0,,,,,,,,,,,,,,,,,,,,,,,,,,,0,,,,,,,,,,,,,,,,,,,,,,,,,,,,,,,,,,,,,,,,,,,,,,,,,1,0
zgrab_587_Japan.json:55,zgrab_real,zgrab_587_Japan.json,55,Japan,SMTP_RESPONSE_OBSERVED,STARTTLS_NOT_OBSERVED,TLS_NOT_OBSERVED,CERTIFICATE_NOT_OBSERVED_NO_TLS,587,success,smtp,1,1,0,0,0,,,,,,,,,,,,,,,,,,,,,,,,,,,0,,,,,,,,,,,,,,,,,,,,,,,,,,,,,,,,,,,,,,,,,,,,,,,,,1,0
zgrab_587_Japan.json:56,zgrab_real,zgrab_587_Japan.json,56,Japan,SMTP_RESPONSE_OBSERVED,STARTTLS_NOT_OBSERVED,TLS_NOT_OBSERVED,CERTIFICATE_NOT_OBSERVED_NO_TLS,587,success,smtp,1,1,0,0,0,,,,,,,,,,,,,,,,,,,,,,,,,,,0,,,,,,,,,,,,,,,,,,,,,,,,,,,,,,,,,,,,,,,,,,,,,,,,,1,0
zgrab_587_Japan.json:57,zgrab_real,zgrab_587_Japan.json,57,Japan,SMTP_RESPONSE_OBSERVED,STARTTLS_NOT_OBSERVED,TLS_NOT_OBSERVED,CERTIFICATE_NOT_OBSERVED_NO_TLS,587,success,smtp,1,1,0,0,0,,,,,,,,,,,,,,,,,,,,,,,,,,,0,,,,,,,,,,,,,,,,,,,,,,,,,,,,,,,,,,,,,,,,,,,,,,,,,1,0
zgrab_587_Japan.json:58,zgrab_real,zgrab_587_Japan.json,58,Japan,SMTP_RESPONSE_OBSERVED,STARTTLS_NOT_OBSERVED,TLS_NOT_OBSERVED,CERTIFICATE_NOT_OBSERVED_NO_TLS,587,success,smtp,1,1,0,0,0,,,,,,,,,,,,,,,,,,,,,,,,,,,0,,,,,,,,,,,,,,,,,,,,,,,,,,,,,,,,,,,,,,,,,,,,,,,,,1,0
zgrab_587_Japan.json:59,zgrab_real,zgrab_587_Japan.json,59,Japan,SMTP_RESPONSE_OBSERVED,STARTTLS_NOT_OBSERVED,TLS_NOT_OBSERVED,CERTIFICATE_NOT_OBSERVED_NO_TLS,587,success,smtp,1,1,0,0,0,,,,,,,,,,,,,,,,,,,,,,,,,,,0,,,,,,,,,,,,,,,,,,,,,,,,,,,,,,,,,,,,,,,,,,,,,,,,,1,0
zgrab_587_Japan.json:60,zgrab_real,zgrab_587_Japan.json,60,Japan,SMTP_RESPONSE_OBSERVED,STARTTLS_NOT_OBSERVED,TLS_NOT_OBSERVED,CERTIFICATE_NOT_OBSERVED_NO_TLS,587,success,smtp,1,1,0,0,0,,,,,,,,,,,,,,,,,,,,,,,,,,,0,,,,,,,,,,,,,,,,,,,,,,,,,,,,,,,,,,,,,,,,,,,,,,,,,1,0
zgrab_587_Japan.json:61,zgrab_real,zgrab_587_Japan.json,61,Japan,SMTP_RESPONSE_OBSERVED,STARTTLS_NOT_OBSERVED,TLS_NOT_OBSERVED,CERTIFICATE_NOT_OBSERVED_NO_TLS,587,success,smtp,1,1,0,0,0,,,,,,,,,,,,,,,,,,,,,,,,,,,0,,,,,,,,,,,,,,,,,,,,,,,,,,,,,,,,,,,,,,,,,,,,,,,,,1,0
zgrab_587_Japan.json:62,zgrab_real,zgrab_587_Japan.json,62,Japan,SMTP_RESPONSE_OBSERVED,STARTTLS_NOT_OBSERVED,TLS_NOT_OBSERVED,CERTIFICATE_NOT_OBSERVED_NO_TLS,587,success,smtp,1,1,0,0,0,,,,,,,,,,,,,,,,,,,,,,,,,,,0,,,,,,,,,,,,,,,,,,,,,,,,,,,,,,,,,,,,,,,,,,,,,,,,,1,0
zgrab_587_Japan.json:63,zgrab_real,zgrab_587_Japan.json,63,Japan,SMTP_RESPONSE_OBSERVED,STARTTLS_NOT_OBSERVED,TLS_NOT_OBSERVED,CERTIFICATE_NOT_OBSERVED_NO_TLS,587,success,smtp,1,1,0,0,0,,,,,,,,,,,,,,,,,,,,,,,,,,,0,,,,,,,,,,,,,,,,,,,,,,,,,,,,,,,,,,,,,,,,,,,,,,,,,1,0
zgrab_587_Japan.json:64,zgrab_real,zgrab_587_Japan.json,64,Japan,SMTP_RESPONSE_OBSERVED,STARTTLS_NOT_OBSERVED,TLS_NOT_OBSERVED,CERTIFICATE_NOT_OBSERVED_NO_TLS,587,success,smtp,1,1,0,0,0,,,,,,,,,,,,,,,,,,,,,,,,,,,0,,,,,,,,,,,,,,,,,,,,,,,,,,,,,,,,,,,,,,,,,,,,,,,,,1,0
zgrab_587_Japan.json:65,zgrab_real,zgrab_587_Japan.json,65,Japan,SMTP_RESPONSE_OBSERVED,STARTTLS_NOT_OBSERVED,TLS_NOT_OBSERVED,CERTIFICATE_NOT_OBSERVED_NO_TLS,587,success,smtp,1,1,0,0,0,,,,,,,,,,,,,,,,,,,,,,,,,,,0,,,,,,,,,,,,,,,,,,,,,,,,,,,,,,,,,,,,,,,,,,,,,,,,,1,0
zgrab_587_Japan.json:66,zgrab_real,zgrab_587_Japan.json,66,Japan,SMTP_RESPONSE_OBSERVED,STARTTLS_NOT_OBSERVED,TLS_NOT_OBSERVED,CERTIFICATE_NOT_OBSERVED_NO_TLS,587,success,smtp,1,1,0,0,0,,,,,,,,,,,,,,,,,,,,,,,,,,,0,,,,,,,,,,,,,,,,,,,,,,,,,,,,,,,,,,,,,,,,,,,,,,,,,1,0
zgrab_587_Japan.json:67,zgrab_real,zgrab_587_Japan.json,67,Japan,SMTP_RESPONSE_OBSERVED,STARTTLS_NOT_OBSERVED,TLS_NOT_OBSERVED,CERTIFICATE_NOT_OBSERVED_NO_TLS,587,success,smtp,1,1,0,0,0,,,,,,,,,,,,,,,,,,,,,,,,,,,0,,,,,,,,,,,,,,,,,,,,,,,,,,,,,,,,,,,,,,,,,,,,,,,,,1,0
zgrab_587_Japan.json:68,zgrab_real,zgrab_587_Japan.json,68,Japan,SMTP_RESPONSE_OBSERVED,STARTTLS_NOT_OBSERVED,TLS_NOT_OBSERVED,CERTIFICATE_NOT_OBSERVED_NO_TLS,587,success,smtp,1,1,0,0,0,,,,,,,,,,,,,,,,,,,,,,,,,,,0,,,,,,,,,,,,,,,,,,,,,,,,,,,,,,,,,,,,,,,,,,,,,,,,,1,0
zgrab_587_Japan.json:69,zgrab_real,zgrab_587_Japan.json,69,Japan,SMTP_RESPONSE_OBSERVED,STARTTLS_NOT_OBSERVED,TLS_NOT_OBSERVED,CERTIFICATE_NOT_OBSERVED_NO_TLS,587,success,smtp,1,1,0,0,0,,,,,,,,,,,,,,,,,,,,,,,,,,,0,,,,,,,,,,,,,,,,,,,,,,,,,,,,,,,,,,,,,,,,,,,,,,,,,1,0
zgrab_587_Japan.json:70,zgrab_real,zgrab_587_Japan.json,70,Japan,SMTP_RESPONSE_OBSERVED,STARTTLS_NOT_OBSERVED,TLS_NOT_OBSERVED,CERTIFICATE_NOT_OBSERVED_NO_TLS,587,success,smtp,1,1,0,0,0,,,,,,,,,,,,,,,,,,,,,,,,,,,0,,,,,,,,,,,,,,,,,,,,,,,,,,,,,,,,,,,,,,,,,,,,,,,,,1,0
zgrab_587_Japan.json:71,zgrab_real,zgrab_587_Japan.json,71,Japan,SMTP_RESPONSE_OBSERVED,STARTTLS_NOT_OBSERVED,TLS_NOT_OBSERVED,CERTIFICATE_NOT_OBSERVED_NO_TLS,587,success,smtp,1,1,0,0,0,,,,,,,,,,,,,,,,,,,,,,,,,,,0,,,,,,,,,,,,,,,,,,,,,,,,,,,,,,,,,,,,,,,,,,,,,,,,,1,0
zgrab_587_Japan.json:72,zgrab_real,zgrab_587_Japan.json,72,Japan,SMTP_RESPONSE_OBSERVED,STARTTLS_NOT_OBSERVED,TLS_NOT_OBSERVED,CERTIFICATE_NOT_OBSERVED_NO_TLS,587,success,smtp,1,1,0,0,0,,,,,,,,,,,,,,,,,,,,,,,,,,,0,,,,,,,,,,,,,,,,,,,,,,,,,,,,,,,,,,,,,,,,,,,,,,,,,1,0
zgrab_587_Japan.json:73,zgrab_real,zgrab_587_Japan.json,73,Japan,SMTP_RESPONSE_OBSERVED,STARTTLS_NOT_OBSERVED,TLS_NOT_OBSERVED,CERTIFICATE_NOT_OBSERVED_NO_TLS,587,success,smtp,1,1,0,0,0,,,,,,,,,,,,,,,,,,,,,,,,,,,0,,,,,,,,,,,,,,,,,,,,,,,,,,,,,,,,,,,,,,,,,,,,,,,,,1,0
zgrab_587_Japan.json:74,zgrab_real,zgrab_587_Japan.json,74,Japan,SMTP_RESPONSE_OBSERVED,STARTTLS_NOT_OBSERVED,TLS_NOT_OBSERVED,CERTIFICATE_NOT_OBSERVED_NO_TLS,587,success,smtp,1,1,0,0,0,,,,,,,,,,,,,,,,,,,,,,,,,,,0,,,,,,,,,,,,,,,,,,,,,,,,,,,,,,,,,,,,,,,,,,,,,,,,,1,0
zgrab_587_Japan.json:75,zgrab_real,zgrab_587_Japan.json,75,Japan,SMTP_RESPONSE_OBSERVED,STARTTLS_NOT_OBSERVED,TLS_NOT_OBSERVED,CERTIFICATE_NOT_OBSERVED_NO_TLS,587,success,smtp,1,1,0,0,0,,,,,,,,,,,,,,,,,,,,,,,,,,,0,,,,,,,,,,,,,,,,,,,,,,,,,,,,,,,,,,,,,,,,,,,,,,,,,1,0
zgrab_587_Japan.json:76,zgrab_real,zgrab_587_Japan.json,76,Japan,SMTP_RESPONSE_OBSERVED,STARTTLS_NOT_OBSERVED,TLS_NOT_OBSERVED,CERTIFICATE_NOT_OBSERVED_NO_TLS,587,success,smtp,1,1,0,0,0,,,,,,,,,,,,,,,,,,,,,,,,,,,0,,,,,,,,,,,,,,,,,,,,,,,,,,,,,,,,,,,,,,,,,,,,,,,,,1,0
zgrab_587_Japan.json:77,zgrab_real,zgrab_587_Japan.json,77,Japan,SMTP_RESPONSE_OBSERVED,STARTTLS_NOT_OBSERVED,TLS_NOT_OBSERVED,CERTIFICATE_NOT_OBSERVED_NO_TLS,587,success,smtp,1,1,0,0,0,,,,,,,,,,,,,,,,,,,,,,,,,,,0,,,,,,,,,,,,,,,,,,,,,,,,,,,,,,,,,,,,,,,,,,,,,,,,,1,0
zgrab_587_Japan.json:78,zgrab_real,zgrab_587_Japan.json,78,Japan,SMTP_RESPONSE_OBSERVED,STARTTLS_NOT_OBSERVED,TLS_NOT_OBSERVED,CERTIFICATE_NOT_OBSERVED_NO_TLS,587,success,smtp,1,1,0,0,0,,,,,,,,,,,,,,,,,,,,,,,,,,,0,,,,,,,,,,,,,,,,,,,,,,,,,,,,,,,,,,,,,,,,,,,,,,,,,1,0
zgrab_587_Japan.json:79,zgrab_real,zgrab_587_Japan.json,79,Japan,SMTP_RESPONSE_OBSERVED,STARTTLS_NOT_OBSERVED,TLS_NOT_OBSERVED,CERTIFICATE_NOT_OBSERVED_NO_TLS,587,success,smtp,1,1,0,0,0,,,,,,,,,,,,,,,,,,,,,,,,,,,0,,,,,,,,,,,,,,,,,,,,,,,,,,,,,,,,,,,,,,,,,,,,,,,,,1,0
zgrab_587_Japan.json:80,zgrab_real,zgrab_587_Japan.json,80,Japan,SMTP_RESPONSE_OBSERVED,STARTTLS_NOT_OBSERVED,TLS_NOT_OBSERVED,CERTIFICATE_NOT_OBSERVED_NO_TLS,587,success,smtp,1,1,0,0,0,,,,,,,,,,,,,,,,,,,,,,,,,,,0,,,,,,,,,,,,,,,,,,,,,,,,,,,,,,,,,,,,,,,,,,,,,,,,,1,0
zgrab_587_Japan.json:81,zgrab_real,zgrab_587_Japan.json,81,Japan,SMTP_RESPONSE_OBSERVED,STARTTLS_NOT_OBSERVED,TLS_NOT_OBSERVED,CERTIFICATE_NOT_OBSERVED_NO_TLS,587,success,smtp,1,1,0,0,0,,,,,,,,,,,,,,,,,,,,,,,,,,,0,,,,,,,,,,,,,,,,,,,,,,,,,,,,,,,,,,,,,,,,,,,,,,,,,1,0
zgrab_587_Japan.json:82,zgrab_real,zgrab_587_Japan.json,82,Japan,SMTP_RESPONSE_OBSERVED,STARTTLS_NOT_OBSERVED,TLS_NOT_OBSERVED,CERTIFICATE_NOT_OBSERVED_NO_TLS,587,success,smtp,1,1,0,0,0,,,,,,,,,,,,,,,,,,,,,,,,,,,0,,,,,,,,,,,,,,,,,,,,,,,,,,,,,,,,,,,,,,,,,,,,,,,,,1,0
zgrab_587_Japan.json:83,zgrab_real,zgrab_587_Japan.json,83,Japan,SMTP_RESPONSE_OBSERVED,STARTTLS_NOT_OBSERVED,TLS_NOT_OBSERVED,CERTIFICATE_NOT_OBSERVED_NO_TLS,587,success,smtp,1,1,0,0,0,,,,,,,,,,,,,,,,,,,,,,,,,,,0,,,,,,,,,,,,,,,,,,,,,,,,,,,,,,,,,,,,,,,,,,,,,,,,,1,0
zgrab_587_Japan.json:84,zgrab_real,zgrab_587_Japan.json,84,Japan,SMTP_RESPONSE_OBSERVED,STARTTLS_NOT_OBSERVED,TLS_NOT_OBSERVED,CERTIFICATE_NOT_OBSERVED_NO_TLS,587,success,smtp,1,1,0,0,0,,,,,,,,,,,,,,,,,,,,,,,,,,,0,,,,,,,,,,,,,,,,,,,,,,,,,,,,,,,,,,,,,,,,,,,,,,,,,1,0
zgrab_587_Japan.json:85,zgrab_real,zgrab_587_Japan.json,85,Japan,SMTP_RESPONSE_OBSERVED,STARTTLS_NOT_OBSERVED,TLS_NOT_OBSERVED,CERTIFICATE_NOT_OBSERVED_NO_TLS,587,success,smtp,1,1,0,0,0,,,,,,,,,,,,,,,,,,,,,,,,,,,0,,,,,,,,,,,,,,,,,,,,,,,,,,,,,,,,,,,,,,,,,,,,,,,,,1,0
zgrab_587_Japan.json:86,zgrab_real,zgrab_587_Japan.json,86,Japan,SMTP_RESPONSE_OBSERVED,STARTTLS_NOT_OBSERVED,TLS_NOT_OBSERVED,CERTIFICATE_NOT_OBSERVED_NO_TLS,587,success,smtp,1,1,0,0,0,,,,,,,,,,,,,,,,,,,,,,,,,,,0,,,,,,,,,,,,,,,,,,,,,,,,,,,,,,,,,,,,,,,,,,,,,,,,,1,0
zgrab_587_Japan.json:87,zgrab_real,zgrab_587_Japan.json,87,Japan,SMTP_RESPONSE_OBSERVED,STARTTLS_NOT_OBSERVED,TLS_NOT_OBSERVED,CERTIFICATE_NOT_OBSERVED_NO_TLS,587,success,smtp,1,1,0,0,0,,,,,,,,,,,,,,,,,,,,,,,,,,,0,,,,,,,,,,,,,,,,,,,,,,,,,,,,,,,,,,,,,,,,,,,,,,,,,1,0
zgrab_587_Japan.json:88,zgrab_real,zgrab_587_Japan.json,88,Japan,SMTP_RESPONSE_OBSERVED,STARTTLS_NOT_OBSERVED,TLS_NOT_OBSERVED,CERTIFICATE_NOT_OBSERVED_NO_TLS,587,success,smtp,1,1,0,0,0,,,,,,,,,,,,,,,,,,,,,,,,,,,0,,,,,,,,,,,,,,,,,,,,,,,,,,,,,,,,,,,,,,,,,,,,,,,,,1,0
zgrab_587_Japan.json:89,zgrab_real,zgrab_587_Japan.json,89,Japan,SMTP_RESPONSE_OBSERVED,STARTTLS_NOT_OBSERVED,TLS_NOT_OBSERVED,CERTIFICATE_NOT_OBSERVED_NO_TLS,587,success,smtp,1,1,0,0,0,,,,,,,,,,,,,,,,,,,,,,,,,,,0,,,,,,,,,,,,,,,,,,,,,,,,,,,,,,,,,,,,,,,,,,,,,,,,,1,0
zgrab_587_Japan.json:90,zgrab_real,zgrab_587_Japan.json,90,Japan,SMTP_RESPONSE_OBSERVED,STARTTLS_NOT_OBSERVED,TLS_NOT_OBSERVED,CERTIFICATE_NOT_OBSERVED_NO_TLS,587,success,smtp,1,1,0,0,0,,,,,,,,,,,,,,,,,,,,,,,,,,,0,,,,,,,,,,,,,,,,,,,,,,,,,,,,,,,,,,,,,,,,,,,,,,,,,1,0
zgrab_587_Japan.json:91,zgrab_real,zgrab_587_Japan.json,91,Japan,SMTP_RESPONSE_OBSERVED,STARTTLS_NOT_OBSERVED,TLS_NOT_OBSERVED,CERTIFICATE_NOT_OBSERVED_NO_TLS,587,success,smtp,1,1,0,0,0,,,,,,,,,,,,,,,,,,,,,,,,,,,0,,,,,,,,,,,,,,,,,,,,,,,,,,,,,,,,,,,,,,,,,,,,,,,,,1,0
zgrab_587_Japan.json:92,zgrab_real,zgrab_587_Japan.json,92,Japan,SMTP_RESPONSE_OBSERVED,STARTTLS_NOT_OBSERVED,TLS_NOT_OBSERVED,CERTIFICATE_NOT_OBSERVED_NO_TLS,587,success,smtp,1,1,0,0,0,,,,,,,,,,,,,,,,,,,,,,,,,,,0,,,,,,,,,,,,,,,,,,,,,,,,,,,,,,,,,,,,,,,,,,,,,,,,,1,0
zgrab_587_Japan.json:93,zgrab_real,zgrab_587_Japan.json,93,Japan,SMTP_RESPONSE_OBSERVED,STARTTLS_NOT_OBSERVED,TLS_NOT_OBSERVED,CERTIFICATE_NOT_OBSERVED_NO_TLS,587,success,smtp,1,1,0,0,0,,,,,,,,,,,,,,,,,,,,,,,,,,,0,,,,,,,,,,,,,,,,,,,,,,,,,,,,,,,,,,,,,,,,,,,,,,,,,1,0
zgrab_587_Japan.json:94,zgrab_real,zgrab_587_Japan.json,94,Japan,SMTP_RESPONSE_OBSERVED,STARTTLS_NOT_OBSERVED,TLS_NOT_OBSERVED,CERTIFICATE_NOT_OBSERVED_NO_TLS,587,success,smtp,1,1,0,0,0,,,,,,,,,,,,,,,,,,,,,,,,,,,0,,,,,,,,,,,,,,,,,,,,,,,,,,,,,,,,,,,,,,,,,,,,,,,,,1,0
zgrab_587_Japan.json:95,zgrab_real,zgrab_587_Japan.json,95,Japan,SMTP_RESPONSE_OBSERVED,STARTTLS_NOT_OBSERVED,TLS_NOT_OBSERVED,CERTIFICATE_NOT_OBSERVED_NO_TLS,587,success,smtp,1,1,0,0,0,,,,,,,,,,,,,,,,,,,,,,,,,,,0,,,,,,,,,,,,,,,,,,,,,,,,,,,,,,,,,,,,,,,,,,,,,,,,,1,0
zgrab_587_Japan.json:96,zgrab_real,zgrab_587_Japan.json,96,Japan,SMTP_RESPONSE_OBSERVED,STARTTLS_NOT_OBSERVED,TLS_NOT_OBSERVED,CERTIFICATE_NOT_OBSERVED_NO_TLS,587,success,smtp,1,1,0,0,0,,,,,,,,,,,,,,,,,,,,,,,,,,,0,,,,,,,,,,,,,,,,,,,,,,,,,,,,,,,,,,,,,,,,,,,,,,,,,1,0
zgrab_587_Japan.json:97,zgrab_real,zgrab_587_Japan.json,97,Japan,SMTP_RESPONSE_OBSERVED,STARTTLS_NOT_OBSERVED,TLS_NOT_OBSERVED,CERTIFICATE_NOT_OBSERVED_NO_TLS,587,success,smtp,1,1,0,0,0,,,,,,,,,,,,,,,,,,,,,,,,,,,0,,,,,,,,,,,,,,,,,,,,,,,,,,,,,,,,,,,,,,,,,,,,,,,,,1,0
zgrab_587_Japan.json:98,zgrab_real,zgrab_587_Japan.json,98,Japan,SMTP_RESPONSE_OBSERVED,STARTTLS_NOT_OBSERVED,TLS_NOT_OBSERVED,CERTIFICATE_NOT_OBSERVED_NO_TLS,587,success,smtp,1,1,0,0,0,,,,,,,,,,,,,,,,,,,,,,,,,,,0,,,,,,,,,,,,,,,,,,,,,,,,,,,,,,,,,,,,,,,,,,,,,,,,,1,0
zgrab_587_Japan.json:99,zgrab_real,zgrab_587_Japan.json,99,Japan,SMTP_RESPONSE_OBSERVED,STARTTLS_NOT_OBSERVED,TLS_NOT_OBSERVED,CERTIFICATE_NOT_OBSERVED_NO_TLS,587,success,smtp,1,1,0,0,0,,,,,,,,,,,,,,,,,,,,,,,,,,,0,,,,,,,,,,,,,,,,,,,,,,,,,,,,,,,,,,,,,,,,,,,,,,,,,1,0
zgrab_587_Japan.json:100,zgrab_real,zgrab_587_Japan.json,100,Japan,SMTP_RESPONSE_OBSERVED,STARTTLS_NOT_OBSERVED,TLS_NOT_OBSERVED,CERTIFICATE_NOT_OBSERVED_NO_TLS,587,success,smtp,1,1,0,0,0,,,,,,,,,,,,,,,,,,,,,,,,,,,0,,,,,,,,,,,,,,,,,,,,,,,,,,,,,,,,,,,,,,,,,,,,,,,,,1,0
zgrab_587_Mexico.json:1,zgrab_real,zgrab_587_Mexico.json,1,Mexico,SMTP_RESPONSE_OBSERVED,STARTTLS_NOT_OBSERVED,TLS_NOT_OBSERVED,CERTIFICATE_NOT_OBSERVED_NO_TLS,587,success,smtp,1,1,0,0,0,,,,,,,,,,,,,,,,,,,,,,,,,,,0,,,,,,,,,,,,,,,,,,,,,,,,,,,,,,,,,,,,,,,,,,,,,,,,,1,0
zgrab_587_Mexico.json:2,zgrab_real,zgrab_587_Mexico.json,2,Mexico,SMTP_RESPONSE_OBSERVED,TLS_HANDSHAKE_SUCCEEDED,HANDSHAKE_SUCCEEDED,CERTIFICATE_OBSERVED,587,success,smtp,1,1,1,1,1,TLSv1.2,TLSv1.3,TLS_AES_256_GCM_SHA384,secp256r1,2,1,1,0,0,0,0,0,0,0,0,1,1,0,0,0,1,0,0,1,0,0,1,False,RSA,2048,65537,,,SHA384-RSA,0,0,1,0,DV,False,1,0,26,1,False,True,True,True,True,,2,9,365.99998842592595,-374.0381018518519,1,0,2,1,1,1,2,1,3,1,0,0,1,1,0,0,0,0,0,0,1,0,1
zgrab_587_Mexico.json:3,zgrab_real,zgrab_587_Mexico.json,3,Mexico,SMTP_RESPONSE_OBSERVED,TLS_HANDSHAKE_SUCCEEDED,HANDSHAKE_SUCCEEDED,CERTIFICATE_OBSERVED,587,success,smtp,1,1,1,1,1,TLSv1.2,TLSv1.3,TLS_AES_256_GCM_SHA384,secp256r1,2,1,1,0,0,0,0,0,0,0,0,1,1,0,0,0,1,0,0,1,0,0,1,False,RSA,2048,65537,,,SHA384-RSA,0,0,1,0,DV,False,1,0,26,1,False,True,True,True,True,,2,9,365.99998842592595,-374.0381018518519,1,0,2,1,1,1,2,1,3,1,0,0,1,1,0,0,0,0,0,0,1,0,1
zgrab_587_Mexico.json:4,zgrab_real,zgrab_587_Mexico.json,4,Mexico,SMTP_RESPONSE_OBSERVED,STARTTLS_NOT_OBSERVED,TLS_NOT_OBSERVED,CERTIFICATE_NOT_OBSERVED_NO_TLS,587,success,smtp,1,1,0,0,0,,,,,,,,,,,,,,,,,,,,,,,,,,,0,,,,,,,,,,,,,,,,,,,,,,,,,,,,,,,,,,,,,,,,,,,,,,,,,1,0
zgrab_587_Mexico.json:5,zgrab_real,zgrab_587_Mexico.json,5,Mexico,SMTP_RESPONSE_OBSERVED,STARTTLS_NOT_OBSERVED,TLS_NOT_OBSERVED,CERTIFICATE_NOT_OBSERVED_NO_TLS,587,success,smtp,1,1,0,0,0,,,,,,,,,,,,,,,,,,,,,,,,,,,0,,,,,,,,,,,,,,,,,,,,,,,,,,,,,,,,,,,,,,,,,,,,,,,,,1,0
zgrab_587_Mexico.json:6,zgrab_real,zgrab_587_Mexico.json,6,Mexico,SMTP_PROBE_FAILED,STARTTLS_NOT_OBSERVED,TLS_NOT_OBSERVED,CERTIFICATE_NOT_OBSERVED_NO_TLS,587,connection-timeout,smtp,0,0,0,0,0,,,,,,,,,,,,,,,,,,,,,,,,,,,0,,,,,,,,,,,,,,,,,,,,,,,,,,,,,,,,,,,,,,,,,,,,,,,,,0,0
zgrab_587_Mexico.json:7,zgrab_real,zgrab_587_Mexico.json,7,Mexico,SMTP_PROBE_FAILED,STARTTLS_NOT_OBSERVED,TLS_NOT_OBSERVED,CERTIFICATE_NOT_OBSERVED_NO_TLS,587,connection-timeout,smtp,0,0,0,0,0,,,,,,,,,,,,,,,,,,,,,,,,,,,0,,,,,,,,,,,,,,,,,,,,,,,,,,,,,,,,,,,,,,,,,,,,,,,,,0,0
zgrab_587_Mexico.json:8,zgrab_real,zgrab_587_Mexico.json,8,Mexico,SMTP_RESPONSE_OBSERVED,TLS_HANDSHAKE_SUCCEEDED,HANDSHAKE_SUCCEEDED,CERTIFICATE_OBSERVED,587,success,smtp,1,1,1,1,1,TLSv1.2,TLSv1.3,TLS_CHACHA20_POLY1305_SHA256,x25519,2,1,1,0,0,0,0,0,0,0,0,1,1,0,0,0,1,0,0,1,0,0,1,False,RSA,2048,65537,,,SHA256-RSA,0,1,0,0,unknown,True,1,0,35,1,False,True,True,,,,0,5,365.0,220.70371527777777,0,0,0,0,0,0,0,0,0,0,0,0,1,1,0,0,0,0,0,0,1,0,1
zgrab_587_Mexico.json:9,zgrab_real,zgrab_587_Mexico.json,9,Mexico,SMTP_RESPONSE_OBSERVED,STARTTLS_NOT_OBSERVED,TLS_NOT_OBSERVED,CERTIFICATE_NOT_OBSERVED_NO_TLS,587,success,smtp,1,1,0,0,0,,,,,,,,,,,,,,,,,,,,,,,,,,,0,,,,,,,,,,,,,,,,,,,,,,,,,,,,,,,,,,,,,,,,,,,,,,,,,1,0
zgrab_587_Mexico.json:10,zgrab_real,zgrab_587_Mexico.json,10,Mexico,SMTP_RESPONSE_OBSERVED,STARTTLS_NOT_OBSERVED,TLS_NOT_OBSERVED,CERTIFICATE_NOT_OBSERVED_NO_TLS,587,success,smtp,1,1,0,0,0,,,,,,,,,,,,,,,,,,,,,,,,,,,0,,,,,,,,,,,,,,,,,,,,,,,,,,,,,,,,,,,,,,,,,,,,,,,,,1,0
zgrab_587_Mexico.json:11,zgrab_real,zgrab_587_Mexico.json,11,Mexico,SMTP_RESPONSE_OBSERVED,TLS_HANDSHAKE_SUCCEEDED,HANDSHAKE_SUCCEEDED,CERTIFICATE_OBSERVED,587,success,smtp,1,1,1,1,1,TLSv1.2,TLSv1.3,TLS_CHACHA20_POLY1305_SHA256,x25519,2,1,1,0,0,0,0,0,0,0,0,1,1,0,0,0,1,0,0,1,0,0,1,True,RSA,2048,65537,,,SHA256-RSA,0,1,0,0,DV,False,1,0,18,1,False,True,,True,True,,2,10,89.99998842592592,48.62221064814815,0,0,2,0,1,0,1,1,2,1,1,1,1,1,0,0,0,0,0,0,0,0,1
zgrab_587_Mexico.json:12,zgrab_real,zgrab_587_Mexico.json,12,Mexico,SMTP_RESPONSE_OBSERVED,STARTTLS_NOT_OBSERVED,TLS_NOT_OBSERVED,CERTIFICATE_NOT_OBSERVED_NO_TLS,587,success,smtp,1,1,0,0,0,,,,,,,,,,,,,,,,,,,,,,,,,,,0,,,,,,,,,,,,,,,,,,,,,,,,,,,,,,,,,,,,,,,,,,,,,,,,,1,0
zgrab_587_Mexico.json:13,zgrab_real,zgrab_587_Mexico.json,13,Mexico,SMTP_PROBE_FAILED,STARTTLS_NOT_OBSERVED,TLS_NOT_OBSERVED,CERTIFICATE_NOT_OBSERVED_NO_TLS,587,connection-timeout,smtp,0,0,0,0,0,,,,,,,,,,,,,,,,,,,,,,,,,,,0,,,,,,,,,,,,,,,,,,,,,,,,,,,,,,,,,,,,,,,,,,,,,,,,,0,0
zgrab_587_Mexico.json:14,zgrab_real,zgrab_587_Mexico.json,14,Mexico,SMTP_RESPONSE_OBSERVED,STARTTLS_NOT_OBSERVED,TLS_NOT_OBSERVED,CERTIFICATE_NOT_OBSERVED_NO_TLS,587,success,smtp,1,1,0,0,0,,,,,,,,,,,,,,,,,,,,,,,,,,,0,,,,,,,,,,,,,,,,,,,,,,,,,,,,,,,,,,,,,,,,,,,,,,,,,1,0
zgrab_587_Mexico.json:15,zgrab_real,zgrab_587_Mexico.json,15,Mexico,SMTP_RESPONSE_OBSERVED,STARTTLS_NOT_OBSERVED,TLS_NOT_OBSERVED,CERTIFICATE_NOT_OBSERVED_NO_TLS,587,success,smtp,1,1,0,0,0,,,,,,,,,,,,,,,,,,,,,,,,,,,0,,,,,,,,,,,,,,,,,,,,,,,,,,,,,,,,,,,,,,,,,,,,,,,,,1,0
zgrab_587_Mexico.json:16,zgrab_real,zgrab_587_Mexico.json,16,Mexico,SMTP_RESPONSE_OBSERVED,STARTTLS_NOT_OBSERVED,TLS_NOT_OBSERVED,CERTIFICATE_NOT_OBSERVED_NO_TLS,587,success,smtp,1,1,0,0,0,,,,,,,,,,,,,,,,,,,,,,,,,,,0,,,,,,,,,,,,,,,,,,,,,,,,,,,,,,,,,,,,,,,,,,,,,,,,,1,0
zgrab_587_Mexico.json:17,zgrab_real,zgrab_587_Mexico.json,17,Mexico,SMTP_RESPONSE_OBSERVED,TLS_HANDSHAKE_SUCCEEDED,HANDSHAKE_SUCCEEDED,CERTIFICATE_OBSERVED,587,success,smtp,1,1,1,1,1,TLSv1.2,,TLS_ECDHE_RSA_WITH_AES_128_GCM_SHA256,,1,0,0,1,0,0,0,0,0,0,0,1,1,0,0,1,1,0,0,1,0,0,1,True,RSA,3072,65537,,,SHA256-RSA,0,1,0,0,DV,False,1,0,22,1,False,True,,True,True,,2,10,89.99998842592592,13.519224537037037,0,0,2,0,1,0,1,1,2,1,1,1,1,1,0,0,0,0,0,0,0,0,1
zgrab_587_Mexico.json:18,zgrab_real,zgrab_587_Mexico.json,18,Mexico,SMTP_RESPONSE_OBSERVED,STARTTLS_NOT_OBSERVED,TLS_NOT_OBSERVED,CERTIFICATE_NOT_OBSERVED_NO_TLS,587,success,smtp,1,0,0,0,0,,,,,,,,,,,,,,,,,,,,,,,,,,,0,,,,,,,,,,,,,,,,,,,,,,,,,,,,,,,,,,,,,,,,,,,,,,,,,1,0
zgrab_587_Mexico.json:19,zgrab_real,zgrab_587_Mexico.json,19,Mexico,SMTP_RESPONSE_OBSERVED,STARTTLS_NOT_OBSERVED,TLS_NOT_OBSERVED,CERTIFICATE_NOT_OBSERVED_NO_TLS,587,success,smtp,1,1,0,0,0,,,,,,,,,,,,,,,,,,,,,,,,,,,0,,,,,,,,,,,,,,,,,,,,,,,,,,,,,,,,,,,,,,,,,,,,,,,,,1,0
zgrab_587_Mexico.json:20,zgrab_real,zgrab_587_Mexico.json,20,Mexico,SMTP_RESPONSE_OBSERVED,STARTTLS_NOT_OBSERVED,TLS_NOT_OBSERVED,CERTIFICATE_NOT_OBSERVED_NO_TLS,587,success,smtp,1,1,0,0,0,,,,,,,,,,,,,,,,,,,,,,,,,,,0,,,,,,,,,,,,,,,,,,,,,,,,,,,,,,,,,,,,,,,,,,,,,,,,,1,0
zgrab_587_Mexico.json:21,zgrab_real,zgrab_587_Mexico.json,21,Mexico,SMTP_RESPONSE_OBSERVED,STARTTLS_NOT_OBSERVED,TLS_NOT_OBSERVED,CERTIFICATE_NOT_OBSERVED_NO_TLS,587,success,smtp,1,1,0,0,0,,,,,,,,,,,,,,,,,,,,,,,,,,,0,,,,,,,,,,,,,,,,,,,,,,,,,,,,,,,,,,,,,,,,,,,,,,,,,1,0
zgrab_587_Mexico.json:22,zgrab_real,zgrab_587_Mexico.json,22,Mexico,SMTP_RESPONSE_OBSERVED,STARTTLS_NOT_OBSERVED,TLS_NOT_OBSERVED,CERTIFICATE_NOT_OBSERVED_NO_TLS,587,success,smtp,1,1,0,0,0,,,,,,,,,,,,,,,,,,,,,,,,,,,0,,,,,,,,,,,,,,,,,,,,,,,,,,,,,,,,,,,,,,,,,,,,,,,,,1,0
zgrab_587_Mexico.json:23,zgrab_real,zgrab_587_Mexico.json,23,Mexico,SMTP_RESPONSE_OBSERVED,STARTTLS_NOT_OBSERVED,TLS_NOT_OBSERVED,CERTIFICATE_NOT_OBSERVED_NO_TLS,587,success,smtp,1,1,0,0,0,,,,,,,,,,,,,,,,,,,,,,,,,,,0,,,,,,,,,,,,,,,,,,,,,,,,,,,,,,,,,,,,,,,,,,,,,,,,,1,0
zgrab_587_Mexico.json:24,zgrab_real,zgrab_587_Mexico.json,24,Mexico,SMTP_RESPONSE_OBSERVED,STARTTLS_NOT_OBSERVED,TLS_NOT_OBSERVED,CERTIFICATE_NOT_OBSERVED_NO_TLS,587,success,smtp,1,1,0,0,0,,,,,,,,,,,,,,,,,,,,,,,,,,,0,,,,,,,,,,,,,,,,,,,,,,,,,,,,,,,,,,,,,,,,,,,,,,,,,1,0
zgrab_587_Mexico.json:25,zgrab_real,zgrab_587_Mexico.json,25,Mexico,SMTP_RESPONSE_OBSERVED,STARTTLS_NOT_OBSERVED,TLS_NOT_OBSERVED,CERTIFICATE_NOT_OBSERVED_NO_TLS,587,success,smtp,1,1,0,0,0,,,,,,,,,,,,,,,,,,,,,,,,,,,0,,,,,,,,,,,,,,,,,,,,,,,,,,,,,,,,,,,,,,,,,,,,,,,,,1,0
zgrab_587_Mexico.json:26,zgrab_real,zgrab_587_Mexico.json,26,Mexico,SMTP_RESPONSE_OBSERVED,STARTTLS_NOT_OBSERVED,TLS_NOT_OBSERVED,CERTIFICATE_NOT_OBSERVED_NO_TLS,587,success,smtp,1,0,0,0,0,,,,,,,,,,,,,,,,,,,,,,,,,,,0,,,,,,,,,,,,,,,,,,,,,,,,,,,,,,,,,,,,,,,,,,,,,,,,,1,0
zgrab_587_Mexico.json:27,zgrab_real,zgrab_587_Mexico.json,27,Mexico,SMTP_RESPONSE_OBSERVED,STARTTLS_NOT_OBSERVED,TLS_NOT_OBSERVED,CERTIFICATE_NOT_OBSERVED_NO_TLS,587,success,smtp,1,1,0,0,0,,,,,,,,,,,,,,,,,,,,,,,,,,,0,,,,,,,,,,,,,,,,,,,,,,,,,,,,,,,,,,,,,,,,,,,,,,,,,1,0
zgrab_587_Mexico.json:28,zgrab_real,zgrab_587_Mexico.json,28,Mexico,SMTP_RESPONSE_OBSERVED,TLS_HANDSHAKE_SUCCEEDED,HANDSHAKE_SUCCEEDED,CERTIFICATE_OBSERVED,587,success,smtp,1,1,1,1,1,TLSv1.2,,TLS_ECDHE_RSA_WITH_AES_256_CBC_SHA,,1,0,0,1,0,0,0,0,0,0,0,1,0,1,0,1,1,0,0,1,0,0,1,False,RSA,2048,65537,,,SHA256-RSA,0,1,0,0,unknown,True,2,0,20,2,False,True,,True,True,,2,4,1826.0,1791.6864814814815,0,0,0,0,0,0,0,0,0,0,0,0,0,0,0,1,0,1,0,0,1,0,1
zgrab_587_Mexico.json:29,zgrab_real,zgrab_587_Mexico.json,29,Mexico,SMTP_RESPONSE_OBSERVED,STARTTLS_NOT_OBSERVED,TLS_NOT_OBSERVED,CERTIFICATE_NOT_OBSERVED_NO_TLS,587,success,smtp,1,1,0,0,0,,,,,,,,,,,,,,,,,,,,,,,,,,,0,,,,,,,,,,,,,,,,,,,,,,,,,,,,,,,,,,,,,,,,,,,,,,,,,1,0
zgrab_587_Mexico.json:30,zgrab_real,zgrab_587_Mexico.json,30,Mexico,SMTP_PROBE_FAILED,STARTTLS_NOT_OBSERVED,TLS_NOT_OBSERVED,CERTIFICATE_NOT_OBSERVED_NO_TLS,587,connection-timeout,smtp,0,0,0,0,0,,,,,,,,,,,,,,,,,,,,,,,,,,,0,,,,,,,,,,,,,,,,,,,,,,,,,,,,,,,,,,,,,,,,,,,,,,,,,0,0
zgrab_587_Mexico.json:31,zgrab_real,zgrab_587_Mexico.json,31,Mexico,SMTP_PROBE_FAILED,STARTTLS_NOT_OBSERVED,TLS_NOT_OBSERVED,CERTIFICATE_NOT_OBSERVED_NO_TLS,587,connection-timeout,smtp,0,0,0,0,0,,,,,,,,,,,,,,,,,,,,,,,,,,,0,,,,,,,,,,,,,,,,,,,,,,,,,,,,,,,,,,,,,,,,,,,,,,,,,0,0
zgrab_587_Mexico.json:32,zgrab_real,zgrab_587_Mexico.json,32,Mexico,SMTP_RESPONSE_OBSERVED,TLS_HANDSHAKE_SUCCEEDED,HANDSHAKE_SUCCEEDED,CERTIFICATE_OBSERVED,587,success,smtp,1,1,1,1,1,TLSv1.2,TLSv1.3,TLS_CHACHA20_POLY1305_SHA256,x25519,2,1,1,0,0,0,0,0,0,0,0,1,1,0,0,0,1,0,0,1,0,0,1,True,RSA,2048,65537,,,SHA256-RSA,0,1,0,0,DV,False,12,0,38,12,False,True,,True,True,,2,10,89.99998842592592,76.87267361111111,0,0,2,0,1,0,1,1,2,1,1,1,1,1,0,0,0,0,0,0,0,0,1
zgrab_587_Mexico.json:33,zgrab_real,zgrab_587_Mexico.json,33,Mexico,SMTP_RESPONSE_OBSERVED,TLS_HANDSHAKE_SUCCEEDED,HANDSHAKE_SUCCEEDED,CERTIFICATE_OBSERVED,587,success,smtp,1,1,1,1,1,TLSv1.2,TLSv1.3,TLS_CHACHA20_POLY1305_SHA256,x25519,2,1,1,0,0,0,0,0,0,0,0,1,1,0,0,0,1,0,0,1,0,0,1,True,RSA,2048,65537,,,SHA256-RSA,0,1,0,0,DV,False,12,0,38,12,False,True,,True,True,,2,10,89.99998842592592,76.87266203703703,0,0,2,0,1,0,1,1,2,1,1,1,1,1,0,0,0,0,0,0,0,0,1
zgrab_587_Mexico.json:34,zgrab_real,zgrab_587_Mexico.json,34,Mexico,SMTP_RESPONSE_OBSERVED,TLS_HANDSHAKE_SUCCEEDED,HANDSHAKE_SUCCEEDED,CERTIFICATE_OBSERVED,587,success,smtp,1,1,1,1,1,TLSv1.2,TLSv1.3,TLS_CHACHA20_POLY1305_SHA256,x25519,2,1,1,0,0,0,0,0,0,0,0,1,1,0,0,0,1,0,0,1,0,0,1,True,RSA,2048,65537,,,SHA256-RSA,0,1,0,0,DV,False,12,0,38,12,False,True,,True,True,,2,10,89.99998842592592,76.87266203703703,0,0,2,0,1,0,1,1,2,1,1,1,1,1,0,0,0,0,0,0,0,0,1
zgrab_587_Mexico.json:35,zgrab_real,zgrab_587_Mexico.json,35,Mexico,SMTP_RESPONSE_OBSERVED,STARTTLS_NOT_OBSERVED,TLS_NOT_OBSERVED,CERTIFICATE_NOT_OBSERVED_NO_TLS,587,success,smtp,1,1,0,0,0,,,,,,,,,,,,,,,,,,,,,,,,,,,0,,,,,,,,,,,,,,,,,,,,,,,,,,,,,,,,,,,,,,,,,,,,,,,,,1,0
zgrab_587_Mexico.json:36,zgrab_real,zgrab_587_Mexico.json,36,Mexico,SMTP_PROBE_FAILED,STARTTLS_NOT_OBSERVED,TLS_NOT_OBSERVED,CERTIFICATE_NOT_OBSERVED_NO_TLS,587,application-error,smtp,1,0,0,0,0,,,,,,,,,,,,,,,,,,,,,,,,,,,0,,,,,,,,,,,,,,,,,,,,,,,,,,,,,,,,,,,,,,,,,,,,,,,,,1,0
zgrab_587_Mexico.json:37,zgrab_real,zgrab_587_Mexico.json,37,Mexico,SMTP_RESPONSE_OBSERVED,TLS_HANDSHAKE_SUCCEEDED,HANDSHAKE_SUCCEEDED,CERTIFICATE_OBSERVED,587,success,smtp,1,1,1,1,1,TLSv1.2,TLSv1.3,TLS_CHACHA20_POLY1305_SHA256,x25519,2,1,1,0,0,0,0,0,0,0,0,1,1,0,0,0,1,0,0,1,0,0,1,True,RSA,2048,65537,,,SHA256-RSA,0,1,0,0,DV,False,1,0,27,1,False,True,,True,True,,2,10,89.99998842592592,88.9471875,0,0,2,0,1,0,1,1,2,1,1,1,1,1,0,0,0,0,0,0,0,0,1
zgrab_587_Mexico.json:38,zgrab_real,zgrab_587_Mexico.json,38,Mexico,SMTP_RESPONSE_OBSERVED,TLS_HANDSHAKE_SUCCEEDED,HANDSHAKE_SUCCEEDED,CERTIFICATE_OBSERVED,587,success,smtp,1,1,1,1,1,TLSv1.2,TLSv1.3,TLS_CHACHA20_POLY1305_SHA256,x25519,2,1,1,0,0,0,0,0,0,0,0,1,1,0,0,0,1,0,0,1,0,0,1,True,RSA,2048,65537,,,SHA256-RSA,0,1,0,0,DV,False,12,0,38,12,False,True,,True,True,,2,10,89.99998842592592,76.87261574074074,0,0,2,0,1,0,1,1,2,1,1,1,1,1,0,0,0,0,0,0,0,0,1
zgrab_587_Mexico.json:39,zgrab_real,zgrab_587_Mexico.json,39,Mexico,SMTP_RESPONSE_OBSERVED,TLS_HANDSHAKE_SUCCEEDED,HANDSHAKE_SUCCEEDED,CERTIFICATE_OBSERVED,587,success,smtp,1,1,1,1,1,TLSv1.2,TLSv1.3,TLS_CHACHA20_POLY1305_SHA256,x25519,2,1,1,0,0,0,0,0,0,0,0,1,1,0,0,0,1,0,0,1,0,0,1,True,RSA,2048,65537,,,SHA256-RSA,0,1,0,0,DV,False,12,0,44,12,False,True,,True,True,,2,10,89.99998842592592,59.66694444444445,0,0,2,0,1,0,1,1,2,1,1,1,1,1,0,0,0,0,0,0,0,0,1
zgrab_587_Mexico.json:40,zgrab_real,zgrab_587_Mexico.json,40,Mexico,SMTP_RESPONSE_OBSERVED,TLS_HANDSHAKE_SUCCEEDED,HANDSHAKE_SUCCEEDED,CERTIFICATE_OBSERVED,587,success,smtp,1,1,1,1,1,TLSv1.2,TLSv1.3,TLS_CHACHA20_POLY1305_SHA256,x25519,2,1,1,0,0,0,0,0,0,0,0,1,1,0,0,0,1,0,0,1,0,0,1,True,RSA,2048,65537,,,SHA256-RSA,0,1,0,0,DV,False,1,0,21,1,False,True,,True,True,,2,10,89.99998842592592,83.50989583333333,0,0,2,0,1,0,1,1,2,1,1,1,1,1,0,0,0,0,0,0,0,0,1
zgrab_587_Mexico.json:41,zgrab_real,zgrab_587_Mexico.json,41,Mexico,SMTP_RESPONSE_OBSERVED,TLS_HANDSHAKE_SUCCEEDED,HANDSHAKE_SUCCEEDED,CERTIFICATE_OBSERVED,587,success,smtp,1,1,1,1,1,TLSv1.2,TLSv1.3,TLS_CHACHA20_POLY1305_SHA256,x25519,2,1,1,0,0,0,0,0,0,0,0,1,1,0,0,0,1,0,0,1,0,0,1,True,RSA,2048,65537,,,SHA256-RSA,0,1,0,0,DV,False,1,0,21,1,False,True,,True,True,,2,10,89.99998842592592,83.5098611111111,0,0,2,0,1,0,1,1,2,1,1,1,1,1,0,0,0,0,0,0,0,0,1
zgrab_587_Mexico.json:42,zgrab_real,zgrab_587_Mexico.json,42,Mexico,SMTP_RESPONSE_OBSERVED,TLS_HANDSHAKE_SUCCEEDED,HANDSHAKE_SUCCEEDED,CERTIFICATE_OBSERVED,587,success,smtp,1,1,1,1,1,TLSv1.2,TLSv1.3,TLS_CHACHA20_POLY1305_SHA256,x25519,2,1,1,0,0,0,0,0,0,0,0,1,1,0,0,0,1,0,0,1,0,0,1,True,RSA,2048,65537,,,SHA256-RSA,0,1,0,0,DV,False,1,0,21,1,False,True,,True,True,,2,10,89.99998842592592,83.5098611111111,0,0,2,0,1,0,1,1,2,1,1,1,1,1,0,0,0,0,0,0,0,0,1
zgrab_587_Mexico.json:43,zgrab_real,zgrab_587_Mexico.json,43,Mexico,SMTP_RESPONSE_OBSERVED,TLS_HANDSHAKE_SUCCEEDED,HANDSHAKE_SUCCEEDED,CERTIFICATE_OBSERVED,587,success,smtp,1,1,1,1,1,TLSv1.2,TLSv1.3,TLS_CHACHA20_POLY1305_SHA256,x25519,2,1,1,0,0,0,0,0,0,0,0,1,1,0,0,0,1,0,0,1,0,0,1,True,RSA,2048,65537,,,SHA256-RSA,0,1,0,0,DV,False,1,0,21,1,False,True,,True,True,,2,10,89.99998842592592,83.50984953703704,0,0,2,0,1,0,1,1,2,1,1,1,1,1,0,0,0,0,0,0,0,0,1
zgrab_587_Mexico.json:44,zgrab_real,zgrab_587_Mexico.json,44,Mexico,SMTP_RESPONSE_OBSERVED,STARTTLS_NOT_OBSERVED,TLS_NOT_OBSERVED,CERTIFICATE_NOT_OBSERVED_NO_TLS,587,success,smtp,1,0,0,0,0,,,,,,,,,,,,,,,,,,,,,,,,,,,0,,,,,,,,,,,,,,,,,,,,,,,,,,,,,,,,,,,,,,,,,,,,,,,,,1,0
zgrab_587_Mexico.json:45,zgrab_real,zgrab_587_Mexico.json,45,Mexico,SMTP_RESPONSE_OBSERVED,STARTTLS_NOT_OBSERVED,TLS_NOT_OBSERVED,CERTIFICATE_NOT_OBSERVED_NO_TLS,587,success,smtp,1,1,0,0,0,,,,,,,,,,,,,,,,,,,,,,,,,,,0,,,,,,,,,,,,,,,,,,,,,,,,,,,,,,,,,,,,,,,,,,,,,,,,,1,0
zgrab_587_Mexico.json:46,zgrab_real,zgrab_587_Mexico.json,46,Mexico,SMTP_RESPONSE_OBSERVED,STARTTLS_NOT_OBSERVED,TLS_NOT_OBSERVED,CERTIFICATE_NOT_OBSERVED_NO_TLS,587,success,smtp,1,1,0,0,0,,,,,,,,,,,,,,,,,,,,,,,,,,,0,,,,,,,,,,,,,,,,,,,,,,,,,,,,,,,,,,,,,,,,,,,,,,,,,1,0
zgrab_587_Mexico.json:47,zgrab_real,zgrab_587_Mexico.json,47,Mexico,SMTP_PROBE_FAILED,STARTTLS_NOT_OBSERVED,TLS_NOT_OBSERVED,CERTIFICATE_NOT_OBSERVED_NO_TLS,587,connection-timeout,smtp,0,0,0,0,0,,,,,,,,,,,,,,,,,,,,,,,,,,,0,,,,,,,,,,,,,,,,,,,,,,,,,,,,,,,,,,,,,,,,,,,,,,,,,0,0
zgrab_587_Mexico.json:48,zgrab_real,zgrab_587_Mexico.json,48,Mexico,SMTP_PROBE_FAILED,STARTTLS_NOT_OBSERVED,TLS_NOT_OBSERVED,CERTIFICATE_NOT_OBSERVED_NO_TLS,587,connection-timeout,smtp,0,0,0,0,0,,,,,,,,,,,,,,,,,,,,,,,,,,,0,,,,,,,,,,,,,,,,,,,,,,,,,,,,,,,,,,,,,,,,,,,,,,,,,0,0
zgrab_587_Mexico.json:49,zgrab_real,zgrab_587_Mexico.json,49,Mexico,SMTP_RESPONSE_OBSERVED,STARTTLS_NOT_OBSERVED,TLS_NOT_OBSERVED,CERTIFICATE_NOT_OBSERVED_NO_TLS,587,success,smtp,1,1,0,0,0,,,,,,,,,,,,,,,,,,,,,,,,,,,0,,,,,,,,,,,,,,,,,,,,,,,,,,,,,,,,,,,,,,,,,,,,,,,,,1,0
zgrab_587_Mexico.json:50,zgrab_real,zgrab_587_Mexico.json,50,Mexico,SMTP_RESPONSE_OBSERVED,STARTTLS_NOT_OBSERVED,TLS_NOT_OBSERVED,CERTIFICATE_NOT_OBSERVED_NO_TLS,587,success,smtp,1,1,0,0,0,,,,,,,,,,,,,,,,,,,,,,,,,,,0,,,,,,,,,,,,,,,,,,,,,,,,,,,,,,,,,,,,,,,,,,,,,,,,,1,0
zgrab_587_Mexico.json:51,zgrab_real,zgrab_587_Mexico.json,51,Mexico,SMTP_RESPONSE_OBSERVED,STARTTLS_NOT_OBSERVED,TLS_NOT_OBSERVED,CERTIFICATE_NOT_OBSERVED_NO_TLS,587,success,smtp,1,0,0,0,0,,,,,,,,,,,,,,,,,,,,,,,,,,,0,,,,,,,,,,,,,,,,,,,,,,,,,,,,,,,,,,,,,,,,,,,,,,,,,1,0
zgrab_587_Mexico.json:52,zgrab_real,zgrab_587_Mexico.json,52,Mexico,SMTP_RESPONSE_OBSERVED,STARTTLS_NOT_OBSERVED,TLS_NOT_OBSERVED,CERTIFICATE_NOT_OBSERVED_NO_TLS,587,success,smtp,1,1,0,0,0,,,,,,,,,,,,,,,,,,,,,,,,,,,0,,,,,,,,,,,,,,,,,,,,,,,,,,,,,,,,,,,,,,,,,,,,,,,,,1,0
zgrab_587_Mexico.json:53,zgrab_real,zgrab_587_Mexico.json,53,Mexico,SMTP_RESPONSE_OBSERVED,STARTTLS_NOT_OBSERVED,TLS_NOT_OBSERVED,CERTIFICATE_NOT_OBSERVED_NO_TLS,587,success,smtp,1,1,0,0,0,,,,,,,,,,,,,,,,,,,,,,,,,,,0,,,,,,,,,,,,,,,,,,,,,,,,,,,,,,,,,,,,,,,,,,,,,,,,,1,0
zgrab_587_Mexico.json:54,zgrab_real,zgrab_587_Mexico.json,54,Mexico,SMTP_RESPONSE_OBSERVED,STARTTLS_NOT_OBSERVED,TLS_NOT_OBSERVED,CERTIFICATE_NOT_OBSERVED_NO_TLS,587,success,smtp,1,1,0,0,0,,,,,,,,,,,,,,,,,,,,,,,,,,,0,,,,,,,,,,,,,,,,,,,,,,,,,,,,,,,,,,,,,,,,,,,,,,,,,1,0
zgrab_587_Mexico.json:55,zgrab_real,zgrab_587_Mexico.json,55,Mexico,SMTP_RESPONSE_OBSERVED,TLS_HANDSHAKE_SUCCEEDED,HANDSHAKE_SUCCEEDED,CERTIFICATE_OBSERVED,587,success,smtp,1,1,1,1,1,TLSv1.2,TLSv1.3,TLS_CHACHA20_POLY1305_SHA256,x25519,2,1,1,0,0,0,0,0,0,0,0,1,1,0,0,0,1,0,0,1,0,0,1,True,RSA,2048,65537,,,SHA256-RSA,0,1,0,0,DV,False,12,0,30,12,False,True,,True,True,,2,10,89.99998842592592,65.34770833333333,0,0,2,0,1,0,1,1,2,1,1,1,1,1,0,0,0,0,0,0,0,0,1
zgrab_587_Mexico.json:56,zgrab_real,zgrab_587_Mexico.json,56,Mexico,SMTP_PROBE_FAILED,STARTTLS_NOT_OBSERVED,TLS_NOT_OBSERVED,CERTIFICATE_NOT_OBSERVED_NO_TLS,587,connection-timeout,smtp,0,0,0,0,0,,,,,,,,,,,,,,,,,,,,,,,,,,,0,,,,,,,,,,,,,,,,,,,,,,,,,,,,,,,,,,,,,,,,,,,,,,,,,0,0
zgrab_587_Mexico.json:57,zgrab_real,zgrab_587_Mexico.json,57,Mexico,SMTP_PROBE_FAILED,STARTTLS_NOT_OBSERVED,TLS_NOT_OBSERVED,CERTIFICATE_NOT_OBSERVED_NO_TLS,587,connection-timeout,smtp,0,0,0,0,0,,,,,,,,,,,,,,,,,,,,,,,,,,,0,,,,,,,,,,,,,,,,,,,,,,,,,,,,,,,,,,,,,,,,,,,,,,,,,0,0
zgrab_587_Mexico.json:58,zgrab_real,zgrab_587_Mexico.json,58,Mexico,SMTP_RESPONSE_OBSERVED,STARTTLS_NOT_OBSERVED,TLS_NOT_OBSERVED,CERTIFICATE_NOT_OBSERVED_NO_TLS,587,success,smtp,1,1,0,0,0,,,,,,,,,,,,,,,,,,,,,,,,,,,0,,,,,,,,,,,,,,,,,,,,,,,,,,,,,,,,,,,,,,,,,,,,,,,,,1,0
zgrab_587_Mexico.json:59,zgrab_real,zgrab_587_Mexico.json,59,Mexico,SMTP_RESPONSE_OBSERVED,STARTTLS_NOT_OBSERVED,TLS_NOT_OBSERVED,CERTIFICATE_NOT_OBSERVED_NO_TLS,587,success,smtp,1,1,0,0,0,,,,,,,,,,,,,,,,,,,,,,,,,,,0,,,,,,,,,,,,,,,,,,,,,,,,,,,,,,,,,,,,,,,,,,,,,,,,,1,0
zgrab_587_Mexico.json:60,zgrab_real,zgrab_587_Mexico.json,60,Mexico,SMTP_PROBE_FAILED,STARTTLS_NOT_OBSERVED,TLS_NOT_OBSERVED,CERTIFICATE_NOT_OBSERVED_NO_TLS,587,connection-timeout,smtp,0,0,0,0,0,,,,,,,,,,,,,,,,,,,,,,,,,,,0,,,,,,,,,,,,,,,,,,,,,,,,,,,,,,,,,,,,,,,,,,,,,,,,,0,0
zgrab_587_Mexico.json:61,zgrab_real,zgrab_587_Mexico.json,61,Mexico,SMTP_RESPONSE_OBSERVED,STARTTLS_NOT_OBSERVED,TLS_NOT_OBSERVED,CERTIFICATE_NOT_OBSERVED_NO_TLS,587,success,smtp,1,1,0,0,0,,,,,,,,,,,,,,,,,,,,,,,,,,,0,,,,,,,,,,,,,,,,,,,,,,,,,,,,,,,,,,,,,,,,,,,,,,,,,1,0
zgrab_587_Mexico.json:62,zgrab_real,zgrab_587_Mexico.json,62,Mexico,SMTP_PROBE_FAILED,STARTTLS_NOT_OBSERVED,TLS_NOT_OBSERVED,CERTIFICATE_NOT_OBSERVED_NO_TLS,587,connection-timeout,smtp,0,0,0,0,0,,,,,,,,,,,,,,,,,,,,,,,,,,,0,,,,,,,,,,,,,,,,,,,,,,,,,,,,,,,,,,,,,,,,,,,,,,,,,0,0
zgrab_587_Mexico.json:63,zgrab_real,zgrab_587_Mexico.json,63,Mexico,SMTP_RESPONSE_OBSERVED,STARTTLS_NOT_OBSERVED,TLS_NOT_OBSERVED,CERTIFICATE_NOT_OBSERVED_NO_TLS,587,success,smtp,1,1,0,0,0,,,,,,,,,,,,,,,,,,,,,,,,,,,0,,,,,,,,,,,,,,,,,,,,,,,,,,,,,,,,,,,,,,,,,,,,,,,,,1,0
zgrab_587_Mexico.json:64,zgrab_real,zgrab_587_Mexico.json,64,Mexico,SMTP_PROBE_FAILED,STARTTLS_NOT_OBSERVED,TLS_NOT_OBSERVED,CERTIFICATE_NOT_OBSERVED_NO_TLS,587,connection-timeout,smtp,0,0,0,0,0,,,,,,,,,,,,,,,,,,,,,,,,,,,0,,,,,,,,,,,,,,,,,,,,,,,,,,,,,,,,,,,,,,,,,,,,,,,,,0,0
zgrab_587_Mexico.json:65,zgrab_real,zgrab_587_Mexico.json,65,Mexico,SMTP_RESPONSE_OBSERVED,STARTTLS_NOT_OBSERVED,TLS_NOT_OBSERVED,CERTIFICATE_NOT_OBSERVED_NO_TLS,587,success,smtp,1,0,0,0,0,,,,,,,,,,,,,,,,,,,,,,,,,,,0,,,,,,,,,,,,,,,,,,,,,,,,,,,,,,,,,,,,,,,,,,,,,,,,,1,0
zgrab_587_Mexico.json:66,zgrab_real,zgrab_587_Mexico.json,66,Mexico,SMTP_PROBE_FAILED,STARTTLS_NOT_OBSERVED,TLS_NOT_OBSERVED,CERTIFICATE_NOT_OBSERVED_NO_TLS,587,connection-timeout,smtp,0,0,0,0,0,,,,,,,,,,,,,,,,,,,,,,,,,,,0,,,,,,,,,,,,,,,,,,,,,,,,,,,,,,,,,,,,,,,,,,,,,,,,,0,0
zgrab_587_Mexico.json:67,zgrab_real,zgrab_587_Mexico.json,67,Mexico,SMTP_RESPONSE_OBSERVED,TLS_HANDSHAKE_SUCCEEDED,HANDSHAKE_SUCCEEDED,CERTIFICATE_OBSERVED,587,success,smtp,1,1,1,1,1,TLSv1.2,TLSv1.3,TLS_CHACHA20_POLY1305_SHA256,x25519,2,1,1,0,0,0,0,0,0,0,0,1,1,0,0,0,1,0,0,1,0,0,1,True,RSA,2048,65537,,,SHA256-RSA,0,1,0,0,DV,False,4,1,33,4,False,True,,True,True,,2,10,89.99998842592592,51.95540509259259,0,0,2,0,1,0,1,1,2,1,1,1,1,1,0,0,0,0,0,0,0,0,1
zgrab_587_Mexico.json:68,zgrab_real,zgrab_587_Mexico.json,68,Mexico,SMTP_RESPONSE_OBSERVED,STARTTLS_NOT_OBSERVED,TLS_NOT_OBSERVED,CERTIFICATE_NOT_OBSERVED_NO_TLS,587,success,smtp,1,1,0,0,0,,,,,,,,,,,,,,,,,,,,,,,,,,,0,,,,,,,,,,,,,,,,,,,,,,,,,,,,,,,,,,,,,,,,,,,,,,,,,1,0
zgrab_587_Mexico.json:69,zgrab_real,zgrab_587_Mexico.json,69,Mexico,SMTP_RESPONSE_OBSERVED,STARTTLS_NOT_OBSERVED,TLS_NOT_OBSERVED,CERTIFICATE_NOT_OBSERVED_NO_TLS,587,success,smtp,1,1,0,0,0,,,,,,,,,,,,,,,,,,,,,,,,,,,0,,,,,,,,,,,,,,,,,,,,,,,,,,,,,,,,,,,,,,,,,,,,,,,,,1,0
zgrab_587_Mexico.json:70,zgrab_real,zgrab_587_Mexico.json,70,Mexico,SMTP_RESPONSE_OBSERVED,TLS_HANDSHAKE_SUCCEEDED,HANDSHAKE_SUCCEEDED,CERTIFICATE_OBSERVED,587,success,smtp,1,1,1,1,1,TLSv1.2,TLSv1.3,TLS_CHACHA20_POLY1305_SHA256,x25519,2,1,1,0,0,0,0,0,0,0,0,1,1,0,0,0,1,0,0,1,0,0,1,True,RSA,2048,65537,,,SHA256-RSA,0,1,0,0,DV,False,4,1,33,4,False,True,,True,True,,2,10,89.99998842592592,51.95539351851852,0,0,2,0,1,0,1,1,2,1,1,1,1,1,0,0,0,0,0,0,0,0,1
zgrab_587_Mexico.json:71,zgrab_real,zgrab_587_Mexico.json,71,Mexico,SMTP_RESPONSE_OBSERVED,TLS_HANDSHAKE_SUCCEEDED,HANDSHAKE_SUCCEEDED,CERTIFICATE_OBSERVED,587,success,smtp,1,1,1,1,1,TLSv1.2,TLSv1.3,TLS_CHACHA20_POLY1305_SHA256,x25519,2,1,1,0,0,0,0,0,0,0,0,1,1,0,0,0,1,0,0,1,0,0,1,True,RSA,2048,65537,,,SHA256-RSA,0,1,0,0,DV,False,4,1,33,4,False,True,,True,True,,2,10,89.99998842592592,51.95538194444445,0,0,2,0,1,0,1,1,2,1,1,1,1,1,0,0,0,0,0,0,0,0,1
zgrab_587_Mexico.json:72,zgrab_real,zgrab_587_Mexico.json,72,Mexico,SMTP_RESPONSE_OBSERVED,TLS_HANDSHAKE_SUCCEEDED,HANDSHAKE_SUCCEEDED,CERTIFICATE_OBSERVED,587,success,smtp,1,1,1,1,1,TLSv1.2,TLSv1.3,TLS_CHACHA20_POLY1305_SHA256,x25519,2,1,1,0,0,0,0,0,0,0,0,1,1,0,0,0,1,0,0,1,0,0,1,True,RSA,2048,65537,,,SHA256-RSA,0,1,0,0,DV,False,4,1,33,4,False,True,,True,True,,2,10,89.99998842592592,51.955358796296295,0,0,2,0,1,0,1,1,2,1,1,1,1,1,0,0,0,0,0,0,0,0,1
zgrab_587_Mexico.json:73,zgrab_real,zgrab_587_Mexico.json,73,Mexico,SMTP_RESPONSE_OBSERVED,TLS_HANDSHAKE_SUCCEEDED,HANDSHAKE_SUCCEEDED,CERTIFICATE_OBSERVED,587,success,smtp,1,1,1,1,1,TLSv1.2,TLSv1.3,TLS_CHACHA20_POLY1305_SHA256,x25519,2,1,1,0,0,0,0,0,0,0,0,1,1,0,0,0,1,0,0,1,0,0,1,True,RSA,2048,65537,,,SHA256-RSA,0,1,0,0,DV,False,4,1,33,4,False,True,,True,True,,2,10,89.99998842592592,51.95534722222222,0,0,2,0,1,0,1,1,2,1,1,1,1,1,0,0,0,0,0,0,0,0,1
zgrab_587_Mexico.json:74,zgrab_real,zgrab_587_Mexico.json,74,Mexico,SMTP_RESPONSE_OBSERVED,TLS_HANDSHAKE_SUCCEEDED,HANDSHAKE_SUCCEEDED,CERTIFICATE_OBSERVED,587,success,smtp,1,1,1,1,1,TLSv1.2,TLSv1.3,TLS_CHACHA20_POLY1305_SHA256,x25519,2,1,1,0,0,0,0,0,0,0,0,1,1,0,0,0,1,0,0,1,0,0,1,True,RSA,2048,65537,,,SHA256-RSA,0,1,0,0,DV,False,4,1,33,4,False,True,,True,True,,2,10,89.99998842592592,51.95534722222222,0,0,2,0,1,0,1,1,2,1,1,1,1,1,0,0,0,0,0,0,0,0,1
zgrab_587_Mexico.json:75,zgrab_real,zgrab_587_Mexico.json,75,Mexico,SMTP_RESPONSE_OBSERVED,TLS_HANDSHAKE_SUCCEEDED,HANDSHAKE_SUCCEEDED,CERTIFICATE_OBSERVED,587,success,smtp,1,1,1,1,1,TLSv1.2,TLSv1.3,TLS_CHACHA20_POLY1305_SHA256,x25519,2,1,1,0,0,0,0,0,0,0,0,1,1,0,0,0,1,0,0,1,0,0,1,True,RSA,2048,65537,,,SHA256-RSA,0,1,0,0,DV,False,4,1,33,4,False,True,,True,True,,2,10,89.99998842592592,51.95534722222222,0,0,2,0,1,0,1,1,2,1,1,1,1,1,0,0,0,0,0,0,0,0,1
zgrab_587_Mexico.json:76,zgrab_real,zgrab_587_Mexico.json,76,Mexico,SMTP_RESPONSE_OBSERVED,TLS_HANDSHAKE_SUCCEEDED,HANDSHAKE_SUCCEEDED,CERTIFICATE_OBSERVED,587,success,smtp,1,1,1,1,1,TLSv1.2,TLSv1.3,TLS_CHACHA20_POLY1305_SHA256,x25519,2,1,1,0,0,0,0,0,0,0,0,1,1,0,0,0,1,0,0,1,0,0,1,True,RSA,2048,65537,,,SHA256-RSA,0,1,0,0,DV,False,4,1,33,4,False,True,,True,True,,2,10,89.99998842592592,51.95532407407408,0,0,2,0,1,0,1,1,2,1,1,1,1,1,0,0,0,0,0,0,0,0,1
zgrab_587_Mexico.json:77,zgrab_real,zgrab_587_Mexico.json,77,Mexico,SMTP_RESPONSE_OBSERVED,TLS_HANDSHAKE_SUCCEEDED,HANDSHAKE_SUCCEEDED,CERTIFICATE_OBSERVED,587,success,smtp,1,1,1,1,1,TLSv1.2,TLSv1.3,TLS_CHACHA20_POLY1305_SHA256,x25519,2,1,1,0,0,0,0,0,0,0,0,1,1,0,0,0,1,0,0,1,0,0,1,True,RSA,2048,65537,,,SHA256-RSA,0,1,0,0,DV,False,4,1,33,4,False,True,,True,True,,2,10,89.99998842592592,51.955300925925926,0,0,2,0,1,0,1,1,2,1,1,1,1,1,0,0,0,0,0,0,0,0,1
zgrab_587_Mexico.json:78,zgrab_real,zgrab_587_Mexico.json,78,Mexico,SMTP_RESPONSE_OBSERVED,TLS_HANDSHAKE_SUCCEEDED,HANDSHAKE_SUCCEEDED,CERTIFICATE_OBSERVED,587,success,smtp,1,1,1,1,1,TLSv1.2,TLSv1.3,TLS_CHACHA20_POLY1305_SHA256,x25519,2,1,1,0,0,0,0,0,0,0,0,1,1,0,0,0,1,0,0,1,0,0,1,True,RSA,2048,65537,,,SHA256-RSA,0,1,0,0,DV,False,4,1,33,4,False,True,,True,True,,2,10,89.99998842592592,51.955300925925926,0,0,2,0,1,0,1,1,2,1,1,1,1,1,0,0,0,0,0,0,0,0,1
zgrab_587_Mexico.json:79,zgrab_real,zgrab_587_Mexico.json,79,Mexico,SMTP_RESPONSE_OBSERVED,TLS_HANDSHAKE_SUCCEEDED,HANDSHAKE_SUCCEEDED,CERTIFICATE_OBSERVED,587,success,smtp,1,1,1,1,1,TLSv1.2,TLSv1.3,TLS_CHACHA20_POLY1305_SHA256,x25519,2,1,1,0,0,0,0,0,0,0,0,1,1,0,0,0,1,0,0,1,0,0,1,True,RSA,2048,65537,,,SHA256-RSA,0,1,0,0,DV,False,4,1,33,4,False,True,,True,True,,2,10,89.99998842592592,51.95528935185185,0,0,2,0,1,0,1,1,2,1,1,1,1,1,0,0,0,0,0,0,0,0,1
zgrab_587_Mexico.json:80,zgrab_real,zgrab_587_Mexico.json,80,Mexico,SMTP_RESPONSE_OBSERVED,TLS_HANDSHAKE_SUCCEEDED,HANDSHAKE_SUCCEEDED,CERTIFICATE_OBSERVED,587,success,smtp,1,1,1,1,1,TLSv1.2,TLSv1.3,TLS_CHACHA20_POLY1305_SHA256,x25519,2,1,1,0,0,0,0,0,0,0,0,1,1,0,0,0,1,0,0,1,0,0,1,True,RSA,2048,65537,,,SHA256-RSA,0,1,0,0,DV,False,4,1,33,4,False,True,,True,True,,2,10,89.99998842592592,51.95527777777778,0,0,2,0,1,0,1,1,2,1,1,1,1,1,0,0,0,0,0,0,0,0,1
zgrab_587_Mexico.json:81,zgrab_real,zgrab_587_Mexico.json,81,Mexico,SMTP_RESPONSE_OBSERVED,TLS_HANDSHAKE_SUCCEEDED,HANDSHAKE_SUCCEEDED,CERTIFICATE_OBSERVED,587,success,smtp,1,1,1,1,1,TLSv1.2,TLSv1.3,TLS_CHACHA20_POLY1305_SHA256,x25519,2,1,1,0,0,0,0,0,0,0,0,1,1,0,0,0,1,0,0,1,0,0,1,True,RSA,2048,65537,,,SHA256-RSA,0,1,0,0,DV,False,4,1,33,4,False,True,,True,True,,2,10,89.99998842592592,51.95525462962963,0,0,2,0,1,0,1,1,2,1,1,1,1,1,0,0,0,0,0,0,0,0,1
zgrab_587_Mexico.json:82,zgrab_real,zgrab_587_Mexico.json,82,Mexico,SMTP_RESPONSE_OBSERVED,TLS_HANDSHAKE_SUCCEEDED,HANDSHAKE_SUCCEEDED,CERTIFICATE_OBSERVED,587,success,smtp,1,1,1,1,1,TLSv1.2,TLSv1.3,TLS_CHACHA20_POLY1305_SHA256,x25519,2,1,1,0,0,0,0,0,0,0,0,1,1,0,0,0,1,0,0,1,0,0,1,True,RSA,2048,65537,,,SHA256-RSA,0,1,0,0,DV,False,4,1,33,4,False,True,,True,True,,2,10,89.99998842592592,51.95525462962963,0,0,2,0,1,0,1,1,2,1,1,1,1,1,0,0,0,0,0,0,0,0,1
zgrab_587_Mexico.json:83,zgrab_real,zgrab_587_Mexico.json,83,Mexico,SMTP_RESPONSE_OBSERVED,TLS_HANDSHAKE_SUCCEEDED,HANDSHAKE_SUCCEEDED,CERTIFICATE_OBSERVED,587,success,smtp,1,1,1,1,1,TLSv1.2,TLSv1.3,TLS_CHACHA20_POLY1305_SHA256,x25519,2,1,1,0,0,0,0,0,0,0,0,1,1,0,0,0,1,0,0,1,0,0,1,True,RSA,2048,65537,,,SHA256-RSA,0,1,0,0,DV,False,1,0,17,1,False,True,,True,True,,2,10,89.99998842592592,50.80385416666667,0,0,2,0,1,0,1,1,2,1,1,1,1,1,0,0,0,0,0,0,0,0,1
zgrab_587_Mexico.json:84,zgrab_real,zgrab_587_Mexico.json,84,Mexico,SMTP_RESPONSE_OBSERVED,TLS_HANDSHAKE_SUCCEEDED,HANDSHAKE_SUCCEEDED,CERTIFICATE_OBSERVED,587,success,smtp,1,1,1,1,1,TLSv1.2,TLSv1.3,TLS_CHACHA20_POLY1305_SHA256,x25519,2,1,1,0,0,0,0,0,0,0,0,1,1,0,0,0,1,0,0,1,0,0,1,True,RSA,2048,65537,,,SHA256-RSA,0,1,0,0,DV,False,4,1,33,4,False,True,,True,True,,2,10,89.99998842592592,51.955243055555556,0,0,2,0,1,0,1,1,2,1,1,1,1,1,0,0,0,0,0,0,0,0,1
zgrab_587_Mexico.json:85,zgrab_real,zgrab_587_Mexico.json,85,Mexico,SMTP_RESPONSE_OBSERVED,TLS_HANDSHAKE_SUCCEEDED,HANDSHAKE_SUCCEEDED,CERTIFICATE_OBSERVED,587,success,smtp,1,1,1,1,1,TLSv1.2,TLSv1.3,TLS_CHACHA20_POLY1305_SHA256,x25519,2,1,1,0,0,0,0,0,0,0,0,1,1,0,0,0,1,0,0,1,0,0,1,True,RSA,2048,65537,,,SHA256-RSA,0,1,0,0,DV,False,4,1,33,4,False,True,,True,True,,2,10,89.99998842592592,51.955219907407404,0,0,2,0,1,0,1,1,2,1,1,1,1,1,0,0,0,0,0,0,0,0,1
zgrab_587_Mexico.json:86,zgrab_real,zgrab_587_Mexico.json,86,Mexico,SMTP_RESPONSE_OBSERVED,TLS_HANDSHAKE_SUCCEEDED,HANDSHAKE_SUCCEEDED,CERTIFICATE_OBSERVED,587,success,smtp,1,1,1,1,1,TLSv1.2,TLSv1.3,TLS_CHACHA20_POLY1305_SHA256,x25519,2,1,1,0,0,0,0,0,0,0,0,1,1,0,0,0,1,0,0,1,0,0,1,True,RSA,2048,65537,,,SHA256-RSA,0,1,0,0,DV,False,4,1,33,4,False,True,,True,True,,2,10,89.99998842592592,51.95520833333333,0,0,2,0,1,0,1,1,2,1,1,1,1,1,0,0,0,0,0,0,0,0,1
zgrab_587_Mexico.json:87,zgrab_real,zgrab_587_Mexico.json,87,Mexico,SMTP_RESPONSE_OBSERVED,TLS_HANDSHAKE_SUCCEEDED,HANDSHAKE_SUCCEEDED,CERTIFICATE_OBSERVED,587,success,smtp,1,1,1,1,1,TLSv1.2,TLSv1.3,TLS_CHACHA20_POLY1305_SHA256,x25519,2,1,1,0,0,0,0,0,0,0,0,1,1,0,0,0,1,0,0,1,0,0,1,True,RSA,2048,65537,,,SHA256-RSA,0,1,0,0,DV,False,4,1,33,4,False,True,,True,True,,2,10,89.99998842592592,51.95519675925926,0,0,2,0,1,0,1,1,2,1,1,1,1,1,0,0,0,0,0,0,0,0,1
zgrab_587_Mexico.json:88,zgrab_real,zgrab_587_Mexico.json,88,Mexico,SMTP_RESPONSE_OBSERVED,TLS_HANDSHAKE_SUCCEEDED,HANDSHAKE_SUCCEEDED,CERTIFICATE_OBSERVED,587,success,smtp,1,1,1,1,1,TLSv1.2,TLSv1.3,TLS_CHACHA20_POLY1305_SHA256,x25519,2,1,1,0,0,0,0,0,0,0,0,1,1,0,0,0,1,0,0,1,0,0,1,True,RSA,2048,65537,,,SHA256-RSA,0,1,0,0,DV,False,4,1,33,4,False,True,,True,True,,2,10,89.99998842592592,51.95519675925926,0,0,2,0,1,0,1,1,2,1,1,1,1,1,0,0,0,0,0,0,0,0,1
zgrab_587_Mexico.json:89,zgrab_real,zgrab_587_Mexico.json,89,Mexico,SMTP_RESPONSE_OBSERVED,TLS_HANDSHAKE_SUCCEEDED,HANDSHAKE_SUCCEEDED,CERTIFICATE_OBSERVED,587,success,smtp,1,1,1,1,1,TLSv1.2,TLSv1.3,TLS_CHACHA20_POLY1305_SHA256,x25519,2,1,1,0,0,0,0,0,0,0,0,1,1,0,0,0,1,0,0,1,0,0,1,True,RSA,2048,65537,,,SHA256-RSA,0,1,0,0,DV,False,4,1,33,4,False,True,,True,True,,2,10,89.99998842592592,51.95519675925926,0,0,2,0,1,0,1,1,2,1,1,1,1,1,0,0,0,0,0,0,0,0,1
zgrab_587_Mexico.json:90,zgrab_real,zgrab_587_Mexico.json,90,Mexico,SMTP_RESPONSE_OBSERVED,TLS_HANDSHAKE_SUCCEEDED,HANDSHAKE_SUCCEEDED,CERTIFICATE_OBSERVED,587,success,smtp,1,1,1,1,1,TLSv1.2,TLSv1.3,TLS_CHACHA20_POLY1305_SHA256,x25519,2,1,1,0,0,0,0,0,0,0,0,1,1,0,0,0,1,0,0,1,0,0,1,True,RSA,2048,65537,,,SHA256-RSA,0,1,0,0,DV,False,4,1,33,4,False,True,,True,True,,2,10,89.99998842592592,51.955173611111114,0,0,2,0,1,0,1,1,2,1,1,1,1,1,0,0,0,0,0,0,0,0,1
zgrab_587_Mexico.json:91,zgrab_real,zgrab_587_Mexico.json,91,Mexico,SMTP_RESPONSE_OBSERVED,TLS_HANDSHAKE_SUCCEEDED,HANDSHAKE_SUCCEEDED,CERTIFICATE_OBSERVED,587,success,smtp,1,1,1,1,1,TLSv1.2,TLSv1.3,TLS_CHACHA20_POLY1305_SHA256,x25519,2,1,1,0,0,0,0,0,0,0,0,1,1,0,0,0,1,0,0,1,0,0,1,True,RSA,2048,65537,,,SHA256-RSA,0,1,0,0,DV,False,4,1,33,4,False,True,,True,True,,2,10,89.99998842592592,51.95515046296296,0,0,2,0,1,0,1,1,2,1,1,1,1,1,0,0,0,0,0,0,0,0,1
zgrab_587_Mexico.json:92,zgrab_real,zgrab_587_Mexico.json,92,Mexico,SMTP_RESPONSE_OBSERVED,TLS_HANDSHAKE_SUCCEEDED,HANDSHAKE_SUCCEEDED,CERTIFICATE_OBSERVED,587,success,smtp,1,1,1,1,1,TLSv1.2,TLSv1.3,TLS_CHACHA20_POLY1305_SHA256,x25519,2,1,1,0,0,0,0,0,0,0,0,1,1,0,0,0,1,0,0,1,0,0,1,True,RSA,2048,65537,,,SHA256-RSA,0,1,0,0,DV,False,4,1,33,4,False,True,,True,True,,2,10,89.99998842592592,51.95515046296296,0,0,2,0,1,0,1,1,2,1,1,1,1,1,0,0,0,0,0,0,0,0,1
zgrab_587_Mexico.json:93,zgrab_real,zgrab_587_Mexico.json,93,Mexico,SMTP_RESPONSE_OBSERVED,TLS_HANDSHAKE_SUCCEEDED,HANDSHAKE_SUCCEEDED,CERTIFICATE_OBSERVED,587,success,smtp,1,1,1,1,1,TLSv1.2,TLSv1.3,TLS_CHACHA20_POLY1305_SHA256,x25519,2,1,1,0,0,0,0,0,0,0,0,1,1,0,0,0,1,0,0,1,0,0,1,True,RSA,2048,65537,,,SHA256-RSA,0,1,0,0,DV,False,4,1,33,4,False,True,,True,True,,2,10,89.99998842592592,51.95515046296296,0,0,2,0,1,0,1,1,2,1,1,1,1,1,0,0,0,0,0,0,0,0,1
zgrab_587_Mexico.json:94,zgrab_real,zgrab_587_Mexico.json,94,Mexico,SMTP_RESPONSE_OBSERVED,TLS_HANDSHAKE_SUCCEEDED,HANDSHAKE_SUCCEEDED,CERTIFICATE_OBSERVED,587,success,smtp,1,1,1,1,1,TLSv1.2,TLSv1.3,TLS_CHACHA20_POLY1305_SHA256,x25519,2,1,1,0,0,0,0,0,0,0,0,1,1,0,0,0,1,0,0,1,0,0,1,True,RSA,2048,65537,,,SHA256-RSA,0,1,0,0,DV,False,4,1,33,4,False,True,,True,True,,2,10,89.99998842592592,51.95515046296296,0,0,2,0,1,0,1,1,2,1,1,1,1,1,0,0,0,0,0,0,0,0,1
zgrab_587_Mexico.json:95,zgrab_real,zgrab_587_Mexico.json,95,Mexico,SMTP_RESPONSE_OBSERVED,TLS_HANDSHAKE_SUCCEEDED,HANDSHAKE_SUCCEEDED,CERTIFICATE_OBSERVED,587,success,smtp,1,1,1,1,1,TLSv1.2,TLSv1.3,TLS_CHACHA20_POLY1305_SHA256,x25519,2,1,1,0,0,0,0,0,0,0,0,1,1,0,0,0,1,0,0,1,0,0,1,True,RSA,2048,65537,,,SHA256-RSA,0,1,0,0,DV,False,4,1,33,4,False,True,,True,True,,2,10,89.99998842592592,51.95511574074074,0,0,2,0,1,0,1,1,2,1,1,1,1,1,0,0,0,0,0,0,0,0,1
zgrab_587_Mexico.json:96,zgrab_real,zgrab_587_Mexico.json,96,Mexico,SMTP_RESPONSE_OBSERVED,TLS_HANDSHAKE_SUCCEEDED,HANDSHAKE_SUCCEEDED,CERTIFICATE_OBSERVED,587,success,smtp,1,1,1,1,1,TLSv1.2,TLSv1.3,TLS_CHACHA20_POLY1305_SHA256,x25519,2,1,1,0,0,0,0,0,0,0,0,1,1,0,0,0,1,0,0,1,0,0,1,True,RSA,2048,65537,,,SHA256-RSA,0,1,0,0,DV,False,4,1,33,4,False,True,,True,True,,2,10,89.99998842592592,51.955104166666665,0,0,2,0,1,0,1,1,2,1,1,1,1,1,0,0,0,0,0,0,0,0,1
zgrab_587_Mexico.json:97,zgrab_real,zgrab_587_Mexico.json,97,Mexico,SMTP_RESPONSE_OBSERVED,TLS_HANDSHAKE_SUCCEEDED,HANDSHAKE_SUCCEEDED,CERTIFICATE_OBSERVED,587,success,smtp,1,1,1,1,1,TLSv1.2,TLSv1.3,TLS_CHACHA20_POLY1305_SHA256,x25519,2,1,1,0,0,0,0,0,0,0,0,1,1,0,0,0,1,0,0,1,0,0,1,True,RSA,2048,65537,,,SHA256-RSA,0,1,0,0,DV,False,4,1,33,4,False,True,,True,True,,2,10,89.99998842592592,51.955104166666665,0,0,2,0,1,0,1,1,2,1,1,1,1,1,0,0,0,0,0,0,0,0,1
zgrab_587_Mexico.json:98,zgrab_real,zgrab_587_Mexico.json,98,Mexico,SMTP_RESPONSE_OBSERVED,TLS_HANDSHAKE_SUCCEEDED,HANDSHAKE_SUCCEEDED,CERTIFICATE_OBSERVED,587,success,smtp,1,1,1,1,1,TLSv1.2,TLSv1.3,TLS_CHACHA20_POLY1305_SHA256,x25519,2,1,1,0,0,0,0,0,0,0,0,1,1,0,0,0,1,0,0,1,0,0,1,True,RSA,2048,65537,,,SHA256-RSA,0,1,0,0,DV,False,4,1,33,4,False,True,,True,True,,2,10,89.99998842592592,51.955104166666665,0,0,2,0,1,0,1,1,2,1,1,1,1,1,0,0,0,0,0,0,0,0,1
zgrab_587_Mexico.json:99,zgrab_real,zgrab_587_Mexico.json,99,Mexico,SMTP_RESPONSE_OBSERVED,TLS_HANDSHAKE_SUCCEEDED,HANDSHAKE_SUCCEEDED,CERTIFICATE_OBSERVED,587,success,smtp,1,1,1,1,1,TLSv1.2,TLSv1.3,TLS_CHACHA20_POLY1305_SHA256,x25519,2,1,1,0,0,0,0,0,0,0,0,1,1,0,0,0,1,0,0,1,0,0,1,True,RSA,2048,65537,,,SHA256-RSA,0,1,0,0,DV,False,4,1,33,4,False,True,,True,True,,2,10,89.99998842592592,51.95506944444445,0,0,2,0,1,0,1,1,2,1,1,1,1,1,0,0,0,0,0,0,0,0,1
zgrab_587_Mexico.json:100,zgrab_real,zgrab_587_Mexico.json,100,Mexico,SMTP_RESPONSE_OBSERVED,TLS_HANDSHAKE_SUCCEEDED,HANDSHAKE_SUCCEEDED,CERTIFICATE_OBSERVED,587,success,smtp,1,1,1,1,1,TLSv1.2,TLSv1.3,TLS_CHACHA20_POLY1305_SHA256,x25519,2,1,1,0,0,0,0,0,0,0,0,1,1,0,0,0,1,0,0,1,0,0,1,True,RSA,2048,65537,,,SHA256-RSA,0,1,0,0,DV,False,4,1,33,4,False,True,,True,True,,2,10,89.99998842592592,51.955046296296295,0,0,2,0,1,0,1,1,2,1,1,1,1,1,0,0,0,0,0,0,0,0,1
zgrab_587_Singapore.json:1,zgrab_real,zgrab_587_Singapore.json,1,Singapore,SMTP_RESPONSE_OBSERVED,STARTTLS_NOT_OBSERVED,TLS_NOT_OBSERVED,CERTIFICATE_NOT_OBSERVED_NO_TLS,587,success,smtp,1,1,0,0,0,,,,,,,,,,,,,,,,,,,,,,,,,,,0,,,,,,,,,,,,,,,,,,,,,,,,,,,,,,,,,,,,,,,,,,,,,,,,,1,0
zgrab_587_Singapore.json:2,zgrab_real,zgrab_587_Singapore.json,2,Singapore,SMTP_RESPONSE_OBSERVED,STARTTLS_NOT_OBSERVED,TLS_NOT_OBSERVED,CERTIFICATE_NOT_OBSERVED_NO_TLS,587,success,smtp,1,1,0,0,0,,,,,,,,,,,,,,,,,,,,,,,,,,,0,,,,,,,,,,,,,,,,,,,,,,,,,,,,,,,,,,,,,,,,,,,,,,,,,1,0
zgrab_587_Singapore.json:3,zgrab_real,zgrab_587_Singapore.json,3,Singapore,SMTP_RESPONSE_OBSERVED,STARTTLS_NOT_OBSERVED,TLS_NOT_OBSERVED,CERTIFICATE_NOT_OBSERVED_NO_TLS,587,success,smtp,1,1,0,0,0,,,,,,,,,,,,,,,,,,,,,,,,,,,0,,,,,,,,,,,,,,,,,,,,,,,,,,,,,,,,,,,,,,,,,,,,,,,,,1,0
zgrab_587_Singapore.json:4,zgrab_real,zgrab_587_Singapore.json,4,Singapore,SMTP_RESPONSE_OBSERVED,STARTTLS_NOT_OBSERVED,TLS_NOT_OBSERVED,CERTIFICATE_NOT_OBSERVED_NO_TLS,587,success,smtp,1,1,0,0,0,,,,,,,,,,,,,,,,,,,,,,,,,,,0,,,,,,,,,,,,,,,,,,,,,,,,,,,,,,,,,,,,,,,,,,,,,,,,,1,0
zgrab_587_Singapore.json:5,zgrab_real,zgrab_587_Singapore.json,5,Singapore,SMTP_RESPONSE_OBSERVED,STARTTLS_NOT_OBSERVED,TLS_NOT_OBSERVED,CERTIFICATE_NOT_OBSERVED_NO_TLS,587,success,smtp,1,1,0,0,0,,,,,,,,,,,,,,,,,,,,,,,,,,,0,,,,,,,,,,,,,,,,,,,,,,,,,,,,,,,,,,,,,,,,,,,,,,,,,1,0
zgrab_587_Singapore.json:6,zgrab_real,zgrab_587_Singapore.json,6,Singapore,SMTP_RESPONSE_OBSERVED,STARTTLS_NOT_OBSERVED,TLS_NOT_OBSERVED,CERTIFICATE_NOT_OBSERVED_NO_TLS,587,success,smtp,1,1,0,0,0,,,,,,,,,,,,,,,,,,,,,,,,,,,0,,,,,,,,,,,,,,,,,,,,,,,,,,,,,,,,,,,,,,,,,,,,,,,,,1,0
zgrab_587_Singapore.json:7,zgrab_real,zgrab_587_Singapore.json,7,Singapore,SMTP_RESPONSE_OBSERVED,STARTTLS_NOT_OBSERVED,TLS_NOT_OBSERVED,CERTIFICATE_NOT_OBSERVED_NO_TLS,587,success,smtp,1,1,0,0,0,,,,,,,,,,,,,,,,,,,,,,,,,,,0,,,,,,,,,,,,,,,,,,,,,,,,,,,,,,,,,,,,,,,,,,,,,,,,,1,0
zgrab_587_Singapore.json:8,zgrab_real,zgrab_587_Singapore.json,8,Singapore,SMTP_RESPONSE_OBSERVED,STARTTLS_NOT_OBSERVED,TLS_NOT_OBSERVED,CERTIFICATE_NOT_OBSERVED_NO_TLS,587,success,smtp,1,1,0,0,0,,,,,,,,,,,,,,,,,,,,,,,,,,,0,,,,,,,,,,,,,,,,,,,,,,,,,,,,,,,,,,,,,,,,,,,,,,,,,1,0
zgrab_587_Singapore.json:9,zgrab_real,zgrab_587_Singapore.json,9,Singapore,SMTP_RESPONSE_OBSERVED,STARTTLS_NOT_OBSERVED,TLS_NOT_OBSERVED,CERTIFICATE_NOT_OBSERVED_NO_TLS,587,success,smtp,1,1,0,0,0,,,,,,,,,,,,,,,,,,,,,,,,,,,0,,,,,,,,,,,,,,,,,,,,,,,,,,,,,,,,,,,,,,,,,,,,,,,,,1,0
zgrab_587_Singapore.json:10,zgrab_real,zgrab_587_Singapore.json,10,Singapore,SMTP_RESPONSE_OBSERVED,STARTTLS_NOT_OBSERVED,TLS_NOT_OBSERVED,CERTIFICATE_NOT_OBSERVED_NO_TLS,587,success,smtp,1,1,0,0,0,,,,,,,,,,,,,,,,,,,,,,,,,,,0,,,,,,,,,,,,,,,,,,,,,,,,,,,,,,,,,,,,,,,,,,,,,,,,,1,0
zgrab_587_Singapore.json:11,zgrab_real,zgrab_587_Singapore.json,11,Singapore,SMTP_RESPONSE_OBSERVED,STARTTLS_NOT_OBSERVED,TLS_NOT_OBSERVED,CERTIFICATE_NOT_OBSERVED_NO_TLS,587,success,smtp,1,1,0,0,0,,,,,,,,,,,,,,,,,,,,,,,,,,,0,,,,,,,,,,,,,,,,,,,,,,,,,,,,,,,,,,,,,,,,,,,,,,,,,1,0
zgrab_587_Singapore.json:12,zgrab_real,zgrab_587_Singapore.json,12,Singapore,SMTP_RESPONSE_OBSERVED,STARTTLS_NOT_OBSERVED,TLS_NOT_OBSERVED,CERTIFICATE_NOT_OBSERVED_NO_TLS,587,success,smtp,1,1,0,0,0,,,,,,,,,,,,,,,,,,,,,,,,,,,0,,,,,,,,,,,,,,,,,,,,,,,,,,,,,,,,,,,,,,,,,,,,,,,,,1,0
zgrab_587_Singapore.json:13,zgrab_real,zgrab_587_Singapore.json,13,Singapore,SMTP_RESPONSE_OBSERVED,STARTTLS_NOT_OBSERVED,TLS_NOT_OBSERVED,CERTIFICATE_NOT_OBSERVED_NO_TLS,587,success,smtp,1,1,0,0,0,,,,,,,,,,,,,,,,,,,,,,,,,,,0,,,,,,,,,,,,,,,,,,,,,,,,,,,,,,,,,,,,,,,,,,,,,,,,,1,0
zgrab_587_Singapore.json:14,zgrab_real,zgrab_587_Singapore.json,14,Singapore,SMTP_RESPONSE_OBSERVED,STARTTLS_NOT_OBSERVED,TLS_NOT_OBSERVED,CERTIFICATE_NOT_OBSERVED_NO_TLS,587,success,smtp,1,1,0,0,0,,,,,,,,,,,,,,,,,,,,,,,,,,,0,,,,,,,,,,,,,,,,,,,,,,,,,,,,,,,,,,,,,,,,,,,,,,,,,1,0
zgrab_587_Singapore.json:15,zgrab_real,zgrab_587_Singapore.json,15,Singapore,SMTP_RESPONSE_OBSERVED,TLS_HANDSHAKE_SUCCEEDED,HANDSHAKE_SUCCEEDED,CERTIFICATE_OBSERVED,587,success,smtp,1,1,1,1,1,TLSv1.2,TLSv1.3,TLS_CHACHA20_POLY1305_SHA256,x25519,2,1,1,0,0,0,0,0,0,0,0,1,1,0,0,0,1,0,0,1,0,0,1,True,RSA,2048,65537,,,SHA256-RSA,0,1,0,0,DV,False,1,0,25,1,False,True,,True,True,,2,10,89.99998842592592,41.36487268518518,0,0,2,0,1,0,1,1,2,1,1,1,1,1,0,0,0,0,0,0,0,0,1
zgrab_587_Singapore.json:16,zgrab_real,zgrab_587_Singapore.json,16,Singapore,SMTP_RESPONSE_OBSERVED,STARTTLS_NOT_OBSERVED,TLS_NOT_OBSERVED,CERTIFICATE_NOT_OBSERVED_NO_TLS,587,success,smtp,1,1,0,0,0,,,,,,,,,,,,,,,,,,,,,,,,,,,0,,,,,,,,,,,,,,,,,,,,,,,,,,,,,,,,,,,,,,,,,,,,,,,,,1,0
zgrab_587_Singapore.json:17,zgrab_real,zgrab_587_Singapore.json,17,Singapore,SMTP_RESPONSE_OBSERVED,STARTTLS_NOT_OBSERVED,TLS_NOT_OBSERVED,CERTIFICATE_NOT_OBSERVED_NO_TLS,587,success,smtp,1,1,0,0,0,,,,,,,,,,,,,,,,,,,,,,,,,,,0,,,,,,,,,,,,,,,,,,,,,,,,,,,,,,,,,,,,,,,,,,,,,,,,,1,0
zgrab_587_Singapore.json:18,zgrab_real,zgrab_587_Singapore.json,18,Singapore,SMTP_RESPONSE_OBSERVED,STARTTLS_NOT_OBSERVED,TLS_NOT_OBSERVED,CERTIFICATE_NOT_OBSERVED_NO_TLS,587,success,smtp,1,1,0,0,0,,,,,,,,,,,,,,,,,,,,,,,,,,,0,,,,,,,,,,,,,,,,,,,,,,,,,,,,,,,,,,,,,,,,,,,,,,,,,1,0
zgrab_587_Singapore.json:19,zgrab_real,zgrab_587_Singapore.json,19,Singapore,SMTP_RESPONSE_OBSERVED,STARTTLS_NOT_OBSERVED,TLS_NOT_OBSERVED,CERTIFICATE_NOT_OBSERVED_NO_TLS,587,success,smtp,1,1,0,0,0,,,,,,,,,,,,,,,,,,,,,,,,,,,0,,,,,,,,,,,,,,,,,,,,,,,,,,,,,,,,,,,,,,,,,,,,,,,,,1,0
zgrab_587_Singapore.json:20,zgrab_real,zgrab_587_Singapore.json,20,Singapore,SMTP_RESPONSE_OBSERVED,STARTTLS_NOT_OBSERVED,TLS_NOT_OBSERVED,CERTIFICATE_NOT_OBSERVED_NO_TLS,587,success,smtp,1,1,0,0,0,,,,,,,,,,,,,,,,,,,,,,,,,,,0,,,,,,,,,,,,,,,,,,,,,,,,,,,,,,,,,,,,,,,,,,,,,,,,,1,0
zgrab_587_Singapore.json:21,zgrab_real,zgrab_587_Singapore.json,21,Singapore,SMTP_RESPONSE_OBSERVED,TLS_HANDSHAKE_SUCCEEDED,HANDSHAKE_SUCCEEDED,CERTIFICATE_OBSERVED,587,success,smtp,1,1,1,1,1,TLSv1.2,TLSv1.3,TLS_CHACHA20_POLY1305_SHA256,x25519,2,1,1,0,0,0,0,0,0,0,0,1,1,0,0,0,1,0,0,1,0,0,1,False,RSA,2048,65537,,,SHA256-RSA,0,1,0,0,unknown,True,1,0,19,1,False,True,True,,,,0,5,365.0,195.66813657407408,0,0,0,0,0,0,0,0,0,0,0,0,1,1,0,0,0,0,0,0,1,0,1
zgrab_587_Singapore.json:22,zgrab_real,zgrab_587_Singapore.json,22,Singapore,SMTP_RESPONSE_OBSERVED,TLS_HANDSHAKE_SUCCEEDED,HANDSHAKE_SUCCEEDED,CERTIFICATE_OBSERVED,587,success,smtp,1,1,1,1,1,TLSv1.2,TLSv1.3,TLS_CHACHA20_POLY1305_SHA256,x25519,2,1,1,0,0,0,0,0,0,0,0,1,1,0,0,0,1,0,0,1,0,0,1,False,RSA,2048,65537,,,SHA256-RSA,0,1,0,0,unknown,True,1,0,19,1,False,True,True,,,,0,5,365.0,195.668125,0,0,0,0,0,0,0,0,0,0,0,0,1,1,0,0,0,0,0,0,1,0,1
zgrab_587_Singapore.json:23,zgrab_real,zgrab_587_Singapore.json,23,Singapore,SMTP_RESPONSE_OBSERVED,TLS_HANDSHAKE_SUCCEEDED,HANDSHAKE_SUCCEEDED,CERTIFICATE_OBSERVED,587,success,smtp,1,1,1,1,1,TLSv1.2,TLSv1.3,TLS_CHACHA20_POLY1305_SHA256,x25519,2,1,1,0,0,0,0,0,0,0,0,1,1,0,0,0,1,0,0,1,0,0,1,False,RSA,2048,65537,,,SHA256-RSA,0,1,0,0,unknown,True,1,0,19,1,False,True,True,,,,0,5,365.0,195.66811342592592,0,0,0,0,0,0,0,0,0,0,0,0,1,1,0,0,0,0,0,0,1,0,1
zgrab_587_Singapore.json:24,zgrab_real,zgrab_587_Singapore.json,24,Singapore,SMTP_RESPONSE_OBSERVED,TLS_HANDSHAKE_SUCCEEDED,HANDSHAKE_SUCCEEDED,CERTIFICATE_OBSERVED,587,success,smtp,1,1,1,1,1,TLSv1.2,TLSv1.3,TLS_CHACHA20_POLY1305_SHA256,x25519,2,1,1,0,0,0,0,0,0,0,0,1,1,0,0,0,1,0,0,1,0,0,1,False,RSA,2048,65537,,,SHA256-RSA,0,1,0,0,unknown,True,1,0,19,1,False,True,True,,,,0,5,365.0,195.66809027777776,0,0,0,0,0,0,0,0,0,0,0,0,1,1,0,0,0,0,0,0,1,0,1
zgrab_587_Singapore.json:25,zgrab_real,zgrab_587_Singapore.json,25,Singapore,SMTP_RESPONSE_OBSERVED,STARTTLS_NOT_OBSERVED,TLS_NOT_OBSERVED,CERTIFICATE_NOT_OBSERVED_NO_TLS,587,success,smtp,1,1,0,0,0,,,,,,,,,,,,,,,,,,,,,,,,,,,0,,,,,,,,,,,,,,,,,,,,,,,,,,,,,,,,,,,,,,,,,,,,,,,,,1,0
zgrab_587_Singapore.json:26,zgrab_real,zgrab_587_Singapore.json,26,Singapore,SMTP_RESPONSE_OBSERVED,STARTTLS_NOT_OBSERVED,TLS_NOT_OBSERVED,CERTIFICATE_NOT_OBSERVED_NO_TLS,587,success,smtp,1,1,0,0,0,,,,,,,,,,,,,,,,,,,,,,,,,,,0,,,,,,,,,,,,,,,,,,,,,,,,,,,,,,,,,,,,,,,,,,,,,,,,,1,0
zgrab_587_Singapore.json:27,zgrab_real,zgrab_587_Singapore.json,27,Singapore,SMTP_RESPONSE_OBSERVED,STARTTLS_NOT_OBSERVED,TLS_NOT_OBSERVED,CERTIFICATE_NOT_OBSERVED_NO_TLS,587,success,smtp,1,1,0,0,0,,,,,,,,,,,,,,,,,,,,,,,,,,,0,,,,,,,,,,,,,,,,,,,,,,,,,,,,,,,,,,,,,,,,,,,,,,,,,1,0
zgrab_587_Singapore.json:28,zgrab_real,zgrab_587_Singapore.json,28,Singapore,SMTP_RESPONSE_OBSERVED,STARTTLS_NOT_OBSERVED,TLS_NOT_OBSERVED,CERTIFICATE_NOT_OBSERVED_NO_TLS,587,success,smtp,1,1,0,0,0,,,,,,,,,,,,,,,,,,,,,,,,,,,0,,,,,,,,,,,,,,,,,,,,,,,,,,,,,,,,,,,,,,,,,,,,,,,,,1,0
zgrab_587_Singapore.json:29,zgrab_real,zgrab_587_Singapore.json,29,Singapore,SMTP_RESPONSE_OBSERVED,STARTTLS_NOT_OBSERVED,TLS_NOT_OBSERVED,CERTIFICATE_NOT_OBSERVED_NO_TLS,587,success,smtp,1,1,0,0,0,,,,,,,,,,,,,,,,,,,,,,,,,,,0,,,,,,,,,,,,,,,,,,,,,,,,,,,,,,,,,,,,,,,,,,,,,,,,,1,0
zgrab_587_Singapore.json:30,zgrab_real,zgrab_587_Singapore.json,30,Singapore,SMTP_RESPONSE_OBSERVED,STARTTLS_NOT_OBSERVED,TLS_NOT_OBSERVED,CERTIFICATE_NOT_OBSERVED_NO_TLS,587,success,smtp,1,1,0,0,0,,,,,,,,,,,,,,,,,,,,,,,,,,,0,,,,,,,,,,,,,,,,,,,,,,,,,,,,,,,,,,,,,,,,,,,,,,,,,1,0
zgrab_587_Singapore.json:31,zgrab_real,zgrab_587_Singapore.json,31,Singapore,SMTP_PROBE_FAILED,STARTTLS_NOT_OBSERVED,TLS_NOT_OBSERVED,CERTIFICATE_NOT_OBSERVED_NO_TLS,587,connection-timeout,smtp,0,0,0,0,0,,,,,,,,,,,,,,,,,,,,,,,,,,,0,,,,,,,,,,,,,,,,,,,,,,,,,,,,,,,,,,,,,,,,,,,,,,,,,0,0
zgrab_587_Singapore.json:32,zgrab_real,zgrab_587_Singapore.json,32,Singapore,SMTP_RESPONSE_OBSERVED,STARTTLS_NOT_OBSERVED,TLS_NOT_OBSERVED,CERTIFICATE_NOT_OBSERVED_NO_TLS,587,success,smtp,1,1,0,0,0,,,,,,,,,,,,,,,,,,,,,,,,,,,0,,,,,,,,,,,,,,,,,,,,,,,,,,,,,,,,,,,,,,,,,,,,,,,,,1,0
zgrab_587_Singapore.json:33,zgrab_real,zgrab_587_Singapore.json,33,Singapore,SMTP_RESPONSE_OBSERVED,TLS_HANDSHAKE_SUCCEEDED,HANDSHAKE_SUCCEEDED,CERTIFICATE_OBSERVED,587,success,smtp,1,1,1,1,1,TLSv1.2,TLSv1.3,TLS_CHACHA20_POLY1305_SHA256,x25519,2,1,1,0,0,0,0,0,0,0,0,1,1,0,0,0,1,0,0,1,0,0,1,True,RSA,2048,65537,,,SHA256-RSA,0,1,0,0,DV,False,3,0,22,3,False,True,,True,True,,2,10,89.99998842592592,89.07517361111111,0,0,2,0,1,0,1,1,2,1,1,1,1,1,0,0,0,0,0,0,0,0,1
zgrab_587_Singapore.json:34,zgrab_real,zgrab_587_Singapore.json,34,Singapore,SMTP_RESPONSE_OBSERVED,STARTTLS_NOT_OBSERVED,TLS_NOT_OBSERVED,CERTIFICATE_NOT_OBSERVED_NO_TLS,587,success,smtp,1,1,0,0,0,,,,,,,,,,,,,,,,,,,,,,,,,,,0,,,,,,,,,,,,,,,,,,,,,,,,,,,,,,,,,,,,,,,,,,,,,,,,,1,0
zgrab_587_Singapore.json:35,zgrab_real,zgrab_587_Singapore.json,35,Singapore,SMTP_RESPONSE_OBSERVED,TLS_HANDSHAKE_SUCCEEDED,HANDSHAKE_SUCCEEDED,CERTIFICATE_OBSERVED,587,success,smtp,1,1,1,1,1,TLSv1.2,TLSv1.3,TLS_CHACHA20_POLY1305_SHA256,x25519,2,1,1,0,0,0,0,0,0,0,0,1,1,0,0,0,1,0,0,1,0,0,1,True,RSA,2048,65537,,,SHA256-RSA,0,1,0,0,DV,False,4,0,26,4,False,True,,True,True,,2,10,89.99998842592592,54.02851851851852,0,0,2,0,1,0,1,1,2,1,1,1,1,1,0,0,0,0,0,0,0,0,1
zgrab_587_Singapore.json:36,zgrab_real,zgrab_587_Singapore.json,36,Singapore,SMTP_RESPONSE_OBSERVED,TLS_HANDSHAKE_SUCCEEDED,HANDSHAKE_SUCCEEDED,CERTIFICATE_OBSERVED,587,success,smtp,1,1,1,1,1,TLSv1.2,TLSv1.3,TLS_CHACHA20_POLY1305_SHA256,x25519,2,1,1,0,0,0,0,0,0,0,0,1,1,0,0,0,1,0,0,1,0,0,1,True,RSA,2048,65537,,,SHA256-RSA,0,1,0,0,DV,False,4,0,26,4,False,True,,True,True,,2,10,89.99998842592592,54.028506944444445,0,0,2,0,1,0,1,1,2,1,1,1,1,1,0,0,0,0,0,0,0,0,1
zgrab_587_Singapore.json:37,zgrab_real,zgrab_587_Singapore.json,37,Singapore,SMTP_RESPONSE_OBSERVED,TLS_HANDSHAKE_SUCCEEDED,HANDSHAKE_SUCCEEDED,CERTIFICATE_OBSERVED,587,success,smtp,1,1,1,1,1,TLSv1.2,TLSv1.3,TLS_CHACHA20_POLY1305_SHA256,x25519,2,1,1,0,0,0,0,0,0,0,0,1,1,0,0,0,1,0,0,1,0,0,1,True,RSA,2048,65537,,,SHA256-RSA,0,1,0,0,DV,False,4,0,26,4,False,True,,True,True,,2,10,89.99998842592592,54.02849537037037,0,0,2,0,1,0,1,1,2,1,1,1,1,1,0,0,0,0,0,0,0,0,1
zgrab_587_Singapore.json:38,zgrab_real,zgrab_587_Singapore.json,38,Singapore,SMTP_RESPONSE_OBSERVED,STARTTLS_NOT_OBSERVED,TLS_NOT_OBSERVED,CERTIFICATE_NOT_OBSERVED_NO_TLS,587,success,smtp,1,1,0,0,0,,,,,,,,,,,,,,,,,,,,,,,,,,,0,,,,,,,,,,,,,,,,,,,,,,,,,,,,,,,,,,,,,,,,,,,,,,,,,1,0
zgrab_587_Singapore.json:39,zgrab_real,zgrab_587_Singapore.json,39,Singapore,SMTP_RESPONSE_OBSERVED,TLS_HANDSHAKE_SUCCEEDED,HANDSHAKE_SUCCEEDED,CERTIFICATE_OBSERVED,587,success,smtp,1,1,1,1,1,TLSv1.2,TLSv1.3,TLS_CHACHA20_POLY1305_SHA256,x25519,2,1,1,0,0,0,0,0,0,0,0,1,1,0,0,0,1,0,0,1,0,0,1,True,RSA,2048,65537,,,SHA256-RSA,0,1,0,0,DV,False,4,0,26,4,False,True,,True,True,,2,10,89.99998842592592,54.02849537037037,0,0,2,0,1,0,1,1,2,1,1,1,1,1,0,0,0,0,0,0,0,0,1
zgrab_587_Singapore.json:40,zgrab_real,zgrab_587_Singapore.json,40,Singapore,SMTP_RESPONSE_OBSERVED,TLS_HANDSHAKE_SUCCEEDED,HANDSHAKE_SUCCEEDED,CERTIFICATE_OBSERVED,587,success,smtp,1,1,1,1,1,TLSv1.2,TLSv1.3,TLS_CHACHA20_POLY1305_SHA256,x25519,2,1,1,0,0,0,0,0,0,0,0,1,1,0,0,0,1,0,0,1,0,0,1,True,RSA,2048,65537,,,SHA256-RSA,0,1,0,0,DV,False,4,0,26,4,False,True,,True,True,,2,10,89.99998842592592,54.0284837962963,0,0,2,0,1,0,1,1,2,1,1,1,1,1,0,0,0,0,0,0,0,0,1
zgrab_587_Singapore.json:41,zgrab_real,zgrab_587_Singapore.json,41,Singapore,SMTP_RESPONSE_OBSERVED,TLS_HANDSHAKE_SUCCEEDED,HANDSHAKE_SUCCEEDED,CERTIFICATE_OBSERVED,587,success,smtp,1,1,1,1,1,TLSv1.2,TLSv1.3,TLS_CHACHA20_POLY1305_SHA256,x25519,2,1,1,0,0,0,0,0,0,0,0,1,1,0,0,0,1,0,0,1,0,0,1,True,RSA,2048,65537,,,SHA256-RSA,0,1,0,0,DV,False,4,0,26,4,False,True,,True,True,,2,10,89.99998842592592,54.0284837962963,0,0,2,0,1,0,1,1,2,1,1,1,1,1,0,0,0,0,0,0,0,0,1
zgrab_587_Singapore.json:42,zgrab_real,zgrab_587_Singapore.json,42,Singapore,SMTP_RESPONSE_OBSERVED,TLS_HANDSHAKE_SUCCEEDED,HANDSHAKE_SUCCEEDED,CERTIFICATE_OBSERVED,587,success,smtp,1,1,1,1,1,TLSv1.2,TLSv1.3,TLS_CHACHA20_POLY1305_SHA256,x25519,2,1,1,0,0,0,0,0,0,0,0,1,1,0,0,0,1,0,0,1,0,0,1,True,RSA,2048,65537,,,SHA256-RSA,0,1,0,0,DV,False,4,0,26,4,False,True,,True,True,,2,10,89.99998842592592,54.0284837962963,0,0,2,0,1,0,1,1,2,1,1,1,1,1,0,0,0,0,0,0,0,0,1
zgrab_587_Singapore.json:43,zgrab_real,zgrab_587_Singapore.json,43,Singapore,SMTP_RESPONSE_OBSERVED,TLS_HANDSHAKE_SUCCEEDED,HANDSHAKE_SUCCEEDED,CERTIFICATE_OBSERVED,587,success,smtp,1,1,1,1,1,TLSv1.2,TLSv1.3,TLS_CHACHA20_POLY1305_SHA256,x25519,2,1,1,0,0,0,0,0,0,0,0,1,1,0,0,0,1,0,0,1,0,0,1,True,RSA,2048,65537,,,SHA256-RSA,0,1,0,0,DV,False,4,0,26,4,False,True,,True,True,,2,10,89.99998842592592,54.0284837962963,0,0,2,0,1,0,1,1,2,1,1,1,1,1,0,0,0,0,0,0,0,0,1
zgrab_587_Singapore.json:44,zgrab_real,zgrab_587_Singapore.json,44,Singapore,SMTP_RESPONSE_OBSERVED,TLS_HANDSHAKE_SUCCEEDED,HANDSHAKE_SUCCEEDED,CERTIFICATE_OBSERVED,587,success,smtp,1,1,1,1,1,TLSv1.2,TLSv1.3,TLS_CHACHA20_POLY1305_SHA256,x25519,2,1,1,0,0,0,0,0,0,0,0,1,1,0,0,0,1,0,0,1,0,0,1,True,RSA,2048,65537,,,SHA256-RSA,0,1,0,0,DV,False,4,0,26,4,False,True,,True,True,,2,10,89.99998842592592,54.02847222222222,0,0,2,0,1,0,1,1,2,1,1,1,1,1,0,0,0,0,0,0,0,0,1
zgrab_587_Singapore.json:45,zgrab_real,zgrab_587_Singapore.json,45,Singapore,SMTP_RESPONSE_OBSERVED,STARTTLS_NOT_OBSERVED,TLS_NOT_OBSERVED,CERTIFICATE_NOT_OBSERVED_NO_TLS,587,success,smtp,1,1,0,0,0,,,,,,,,,,,,,,,,,,,,,,,,,,,0,,,,,,,,,,,,,,,,,,,,,,,,,,,,,,,,,,,,,,,,,,,,,,,,,1,0
zgrab_587_Singapore.json:46,zgrab_real,zgrab_587_Singapore.json,46,Singapore,SMTP_RESPONSE_OBSERVED,TLS_HANDSHAKE_SUCCEEDED,HANDSHAKE_SUCCEEDED,CERTIFICATE_OBSERVED,587,success,smtp,1,1,1,1,1,TLSv1.2,TLSv1.3,TLS_CHACHA20_POLY1305_SHA256,x25519,2,1,1,0,0,0,0,0,0,0,0,1,1,0,0,0,1,0,0,1,0,0,1,True,RSA,2048,65537,,,SHA256-RSA,0,1,0,0,DV,False,4,0,26,4,False,True,,True,True,,2,10,89.99998842592592,54.02847222222222,0,0,2,0,1,0,1,1,2,1,1,1,1,1,0,0,0,0,0,0,0,0,1
zgrab_587_Singapore.json:47,zgrab_real,zgrab_587_Singapore.json,47,Singapore,SMTP_RESPONSE_OBSERVED,TLS_HANDSHAKE_SUCCEEDED,HANDSHAKE_SUCCEEDED,CERTIFICATE_OBSERVED,587,success,smtp,1,1,1,1,1,TLSv1.2,TLSv1.3,TLS_CHACHA20_POLY1305_SHA256,x25519,2,1,1,0,0,0,0,0,0,0,0,1,1,0,0,0,1,0,0,1,0,0,1,True,RSA,2048,65537,,,SHA256-RSA,0,1,0,0,DV,False,4,0,26,4,False,True,,True,True,,2,10,89.99998842592592,54.02847222222222,0,0,2,0,1,0,1,1,2,1,1,1,1,1,0,0,0,0,0,0,0,0,1
zgrab_587_Singapore.json:48,zgrab_real,zgrab_587_Singapore.json,48,Singapore,SMTP_RESPONSE_OBSERVED,TLS_HANDSHAKE_SUCCEEDED,HANDSHAKE_SUCCEEDED,CERTIFICATE_OBSERVED,587,success,smtp,1,1,1,1,1,TLSv1.2,TLSv1.3,TLS_CHACHA20_POLY1305_SHA256,x25519,2,1,1,0,0,0,0,0,0,0,0,1,1,0,0,0,1,0,0,1,0,0,1,True,RSA,2048,65537,,,SHA256-RSA,0,1,0,0,DV,False,4,0,26,4,False,True,,True,True,,2,10,89.99998842592592,54.02846064814815,0,0,2,0,1,0,1,1,2,1,1,1,1,1,0,0,0,0,0,0,0,0,1
zgrab_587_Singapore.json:49,zgrab_real,zgrab_587_Singapore.json,49,Singapore,SMTP_RESPONSE_OBSERVED,TLS_HANDSHAKE_SUCCEEDED,HANDSHAKE_SUCCEEDED,CERTIFICATE_OBSERVED,587,success,smtp,1,1,1,1,1,TLSv1.2,TLSv1.3,TLS_CHACHA20_POLY1305_SHA256,x25519,2,1,1,0,0,0,0,0,0,0,0,1,1,0,0,0,1,0,0,1,0,0,1,True,RSA,2048,65537,,,SHA256-RSA,0,1,0,0,DV,False,4,0,26,4,False,True,,True,True,,2,10,89.99998842592592,54.02846064814815,0,0,2,0,1,0,1,1,2,1,1,1,1,1,0,0,0,0,0,0,0,0,1
zgrab_587_Singapore.json:50,zgrab_real,zgrab_587_Singapore.json,50,Singapore,SMTP_RESPONSE_OBSERVED,TLS_HANDSHAKE_SUCCEEDED,HANDSHAKE_SUCCEEDED,CERTIFICATE_OBSERVED,587,success,smtp,1,1,1,1,1,TLSv1.2,TLSv1.3,TLS_CHACHA20_POLY1305_SHA256,x25519,2,1,1,0,0,0,0,0,0,0,0,1,1,0,0,0,1,0,0,1,0,0,1,True,RSA,2048,65537,,,SHA256-RSA,0,1,0,0,DV,False,4,0,26,4,False,True,,True,True,,2,10,89.99998842592592,54.02846064814815,0,0,2,0,1,0,1,1,2,1,1,1,1,1,0,0,0,0,0,0,0,0,1
zgrab_587_Singapore.json:51,zgrab_real,zgrab_587_Singapore.json,51,Singapore,SMTP_RESPONSE_OBSERVED,TLS_HANDSHAKE_SUCCEEDED,HANDSHAKE_SUCCEEDED,CERTIFICATE_OBSERVED,587,success,smtp,1,1,1,1,1,TLSv1.2,TLSv1.3,TLS_CHACHA20_POLY1305_SHA256,x25519,2,1,1,0,0,0,0,0,0,0,0,1,1,0,0,0,1,0,0,1,0,0,1,True,RSA,2048,65537,,,SHA256-RSA,0,1,0,0,DV,False,4,0,26,4,False,True,,True,True,,2,10,89.99998842592592,54.02846064814815,0,0,2,0,1,0,1,1,2,1,1,1,1,1,0,0,0,0,0,0,0,0,1
zgrab_587_Singapore.json:52,zgrab_real,zgrab_587_Singapore.json,52,Singapore,SMTP_RESPONSE_OBSERVED,TLS_HANDSHAKE_SUCCEEDED,HANDSHAKE_SUCCEEDED,CERTIFICATE_OBSERVED,587,success,smtp,1,1,1,1,1,TLSv1.2,TLSv1.3,TLS_CHACHA20_POLY1305_SHA256,x25519,2,1,1,0,0,0,0,0,0,0,0,1,1,0,0,0,1,0,0,1,0,0,1,True,RSA,2048,65537,,,SHA256-RSA,0,1,0,0,DV,False,4,0,26,4,False,True,,True,True,,2,10,89.99998842592592,54.0284375,0,0,2,0,1,0,1,1,2,1,1,1,1,1,0,0,0,0,0,0,0,0,1
zgrab_587_Singapore.json:53,zgrab_real,zgrab_587_Singapore.json,53,Singapore,SMTP_RESPONSE_OBSERVED,TLS_HANDSHAKE_SUCCEEDED,HANDSHAKE_SUCCEEDED,CERTIFICATE_OBSERVED,587,success,smtp,1,1,1,1,1,TLSv1.2,TLSv1.3,TLS_CHACHA20_POLY1305_SHA256,x25519,2,1,1,0,0,0,0,0,0,0,0,1,1,0,0,0,1,0,0,1,0,0,1,True,RSA,2048,65537,,,SHA256-RSA,0,1,0,0,DV,False,4,0,26,4,False,True,,True,True,,2,10,89.99998842592592,54.0284375,0,0,2,0,1,0,1,1,2,1,1,1,1,1,0,0,0,0,0,0,0,0,1
zgrab_587_Singapore.json:54,zgrab_real,zgrab_587_Singapore.json,54,Singapore,SMTP_RESPONSE_OBSERVED,TLS_HANDSHAKE_SUCCEEDED,HANDSHAKE_SUCCEEDED,CERTIFICATE_OBSERVED,587,success,smtp,1,1,1,1,1,TLSv1.2,TLSv1.3,TLS_CHACHA20_POLY1305_SHA256,x25519,2,1,1,0,0,0,0,0,0,0,0,1,1,0,0,0,1,0,0,1,0,0,1,True,RSA,2048,65537,,,SHA256-RSA,0,1,0,0,DV,False,4,0,26,4,False,True,,True,True,,2,10,89.99998842592592,54.0284375,0,0,2,0,1,0,1,1,2,1,1,1,1,1,0,0,0,0,0,0,0,0,1
zgrab_587_Singapore.json:55,zgrab_real,zgrab_587_Singapore.json,55,Singapore,SMTP_RESPONSE_OBSERVED,TLS_HANDSHAKE_SUCCEEDED,HANDSHAKE_SUCCEEDED,CERTIFICATE_OBSERVED,587,success,smtp,1,1,1,1,1,TLSv1.2,TLSv1.3,TLS_CHACHA20_POLY1305_SHA256,x25519,2,1,1,0,0,0,0,0,0,0,0,1,1,0,0,0,1,0,0,1,0,0,1,True,RSA,2048,65537,,,SHA256-RSA,0,1,0,0,DV,False,4,0,26,4,False,True,,True,True,,2,10,89.99998842592592,54.0284375,0,0,2,0,1,0,1,1,2,1,1,1,1,1,0,0,0,0,0,0,0,0,1
zgrab_587_Singapore.json:56,zgrab_real,zgrab_587_Singapore.json,56,Singapore,SMTP_RESPONSE_OBSERVED,STARTTLS_NOT_OBSERVED,TLS_NOT_OBSERVED,CERTIFICATE_NOT_OBSERVED_NO_TLS,587,success,smtp,1,1,0,0,0,,,,,,,,,,,,,,,,,,,,,,,,,,,0,,,,,,,,,,,,,,,,,,,,,,,,,,,,,,,,,,,,,,,,,,,,,,,,,1,0
zgrab_587_Singapore.json:57,zgrab_real,zgrab_587_Singapore.json,57,Singapore,SMTP_RESPONSE_OBSERVED,TLS_HANDSHAKE_SUCCEEDED,HANDSHAKE_SUCCEEDED,CERTIFICATE_OBSERVED,587,success,smtp,1,1,1,1,1,TLSv1.2,,TLS_ECDHE_RSA_WITH_AES_256_CBC_SHA,,1,0,0,1,0,0,0,0,0,0,0,1,0,1,0,1,1,0,0,1,0,0,1,False,RSA,2048,65537,,,SHA256-RSA,0,1,0,0,unknown,True,0,0,0,0,True,,,,,,0,3,365.0,-3593.1591550925928,1,0,0,0,0,0,0,0,0,0,0,0,1,1,0,1,0,1,0,0,1,0,1
zgrab_587_Singapore.json:58,zgrab_real,zgrab_587_Singapore.json,58,Singapore,SMTP_RESPONSE_OBSERVED,STARTTLS_NOT_OBSERVED,TLS_NOT_OBSERVED,CERTIFICATE_NOT_OBSERVED_NO_TLS,587,success,smtp,1,1,0,0,0,,,,,,,,,,,,,,,,,,,,,,,,,,,0,,,,,,,,,,,,,,,,,,,,,,,,,,,,,,,,,,,,,,,,,,,,,,,,,1,0
zgrab_587_Singapore.json:59,zgrab_real,zgrab_587_Singapore.json,59,Singapore,SMTP_RESPONSE_OBSERVED,TLS_HANDSHAKE_SUCCEEDED,HANDSHAKE_SUCCEEDED,CERTIFICATE_OBSERVED,587,success,smtp,1,1,1,1,1,TLSv1.2,,TLS_ECDHE_RSA_WITH_AES_128_GCM_SHA256,,2,0,0,1,1,0,0,0,0,0,0,1,1,0,0,1,1,0,0,1,0,0,1,False,RSA,2048,65537,,,SHA256-RSA,0,1,0,0,unknown,True,1,0,36,1,False,True,True,,,,0,5,365.0,-683.6073032407407,1,0,0,0,0,0,0,0,0,0,0,0,1,1,0,0,0,0,0,0,1,0,1
zgrab_587_Singapore.json:60,zgrab_real,zgrab_587_Singapore.json,60,Singapore,SMTP_RESPONSE_OBSERVED,TLS_HANDSHAKE_SUCCEEDED,HANDSHAKE_SUCCEEDED,CERTIFICATE_OBSERVED,587,success,smtp,1,1,1,1,1,TLSv1.2,,TLS_ECDHE_RSA_WITH_AES_128_GCM_SHA256,,2,0,0,1,1,0,0,0,0,0,0,1,1,0,0,1,1,0,0,1,0,0,1,True,RSA,2048,65537,,,SHA256-RSA,0,1,0,0,DV,False,1,0,35,1,False,True,,True,True,,2,10,89.99998842592592,64.52553240740741,0,0,2,0,1,0,1,1,2,1,1,1,1,1,0,0,0,0,0,0,0,0,1
zgrab_587_Singapore.json:61,zgrab_real,zgrab_587_Singapore.json,61,Singapore,SMTP_RESPONSE_OBSERVED,STARTTLS_NOT_OBSERVED,TLS_NOT_OBSERVED,CERTIFICATE_NOT_OBSERVED_NO_TLS,587,success,smtp,1,1,0,0,0,,,,,,,,,,,,,,,,,,,,,,,,,,,0,,,,,,,,,,,,,,,,,,,,,,,,,,,,,,,,,,,,,,,,,,,,,,,,,1,0
zgrab_587_Singapore.json:62,zgrab_real,zgrab_587_Singapore.json,62,Singapore,SMTP_RESPONSE_OBSERVED,TLS_HANDSHAKE_SUCCEEDED,HANDSHAKE_SUCCEEDED,CERTIFICATE_OBSERVED,587,success,smtp,1,1,1,1,1,TLSv1.2,TLSv1.3,TLS_CHACHA20_POLY1305_SHA256,x25519,2,1,1,0,0,0,0,0,0,0,0,1,1,0,0,0,1,0,0,1,0,0,1,False,RSA,2048,65537,,,SHA256-RSA,0,1,0,0,unknown,True,1,0,36,1,False,True,True,,,,0,5,365.0,195.58331018518518,0,0,0,0,0,0,0,0,0,0,0,0,1,1,0,0,0,0,0,0,1,0,1
zgrab_587_Singapore.json:63,zgrab_real,zgrab_587_Singapore.json,63,Singapore,SMTP_RESPONSE_OBSERVED,STARTTLS_NOT_OBSERVED,TLS_NOT_OBSERVED,CERTIFICATE_NOT_OBSERVED_NO_TLS,587,success,smtp,1,1,0,0,0,,,,,,,,,,,,,,,,,,,,,,,,,,,0,,,,,,,,,,,,,,,,,,,,,,,,,,,,,,,,,,,,,,,,,,,,,,,,,1,0
zgrab_587_Singapore.json:64,zgrab_real,zgrab_587_Singapore.json,64,Singapore,SMTP_RESPONSE_OBSERVED,TLS_HANDSHAKE_SUCCEEDED,HANDSHAKE_SUCCEEDED,CERTIFICATE_OBSERVED,587,success,smtp,1,1,1,1,1,TLSv1.2,,TLS_ECDHE_RSA_WITH_AES_128_GCM_SHA256,,2,0,0,1,1,0,0,0,0,0,0,1,1,0,0,1,1,0,0,1,0,0,1,True,RSA,2048,65537,,,SHA256-RSA,0,1,0,0,DV,False,1,0,35,1,False,True,,True,True,,2,10,89.99998842592592,64.83508101851852,0,0,2,0,1,0,1,1,2,1,1,1,1,1,0,0,0,0,0,0,0,0,1
zgrab_587_Singapore.json:65,zgrab_real,zgrab_587_Singapore.json,65,Singapore,SMTP_RESPONSE_OBSERVED,TLS_HANDSHAKE_SUCCEEDED,HANDSHAKE_SUCCEEDED,CERTIFICATE_OBSERVED,587,success,smtp,1,1,1,1,1,TLSv1.2,TLSv1.3,TLS_CHACHA20_POLY1305_SHA256,x25519,2,1,1,0,0,0,0,0,0,0,0,1,1,0,0,0,1,0,0,1,0,0,1,True,RSA,2048,65537,,,SHA256-RSA,0,1,0,0,DV,False,4,0,26,4,False,True,,True,True,,2,10,89.99998842592592,54.028391203703706,0,0,2,0,1,0,1,1,2,1,1,1,1,1,0,0,0,0,0,0,0,0,1
zgrab_587_Singapore.json:66,zgrab_real,zgrab_587_Singapore.json,66,Singapore,SMTP_RESPONSE_OBSERVED,TLS_HANDSHAKE_SUCCEEDED,HANDSHAKE_SUCCEEDED,CERTIFICATE_OBSERVED,587,success,smtp,1,1,1,1,1,TLSv1.2,TLSv1.3,TLS_CHACHA20_POLY1305_SHA256,x25519,2,1,1,0,0,0,0,0,0,0,0,1,1,0,0,0,1,0,0,1,0,0,1,True,RSA,2048,65537,,,SHA256-RSA,0,1,0,0,DV,False,4,0,26,4,False,True,,True,True,,2,10,89.99998842592592,54.02837962962963,0,0,2,0,1,0,1,1,2,1,1,1,1,1,0,0,0,0,0,0,0,0,1
zgrab_587_Singapore.json:67,zgrab_real,zgrab_587_Singapore.json,67,Singapore,SMTP_RESPONSE_OBSERVED,TLS_HANDSHAKE_SUCCEEDED,HANDSHAKE_SUCCEEDED,CERTIFICATE_OBSERVED,587,success,smtp,1,1,1,1,1,TLSv1.2,TLSv1.3,TLS_CHACHA20_POLY1305_SHA256,x25519,2,1,1,0,0,0,0,0,0,0,0,1,1,0,0,0,1,0,0,1,0,0,1,True,RSA,2048,65537,,,SHA256-RSA,0,1,0,0,DV,False,4,0,26,4,False,True,,True,True,,2,10,89.99998842592592,54.02837962962963,0,0,2,0,1,0,1,1,2,1,1,1,1,1,0,0,0,0,0,0,0,0,1
zgrab_587_Singapore.json:68,zgrab_real,zgrab_587_Singapore.json,68,Singapore,SMTP_RESPONSE_OBSERVED,TLS_HANDSHAKE_SUCCEEDED,HANDSHAKE_SUCCEEDED,CERTIFICATE_OBSERVED,587,success,smtp,1,1,1,1,1,TLSv1.2,TLSv1.3,TLS_CHACHA20_POLY1305_SHA256,x25519,2,1,1,0,0,0,0,0,0,0,0,1,1,0,0,0,1,0,0,1,0,0,1,True,RSA,2048,65537,,,SHA256-RSA,0,1,0,0,DV,False,4,0,26,4,False,True,,True,True,,2,10,89.99998842592592,54.02837962962963,0,0,2,0,1,0,1,1,2,1,1,1,1,1,0,0,0,0,0,0,0,0,1
zgrab_587_Singapore.json:69,zgrab_real,zgrab_587_Singapore.json,69,Singapore,SMTP_RESPONSE_OBSERVED,TLS_HANDSHAKE_SUCCEEDED,HANDSHAKE_SUCCEEDED,CERTIFICATE_OBSERVED,587,success,smtp,1,1,1,1,1,TLSv1.2,TLSv1.3,TLS_CHACHA20_POLY1305_SHA256,x25519,2,1,1,0,0,0,0,0,0,0,0,1,1,0,0,0,1,0,0,1,0,0,1,True,RSA,2048,65537,,,SHA256-RSA,0,1,0,0,DV,False,4,0,26,4,False,True,,True,True,,2,10,89.99998842592592,54.02836805555555,0,0,2,0,1,0,1,1,2,1,1,1,1,1,0,0,0,0,0,0,0,0,1
zgrab_587_Singapore.json:70,zgrab_real,zgrab_587_Singapore.json,70,Singapore,SMTP_RESPONSE_OBSERVED,TLS_HANDSHAKE_SUCCEEDED,HANDSHAKE_SUCCEEDED,CERTIFICATE_OBSERVED,587,success,smtp,1,1,1,1,1,TLSv1.2,TLSv1.3,TLS_CHACHA20_POLY1305_SHA256,x25519,2,1,1,0,0,0,0,0,0,0,0,1,1,0,0,0,1,0,0,1,0,0,1,True,RSA,2048,65537,,,SHA256-RSA,0,1,0,0,DV,False,4,0,26,4,False,True,,True,True,,2,10,89.99998842592592,54.02835648148148,0,0,2,0,1,0,1,1,2,1,1,1,1,1,0,0,0,0,0,0,0,0,1
zgrab_587_Singapore.json:71,zgrab_real,zgrab_587_Singapore.json,71,Singapore,SMTP_RESPONSE_OBSERVED,TLS_HANDSHAKE_SUCCEEDED,HANDSHAKE_SUCCEEDED,CERTIFICATE_OBSERVED,587,success,smtp,1,1,1,1,1,TLSv1.2,TLSv1.3,TLS_CHACHA20_POLY1305_SHA256,x25519,2,1,1,0,0,0,0,0,0,0,0,1,1,0,0,0,1,0,0,1,0,0,1,True,RSA,2048,65537,,,SHA256-RSA,0,1,0,0,DV,False,4,0,26,4,False,True,,True,True,,2,10,89.99998842592592,54.02835648148148,0,0,2,0,1,0,1,1,2,1,1,1,1,1,0,0,0,0,0,0,0,0,1
zgrab_587_Singapore.json:72,zgrab_real,zgrab_587_Singapore.json,72,Singapore,SMTP_PROBE_FAILED,STARTTLS_NOT_OBSERVED,TLS_NOT_OBSERVED,CERTIFICATE_NOT_OBSERVED_NO_TLS,587,protocol-error,smtp,0,0,0,0,0,,,,,,,,,,,,,,,,,,,,,,,,,,,0,,,,,,,,,,,,,,,,,,,,,,,,,,,,,,,,,,,,,,,,,,,,,,,,,0,0
zgrab_587_Singapore.json:73,zgrab_real,zgrab_587_Singapore.json,73,Singapore,SMTP_RESPONSE_OBSERVED,TLS_HANDSHAKE_SUCCEEDED,HANDSHAKE_SUCCEEDED,CERTIFICATE_OBSERVED,587,success,smtp,1,1,1,1,1,TLSv1.2,TLSv1.3,TLS_CHACHA20_POLY1305_SHA256,x25519,2,1,1,0,0,0,0,0,0,0,0,1,1,0,0,0,1,0,0,1,0,0,1,True,RSA,2048,65537,,,SHA256-RSA,0,1,0,0,DV,False,4,0,26,4,False,True,,True,True,,2,10,89.99998842592592,54.02835648148148,0,0,2,0,1,0,1,1,2,1,1,1,1,1,0,0,0,0,0,0,0,0,1
zgrab_587_Singapore.json:74,zgrab_real,zgrab_587_Singapore.json,74,Singapore,SMTP_RESPONSE_OBSERVED,STARTTLS_NOT_OBSERVED,TLS_NOT_OBSERVED,CERTIFICATE_NOT_OBSERVED_NO_TLS,587,success,smtp,1,1,0,0,0,,,,,,,,,,,,,,,,,,,,,,,,,,,0,,,,,,,,,,,,,,,,,,,,,,,,,,,,,,,,,,,,,,,,,,,,,,,,,1,0
zgrab_587_Singapore.json:75,zgrab_real,zgrab_587_Singapore.json,75,Singapore,SMTP_RESPONSE_OBSERVED,TLS_HANDSHAKE_SUCCEEDED,HANDSHAKE_SUCCEEDED,CERTIFICATE_OBSERVED,587,success,smtp,1,1,1,1,1,TLSv1.2,TLSv1.3,TLS_CHACHA20_POLY1305_SHA256,x25519,2,1,1,0,0,0,0,0,0,0,0,1,1,0,0,0,1,0,0,1,0,0,1,True,RSA,2048,65537,,,SHA256-RSA,0,1,0,0,DV,False,4,0,26,4,False,True,,True,True,,2,10,89.99998842592592,54.02835648148148,0,0,2,0,1,0,1,1,2,1,1,1,1,1,0,0,0,0,0,0,0,0,1
zgrab_587_Singapore.json:76,zgrab_real,zgrab_587_Singapore.json,76,Singapore,SMTP_RESPONSE_OBSERVED,TLS_HANDSHAKE_SUCCEEDED,HANDSHAKE_SUCCEEDED,CERTIFICATE_OBSERVED,587,success,smtp,1,1,1,1,1,TLSv1.2,TLSv1.3,TLS_CHACHA20_POLY1305_SHA256,x25519,2,1,1,0,0,0,0,0,0,0,0,1,1,0,0,0,1,0,0,1,0,0,1,True,RSA,2048,65537,,,SHA256-RSA,0,1,0,0,DV,False,4,0,26,4,False,True,,True,True,,2,10,89.99998842592592,54.02834490740741,0,0,2,0,1,0,1,1,2,1,1,1,1,1,0,0,0,0,0,0,0,0,1
zgrab_587_Singapore.json:77,zgrab_real,zgrab_587_Singapore.json,77,Singapore,SMTP_RESPONSE_OBSERVED,TLS_HANDSHAKE_SUCCEEDED,HANDSHAKE_SUCCEEDED,CERTIFICATE_OBSERVED,587,success,smtp,1,1,1,1,1,TLSv1.2,TLSv1.3,TLS_CHACHA20_POLY1305_SHA256,x25519,2,1,1,0,0,0,0,0,0,0,0,1,1,0,0,0,1,0,0,1,0,0,1,True,RSA,2048,65537,,,SHA256-RSA,0,1,0,0,DV,False,4,0,26,4,False,True,,True,True,,2,10,89.99998842592592,54.02834490740741,0,0,2,0,1,0,1,1,2,1,1,1,1,1,0,0,0,0,0,0,0,0,1
zgrab_587_Singapore.json:78,zgrab_real,zgrab_587_Singapore.json,78,Singapore,SMTP_RESPONSE_OBSERVED,TLS_HANDSHAKE_SUCCEEDED,HANDSHAKE_SUCCEEDED,CERTIFICATE_OBSERVED,587,success,smtp,1,1,1,1,1,TLSv1.2,TLSv1.3,TLS_CHACHA20_POLY1305_SHA256,x25519,2,1,1,0,0,0,0,0,0,0,0,1,1,0,0,0,1,0,0,1,0,0,1,True,RSA,2048,65537,,,SHA256-RSA,0,1,0,0,DV,False,4,0,26,4,False,True,,True,True,,2,10,89.99998842592592,54.02834490740741,0,0,2,0,1,0,1,1,2,1,1,1,1,1,0,0,0,0,0,0,0,0,1
zgrab_587_Singapore.json:79,zgrab_real,zgrab_587_Singapore.json,79,Singapore,SMTP_RESPONSE_OBSERVED,TLS_HANDSHAKE_SUCCEEDED,HANDSHAKE_SUCCEEDED,CERTIFICATE_OBSERVED,587,success,smtp,1,1,1,1,1,TLSv1.2,TLSv1.3,TLS_CHACHA20_POLY1305_SHA256,x25519,2,1,1,0,0,0,0,0,0,0,0,1,1,0,0,0,1,0,0,1,0,0,1,True,RSA,2048,65537,,,SHA256-RSA,0,1,0,0,DV,False,1,0,23,1,False,True,,True,True,,2,9,90.99998842592592,43.973055555555554,0,0,2,1,1,1,1,1,2,1,0,0,1,1,0,0,0,0,0,0,0,0,1
zgrab_587_Singapore.json:80,zgrab_real,zgrab_587_Singapore.json,80,Singapore,SMTP_RESPONSE_OBSERVED,TLS_HANDSHAKE_SUCCEEDED,HANDSHAKE_SUCCEEDED,CERTIFICATE_OBSERVED,587,success,smtp,1,1,1,1,1,TLSv1.2,TLSv1.3,TLS_CHACHA20_POLY1305_SHA256,x25519,2,1,1,0,0,0,0,0,0,0,0,1,1,0,0,0,1,0,0,1,0,0,1,True,RSA,2048,65537,,,SHA256-RSA,0,1,0,0,DV,False,4,0,26,4,False,True,,True,True,,2,10,89.99998842592592,54.028333333333336,0,0,2,0,1,0,1,1,2,1,1,1,1,1,0,0,0,0,0,0,0,0,1
zgrab_587_Singapore.json:81,zgrab_real,zgrab_587_Singapore.json,81,Singapore,SMTP_RESPONSE_OBSERVED,TLS_HANDSHAKE_SUCCEEDED,HANDSHAKE_SUCCEEDED,CERTIFICATE_OBSERVED,587,success,smtp,1,1,1,1,1,TLSv1.2,TLSv1.3,TLS_CHACHA20_POLY1305_SHA256,x25519,2,1,1,0,0,0,0,0,0,0,0,1,1,0,0,0,1,0,0,1,0,0,1,True,RSA,2048,65537,,,SHA256-RSA,0,1,0,0,DV,False,4,0,26,4,False,True,,True,True,,2,10,89.99998842592592,54.028333333333336,0,0,2,0,1,0,1,1,2,1,1,1,1,1,0,0,0,0,0,0,0,0,1
zgrab_587_Singapore.json:82,zgrab_real,zgrab_587_Singapore.json,82,Singapore,SMTP_RESPONSE_OBSERVED,TLS_HANDSHAKE_SUCCEEDED,HANDSHAKE_SUCCEEDED,CERTIFICATE_OBSERVED,587,success,smtp,1,1,1,1,1,TLSv1.2,TLSv1.3,TLS_CHACHA20_POLY1305_SHA256,x25519,2,1,1,0,0,0,0,0,0,0,0,1,1,0,0,0,1,0,0,1,0,0,1,True,RSA,2048,65537,,,SHA256-RSA,0,1,0,0,DV,False,4,0,26,4,False,True,,True,True,,2,10,89.99998842592592,54.028321759259256,0,0,2,0,1,0,1,1,2,1,1,1,1,1,0,0,0,0,0,0,0,0,1
zgrab_587_Singapore.json:83,zgrab_real,zgrab_587_Singapore.json,83,Singapore,SMTP_RESPONSE_OBSERVED,TLS_HANDSHAKE_SUCCEEDED,HANDSHAKE_SUCCEEDED,CERTIFICATE_OBSERVED,587,success,smtp,1,1,1,1,1,TLSv1.2,TLSv1.3,TLS_CHACHA20_POLY1305_SHA256,x25519,2,1,1,0,0,0,0,0,0,0,0,1,1,0,0,0,1,0,0,1,0,0,1,True,RSA,2048,65537,,,SHA256-RSA,0,1,0,0,DV,False,4,0,26,4,False,True,,True,True,,2,10,89.99998842592592,54.028321759259256,0,0,2,0,1,0,1,1,2,1,1,1,1,1,0,0,0,0,0,0,0,0,1
zgrab_587_Singapore.json:84,zgrab_real,zgrab_587_Singapore.json,84,Singapore,SMTP_RESPONSE_OBSERVED,TLS_HANDSHAKE_SUCCEEDED,HANDSHAKE_SUCCEEDED,CERTIFICATE_OBSERVED,587,success,smtp,1,1,1,1,1,TLSv1.2,TLSv1.3,TLS_CHACHA20_POLY1305_SHA256,x25519,2,1,1,0,0,0,0,0,0,0,0,1,1,0,0,0,1,0,0,1,0,0,1,True,RSA,2048,65537,,,SHA256-RSA,0,1,0,0,DV,False,4,0,26,4,False,True,,True,True,,2,10,89.99998842592592,54.028310185185184,0,0,2,0,1,0,1,1,2,1,1,1,1,1,0,0,0,0,0,0,0,0,1
zgrab_587_Singapore.json:85,zgrab_real,zgrab_587_Singapore.json,85,Singapore,SMTP_RESPONSE_OBSERVED,TLS_HANDSHAKE_SUCCEEDED,HANDSHAKE_SUCCEEDED,CERTIFICATE_OBSERVED,587,success,smtp,1,1,1,1,1,TLSv1.2,TLSv1.3,TLS_CHACHA20_POLY1305_SHA256,x25519,2,1,1,0,0,0,0,0,0,0,0,1,1,0,0,0,1,0,0,1,0,0,1,True,RSA,2048,65537,,,SHA256-RSA,0,1,0,0,DV,False,4,0,26,4,False,True,,True,True,,2,10,89.99998842592592,54.028310185185184,0,0,2,0,1,0,1,1,2,1,1,1,1,1,0,0,0,0,0,0,0,0,1
zgrab_587_Singapore.json:86,zgrab_real,zgrab_587_Singapore.json,86,Singapore,SMTP_RESPONSE_OBSERVED,STARTTLS_NOT_OBSERVED,TLS_NOT_OBSERVED,CERTIFICATE_NOT_OBSERVED_NO_TLS,587,success,smtp,1,1,0,0,0,,,,,,,,,,,,,,,,,,,,,,,,,,,0,,,,,,,,,,,,,,,,,,,,,,,,,,,,,,,,,,,,,,,,,,,,,,,,,1,0
zgrab_587_Singapore.json:87,zgrab_real,zgrab_587_Singapore.json,87,Singapore,SMTP_RESPONSE_OBSERVED,STARTTLS_NOT_OBSERVED,TLS_NOT_OBSERVED,CERTIFICATE_NOT_OBSERVED_NO_TLS,587,success,smtp,1,1,0,0,0,,,,,,,,,,,,,,,,,,,,,,,,,,,0,,,,,,,,,,,,,,,,,,,,,,,,,,,,,,,,,,,,,,,,,,,,,,,,,1,0
zgrab_587_Singapore.json:88,zgrab_real,zgrab_587_Singapore.json,88,Singapore,SMTP_RESPONSE_OBSERVED,TLS_HANDSHAKE_SUCCEEDED,HANDSHAKE_SUCCEEDED,CERTIFICATE_OBSERVED,587,success,smtp,1,1,1,1,1,TLSv1.2,TLSv1.3,TLS_CHACHA20_POLY1305_SHA256,x25519,2,1,1,0,0,0,0,0,0,0,0,1,1,0,0,0,1,0,0,1,0,0,1,True,RSA,2048,65537,,,SHA256-RSA,0,1,0,0,DV,False,4,0,26,4,False,True,,True,True,,2,10,89.99998842592592,54.028310185185184,0,0,2,0,1,0,1,1,2,1,1,1,1,1,0,0,0,0,0,0,0,0,1
zgrab_587_Singapore.json:89,zgrab_real,zgrab_587_Singapore.json,89,Singapore,SMTP_RESPONSE_OBSERVED,TLS_HANDSHAKE_SUCCEEDED,HANDSHAKE_SUCCEEDED,CERTIFICATE_OBSERVED,587,success,smtp,1,1,1,1,1,TLSv1.2,TLSv1.3,TLS_CHACHA20_POLY1305_SHA256,x25519,2,1,1,0,0,0,0,0,0,0,0,1,1,0,0,0,1,0,0,1,0,0,1,True,RSA,2048,65537,,,SHA256-RSA,0,1,0,0,DV,False,4,0,26,4,False,True,,True,True,,2,10,89.99998842592592,54.028310185185184,0,0,2,0,1,0,1,1,2,1,1,1,1,1,0,0,0,0,0,0,0,0,1
zgrab_587_Singapore.json:90,zgrab_real,zgrab_587_Singapore.json,90,Singapore,SMTP_RESPONSE_OBSERVED,TLS_HANDSHAKE_SUCCEEDED,HANDSHAKE_SUCCEEDED,CERTIFICATE_OBSERVED,587,success,smtp,1,1,1,1,1,TLSv1.2,TLSv1.3,TLS_CHACHA20_POLY1305_SHA256,x25519,2,1,1,0,0,0,0,0,0,0,0,1,1,0,0,0,1,0,0,1,0,0,1,True,RSA,2048,65537,,,SHA256-RSA,0,1,0,0,DV,False,4,0,26,4,False,True,,True,True,,2,10,89.99998842592592,54.02829861111111,0,0,2,0,1,0,1,1,2,1,1,1,1,1,0,0,0,0,0,0,0,0,1
zgrab_587_Singapore.json:91,zgrab_real,zgrab_587_Singapore.json,91,Singapore,SMTP_RESPONSE_OBSERVED,TLS_HANDSHAKE_SUCCEEDED,HANDSHAKE_SUCCEEDED,CERTIFICATE_OBSERVED,587,success,smtp,1,1,1,1,1,TLSv1.2,TLSv1.3,TLS_CHACHA20_POLY1305_SHA256,x25519,2,1,1,0,0,0,0,0,0,0,0,1,1,0,0,0,1,0,0,1,0,0,1,True,RSA,2048,65537,,,SHA256-RSA,0,1,0,0,DV,False,4,0,26,4,False,True,,True,True,,2,10,89.99998842592592,54.02829861111111,0,0,2,0,1,0,1,1,2,1,1,1,1,1,0,0,0,0,0,0,0,0,1
zgrab_587_Singapore.json:92,zgrab_real,zgrab_587_Singapore.json,92,Singapore,SMTP_RESPONSE_OBSERVED,TLS_HANDSHAKE_SUCCEEDED,HANDSHAKE_SUCCEEDED,CERTIFICATE_OBSERVED,587,success,smtp,1,1,1,1,1,TLSv1.2,TLSv1.3,TLS_CHACHA20_POLY1305_SHA256,x25519,2,1,1,0,0,0,0,0,0,0,0,1,1,0,0,0,1,0,0,1,0,0,1,True,RSA,2048,65537,,,SHA256-RSA,0,1,0,0,DV,False,4,0,26,4,False,True,,True,True,,2,10,89.99998842592592,54.02828703703704,0,0,2,0,1,0,1,1,2,1,1,1,1,1,0,0,0,0,0,0,0,0,1
zgrab_587_Singapore.json:93,zgrab_real,zgrab_587_Singapore.json,93,Singapore,SMTP_RESPONSE_OBSERVED,TLS_HANDSHAKE_SUCCEEDED,HANDSHAKE_SUCCEEDED,CERTIFICATE_OBSERVED,587,success,smtp,1,1,1,1,1,TLSv1.2,TLSv1.3,TLS_CHACHA20_POLY1305_SHA256,x25519,2,1,1,0,0,0,0,0,0,0,0,1,1,0,0,0,1,0,0,1,0,0,1,True,RSA,2048,65537,,,SHA256-RSA,0,1,0,0,DV,False,4,0,26,4,False,True,,True,True,,2,10,89.99998842592592,54.02828703703704,0,0,2,0,1,0,1,1,2,1,1,1,1,1,0,0,0,0,0,0,0,0,1
zgrab_587_Singapore.json:94,zgrab_real,zgrab_587_Singapore.json,94,Singapore,SMTP_RESPONSE_OBSERVED,TLS_HANDSHAKE_SUCCEEDED,HANDSHAKE_SUCCEEDED,CERTIFICATE_OBSERVED,587,success,smtp,1,1,1,1,1,TLSv1.2,TLSv1.3,TLS_CHACHA20_POLY1305_SHA256,x25519,2,1,1,0,0,0,0,0,0,0,0,1,1,0,0,0,1,0,0,1,0,0,1,True,RSA,2048,65537,,,SHA256-RSA,0,1,0,0,DV,False,4,0,26,4,False,True,,True,True,,2,10,89.99998842592592,54.02828703703704,0,0,2,0,1,0,1,1,2,1,1,1,1,1,0,0,0,0,0,0,0,0,1
zgrab_587_Singapore.json:95,zgrab_real,zgrab_587_Singapore.json,95,Singapore,SMTP_RESPONSE_OBSERVED,TLS_HANDSHAKE_SUCCEEDED,HANDSHAKE_SUCCEEDED,CERTIFICATE_OBSERVED,587,success,smtp,1,1,1,1,1,TLSv1.2,TLSv1.3,TLS_CHACHA20_POLY1305_SHA256,x25519,2,1,1,0,0,0,0,0,0,0,0,1,1,0,0,0,1,0,0,1,0,0,1,True,RSA,2048,65537,,,SHA256-RSA,0,1,0,0,DV,False,4,0,26,4,False,True,,True,True,,2,10,89.99998842592592,54.02828703703704,0,0,2,0,1,0,1,1,2,1,1,1,1,1,0,0,0,0,0,0,0,0,1
zgrab_587_Singapore.json:96,zgrab_real,zgrab_587_Singapore.json,96,Singapore,SMTP_RESPONSE_OBSERVED,TLS_HANDSHAKE_SUCCEEDED,HANDSHAKE_SUCCEEDED,CERTIFICATE_OBSERVED,587,success,smtp,1,1,1,1,1,TLSv1.2,TLSv1.3,TLS_CHACHA20_POLY1305_SHA256,x25519,2,1,1,0,0,0,0,0,0,0,0,1,1,0,0,0,1,0,0,1,0,0,1,True,RSA,2048,65537,,,SHA256-RSA,0,1,0,0,DV,False,4,0,26,4,False,True,,True,True,,2,10,89.99998842592592,54.02827546296297,0,0,2,0,1,0,1,1,2,1,1,1,1,1,0,0,0,0,0,0,0,0,1
zgrab_587_Singapore.json:97,zgrab_real,zgrab_587_Singapore.json,97,Singapore,SMTP_PROBE_FAILED,STARTTLS_OBSERVED_NO_COMPLETED_TLS,TLS_NOT_OBSERVED,CERTIFICATE_NOT_OBSERVED_NO_TLS,587,application-error,smtp,1,1,1,0,0,,,,,,,,,,,,,,,,,,,,,,,,,,,0,,,,,,,,,,,,,,,,,,,,,,,,,,,,,,,,,,,,,,,,,,,,,,,,,0,0
zgrab_587_Singapore.json:98,zgrab_real,zgrab_587_Singapore.json,98,Singapore,SMTP_RESPONSE_OBSERVED,TLS_HANDSHAKE_SUCCEEDED,HANDSHAKE_SUCCEEDED,CERTIFICATE_OBSERVED,587,success,smtp,1,1,1,1,1,TLSv1.2,TLSv1.3,TLS_CHACHA20_POLY1305_SHA256,x25519,2,1,1,0,0,0,0,0,0,0,0,1,1,0,0,0,1,0,0,1,0,0,1,True,RSA,2048,65537,,,SHA256-RSA,0,1,0,0,DV,False,4,0,26,4,False,True,,True,True,,2,10,89.99998842592592,54.02827546296297,0,0,2,0,1,0,1,1,2,1,1,1,1,1,0,0,0,0,0,0,0,0,1
zgrab_587_Singapore.json:99,zgrab_real,zgrab_587_Singapore.json,99,Singapore,SMTP_RESPONSE_OBSERVED,TLS_HANDSHAKE_SUCCEEDED,HANDSHAKE_SUCCEEDED,CERTIFICATE_OBSERVED,587,success,smtp,1,1,1,1,1,TLSv1.2,TLSv1.3,TLS_CHACHA20_POLY1305_SHA256,x25519,2,1,1,0,0,0,0,0,0,0,0,1,1,0,0,0,1,0,0,1,0,0,1,True,RSA,2048,65537,,,SHA256-RSA,0,1,0,0,DV,False,4,0,26,4,False,True,,True,True,,2,10,89.99998842592592,54.02827546296297,0,0,2,0,1,0,1,1,2,1,1,1,1,1,0,0,0,0,0,0,0,0,1
zgrab_587_Singapore.json:100,zgrab_real,zgrab_587_Singapore.json,100,Singapore,SMTP_RESPONSE_OBSERVED,TLS_HANDSHAKE_SUCCEEDED,HANDSHAKE_SUCCEEDED,CERTIFICATE_OBSERVED,587,success,smtp,1,1,1,1,1,TLSv1.2,TLSv1.3,TLS_CHACHA20_POLY1305_SHA256,x25519,2,1,1,0,0,0,0,0,0,0,0,1,1,0,0,0,1,0,0,1,0,0,1,True,RSA,2048,65537,,,SHA256-RSA,0,1,0,0,DV,False,4,0,26,4,False,True,,True,True,,2,10,89.99998842592592,54.02827546296297,0,0,2,0,1,0,1,1,2,1,1,1,1,1,0,0,0,0,0,0,0,0,1
zgrab_587_South_Korea.json:1,zgrab_real,zgrab_587_South_Korea.json,1,South_Korea,SMTP_RESPONSE_OBSERVED,STARTTLS_NOT_OBSERVED,TLS_NOT_OBSERVED,CERTIFICATE_NOT_OBSERVED_NO_TLS,587,success,smtp,1,1,0,0,0,,,,,,,,,,,,,,,,,,,,,,,,,,,0,,,,,,,,,,,,,,,,,,,,,,,,,,,,,,,,,,,,,,,,,,,,,,,,,1,0
zgrab_587_South_Korea.json:2,zgrab_real,zgrab_587_South_Korea.json,2,South_Korea,SMTP_RESPONSE_OBSERVED,STARTTLS_NOT_OBSERVED,TLS_NOT_OBSERVED,CERTIFICATE_NOT_OBSERVED_NO_TLS,587,success,smtp,1,1,0,0,0,,,,,,,,,,,,,,,,,,,,,,,,,,,0,,,,,,,,,,,,,,,,,,,,,,,,,,,,,,,,,,,,,,,,,,,,,,,,,1,0
zgrab_587_South_Korea.json:3,zgrab_real,zgrab_587_South_Korea.json,3,South_Korea,SMTP_RESPONSE_OBSERVED,STARTTLS_NOT_OBSERVED,TLS_NOT_OBSERVED,CERTIFICATE_NOT_OBSERVED_NO_TLS,587,success,smtp,1,1,0,0,0,,,,,,,,,,,,,,,,,,,,,,,,,,,0,,,,,,,,,,,,,,,,,,,,,,,,,,,,,,,,,,,,,,,,,,,,,,,,,1,0
zgrab_587_South_Korea.json:4,zgrab_real,zgrab_587_South_Korea.json,4,South_Korea,SMTP_RESPONSE_OBSERVED,STARTTLS_NOT_OBSERVED,TLS_NOT_OBSERVED,CERTIFICATE_NOT_OBSERVED_NO_TLS,587,success,smtp,1,1,0,0,0,,,,,,,,,,,,,,,,,,,,,,,,,,,0,,,,,,,,,,,,,,,,,,,,,,,,,,,,,,,,,,,,,,,,,,,,,,,,,1,0
zgrab_587_South_Korea.json:5,zgrab_real,zgrab_587_South_Korea.json,5,South_Korea,SMTP_RESPONSE_OBSERVED,STARTTLS_NOT_OBSERVED,TLS_NOT_OBSERVED,CERTIFICATE_NOT_OBSERVED_NO_TLS,587,success,smtp,1,1,0,0,0,,,,,,,,,,,,,,,,,,,,,,,,,,,0,,,,,,,,,,,,,,,,,,,,,,,,,,,,,,,,,,,,,,,,,,,,,,,,,1,0
zgrab_587_South_Korea.json:6,zgrab_real,zgrab_587_South_Korea.json,6,South_Korea,SMTP_RESPONSE_OBSERVED,STARTTLS_NOT_OBSERVED,TLS_NOT_OBSERVED,CERTIFICATE_NOT_OBSERVED_NO_TLS,587,success,smtp,1,1,0,0,0,,,,,,,,,,,,,,,,,,,,,,,,,,,0,,,,,,,,,,,,,,,,,,,,,,,,,,,,,,,,,,,,,,,,,,,,,,,,,1,0
zgrab_587_South_Korea.json:7,zgrab_real,zgrab_587_South_Korea.json,7,South_Korea,SMTP_RESPONSE_OBSERVED,STARTTLS_NOT_OBSERVED,TLS_NOT_OBSERVED,CERTIFICATE_NOT_OBSERVED_NO_TLS,587,success,smtp,1,1,0,0,0,,,,,,,,,,,,,,,,,,,,,,,,,,,0,,,,,,,,,,,,,,,,,,,,,,,,,,,,,,,,,,,,,,,,,,,,,,,,,1,0
zgrab_587_South_Korea.json:8,zgrab_real,zgrab_587_South_Korea.json,8,South_Korea,SMTP_RESPONSE_OBSERVED,STARTTLS_NOT_OBSERVED,TLS_NOT_OBSERVED,CERTIFICATE_NOT_OBSERVED_NO_TLS,587,success,smtp,1,1,0,0,0,,,,,,,,,,,,,,,,,,,,,,,,,,,0,,,,,,,,,,,,,,,,,,,,,,,,,,,,,,,,,,,,,,,,,,,,,,,,,1,0
zgrab_587_South_Korea.json:9,zgrab_real,zgrab_587_South_Korea.json,9,South_Korea,SMTP_RESPONSE_OBSERVED,STARTTLS_NOT_OBSERVED,TLS_NOT_OBSERVED,CERTIFICATE_NOT_OBSERVED_NO_TLS,587,success,smtp,1,1,0,0,0,,,,,,,,,,,,,,,,,,,,,,,,,,,0,,,,,,,,,,,,,,,,,,,,,,,,,,,,,,,,,,,,,,,,,,,,,,,,,1,0
zgrab_587_South_Korea.json:10,zgrab_real,zgrab_587_South_Korea.json,10,South_Korea,SMTP_RESPONSE_OBSERVED,TLS_HANDSHAKE_SUCCEEDED,HANDSHAKE_SUCCEEDED,CERTIFICATE_OBSERVED,587,success,smtp,1,1,1,1,1,TLSv1.2,TLSv1.3,TLS_AES_256_GCM_SHA384,x25519,2,1,1,0,0,0,0,0,0,0,0,1,1,0,0,0,1,0,0,1,0,0,1,True,ECDSA,,,256,P-256,ECDSA-SHA384,0,0,1,0,DV,False,4,0,19,4,False,True,,True,,,1,10,89.99998842592592,6.850335648148148,0,0,3,0,1,0,1,1,2,1,1,1,1,1,0,0,0,0,0,0,0,0,1
zgrab_587_South_Korea.json:11,zgrab_real,zgrab_587_South_Korea.json,11,South_Korea,SMTP_RESPONSE_OBSERVED,STARTTLS_NOT_OBSERVED,TLS_NOT_OBSERVED,CERTIFICATE_NOT_OBSERVED_NO_TLS,587,success,smtp,1,1,0,0,0,,,,,,,,,,,,,,,,,,,,,,,,,,,0,,,,,,,,,,,,,,,,,,,,,,,,,,,,,,,,,,,,,,,,,,,,,,,,,1,0
zgrab_587_South_Korea.json:12,zgrab_real,zgrab_587_South_Korea.json,12,South_Korea,SMTP_RESPONSE_OBSERVED,STARTTLS_NOT_OBSERVED,TLS_NOT_OBSERVED,CERTIFICATE_NOT_OBSERVED_NO_TLS,587,success,smtp,1,1,0,0,0,,,,,,,,,,,,,,,,,,,,,,,,,,,0,,,,,,,,,,,,,,,,,,,,,,,,,,,,,,,,,,,,,,,,,,,,,,,,,1,0
zgrab_587_South_Korea.json:13,zgrab_real,zgrab_587_South_Korea.json,13,South_Korea,SMTP_RESPONSE_OBSERVED,STARTTLS_NOT_OBSERVED,TLS_NOT_OBSERVED,CERTIFICATE_NOT_OBSERVED_NO_TLS,587,success,smtp,1,1,0,0,0,,,,,,,,,,,,,,,,,,,,,,,,,,,0,,,,,,,,,,,,,,,,,,,,,,,,,,,,,,,,,,,,,,,,,,,,,,,,,1,0
zgrab_587_South_Korea.json:14,zgrab_real,zgrab_587_South_Korea.json,14,South_Korea,SMTP_RESPONSE_OBSERVED,STARTTLS_NOT_OBSERVED,TLS_NOT_OBSERVED,CERTIFICATE_NOT_OBSERVED_NO_TLS,587,success,smtp,1,1,0,0,0,,,,,,,,,,,,,,,,,,,,,,,,,,,0,,,,,,,,,,,,,,,,,,,,,,,,,,,,,,,,,,,,,,,,,,,,,,,,,1,0
zgrab_587_South_Korea.json:15,zgrab_real,zgrab_587_South_Korea.json,15,South_Korea,SMTP_RESPONSE_OBSERVED,STARTTLS_NOT_OBSERVED,TLS_NOT_OBSERVED,CERTIFICATE_NOT_OBSERVED_NO_TLS,587,success,smtp,1,1,0,0,0,,,,,,,,,,,,,,,,,,,,,,,,,,,0,,,,,,,,,,,,,,,,,,,,,,,,,,,,,,,,,,,,,,,,,,,,,,,,,1,0
zgrab_587_South_Korea.json:16,zgrab_real,zgrab_587_South_Korea.json,16,South_Korea,SMTP_RESPONSE_OBSERVED,STARTTLS_NOT_OBSERVED,TLS_NOT_OBSERVED,CERTIFICATE_NOT_OBSERVED_NO_TLS,587,success,smtp,1,1,0,0,0,,,,,,,,,,,,,,,,,,,,,,,,,,,0,,,,,,,,,,,,,,,,,,,,,,,,,,,,,,,,,,,,,,,,,,,,,,,,,1,0
zgrab_587_South_Korea.json:17,zgrab_real,zgrab_587_South_Korea.json,17,South_Korea,SMTP_RESPONSE_OBSERVED,STARTTLS_NOT_OBSERVED,TLS_NOT_OBSERVED,CERTIFICATE_NOT_OBSERVED_NO_TLS,587,success,smtp,1,1,0,0,0,,,,,,,,,,,,,,,,,,,,,,,,,,,0,,,,,,,,,,,,,,,,,,,,,,,,,,,,,,,,,,,,,,,,,,,,,,,,,1,0
zgrab_587_South_Korea.json:18,zgrab_real,zgrab_587_South_Korea.json,18,South_Korea,SMTP_RESPONSE_OBSERVED,STARTTLS_NOT_OBSERVED,TLS_NOT_OBSERVED,CERTIFICATE_NOT_OBSERVED_NO_TLS,587,success,smtp,1,1,0,0,0,,,,,,,,,,,,,,,,,,,,,,,,,,,0,,,,,,,,,,,,,,,,,,,,,,,,,,,,,,,,,,,,,,,,,,,,,,,,,1,0
zgrab_587_South_Korea.json:19,zgrab_real,zgrab_587_South_Korea.json,19,South_Korea,SMTP_RESPONSE_OBSERVED,STARTTLS_NOT_OBSERVED,TLS_NOT_OBSERVED,CERTIFICATE_NOT_OBSERVED_NO_TLS,587,success,smtp,1,1,0,0,0,,,,,,,,,,,,,,,,,,,,,,,,,,,0,,,,,,,,,,,,,,,,,,,,,,,,,,,,,,,,,,,,,,,,,,,,,,,,,1,0
zgrab_587_South_Korea.json:20,zgrab_real,zgrab_587_South_Korea.json,20,South_Korea,SMTP_RESPONSE_OBSERVED,STARTTLS_NOT_OBSERVED,TLS_NOT_OBSERVED,CERTIFICATE_NOT_OBSERVED_NO_TLS,587,success,smtp,1,1,0,0,0,,,,,,,,,,,,,,,,,,,,,,,,,,,0,,,,,,,,,,,,,,,,,,,,,,,,,,,,,,,,,,,,,,,,,,,,,,,,,1,0
zgrab_587_South_Korea.json:21,zgrab_real,zgrab_587_South_Korea.json,21,South_Korea,SMTP_RESPONSE_OBSERVED,STARTTLS_NOT_OBSERVED,TLS_NOT_OBSERVED,CERTIFICATE_NOT_OBSERVED_NO_TLS,587,success,smtp,1,1,0,0,0,,,,,,,,,,,,,,,,,,,,,,,,,,,0,,,,,,,,,,,,,,,,,,,,,,,,,,,,,,,,,,,,,,,,,,,,,,,,,1,0
zgrab_587_South_Korea.json:22,zgrab_real,zgrab_587_South_Korea.json,22,South_Korea,SMTP_RESPONSE_OBSERVED,STARTTLS_NOT_OBSERVED,TLS_NOT_OBSERVED,CERTIFICATE_NOT_OBSERVED_NO_TLS,587,success,smtp,1,0,0,0,0,,,,,,,,,,,,,,,,,,,,,,,,,,,0,,,,,,,,,,,,,,,,,,,,,,,,,,,,,,,,,,,,,,,,,,,,,,,,,1,0
zgrab_587_South_Korea.json:23,zgrab_real,zgrab_587_South_Korea.json,23,South_Korea,SMTP_RESPONSE_OBSERVED,STARTTLS_NOT_OBSERVED,TLS_NOT_OBSERVED,CERTIFICATE_NOT_OBSERVED_NO_TLS,587,success,smtp,1,1,0,0,0,,,,,,,,,,,,,,,,,,,,,,,,,,,0,,,,,,,,,,,,,,,,,,,,,,,,,,,,,,,,,,,,,,,,,,,,,,,,,1,0
zgrab_587_South_Korea.json:24,zgrab_real,zgrab_587_South_Korea.json,24,South_Korea,SMTP_RESPONSE_OBSERVED,STARTTLS_NOT_OBSERVED,TLS_NOT_OBSERVED,CERTIFICATE_NOT_OBSERVED_NO_TLS,587,success,smtp,1,1,0,0,0,,,,,,,,,,,,,,,,,,,,,,,,,,,0,,,,,,,,,,,,,,,,,,,,,,,,,,,,,,,,,,,,,,,,,,,,,,,,,1,0
zgrab_587_South_Korea.json:25,zgrab_real,zgrab_587_South_Korea.json,25,South_Korea,SMTP_RESPONSE_OBSERVED,STARTTLS_NOT_OBSERVED,TLS_NOT_OBSERVED,CERTIFICATE_NOT_OBSERVED_NO_TLS,587,success,smtp,1,1,0,0,0,,,,,,,,,,,,,,,,,,,,,,,,,,,0,,,,,,,,,,,,,,,,,,,,,,,,,,,,,,,,,,,,,,,,,,,,,,,,,1,0
zgrab_587_South_Korea.json:26,zgrab_real,zgrab_587_South_Korea.json,26,South_Korea,SMTP_RESPONSE_OBSERVED,STARTTLS_NOT_OBSERVED,TLS_NOT_OBSERVED,CERTIFICATE_NOT_OBSERVED_NO_TLS,587,success,smtp,1,1,0,0,0,,,,,,,,,,,,,,,,,,,,,,,,,,,0,,,,,,,,,,,,,,,,,,,,,,,,,,,,,,,,,,,,,,,,,,,,,,,,,1,0
zgrab_587_South_Korea.json:27,zgrab_real,zgrab_587_South_Korea.json,27,South_Korea,SMTP_RESPONSE_OBSERVED,STARTTLS_NOT_OBSERVED,TLS_NOT_OBSERVED,CERTIFICATE_NOT_OBSERVED_NO_TLS,587,success,smtp,1,1,0,0,0,,,,,,,,,,,,,,,,,,,,,,,,,,,0,,,,,,,,,,,,,,,,,,,,,,,,,,,,,,,,,,,,,,,,,,,,,,,,,1,0
zgrab_587_South_Korea.json:28,zgrab_real,zgrab_587_South_Korea.json,28,South_Korea,SMTP_RESPONSE_OBSERVED,STARTTLS_NOT_OBSERVED,TLS_NOT_OBSERVED,CERTIFICATE_NOT_OBSERVED_NO_TLS,587,success,smtp,1,1,0,0,0,,,,,,,,,,,,,,,,,,,,,,,,,,,0,,,,,,,,,,,,,,,,,,,,,,,,,,,,,,,,,,,,,,,,,,,,,,,,,1,0
zgrab_587_South_Korea.json:29,zgrab_real,zgrab_587_South_Korea.json,29,South_Korea,SMTP_RESPONSE_OBSERVED,STARTTLS_NOT_OBSERVED,TLS_NOT_OBSERVED,CERTIFICATE_NOT_OBSERVED_NO_TLS,587,success,smtp,1,0,0,0,0,,,,,,,,,,,,,,,,,,,,,,,,,,,0,,,,,,,,,,,,,,,,,,,,,,,,,,,,,,,,,,,,,,,,,,,,,,,,,1,0
zgrab_587_South_Korea.json:30,zgrab_real,zgrab_587_South_Korea.json,30,South_Korea,SMTP_RESPONSE_OBSERVED,STARTTLS_NOT_OBSERVED,TLS_NOT_OBSERVED,CERTIFICATE_NOT_OBSERVED_NO_TLS,587,success,smtp,1,1,0,0,0,,,,,,,,,,,,,,,,,,,,,,,,,,,0,,,,,,,,,,,,,,,,,,,,,,,,,,,,,,,,,,,,,,,,,,,,,,,,,1,0
zgrab_587_South_Korea.json:31,zgrab_real,zgrab_587_South_Korea.json,31,South_Korea,SMTP_RESPONSE_OBSERVED,STARTTLS_NOT_OBSERVED,TLS_NOT_OBSERVED,CERTIFICATE_NOT_OBSERVED_NO_TLS,587,success,smtp,1,1,0,0,0,,,,,,,,,,,,,,,,,,,,,,,,,,,0,,,,,,,,,,,,,,,,,,,,,,,,,,,,,,,,,,,,,,,,,,,,,,,,,1,0
zgrab_587_South_Korea.json:32,zgrab_real,zgrab_587_South_Korea.json,32,South_Korea,SMTP_RESPONSE_OBSERVED,STARTTLS_NOT_OBSERVED,TLS_NOT_OBSERVED,CERTIFICATE_NOT_OBSERVED_NO_TLS,587,success,smtp,1,1,0,0,0,,,,,,,,,,,,,,,,,,,,,,,,,,,0,,,,,,,,,,,,,,,,,,,,,,,,,,,,,,,,,,,,,,,,,,,,,,,,,1,0
zgrab_587_South_Korea.json:33,zgrab_real,zgrab_587_South_Korea.json,33,South_Korea,SMTP_RESPONSE_OBSERVED,STARTTLS_NOT_OBSERVED,TLS_NOT_OBSERVED,CERTIFICATE_NOT_OBSERVED_NO_TLS,587,success,smtp,1,1,0,0,0,,,,,,,,,,,,,,,,,,,,,,,,,,,0,,,,,,,,,,,,,,,,,,,,,,,,,,,,,,,,,,,,,,,,,,,,,,,,,1,0
zgrab_587_South_Korea.json:34,zgrab_real,zgrab_587_South_Korea.json,34,South_Korea,SMTP_RESPONSE_OBSERVED,STARTTLS_NOT_OBSERVED,TLS_NOT_OBSERVED,CERTIFICATE_NOT_OBSERVED_NO_TLS,587,success,smtp,1,1,0,0,0,,,,,,,,,,,,,,,,,,,,,,,,,,,0,,,,,,,,,,,,,,,,,,,,,,,,,,,,,,,,,,,,,,,,,,,,,,,,,1,0
zgrab_587_South_Korea.json:35,zgrab_real,zgrab_587_South_Korea.json,35,South_Korea,SMTP_RESPONSE_OBSERVED,STARTTLS_NOT_OBSERVED,TLS_NOT_OBSERVED,CERTIFICATE_NOT_OBSERVED_NO_TLS,587,success,smtp,1,1,0,0,0,,,,,,,,,,,,,,,,,,,,,,,,,,,0,,,,,,,,,,,,,,,,,,,,,,,,,,,,,,,,,,,,,,,,,,,,,,,,,1,0
zgrab_587_South_Korea.json:36,zgrab_real,zgrab_587_South_Korea.json,36,South_Korea,SMTP_RESPONSE_OBSERVED,STARTTLS_NOT_OBSERVED,TLS_NOT_OBSERVED,CERTIFICATE_NOT_OBSERVED_NO_TLS,587,success,smtp,1,1,0,0,0,,,,,,,,,,,,,,,,,,,,,,,,,,,0,,,,,,,,,,,,,,,,,,,,,,,,,,,,,,,,,,,,,,,,,,,,,,,,,1,0
zgrab_587_South_Korea.json:37,zgrab_real,zgrab_587_South_Korea.json,37,South_Korea,SMTP_RESPONSE_OBSERVED,STARTTLS_NOT_OBSERVED,TLS_NOT_OBSERVED,CERTIFICATE_NOT_OBSERVED_NO_TLS,587,success,smtp,1,1,0,0,0,,,,,,,,,,,,,,,,,,,,,,,,,,,0,,,,,,,,,,,,,,,,,,,,,,,,,,,,,,,,,,,,,,,,,,,,,,,,,1,0
zgrab_587_South_Korea.json:38,zgrab_real,zgrab_587_South_Korea.json,38,South_Korea,SMTP_RESPONSE_OBSERVED,STARTTLS_NOT_OBSERVED,TLS_NOT_OBSERVED,CERTIFICATE_NOT_OBSERVED_NO_TLS,587,success,smtp,1,1,0,0,0,,,,,,,,,,,,,,,,,,,,,,,,,,,0,,,,,,,,,,,,,,,,,,,,,,,,,,,,,,,,,,,,,,,,,,,,,,,,,1,0
zgrab_587_South_Korea.json:39,zgrab_real,zgrab_587_South_Korea.json,39,South_Korea,SMTP_RESPONSE_OBSERVED,STARTTLS_NOT_OBSERVED,TLS_NOT_OBSERVED,CERTIFICATE_NOT_OBSERVED_NO_TLS,587,success,smtp,1,1,0,0,0,,,,,,,,,,,,,,,,,,,,,,,,,,,0,,,,,,,,,,,,,,,,,,,,,,,,,,,,,,,,,,,,,,,,,,,,,,,,,1,0
zgrab_587_South_Korea.json:40,zgrab_real,zgrab_587_South_Korea.json,40,South_Korea,SMTP_RESPONSE_OBSERVED,STARTTLS_NOT_OBSERVED,TLS_NOT_OBSERVED,CERTIFICATE_NOT_OBSERVED_NO_TLS,587,success,smtp,1,1,0,0,0,,,,,,,,,,,,,,,,,,,,,,,,,,,0,,,,,,,,,,,,,,,,,,,,,,,,,,,,,,,,,,,,,,,,,,,,,,,,,1,0
zgrab_587_South_Korea.json:41,zgrab_real,zgrab_587_South_Korea.json,41,South_Korea,SMTP_RESPONSE_OBSERVED,STARTTLS_NOT_OBSERVED,TLS_NOT_OBSERVED,CERTIFICATE_NOT_OBSERVED_NO_TLS,587,success,smtp,1,1,0,0,0,,,,,,,,,,,,,,,,,,,,,,,,,,,0,,,,,,,,,,,,,,,,,,,,,,,,,,,,,,,,,,,,,,,,,,,,,,,,,1,0
zgrab_587_South_Korea.json:42,zgrab_real,zgrab_587_South_Korea.json,42,South_Korea,SMTP_RESPONSE_OBSERVED,STARTTLS_NOT_OBSERVED,TLS_NOT_OBSERVED,CERTIFICATE_NOT_OBSERVED_NO_TLS,587,success,smtp,1,1,0,0,0,,,,,,,,,,,,,,,,,,,,,,,,,,,0,,,,,,,,,,,,,,,,,,,,,,,,,,,,,,,,,,,,,,,,,,,,,,,,,1,0
zgrab_587_South_Korea.json:43,zgrab_real,zgrab_587_South_Korea.json,43,South_Korea,SMTP_RESPONSE_OBSERVED,STARTTLS_NOT_OBSERVED,TLS_NOT_OBSERVED,CERTIFICATE_NOT_OBSERVED_NO_TLS,587,success,smtp,1,1,0,0,0,,,,,,,,,,,,,,,,,,,,,,,,,,,0,,,,,,,,,,,,,,,,,,,,,,,,,,,,,,,,,,,,,,,,,,,,,,,,,1,0
zgrab_587_South_Korea.json:44,zgrab_real,zgrab_587_South_Korea.json,44,South_Korea,SMTP_RESPONSE_OBSERVED,STARTTLS_NOT_OBSERVED,TLS_NOT_OBSERVED,CERTIFICATE_NOT_OBSERVED_NO_TLS,587,success,smtp,1,1,0,0,0,,,,,,,,,,,,,,,,,,,,,,,,,,,0,,,,,,,,,,,,,,,,,,,,,,,,,,,,,,,,,,,,,,,,,,,,,,,,,1,0
zgrab_587_South_Korea.json:45,zgrab_real,zgrab_587_South_Korea.json,45,South_Korea,SMTP_RESPONSE_OBSERVED,STARTTLS_NOT_OBSERVED,TLS_NOT_OBSERVED,CERTIFICATE_NOT_OBSERVED_NO_TLS,587,success,smtp,1,1,0,0,0,,,,,,,,,,,,,,,,,,,,,,,,,,,0,,,,,,,,,,,,,,,,,,,,,,,,,,,,,,,,,,,,,,,,,,,,,,,,,1,0
zgrab_587_South_Korea.json:46,zgrab_real,zgrab_587_South_Korea.json,46,South_Korea,SMTP_RESPONSE_OBSERVED,STARTTLS_NOT_OBSERVED,TLS_NOT_OBSERVED,CERTIFICATE_NOT_OBSERVED_NO_TLS,587,success,smtp,1,1,0,0,0,,,,,,,,,,,,,,,,,,,,,,,,,,,0,,,,,,,,,,,,,,,,,,,,,,,,,,,,,,,,,,,,,,,,,,,,,,,,,1,0
zgrab_587_South_Korea.json:47,zgrab_real,zgrab_587_South_Korea.json,47,South_Korea,SMTP_RESPONSE_OBSERVED,STARTTLS_NOT_OBSERVED,TLS_NOT_OBSERVED,CERTIFICATE_NOT_OBSERVED_NO_TLS,587,success,smtp,1,1,0,0,0,,,,,,,,,,,,,,,,,,,,,,,,,,,0,,,,,,,,,,,,,,,,,,,,,,,,,,,,,,,,,,,,,,,,,,,,,,,,,1,0
zgrab_587_South_Korea.json:48,zgrab_real,zgrab_587_South_Korea.json,48,South_Korea,SMTP_RESPONSE_OBSERVED,STARTTLS_NOT_OBSERVED,TLS_NOT_OBSERVED,CERTIFICATE_NOT_OBSERVED_NO_TLS,587,success,smtp,1,1,0,0,0,,,,,,,,,,,,,,,,,,,,,,,,,,,0,,,,,,,,,,,,,,,,,,,,,,,,,,,,,,,,,,,,,,,,,,,,,,,,,1,0
zgrab_587_South_Korea.json:49,zgrab_real,zgrab_587_South_Korea.json,49,South_Korea,SMTP_RESPONSE_OBSERVED,STARTTLS_NOT_OBSERVED,TLS_NOT_OBSERVED,CERTIFICATE_NOT_OBSERVED_NO_TLS,587,success,smtp,1,1,0,0,0,,,,,,,,,,,,,,,,,,,,,,,,,,,0,,,,,,,,,,,,,,,,,,,,,,,,,,,,,,,,,,,,,,,,,,,,,,,,,1,0
zgrab_587_South_Korea.json:50,zgrab_real,zgrab_587_South_Korea.json,50,South_Korea,SMTP_RESPONSE_OBSERVED,STARTTLS_NOT_OBSERVED,TLS_NOT_OBSERVED,CERTIFICATE_NOT_OBSERVED_NO_TLS,587,success,smtp,1,0,0,0,0,,,,,,,,,,,,,,,,,,,,,,,,,,,0,,,,,,,,,,,,,,,,,,,,,,,,,,,,,,,,,,,,,,,,,,,,,,,,,1,0
zgrab_587_South_Korea.json:51,zgrab_real,zgrab_587_South_Korea.json,51,South_Korea,SMTP_RESPONSE_OBSERVED,STARTTLS_NOT_OBSERVED,TLS_NOT_OBSERVED,CERTIFICATE_NOT_OBSERVED_NO_TLS,587,success,smtp,1,1,0,0,0,,,,,,,,,,,,,,,,,,,,,,,,,,,0,,,,,,,,,,,,,,,,,,,,,,,,,,,,,,,,,,,,,,,,,,,,,,,,,1,0
zgrab_587_South_Korea.json:52,zgrab_real,zgrab_587_South_Korea.json,52,South_Korea,SMTP_RESPONSE_OBSERVED,STARTTLS_NOT_OBSERVED,TLS_NOT_OBSERVED,CERTIFICATE_NOT_OBSERVED_NO_TLS,587,success,smtp,1,1,0,0,0,,,,,,,,,,,,,,,,,,,,,,,,,,,0,,,,,,,,,,,,,,,,,,,,,,,,,,,,,,,,,,,,,,,,,,,,,,,,,1,0
zgrab_587_South_Korea.json:53,zgrab_real,zgrab_587_South_Korea.json,53,South_Korea,SMTP_RESPONSE_OBSERVED,STARTTLS_NOT_OBSERVED,TLS_NOT_OBSERVED,CERTIFICATE_NOT_OBSERVED_NO_TLS,587,success,smtp,1,1,0,0,0,,,,,,,,,,,,,,,,,,,,,,,,,,,0,,,,,,,,,,,,,,,,,,,,,,,,,,,,,,,,,,,,,,,,,,,,,,,,,1,0
zgrab_587_South_Korea.json:54,zgrab_real,zgrab_587_South_Korea.json,54,South_Korea,SMTP_RESPONSE_OBSERVED,STARTTLS_NOT_OBSERVED,TLS_NOT_OBSERVED,CERTIFICATE_NOT_OBSERVED_NO_TLS,587,success,smtp,1,1,0,0,0,,,,,,,,,,,,,,,,,,,,,,,,,,,0,,,,,,,,,,,,,,,,,,,,,,,,,,,,,,,,,,,,,,,,,,,,,,,,,1,0
zgrab_587_South_Korea.json:55,zgrab_real,zgrab_587_South_Korea.json,55,South_Korea,SMTP_RESPONSE_OBSERVED,STARTTLS_NOT_OBSERVED,TLS_NOT_OBSERVED,CERTIFICATE_NOT_OBSERVED_NO_TLS,587,success,smtp,1,1,0,0,0,,,,,,,,,,,,,,,,,,,,,,,,,,,0,,,,,,,,,,,,,,,,,,,,,,,,,,,,,,,,,,,,,,,,,,,,,,,,,1,0
zgrab_587_South_Korea.json:56,zgrab_real,zgrab_587_South_Korea.json,56,South_Korea,SMTP_RESPONSE_OBSERVED,STARTTLS_NOT_OBSERVED,TLS_NOT_OBSERVED,CERTIFICATE_NOT_OBSERVED_NO_TLS,587,success,smtp,1,1,0,0,0,,,,,,,,,,,,,,,,,,,,,,,,,,,0,,,,,,,,,,,,,,,,,,,,,,,,,,,,,,,,,,,,,,,,,,,,,,,,,1,0
zgrab_587_South_Korea.json:57,zgrab_real,zgrab_587_South_Korea.json,57,South_Korea,SMTP_RESPONSE_OBSERVED,STARTTLS_NOT_OBSERVED,TLS_NOT_OBSERVED,CERTIFICATE_NOT_OBSERVED_NO_TLS,587,success,smtp,1,1,0,0,0,,,,,,,,,,,,,,,,,,,,,,,,,,,0,,,,,,,,,,,,,,,,,,,,,,,,,,,,,,,,,,,,,,,,,,,,,,,,,1,0
zgrab_587_South_Korea.json:58,zgrab_real,zgrab_587_South_Korea.json,58,South_Korea,SMTP_RESPONSE_OBSERVED,STARTTLS_NOT_OBSERVED,TLS_NOT_OBSERVED,CERTIFICATE_NOT_OBSERVED_NO_TLS,587,success,smtp,1,1,0,0,0,,,,,,,,,,,,,,,,,,,,,,,,,,,0,,,,,,,,,,,,,,,,,,,,,,,,,,,,,,,,,,,,,,,,,,,,,,,,,1,0
zgrab_587_South_Korea.json:59,zgrab_real,zgrab_587_South_Korea.json,59,South_Korea,SMTP_RESPONSE_OBSERVED,STARTTLS_NOT_OBSERVED,TLS_NOT_OBSERVED,CERTIFICATE_NOT_OBSERVED_NO_TLS,587,success,smtp,1,1,0,0,0,,,,,,,,,,,,,,,,,,,,,,,,,,,0,,,,,,,,,,,,,,,,,,,,,,,,,,,,,,,,,,,,,,,,,,,,,,,,,1,0
zgrab_587_South_Korea.json:60,zgrab_real,zgrab_587_South_Korea.json,60,South_Korea,SMTP_RESPONSE_OBSERVED,STARTTLS_NOT_OBSERVED,TLS_NOT_OBSERVED,CERTIFICATE_NOT_OBSERVED_NO_TLS,587,success,smtp,1,1,0,0,0,,,,,,,,,,,,,,,,,,,,,,,,,,,0,,,,,,,,,,,,,,,,,,,,,,,,,,,,,,,,,,,,,,,,,,,,,,,,,1,0
zgrab_587_South_Korea.json:61,zgrab_real,zgrab_587_South_Korea.json,61,South_Korea,SMTP_RESPONSE_OBSERVED,STARTTLS_NOT_OBSERVED,TLS_NOT_OBSERVED,CERTIFICATE_NOT_OBSERVED_NO_TLS,587,success,smtp,1,1,0,0,0,,,,,,,,,,,,,,,,,,,,,,,,,,,0,,,,,,,,,,,,,,,,,,,,,,,,,,,,,,,,,,,,,,,,,,,,,,,,,1,0
zgrab_587_South_Korea.json:62,zgrab_real,zgrab_587_South_Korea.json,62,South_Korea,SMTP_RESPONSE_OBSERVED,STARTTLS_NOT_OBSERVED,TLS_NOT_OBSERVED,CERTIFICATE_NOT_OBSERVED_NO_TLS,587,success,smtp,1,1,0,0,0,,,,,,,,,,,,,,,,,,,,,,,,,,,0,,,,,,,,,,,,,,,,,,,,,,,,,,,,,,,,,,,,,,,,,,,,,,,,,1,0
zgrab_587_South_Korea.json:63,zgrab_real,zgrab_587_South_Korea.json,63,South_Korea,SMTP_RESPONSE_OBSERVED,STARTTLS_NOT_OBSERVED,TLS_NOT_OBSERVED,CERTIFICATE_NOT_OBSERVED_NO_TLS,587,success,smtp,1,1,0,0,0,,,,,,,,,,,,,,,,,,,,,,,,,,,0,,,,,,,,,,,,,,,,,,,,,,,,,,,,,,,,,,,,,,,,,,,,,,,,,1,0
zgrab_587_South_Korea.json:64,zgrab_real,zgrab_587_South_Korea.json,64,South_Korea,SMTP_RESPONSE_OBSERVED,STARTTLS_NOT_OBSERVED,TLS_NOT_OBSERVED,CERTIFICATE_NOT_OBSERVED_NO_TLS,587,success,smtp,1,1,0,0,0,,,,,,,,,,,,,,,,,,,,,,,,,,,0,,,,,,,,,,,,,,,,,,,,,,,,,,,,,,,,,,,,,,,,,,,,,,,,,1,0
zgrab_587_South_Korea.json:65,zgrab_real,zgrab_587_South_Korea.json,65,South_Korea,SMTP_RESPONSE_OBSERVED,STARTTLS_NOT_OBSERVED,TLS_NOT_OBSERVED,CERTIFICATE_NOT_OBSERVED_NO_TLS,587,success,smtp,1,1,0,0,0,,,,,,,,,,,,,,,,,,,,,,,,,,,0,,,,,,,,,,,,,,,,,,,,,,,,,,,,,,,,,,,,,,,,,,,,,,,,,1,0
zgrab_587_South_Korea.json:66,zgrab_real,zgrab_587_South_Korea.json,66,South_Korea,SMTP_RESPONSE_OBSERVED,STARTTLS_NOT_OBSERVED,TLS_NOT_OBSERVED,CERTIFICATE_NOT_OBSERVED_NO_TLS,587,success,smtp,1,1,0,0,0,,,,,,,,,,,,,,,,,,,,,,,,,,,0,,,,,,,,,,,,,,,,,,,,,,,,,,,,,,,,,,,,,,,,,,,,,,,,,1,0
zgrab_587_South_Korea.json:67,zgrab_real,zgrab_587_South_Korea.json,67,South_Korea,SMTP_RESPONSE_OBSERVED,STARTTLS_NOT_OBSERVED,TLS_NOT_OBSERVED,CERTIFICATE_NOT_OBSERVED_NO_TLS,587,success,smtp,1,1,0,0,0,,,,,,,,,,,,,,,,,,,,,,,,,,,0,,,,,,,,,,,,,,,,,,,,,,,,,,,,,,,,,,,,,,,,,,,,,,,,,1,0
zgrab_587_South_Korea.json:68,zgrab_real,zgrab_587_South_Korea.json,68,South_Korea,SMTP_RESPONSE_OBSERVED,STARTTLS_NOT_OBSERVED,TLS_NOT_OBSERVED,CERTIFICATE_NOT_OBSERVED_NO_TLS,587,success,smtp,1,1,0,0,0,,,,,,,,,,,,,,,,,,,,,,,,,,,0,,,,,,,,,,,,,,,,,,,,,,,,,,,,,,,,,,,,,,,,,,,,,,,,,1,0
zgrab_587_South_Korea.json:69,zgrab_real,zgrab_587_South_Korea.json,69,South_Korea,SMTP_RESPONSE_OBSERVED,STARTTLS_NOT_OBSERVED,TLS_NOT_OBSERVED,CERTIFICATE_NOT_OBSERVED_NO_TLS,587,success,smtp,1,1,0,0,0,,,,,,,,,,,,,,,,,,,,,,,,,,,0,,,,,,,,,,,,,,,,,,,,,,,,,,,,,,,,,,,,,,,,,,,,,,,,,1,0
zgrab_587_South_Korea.json:70,zgrab_real,zgrab_587_South_Korea.json,70,South_Korea,SMTP_RESPONSE_OBSERVED,STARTTLS_NOT_OBSERVED,TLS_NOT_OBSERVED,CERTIFICATE_NOT_OBSERVED_NO_TLS,587,success,smtp,1,1,0,0,0,,,,,,,,,,,,,,,,,,,,,,,,,,,0,,,,,,,,,,,,,,,,,,,,,,,,,,,,,,,,,,,,,,,,,,,,,,,,,1,0
zgrab_587_South_Korea.json:71,zgrab_real,zgrab_587_South_Korea.json,71,South_Korea,SMTP_RESPONSE_OBSERVED,STARTTLS_NOT_OBSERVED,TLS_NOT_OBSERVED,CERTIFICATE_NOT_OBSERVED_NO_TLS,587,success,smtp,1,1,0,0,0,,,,,,,,,,,,,,,,,,,,,,,,,,,0,,,,,,,,,,,,,,,,,,,,,,,,,,,,,,,,,,,,,,,,,,,,,,,,,1,0
zgrab_587_South_Korea.json:72,zgrab_real,zgrab_587_South_Korea.json,72,South_Korea,SMTP_RESPONSE_OBSERVED,STARTTLS_NOT_OBSERVED,TLS_NOT_OBSERVED,CERTIFICATE_NOT_OBSERVED_NO_TLS,587,success,smtp,1,1,0,0,0,,,,,,,,,,,,,,,,,,,,,,,,,,,0,,,,,,,,,,,,,,,,,,,,,,,,,,,,,,,,,,,,,,,,,,,,,,,,,1,0
zgrab_587_South_Korea.json:73,zgrab_real,zgrab_587_South_Korea.json,73,South_Korea,SMTP_RESPONSE_OBSERVED,STARTTLS_NOT_OBSERVED,TLS_NOT_OBSERVED,CERTIFICATE_NOT_OBSERVED_NO_TLS,587,success,smtp,1,0,0,0,0,,,,,,,,,,,,,,,,,,,,,,,,,,,0,,,,,,,,,,,,,,,,,,,,,,,,,,,,,,,,,,,,,,,,,,,,,,,,,1,0
zgrab_587_South_Korea.json:74,zgrab_real,zgrab_587_South_Korea.json,74,South_Korea,SMTP_RESPONSE_OBSERVED,STARTTLS_NOT_OBSERVED,TLS_NOT_OBSERVED,CERTIFICATE_NOT_OBSERVED_NO_TLS,587,success,smtp,1,1,0,0,0,,,,,,,,,,,,,,,,,,,,,,,,,,,0,,,,,,,,,,,,,,,,,,,,,,,,,,,,,,,,,,,,,,,,,,,,,,,,,1,0
zgrab_587_South_Korea.json:75,zgrab_real,zgrab_587_South_Korea.json,75,South_Korea,SMTP_RESPONSE_OBSERVED,STARTTLS_NOT_OBSERVED,TLS_NOT_OBSERVED,CERTIFICATE_NOT_OBSERVED_NO_TLS,587,success,smtp,1,0,0,0,0,,,,,,,,,,,,,,,,,,,,,,,,,,,0,,,,,,,,,,,,,,,,,,,,,,,,,,,,,,,,,,,,,,,,,,,,,,,,,1,0
zgrab_587_South_Korea.json:76,zgrab_real,zgrab_587_South_Korea.json,76,South_Korea,SMTP_RESPONSE_OBSERVED,STARTTLS_NOT_OBSERVED,TLS_NOT_OBSERVED,CERTIFICATE_NOT_OBSERVED_NO_TLS,587,success,smtp,1,1,0,0,0,,,,,,,,,,,,,,,,,,,,,,,,,,,0,,,,,,,,,,,,,,,,,,,,,,,,,,,,,,,,,,,,,,,,,,,,,,,,,1,0
zgrab_587_South_Korea.json:77,zgrab_real,zgrab_587_South_Korea.json,77,South_Korea,SMTP_RESPONSE_OBSERVED,STARTTLS_NOT_OBSERVED,TLS_NOT_OBSERVED,CERTIFICATE_NOT_OBSERVED_NO_TLS,587,success,smtp,1,1,0,0,0,,,,,,,,,,,,,,,,,,,,,,,,,,,0,,,,,,,,,,,,,,,,,,,,,,,,,,,,,,,,,,,,,,,,,,,,,,,,,1,0
zgrab_587_South_Korea.json:78,zgrab_real,zgrab_587_South_Korea.json,78,South_Korea,SMTP_RESPONSE_OBSERVED,STARTTLS_NOT_OBSERVED,TLS_NOT_OBSERVED,CERTIFICATE_NOT_OBSERVED_NO_TLS,587,success,smtp,1,1,0,0,0,,,,,,,,,,,,,,,,,,,,,,,,,,,0,,,,,,,,,,,,,,,,,,,,,,,,,,,,,,,,,,,,,,,,,,,,,,,,,1,0
zgrab_587_South_Korea.json:79,zgrab_real,zgrab_587_South_Korea.json,79,South_Korea,SMTP_RESPONSE_OBSERVED,STARTTLS_NOT_OBSERVED,TLS_NOT_OBSERVED,CERTIFICATE_NOT_OBSERVED_NO_TLS,587,success,smtp,1,1,0,0,0,,,,,,,,,,,,,,,,,,,,,,,,,,,0,,,,,,,,,,,,,,,,,,,,,,,,,,,,,,,,,,,,,,,,,,,,,,,,,1,0
zgrab_587_South_Korea.json:80,zgrab_real,zgrab_587_South_Korea.json,80,South_Korea,SMTP_RESPONSE_OBSERVED,STARTTLS_NOT_OBSERVED,TLS_NOT_OBSERVED,CERTIFICATE_NOT_OBSERVED_NO_TLS,587,success,smtp,1,1,0,0,0,,,,,,,,,,,,,,,,,,,,,,,,,,,0,,,,,,,,,,,,,,,,,,,,,,,,,,,,,,,,,,,,,,,,,,,,,,,,,1,0
zgrab_587_South_Korea.json:81,zgrab_real,zgrab_587_South_Korea.json,81,South_Korea,SMTP_RESPONSE_OBSERVED,STARTTLS_NOT_OBSERVED,TLS_NOT_OBSERVED,CERTIFICATE_NOT_OBSERVED_NO_TLS,587,success,smtp,1,1,0,0,0,,,,,,,,,,,,,,,,,,,,,,,,,,,0,,,,,,,,,,,,,,,,,,,,,,,,,,,,,,,,,,,,,,,,,,,,,,,,,1,0
zgrab_587_South_Korea.json:82,zgrab_real,zgrab_587_South_Korea.json,82,South_Korea,SMTP_RESPONSE_OBSERVED,STARTTLS_NOT_OBSERVED,TLS_NOT_OBSERVED,CERTIFICATE_NOT_OBSERVED_NO_TLS,587,success,smtp,1,1,0,0,0,,,,,,,,,,,,,,,,,,,,,,,,,,,0,,,,,,,,,,,,,,,,,,,,,,,,,,,,,,,,,,,,,,,,,,,,,,,,,1,0
zgrab_587_South_Korea.json:83,zgrab_real,zgrab_587_South_Korea.json,83,South_Korea,SMTP_PROBE_FAILED,STARTTLS_NOT_OBSERVED,TLS_NOT_OBSERVED,CERTIFICATE_NOT_OBSERVED_NO_TLS,587,application-error,smtp,1,0,0,0,0,,,,,,,,,,,,,,,,,,,,,,,,,,,0,,,,,,,,,,,,,,,,,,,,,,,,,,,,,,,,,,,,,,,,,,,,,,,,,1,0
zgrab_587_South_Korea.json:84,zgrab_real,zgrab_587_South_Korea.json,84,South_Korea,SMTP_RESPONSE_OBSERVED,STARTTLS_NOT_OBSERVED,TLS_NOT_OBSERVED,CERTIFICATE_NOT_OBSERVED_NO_TLS,587,success,smtp,1,1,0,0,0,,,,,,,,,,,,,,,,,,,,,,,,,,,0,,,,,,,,,,,,,,,,,,,,,,,,,,,,,,,,,,,,,,,,,,,,,,,,,1,0
zgrab_587_South_Korea.json:85,zgrab_real,zgrab_587_South_Korea.json,85,South_Korea,SMTP_RESPONSE_OBSERVED,STARTTLS_NOT_OBSERVED,TLS_NOT_OBSERVED,CERTIFICATE_NOT_OBSERVED_NO_TLS,587,success,smtp,1,1,0,0,0,,,,,,,,,,,,,,,,,,,,,,,,,,,0,,,,,,,,,,,,,,,,,,,,,,,,,,,,,,,,,,,,,,,,,,,,,,,,,1,0
zgrab_587_South_Korea.json:86,zgrab_real,zgrab_587_South_Korea.json,86,South_Korea,SMTP_RESPONSE_OBSERVED,STARTTLS_NOT_OBSERVED,TLS_NOT_OBSERVED,CERTIFICATE_NOT_OBSERVED_NO_TLS,587,success,smtp,1,1,0,0,0,,,,,,,,,,,,,,,,,,,,,,,,,,,0,,,,,,,,,,,,,,,,,,,,,,,,,,,,,,,,,,,,,,,,,,,,,,,,,1,0
zgrab_587_South_Korea.json:87,zgrab_real,zgrab_587_South_Korea.json,87,South_Korea,SMTP_RESPONSE_OBSERVED,STARTTLS_NOT_OBSERVED,TLS_NOT_OBSERVED,CERTIFICATE_NOT_OBSERVED_NO_TLS,587,success,smtp,1,1,0,0,0,,,,,,,,,,,,,,,,,,,,,,,,,,,0,,,,,,,,,,,,,,,,,,,,,,,,,,,,,,,,,,,,,,,,,,,,,,,,,1,0
zgrab_587_South_Korea.json:88,zgrab_real,zgrab_587_South_Korea.json,88,South_Korea,SMTP_RESPONSE_OBSERVED,STARTTLS_NOT_OBSERVED,TLS_NOT_OBSERVED,CERTIFICATE_NOT_OBSERVED_NO_TLS,587,success,smtp,1,0,0,0,0,,,,,,,,,,,,,,,,,,,,,,,,,,,0,,,,,,,,,,,,,,,,,,,,,,,,,,,,,,,,,,,,,,,,,,,,,,,,,1,0
zgrab_587_South_Korea.json:89,zgrab_real,zgrab_587_South_Korea.json,89,South_Korea,SMTP_RESPONSE_OBSERVED,STARTTLS_NOT_OBSERVED,TLS_NOT_OBSERVED,CERTIFICATE_NOT_OBSERVED_NO_TLS,587,success,smtp,1,1,0,0,0,,,,,,,,,,,,,,,,,,,,,,,,,,,0,,,,,,,,,,,,,,,,,,,,,,,,,,,,,,,,,,,,,,,,,,,,,,,,,1,0
zgrab_587_South_Korea.json:90,zgrab_real,zgrab_587_South_Korea.json,90,South_Korea,SMTP_RESPONSE_OBSERVED,TLS_HANDSHAKE_SUCCEEDED,HANDSHAKE_SUCCEEDED,CERTIFICATE_OBSERVED,587,success,smtp,1,1,1,1,1,TLSv1.2,,TLS_RSA_WITH_AES_128_GCM_SHA256,,1,0,0,1,0,0,0,0,0,0,0,1,1,0,1,0,0,0,0,1,0,0,1,False,RSA,2048,65537,,,SHA256-RSA,0,1,0,0,unknown,True,0,0,0,0,,,,,,,0,0,3650.0,3209.0701157407407,0,0,0,0,0,0,0,0,0,0,0,0,0,0,0,1,1,0,0,0,1,0,1
zgrab_587_South_Korea.json:91,zgrab_real,zgrab_587_South_Korea.json,91,South_Korea,SMTP_RESPONSE_OBSERVED,TLS_HANDSHAKE_SUCCEEDED,HANDSHAKE_SUCCEEDED,CERTIFICATE_OBSERVED,587,success,smtp,1,1,1,1,1,TLSv1.2,,TLS_RSA_WITH_AES_128_GCM_SHA256,,1,0,0,1,0,0,0,0,0,0,0,1,1,0,1,0,0,0,0,1,0,0,1,False,RSA,2048,65537,,,SHA256-RSA,0,1,0,0,unknown,True,0,0,0,0,True,,,,,,0,3,365.0,-1321.4715625,1,0,0,0,0,0,0,0,0,0,0,0,1,1,0,1,1,0,0,0,1,0,1
zgrab_587_South_Korea.json:92,zgrab_real,zgrab_587_South_Korea.json,92,South_Korea,SMTP_RESPONSE_OBSERVED,TLS_HANDSHAKE_SUCCEEDED,HANDSHAKE_SUCCEEDED,CERTIFICATE_OBSERVED,587,success,smtp,1,1,1,1,1,TLSv1.2,,TLS_RSA_WITH_AES_128_GCM_SHA256,,1,0,0,1,0,0,0,0,0,0,0,1,1,0,1,0,0,0,0,1,0,0,1,False,RSA,2048,65537,,,SHA256-RSA,0,1,0,0,unknown,True,0,0,0,0,True,,,,,,0,3,365.0,-1227.7924305555555,1,0,0,0,0,0,0,0,0,0,0,0,1,1,0,1,1,0,0,0,1,0,1
zgrab_587_South_Korea.json:93,zgrab_real,zgrab_587_South_Korea.json,93,South_Korea,SMTP_RESPONSE_OBSERVED,STARTTLS_NOT_OBSERVED,TLS_NOT_OBSERVED,CERTIFICATE_NOT_OBSERVED_NO_TLS,587,success,smtp,1,1,0,0,0,,,,,,,,,,,,,,,,,,,,,,,,,,,0,,,,,,,,,,,,,,,,,,,,,,,,,,,,,,,,,,,,,,,,,,,,,,,,,1,0
zgrab_587_South_Korea.json:94,zgrab_real,zgrab_587_South_Korea.json,94,South_Korea,SMTP_RESPONSE_OBSERVED,STARTTLS_NOT_OBSERVED,TLS_NOT_OBSERVED,CERTIFICATE_NOT_OBSERVED_NO_TLS,587,success,smtp,1,1,0,0,0,,,,,,,,,,,,,,,,,,,,,,,,,,,0,,,,,,,,,,,,,,,,,,,,,,,,,,,,,,,,,,,,,,,,,,,,,,,,,1,0
zgrab_587_South_Korea.json:95,zgrab_real,zgrab_587_South_Korea.json,95,South_Korea,SMTP_RESPONSE_OBSERVED,TLS_HANDSHAKE_SUCCEEDED,HANDSHAKE_SUCCEEDED,CERTIFICATE_OBSERVED,587,success,smtp,1,1,1,1,1,TLSv1.2,,TLS_RSA_WITH_AES_128_GCM_SHA256,,1,0,0,1,0,0,0,0,0,0,0,1,1,0,1,0,0,0,0,1,0,0,1,False,RSA,2048,65537,,,SHA256-RSA,0,1,0,0,DV,False,1,0,17,1,False,True,True,True,True,,2,10,89.99998842592592,-391.23418981481484,1,0,1,0,1,0,1,1,2,1,1,1,1,1,0,1,1,0,0,0,1,0,1
zgrab_587_South_Korea.json:96,zgrab_real,zgrab_587_South_Korea.json,96,South_Korea,SMTP_RESPONSE_OBSERVED,TLS_HANDSHAKE_SUCCEEDED,HANDSHAKE_SUCCEEDED,CERTIFICATE_OBSERVED,587,success,smtp,1,1,1,1,1,TLSv1.2,,TLS_RSA_WITH_AES_128_GCM_SHA256,,1,0,0,1,0,0,0,0,0,0,0,1,1,0,1,0,0,0,0,1,0,0,1,False,RSA,2048,65537,,,SHA256-RSA,0,1,0,0,unknown,True,0,0,0,0,True,,,,,,0,3,365.0,-1320.675474537037,1,0,0,0,0,0,0,0,0,0,0,0,1,1,0,1,1,0,0,0,1,0,1
zgrab_587_South_Korea.json:97,zgrab_real,zgrab_587_South_Korea.json,97,South_Korea,SMTP_RESPONSE_OBSERVED,STARTTLS_NOT_OBSERVED,TLS_NOT_OBSERVED,CERTIFICATE_NOT_OBSERVED_NO_TLS,587,success,smtp,1,1,0,0,0,,,,,,,,,,,,,,,,,,,,,,,,,,,0,,,,,,,,,,,,,,,,,,,,,,,,,,,,,,,,,,,,,,,,,,,,,,,,,1,0
zgrab_587_South_Korea.json:98,zgrab_real,zgrab_587_South_Korea.json,98,South_Korea,SMTP_RESPONSE_OBSERVED,STARTTLS_NOT_OBSERVED,TLS_NOT_OBSERVED,CERTIFICATE_NOT_OBSERVED_NO_TLS,587,success,smtp,1,1,0,0,0,,,,,,,,,,,,,,,,,,,,,,,,,,,0,,,,,,,,,,,,,,,,,,,,,,,,,,,,,,,,,,,,,,,,,,,,,,,,,1,0
zgrab_587_South_Korea.json:99,zgrab_real,zgrab_587_South_Korea.json,99,South_Korea,SMTP_RESPONSE_OBSERVED,TLS_HANDSHAKE_SUCCEEDED,HANDSHAKE_SUCCEEDED,CERTIFICATE_OBSERVED,587,success,smtp,1,1,1,1,1,TLSv1.2,TLSv1.3,TLS_AES_256_GCM_SHA384,x25519,2,1,1,0,0,0,0,0,0,0,0,1,1,0,0,0,1,0,0,1,0,0,1,True,ECDSA,,,256,P-256,ECDSA-SHA384,0,0,1,0,DV,False,1,0,14,1,False,True,,True,,,1,10,89.99998842592592,51.71893518518519,0,0,3,0,1,0,1,1,2,1,1,1,1,1,0,0,0,0,0,0,0,0,1
zgrab_587_South_Korea.json:100,zgrab_real,zgrab_587_South_Korea.json,100,South_Korea,SMTP_RESPONSE_OBSERVED,STARTTLS_NOT_OBSERVED,TLS_NOT_OBSERVED,CERTIFICATE_NOT_OBSERVED_NO_TLS,587,success,smtp,1,1,0,0,0,,,,,,,,,,,,,,,,,,,,,,,,,,,0,,,,,,,,,,,,,,,,,,,,,,,,,,,,,,,,,,,,,,,,,,,,,,,,,1,0
zgrab_587_Spain.json:1,zgrab_real,zgrab_587_Spain.json,1,Spain,SMTP_RESPONSE_OBSERVED,STARTTLS_NOT_OBSERVED,TLS_NOT_OBSERVED,CERTIFICATE_NOT_OBSERVED_NO_TLS,587,success,smtp,1,1,0,0,0,,,,,,,,,,,,,,,,,,,,,,,,,,,0,,,,,,,,,,,,,,,,,,,,,,,,,,,,,,,,,,,,,,,,,,,,,,,,,1,0
zgrab_587_Spain.json:2,zgrab_real,zgrab_587_Spain.json,2,Spain,SMTP_RESPONSE_OBSERVED,STARTTLS_NOT_OBSERVED,TLS_NOT_OBSERVED,CERTIFICATE_NOT_OBSERVED_NO_TLS,587,success,smtp,1,1,0,0,0,,,,,,,,,,,,,,,,,,,,,,,,,,,0,,,,,,,,,,,,,,,,,,,,,,,,,,,,,,,,,,,,,,,,,,,,,,,,,1,0
zgrab_587_Spain.json:3,zgrab_real,zgrab_587_Spain.json,3,Spain,SMTP_PROBE_FAILED,STARTTLS_NOT_OBSERVED,TLS_NOT_OBSERVED,CERTIFICATE_NOT_OBSERVED_NO_TLS,587,application-error,smtp,1,0,0,0,0,,,,,,,,,,,,,,,,,,,,,,,,,,,0,,,,,,,,,,,,,,,,,,,,,,,,,,,,,,,,,,,,,,,,,,,,,,,,,1,0
zgrab_587_Spain.json:4,zgrab_real,zgrab_587_Spain.json,4,Spain,SMTP_RESPONSE_OBSERVED,STARTTLS_NOT_OBSERVED,TLS_NOT_OBSERVED,CERTIFICATE_NOT_OBSERVED_NO_TLS,587,success,smtp,1,1,0,0,0,,,,,,,,,,,,,,,,,,,,,,,,,,,0,,,,,,,,,,,,,,,,,,,,,,,,,,,,,,,,,,,,,,,,,,,,,,,,,1,0
zgrab_587_Spain.json:5,zgrab_real,zgrab_587_Spain.json,5,Spain,SMTP_RESPONSE_OBSERVED,STARTTLS_NOT_OBSERVED,TLS_NOT_OBSERVED,CERTIFICATE_NOT_OBSERVED_NO_TLS,587,success,smtp,1,1,0,0,0,,,,,,,,,,,,,,,,,,,,,,,,,,,0,,,,,,,,,,,,,,,,,,,,,,,,,,,,,,,,,,,,,,,,,,,,,,,,,1,0
zgrab_587_Spain.json:6,zgrab_real,zgrab_587_Spain.json,6,Spain,SMTP_RESPONSE_OBSERVED,STARTTLS_NOT_OBSERVED,TLS_NOT_OBSERVED,CERTIFICATE_NOT_OBSERVED_NO_TLS,587,success,smtp,1,1,0,0,0,,,,,,,,,,,,,,,,,,,,,,,,,,,0,,,,,,,,,,,,,,,,,,,,,,,,,,,,,,,,,,,,,,,,,,,,,,,,,1,0
zgrab_587_Spain.json:7,zgrab_real,zgrab_587_Spain.json,7,Spain,SMTP_RESPONSE_OBSERVED,STARTTLS_NOT_OBSERVED,TLS_NOT_OBSERVED,CERTIFICATE_NOT_OBSERVED_NO_TLS,587,success,smtp,1,1,0,0,0,,,,,,,,,,,,,,,,,,,,,,,,,,,0,,,,,,,,,,,,,,,,,,,,,,,,,,,,,,,,,,,,,,,,,,,,,,,,,1,0
zgrab_587_Spain.json:8,zgrab_real,zgrab_587_Spain.json,8,Spain,SMTP_RESPONSE_OBSERVED,STARTTLS_NOT_OBSERVED,TLS_NOT_OBSERVED,CERTIFICATE_NOT_OBSERVED_NO_TLS,587,success,smtp,1,1,0,0,0,,,,,,,,,,,,,,,,,,,,,,,,,,,0,,,,,,,,,,,,,,,,,,,,,,,,,,,,,,,,,,,,,,,,,,,,,,,,,1,0
zgrab_587_Spain.json:9,zgrab_real,zgrab_587_Spain.json,9,Spain,SMTP_RESPONSE_OBSERVED,STARTTLS_NOT_OBSERVED,TLS_NOT_OBSERVED,CERTIFICATE_NOT_OBSERVED_NO_TLS,587,success,smtp,1,1,0,0,0,,,,,,,,,,,,,,,,,,,,,,,,,,,0,,,,,,,,,,,,,,,,,,,,,,,,,,,,,,,,,,,,,,,,,,,,,,,,,1,0
zgrab_587_Spain.json:10,zgrab_real,zgrab_587_Spain.json,10,Spain,SMTP_RESPONSE_OBSERVED,STARTTLS_NOT_OBSERVED,TLS_NOT_OBSERVED,CERTIFICATE_NOT_OBSERVED_NO_TLS,587,success,smtp,1,1,0,0,0,,,,,,,,,,,,,,,,,,,,,,,,,,,0,,,,,,,,,,,,,,,,,,,,,,,,,,,,,,,,,,,,,,,,,,,,,,,,,1,0
zgrab_587_Spain.json:11,zgrab_real,zgrab_587_Spain.json,11,Spain,SMTP_RESPONSE_OBSERVED,STARTTLS_NOT_OBSERVED,TLS_NOT_OBSERVED,CERTIFICATE_NOT_OBSERVED_NO_TLS,587,success,smtp,1,1,0,0,0,,,,,,,,,,,,,,,,,,,,,,,,,,,0,,,,,,,,,,,,,,,,,,,,,,,,,,,,,,,,,,,,,,,,,,,,,,,,,1,0
zgrab_587_Spain.json:12,zgrab_real,zgrab_587_Spain.json,12,Spain,SMTP_RESPONSE_OBSERVED,STARTTLS_NOT_OBSERVED,TLS_NOT_OBSERVED,CERTIFICATE_NOT_OBSERVED_NO_TLS,587,success,smtp,1,1,0,0,0,,,,,,,,,,,,,,,,,,,,,,,,,,,0,,,,,,,,,,,,,,,,,,,,,,,,,,,,,,,,,,,,,,,,,,,,,,,,,1,0
zgrab_587_Spain.json:13,zgrab_real,zgrab_587_Spain.json,13,Spain,SMTP_RESPONSE_OBSERVED,STARTTLS_NOT_OBSERVED,TLS_NOT_OBSERVED,CERTIFICATE_NOT_OBSERVED_NO_TLS,587,success,smtp,1,1,0,0,0,,,,,,,,,,,,,,,,,,,,,,,,,,,0,,,,,,,,,,,,,,,,,,,,,,,,,,,,,,,,,,,,,,,,,,,,,,,,,1,0
zgrab_587_Spain.json:14,zgrab_real,zgrab_587_Spain.json,14,Spain,SMTP_RESPONSE_OBSERVED,STARTTLS_NOT_OBSERVED,TLS_NOT_OBSERVED,CERTIFICATE_NOT_OBSERVED_NO_TLS,587,success,smtp,1,1,0,0,0,,,,,,,,,,,,,,,,,,,,,,,,,,,0,,,,,,,,,,,,,,,,,,,,,,,,,,,,,,,,,,,,,,,,,,,,,,,,,1,0
zgrab_587_Spain.json:15,zgrab_real,zgrab_587_Spain.json,15,Spain,SMTP_RESPONSE_OBSERVED,STARTTLS_NOT_OBSERVED,TLS_NOT_OBSERVED,CERTIFICATE_NOT_OBSERVED_NO_TLS,587,success,smtp,1,1,0,0,0,,,,,,,,,,,,,,,,,,,,,,,,,,,0,,,,,,,,,,,,,,,,,,,,,,,,,,,,,,,,,,,,,,,,,,,,,,,,,1,0
zgrab_587_Spain.json:16,zgrab_real,zgrab_587_Spain.json,16,Spain,SMTP_RESPONSE_OBSERVED,STARTTLS_NOT_OBSERVED,TLS_NOT_OBSERVED,CERTIFICATE_NOT_OBSERVED_NO_TLS,587,success,smtp,1,0,0,0,0,,,,,,,,,,,,,,,,,,,,,,,,,,,0,,,,,,,,,,,,,,,,,,,,,,,,,,,,,,,,,,,,,,,,,,,,,,,,,1,0
zgrab_587_Spain.json:17,zgrab_real,zgrab_587_Spain.json,17,Spain,SMTP_RESPONSE_OBSERVED,STARTTLS_NOT_OBSERVED,TLS_NOT_OBSERVED,CERTIFICATE_NOT_OBSERVED_NO_TLS,587,success,smtp,1,0,0,0,0,,,,,,,,,,,,,,,,,,,,,,,,,,,0,,,,,,,,,,,,,,,,,,,,,,,,,,,,,,,,,,,,,,,,,,,,,,,,,1,0
zgrab_587_Spain.json:18,zgrab_real,zgrab_587_Spain.json,18,Spain,SMTP_RESPONSE_OBSERVED,STARTTLS_NOT_OBSERVED,TLS_NOT_OBSERVED,CERTIFICATE_NOT_OBSERVED_NO_TLS,587,success,smtp,1,1,0,0,0,,,,,,,,,,,,,,,,,,,,,,,,,,,0,,,,,,,,,,,,,,,,,,,,,,,,,,,,,,,,,,,,,,,,,,,,,,,,,1,0
zgrab_587_Spain.json:19,zgrab_real,zgrab_587_Spain.json,19,Spain,SMTP_RESPONSE_OBSERVED,STARTTLS_NOT_OBSERVED,TLS_NOT_OBSERVED,CERTIFICATE_NOT_OBSERVED_NO_TLS,587,success,smtp,1,1,0,0,0,,,,,,,,,,,,,,,,,,,,,,,,,,,0,,,,,,,,,,,,,,,,,,,,,,,,,,,,,,,,,,,,,,,,,,,,,,,,,1,0
zgrab_587_Spain.json:20,zgrab_real,zgrab_587_Spain.json,20,Spain,SMTP_RESPONSE_OBSERVED,STARTTLS_NOT_OBSERVED,TLS_NOT_OBSERVED,CERTIFICATE_NOT_OBSERVED_NO_TLS,587,success,smtp,1,1,0,0,0,,,,,,,,,,,,,,,,,,,,,,,,,,,0,,,,,,,,,,,,,,,,,,,,,,,,,,,,,,,,,,,,,,,,,,,,,,,,,1,0
zgrab_587_Spain.json:21,zgrab_real,zgrab_587_Spain.json,21,Spain,SMTP_RESPONSE_OBSERVED,STARTTLS_NOT_OBSERVED,TLS_NOT_OBSERVED,CERTIFICATE_NOT_OBSERVED_NO_TLS,587,success,smtp,1,1,0,0,0,,,,,,,,,,,,,,,,,,,,,,,,,,,0,,,,,,,,,,,,,,,,,,,,,,,,,,,,,,,,,,,,,,,,,,,,,,,,,1,0
zgrab_587_Spain.json:22,zgrab_real,zgrab_587_Spain.json,22,Spain,SMTP_RESPONSE_OBSERVED,STARTTLS_NOT_OBSERVED,TLS_NOT_OBSERVED,CERTIFICATE_NOT_OBSERVED_NO_TLS,587,success,smtp,1,1,0,0,0,,,,,,,,,,,,,,,,,,,,,,,,,,,0,,,,,,,,,,,,,,,,,,,,,,,,,,,,,,,,,,,,,,,,,,,,,,,,,1,0
zgrab_587_Spain.json:23,zgrab_real,zgrab_587_Spain.json,23,Spain,SMTP_RESPONSE_OBSERVED,STARTTLS_NOT_OBSERVED,TLS_NOT_OBSERVED,CERTIFICATE_NOT_OBSERVED_NO_TLS,587,success,smtp,1,1,0,0,0,,,,,,,,,,,,,,,,,,,,,,,,,,,0,,,,,,,,,,,,,,,,,,,,,,,,,,,,,,,,,,,,,,,,,,,,,,,,,1,0
zgrab_587_Spain.json:24,zgrab_real,zgrab_587_Spain.json,24,Spain,SMTP_RESPONSE_OBSERVED,STARTTLS_NOT_OBSERVED,TLS_NOT_OBSERVED,CERTIFICATE_NOT_OBSERVED_NO_TLS,587,success,smtp,1,1,0,0,0,,,,,,,,,,,,,,,,,,,,,,,,,,,0,,,,,,,,,,,,,,,,,,,,,,,,,,,,,,,,,,,,,,,,,,,,,,,,,1,0
zgrab_587_Spain.json:25,zgrab_real,zgrab_587_Spain.json,25,Spain,SMTP_RESPONSE_OBSERVED,STARTTLS_NOT_OBSERVED,TLS_NOT_OBSERVED,CERTIFICATE_NOT_OBSERVED_NO_TLS,587,success,smtp,1,1,0,0,0,,,,,,,,,,,,,,,,,,,,,,,,,,,0,,,,,,,,,,,,,,,,,,,,,,,,,,,,,,,,,,,,,,,,,,,,,,,,,1,0
zgrab_587_Spain.json:26,zgrab_real,zgrab_587_Spain.json,26,Spain,SMTP_RESPONSE_OBSERVED,STARTTLS_NOT_OBSERVED,TLS_NOT_OBSERVED,CERTIFICATE_NOT_OBSERVED_NO_TLS,587,success,smtp,1,1,0,0,0,,,,,,,,,,,,,,,,,,,,,,,,,,,0,,,,,,,,,,,,,,,,,,,,,,,,,,,,,,,,,,,,,,,,,,,,,,,,,1,0
zgrab_587_Spain.json:27,zgrab_real,zgrab_587_Spain.json,27,Spain,SMTP_RESPONSE_OBSERVED,STARTTLS_NOT_OBSERVED,TLS_NOT_OBSERVED,CERTIFICATE_NOT_OBSERVED_NO_TLS,587,success,smtp,1,1,0,0,0,,,,,,,,,,,,,,,,,,,,,,,,,,,0,,,,,,,,,,,,,,,,,,,,,,,,,,,,,,,,,,,,,,,,,,,,,,,,,1,0
zgrab_587_Spain.json:28,zgrab_real,zgrab_587_Spain.json,28,Spain,SMTP_RESPONSE_OBSERVED,STARTTLS_NOT_OBSERVED,TLS_NOT_OBSERVED,CERTIFICATE_NOT_OBSERVED_NO_TLS,587,success,smtp,1,1,0,0,0,,,,,,,,,,,,,,,,,,,,,,,,,,,0,,,,,,,,,,,,,,,,,,,,,,,,,,,,,,,,,,,,,,,,,,,,,,,,,1,0
zgrab_587_Spain.json:29,zgrab_real,zgrab_587_Spain.json,29,Spain,SMTP_RESPONSE_OBSERVED,STARTTLS_NOT_OBSERVED,TLS_NOT_OBSERVED,CERTIFICATE_NOT_OBSERVED_NO_TLS,587,success,smtp,1,1,0,0,0,,,,,,,,,,,,,,,,,,,,,,,,,,,0,,,,,,,,,,,,,,,,,,,,,,,,,,,,,,,,,,,,,,,,,,,,,,,,,1,0
zgrab_587_Spain.json:30,zgrab_real,zgrab_587_Spain.json,30,Spain,SMTP_RESPONSE_OBSERVED,STARTTLS_NOT_OBSERVED,TLS_NOT_OBSERVED,CERTIFICATE_NOT_OBSERVED_NO_TLS,587,success,smtp,1,1,0,0,0,,,,,,,,,,,,,,,,,,,,,,,,,,,0,,,,,,,,,,,,,,,,,,,,,,,,,,,,,,,,,,,,,,,,,,,,,,,,,1,0
zgrab_587_Spain.json:31,zgrab_real,zgrab_587_Spain.json,31,Spain,SMTP_RESPONSE_OBSERVED,STARTTLS_NOT_OBSERVED,TLS_NOT_OBSERVED,CERTIFICATE_NOT_OBSERVED_NO_TLS,587,success,smtp,1,1,0,0,0,,,,,,,,,,,,,,,,,,,,,,,,,,,0,,,,,,,,,,,,,,,,,,,,,,,,,,,,,,,,,,,,,,,,,,,,,,,,,1,0
zgrab_587_Spain.json:32,zgrab_real,zgrab_587_Spain.json,32,Spain,SMTP_RESPONSE_OBSERVED,TLS_HANDSHAKE_SUCCEEDED,HANDSHAKE_SUCCEEDED,CERTIFICATE_OBSERVED,587,success,smtp,1,1,1,1,1,TLSv1.2,,TLS_ECDHE_RSA_WITH_AES_256_GCM_SHA384,,2,0,0,1,0,1,1,0,0,0,0,1,1,0,0,1,1,0,0,1,0,0,1,True,RSA,2048,65537,,,SHA256-RSA,0,1,0,0,DV,False,2,0,31,2,False,True,,True,True,,2,9,380.99998842592595,121.97293981481481,0,0,1,1,1,1,2,1,3,1,0,0,1,1,0,0,0,0,0,0,0,0,1
zgrab_587_Spain.json:33,zgrab_real,zgrab_587_Spain.json,33,Spain,SMTP_RESPONSE_OBSERVED,STARTTLS_NOT_OBSERVED,TLS_NOT_OBSERVED,CERTIFICATE_NOT_OBSERVED_NO_TLS,587,success,smtp,1,1,0,0,0,,,,,,,,,,,,,,,,,,,,,,,,,,,0,,,,,,,,,,,,,,,,,,,,,,,,,,,,,,,,,,,,,,,,,,,,,,,,,1,0
zgrab_587_Spain.json:34,zgrab_real,zgrab_587_Spain.json,34,Spain,SMTP_PROBE_FAILED,STARTTLS_NOT_OBSERVED,TLS_NOT_OBSERVED,CERTIFICATE_NOT_OBSERVED_NO_TLS,587,connection-timeout,smtp,0,0,0,0,0,,,,,,,,,,,,,,,,,,,,,,,,,,,0,,,,,,,,,,,,,,,,,,,,,,,,,,,,,,,,,,,,,,,,,,,,,,,,,0,0
zgrab_587_Spain.json:35,zgrab_real,zgrab_587_Spain.json,35,Spain,SMTP_PROBE_FAILED,STARTTLS_NOT_OBSERVED,TLS_NOT_OBSERVED,CERTIFICATE_NOT_OBSERVED_NO_TLS,587,application-error,smtp,1,0,0,0,0,,,,,,,,,,,,,,,,,,,,,,,,,,,0,,,,,,,,,,,,,,,,,,,,,,,,,,,,,,,,,,,,,,,,,,,,,,,,,1,0
zgrab_587_Spain.json:36,zgrab_real,zgrab_587_Spain.json,36,Spain,SMTP_RESPONSE_OBSERVED,STARTTLS_NOT_OBSERVED,TLS_NOT_OBSERVED,CERTIFICATE_NOT_OBSERVED_NO_TLS,587,success,smtp,1,1,0,0,0,,,,,,,,,,,,,,,,,,,,,,,,,,,0,,,,,,,,,,,,,,,,,,,,,,,,,,,,,,,,,,,,,,,,,,,,,,,,,1,0
zgrab_587_Spain.json:37,zgrab_real,zgrab_587_Spain.json,37,Spain,SMTP_RESPONSE_OBSERVED,STARTTLS_NOT_OBSERVED,TLS_NOT_OBSERVED,CERTIFICATE_NOT_OBSERVED_NO_TLS,587,success,smtp,1,1,0,0,0,,,,,,,,,,,,,,,,,,,,,,,,,,,0,,,,,,,,,,,,,,,,,,,,,,,,,,,,,,,,,,,,,,,,,,,,,,,,,1,0
zgrab_587_Spain.json:38,zgrab_real,zgrab_587_Spain.json,38,Spain,SMTP_RESPONSE_OBSERVED,STARTTLS_NOT_OBSERVED,TLS_NOT_OBSERVED,CERTIFICATE_NOT_OBSERVED_NO_TLS,587,success,smtp,1,1,0,0,0,,,,,,,,,,,,,,,,,,,,,,,,,,,0,,,,,,,,,,,,,,,,,,,,,,,,,,,,,,,,,,,,,,,,,,,,,,,,,1,0
zgrab_587_Spain.json:39,zgrab_real,zgrab_587_Spain.json,39,Spain,SMTP_PROBE_FAILED,STARTTLS_NOT_OBSERVED,TLS_NOT_OBSERVED,CERTIFICATE_NOT_OBSERVED_NO_TLS,587,connection-timeout,smtp,0,0,0,0,0,,,,,,,,,,,,,,,,,,,,,,,,,,,0,,,,,,,,,,,,,,,,,,,,,,,,,,,,,,,,,,,,,,,,,,,,,,,,,0,0
zgrab_587_Spain.json:40,zgrab_real,zgrab_587_Spain.json,40,Spain,SMTP_RESPONSE_OBSERVED,TLS_HANDSHAKE_SUCCEEDED,HANDSHAKE_SUCCEEDED,CERTIFICATE_OBSERVED,587,success,smtp,1,1,1,1,1,TLSv1.2,TLSv1.3,TLS_CHACHA20_POLY1305_SHA256,x25519,2,1,1,0,0,0,0,0,0,0,0,1,1,0,0,0,1,0,0,1,0,0,1,True,RSA,2048,65537,,,SHA256-RSA,0,1,0,0,DV,False,1,0,21,1,False,True,,True,True,,2,10,89.99998842592592,53.49065972222222,0,0,2,0,1,0,1,1,2,1,1,1,1,1,0,0,0,0,0,0,0,0,1
zgrab_587_Spain.json:41,zgrab_real,zgrab_587_Spain.json,41,Spain,SMTP_RESPONSE_OBSERVED,TLS_HANDSHAKE_SUCCEEDED,HANDSHAKE_SUCCEEDED,CERTIFICATE_OBSERVED,587,success,smtp,1,1,1,1,1,TLSv1.2,TLSv1.3,TLS_CHACHA20_POLY1305_SHA256,x25519,2,1,1,0,0,0,0,0,0,0,0,1,1,0,0,0,1,0,0,1,0,0,1,True,RSA,2048,65537,,,SHA256-RSA,0,1,0,0,DV,False,1,0,21,1,False,True,,True,True,,2,10,89.99998842592592,53.49060185185185,0,0,2,0,1,0,1,1,2,1,1,1,1,1,0,0,0,0,0,0,0,0,1
zgrab_587_Spain.json:42,zgrab_real,zgrab_587_Spain.json,42,Spain,SMTP_RESPONSE_OBSERVED,TLS_HANDSHAKE_SUCCEEDED,HANDSHAKE_SUCCEEDED,CERTIFICATE_OBSERVED,587,success,smtp,1,1,1,1,1,TLSv1.2,TLSv1.3,TLS_CHACHA20_POLY1305_SHA256,x25519,2,1,1,0,0,0,0,0,0,0,0,1,1,0,0,0,1,0,0,1,0,0,1,True,RSA,2048,65537,,,SHA256-RSA,0,1,0,0,DV,False,1,0,21,1,False,True,,True,True,,2,10,89.99998842592592,53.49060185185185,0,0,2,0,1,0,1,1,2,1,1,1,1,1,0,0,0,0,0,0,0,0,1
zgrab_587_Spain.json:43,zgrab_real,zgrab_587_Spain.json,43,Spain,SMTP_RESPONSE_OBSERVED,TLS_HANDSHAKE_SUCCEEDED,HANDSHAKE_SUCCEEDED,CERTIFICATE_OBSERVED,587,success,smtp,1,1,1,1,1,TLSv1.2,TLSv1.3,TLS_CHACHA20_POLY1305_SHA256,x25519,2,1,1,0,0,0,0,0,0,0,0,1,1,0,0,0,1,0,0,1,0,0,1,True,RSA,2048,65537,,,SHA256-RSA,0,1,0,0,DV,False,1,0,21,1,False,True,,True,True,,2,10,89.99998842592592,53.49060185185185,0,0,2,0,1,0,1,1,2,1,1,1,1,1,0,0,0,0,0,0,0,0,1
zgrab_587_Spain.json:44,zgrab_real,zgrab_587_Spain.json,44,Spain,SMTP_RESPONSE_OBSERVED,STARTTLS_NOT_OBSERVED,TLS_NOT_OBSERVED,CERTIFICATE_NOT_OBSERVED_NO_TLS,587,success,smtp,1,1,0,0,0,,,,,,,,,,,,,,,,,,,,,,,,,,,0,,,,,,,,,,,,,,,,,,,,,,,,,,,,,,,,,,,,,,,,,,,,,,,,,1,0
zgrab_587_Spain.json:45,zgrab_real,zgrab_587_Spain.json,45,Spain,SMTP_RESPONSE_OBSERVED,STARTTLS_NOT_OBSERVED,TLS_NOT_OBSERVED,CERTIFICATE_NOT_OBSERVED_NO_TLS,587,success,smtp,1,1,0,0,0,,,,,,,,,,,,,,,,,,,,,,,,,,,0,,,,,,,,,,,,,,,,,,,,,,,,,,,,,,,,,,,,,,,,,,,,,,,,,1,0
zgrab_587_Spain.json:46,zgrab_real,zgrab_587_Spain.json,46,Spain,SMTP_RESPONSE_OBSERVED,TLS_HANDSHAKE_SUCCEEDED,HANDSHAKE_SUCCEEDED,CERTIFICATE_OBSERVED,587,success,smtp,1,1,1,1,1,TLSv1.2,TLSv1.3,TLS_CHACHA20_POLY1305_SHA256,x25519,2,1,1,0,0,0,0,0,0,0,0,1,1,0,0,0,1,0,0,1,0,0,1,False,RSA,2048,65537,,,SHA256-RSA,0,1,0,0,unknown,True,0,0,0,0,,True,,,,,0,2,365.0,-487.044849537037,1,0,0,0,0,0,0,0,0,0,0,0,0,1,0,0,0,0,0,0,1,0,1
zgrab_587_Spain.json:47,zgrab_real,zgrab_587_Spain.json,47,Spain,SMTP_RESPONSE_OBSERVED,TLS_HANDSHAKE_SUCCEEDED,HANDSHAKE_SUCCEEDED,CERTIFICATE_OBSERVED,587,success,smtp,1,1,1,1,1,TLSv1.2,,TLS_ECDHE_RSA_WITH_AES_128_GCM_SHA256,,2,0,0,1,1,0,0,0,0,0,0,1,1,0,0,1,1,0,0,1,0,0,1,True,RSA,2048,65537,,,SHA256-RSA,0,1,0,0,DV,False,12,0,42,12,False,True,,True,True,,2,10,89.99998842592592,65.18685185185186,0,0,2,0,1,0,1,1,2,1,1,1,1,1,0,0,0,0,0,0,0,0,1
zgrab_587_Spain.json:48,zgrab_real,zgrab_587_Spain.json,48,Spain,SMTP_RESPONSE_OBSERVED,TLS_HANDSHAKE_SUCCEEDED,HANDSHAKE_SUCCEEDED,CERTIFICATE_OBSERVED,587,success,smtp,1,1,1,1,1,TLSv1.2,TLSv1.3,TLS_CHACHA20_POLY1305_SHA256,x25519,2,1,1,0,0,0,0,0,0,0,0,1,1,0,0,0,1,0,0,1,0,0,1,True,RSA,2048,65537,,,SHA256-RSA,0,1,0,0,DV,False,1,0,21,1,False,True,,True,True,,2,10,89.99998842592592,53.49054398148148,0,0,2,0,1,0,1,1,2,1,1,1,1,1,0,0,0,0,0,0,0,0,1
zgrab_587_Spain.json:49,zgrab_real,zgrab_587_Spain.json,49,Spain,SMTP_RESPONSE_OBSERVED,STARTTLS_NOT_OBSERVED,TLS_NOT_OBSERVED,CERTIFICATE_NOT_OBSERVED_NO_TLS,587,success,smtp,1,1,0,0,0,,,,,,,,,,,,,,,,,,,,,,,,,,,0,,,,,,,,,,,,,,,,,,,,,,,,,,,,,,,,,,,,,,,,,,,,,,,,,1,0
zgrab_587_Spain.json:50,zgrab_real,zgrab_587_Spain.json,50,Spain,SMTP_RESPONSE_OBSERVED,STARTTLS_NOT_OBSERVED,TLS_NOT_OBSERVED,CERTIFICATE_NOT_OBSERVED_NO_TLS,587,success,smtp,1,1,0,0,0,,,,,,,,,,,,,,,,,,,,,,,,,,,0,,,,,,,,,,,,,,,,,,,,,,,,,,,,,,,,,,,,,,,,,,,,,,,,,1,0
zgrab_587_Spain.json:51,zgrab_real,zgrab_587_Spain.json,51,Spain,SMTP_RESPONSE_OBSERVED,STARTTLS_NOT_OBSERVED,TLS_NOT_OBSERVED,CERTIFICATE_NOT_OBSERVED_NO_TLS,587,success,smtp,1,1,0,0,0,,,,,,,,,,,,,,,,,,,,,,,,,,,0,,,,,,,,,,,,,,,,,,,,,,,,,,,,,,,,,,,,,,,,,,,,,,,,,1,0
zgrab_587_Spain.json:52,zgrab_real,zgrab_587_Spain.json,52,Spain,SMTP_RESPONSE_OBSERVED,STARTTLS_NOT_OBSERVED,TLS_NOT_OBSERVED,CERTIFICATE_NOT_OBSERVED_NO_TLS,587,success,smtp,1,0,0,0,0,,,,,,,,,,,,,,,,,,,,,,,,,,,0,,,,,,,,,,,,,,,,,,,,,,,,,,,,,,,,,,,,,,,,,,,,,,,,,1,0
zgrab_587_Spain.json:53,zgrab_real,zgrab_587_Spain.json,53,Spain,SMTP_RESPONSE_OBSERVED,STARTTLS_NOT_OBSERVED,TLS_NOT_OBSERVED,CERTIFICATE_NOT_OBSERVED_NO_TLS,587,success,smtp,1,0,0,0,0,,,,,,,,,,,,,,,,,,,,,,,,,,,0,,,,,,,,,,,,,,,,,,,,,,,,,,,,,,,,,,,,,,,,,,,,,,,,,1,0
zgrab_587_Spain.json:54,zgrab_real,zgrab_587_Spain.json,54,Spain,SMTP_PROBE_FAILED,STARTTLS_NOT_OBSERVED,TLS_NOT_OBSERVED,CERTIFICATE_NOT_OBSERVED_NO_TLS,587,protocol-error,smtp,0,0,0,0,0,,,,,,,,,,,,,,,,,,,,,,,,,,,0,,,,,,,,,,,,,,,,,,,,,,,,,,,,,,,,,,,,,,,,,,,,,,,,,0,0
zgrab_587_Spain.json:55,zgrab_real,zgrab_587_Spain.json,55,Spain,SMTP_RESPONSE_OBSERVED,STARTTLS_NOT_OBSERVED,TLS_NOT_OBSERVED,CERTIFICATE_NOT_OBSERVED_NO_TLS,587,success,smtp,1,0,0,0,0,,,,,,,,,,,,,,,,,,,,,,,,,,,0,,,,,,,,,,,,,,,,,,,,,,,,,,,,,,,,,,,,,,,,,,,,,,,,,1,0
zgrab_587_Spain.json:56,zgrab_real,zgrab_587_Spain.json,56,Spain,SMTP_RESPONSE_OBSERVED,STARTTLS_NOT_OBSERVED,TLS_NOT_OBSERVED,CERTIFICATE_NOT_OBSERVED_NO_TLS,587,success,smtp,1,1,0,0,0,,,,,,,,,,,,,,,,,,,,,,,,,,,0,,,,,,,,,,,,,,,,,,,,,,,,,,,,,,,,,,,,,,,,,,,,,,,,,1,0
zgrab_587_Spain.json:57,zgrab_real,zgrab_587_Spain.json,57,Spain,SMTP_RESPONSE_OBSERVED,TLS_HANDSHAKE_SUCCEEDED,HANDSHAKE_SUCCEEDED,CERTIFICATE_OBSERVED,587,success,smtp,1,1,1,1,1,TLSv1.2,,TLS_ECDHE_RSA_WITH_AES_128_GCM_SHA256,,2,0,0,1,1,0,0,0,0,0,0,1,1,0,0,1,1,0,0,1,0,0,1,True,RSA,4096,65537,,,SHA256-RSA,0,1,0,0,DV,False,2,1,13,2,False,True,True,True,True,,2,10,198.99998842592592,173.97261574074074,0,0,2,1,1,1,1,1,3,1,1,1,1,1,0,0,0,0,0,0,0,0,1
zgrab_587_Spain.json:58,zgrab_real,zgrab_587_Spain.json,58,Spain,SMTP_RESPONSE_OBSERVED,STARTTLS_NOT_OBSERVED,TLS_NOT_OBSERVED,CERTIFICATE_NOT_OBSERVED_NO_TLS,587,success,smtp,1,1,0,0,0,,,,,,,,,,,,,,,,,,,,,,,,,,,0,,,,,,,,,,,,,,,,,,,,,,,,,,,,,,,,,,,,,,,,,,,,,,,,,1,0
zgrab_587_Spain.json:59,zgrab_real,zgrab_587_Spain.json,59,Spain,SMTP_RESPONSE_OBSERVED,STARTTLS_NOT_OBSERVED,TLS_NOT_OBSERVED,CERTIFICATE_NOT_OBSERVED_NO_TLS,587,success,smtp,1,0,0,0,0,,,,,,,,,,,,,,,,,,,,,,,,,,,0,,,,,,,,,,,,,,,,,,,,,,,,,,,,,,,,,,,,,,,,,,,,,,,,,1,0
zgrab_587_Spain.json:60,zgrab_real,zgrab_587_Spain.json,60,Spain,SMTP_RESPONSE_OBSERVED,TLS_HANDSHAKE_SUCCEEDED,HANDSHAKE_SUCCEEDED,CERTIFICATE_OBSERVED,587,success,smtp,1,1,1,1,1,TLSv1.2,,TLS_ECDHE_RSA_WITH_AES_128_GCM_SHA256,,2,0,0,1,1,0,0,0,0,0,0,1,1,0,0,1,1,0,0,1,0,0,1,True,RSA,4096,65537,,,SHA256-RSA,0,1,0,0,DV,False,2,1,13,2,False,True,True,True,True,,2,10,198.99998842592592,173.97260416666666,0,0,2,1,1,1,1,1,3,1,1,1,1,1,0,0,0,0,0,0,0,0,1
zgrab_587_Spain.json:61,zgrab_real,zgrab_587_Spain.json,61,Spain,SMTP_RESPONSE_OBSERVED,TLS_HANDSHAKE_SUCCEEDED,HANDSHAKE_SUCCEEDED,CERTIFICATE_OBSERVED,587,success,smtp,1,1,1,1,1,TLSv1.2,,TLS_ECDHE_RSA_WITH_AES_128_GCM_SHA256,,2,0,0,1,1,0,0,0,0,0,0,1,1,0,0,1,1,0,0,1,0,0,1,True,RSA,4096,65537,,,SHA256-RSA,0,1,0,0,DV,False,2,1,13,2,False,True,True,True,True,,2,10,198.99998842592592,173.97260416666666,0,0,2,1,1,1,1,1,3,1,1,1,1,1,0,0,0,0,0,0,0,0,1
zgrab_587_Spain.json:62,zgrab_real,zgrab_587_Spain.json,62,Spain,SMTP_RESPONSE_OBSERVED,STARTTLS_NOT_OBSERVED,TLS_NOT_OBSERVED,CERTIFICATE_NOT_OBSERVED_NO_TLS,587,success,smtp,1,0,0,0,0,,,,,,,,,,,,,,,,,,,,,,,,,,,0,,,,,,,,,,,,,,,,,,,,,,,,,,,,,,,,,,,,,,,,,,,,,,,,,1,0
zgrab_587_Spain.json:63,zgrab_real,zgrab_587_Spain.json,63,Spain,SMTP_RESPONSE_OBSERVED,STARTTLS_NOT_OBSERVED,TLS_NOT_OBSERVED,CERTIFICATE_NOT_OBSERVED_NO_TLS,587,success,smtp,1,0,0,0,0,,,,,,,,,,,,,,,,,,,,,,,,,,,0,,,,,,,,,,,,,,,,,,,,,,,,,,,,,,,,,,,,,,,,,,,,,,,,,1,0
zgrab_587_Spain.json:64,zgrab_real,zgrab_587_Spain.json,64,Spain,SMTP_RESPONSE_OBSERVED,TLS_HANDSHAKE_SUCCEEDED,HANDSHAKE_SUCCEEDED,CERTIFICATE_OBSERVED,587,success,smtp,1,1,1,1,1,TLSv1.2,,TLS_ECDHE_RSA_WITH_AES_128_GCM_SHA256,,2,0,0,1,1,0,0,0,0,0,0,1,1,0,0,1,1,0,0,1,0,0,1,True,RSA,4096,65537,,,SHA256-RSA,0,1,0,0,DV,False,2,1,13,2,False,True,True,True,True,,2,10,198.99998842592592,173.9725925925926,0,0,2,1,1,1,1,1,3,1,1,1,1,1,0,0,0,0,0,0,0,0,1
zgrab_587_Spain.json:65,zgrab_real,zgrab_587_Spain.json,65,Spain,SMTP_RESPONSE_OBSERVED,TLS_HANDSHAKE_SUCCEEDED,HANDSHAKE_SUCCEEDED,CERTIFICATE_OBSERVED,587,success,smtp,1,1,1,1,1,TLSv1.2,,TLS_RSA_WITH_AES_128_GCM_SHA256,,1,0,0,1,0,0,0,0,0,0,0,1,1,0,1,0,0,0,0,1,0,0,1,True,RSA,4096,65537,,,SHA256-RSA,0,1,0,0,DV,False,2,1,13,2,False,True,True,True,True,,2,10,198.99998842592592,173.97258101851853,0,0,2,1,1,1,1,1,3,1,1,1,1,1,0,1,1,0,0,0,0,0,1
zgrab_587_Spain.json:66,zgrab_real,zgrab_587_Spain.json,66,Spain,SMTP_RESPONSE_OBSERVED,STARTTLS_NOT_OBSERVED,TLS_NOT_OBSERVED,CERTIFICATE_NOT_OBSERVED_NO_TLS,587,success,smtp,1,1,0,0,0,,,,,,,,,,,,,,,,,,,,,,,,,,,0,,,,,,,,,,,,,,,,,,,,,,,,,,,,,,,,,,,,,,,,,,,,,,,,,1,0
zgrab_587_Spain.json:67,zgrab_real,zgrab_587_Spain.json,67,Spain,SMTP_RESPONSE_OBSERVED,STARTTLS_NOT_OBSERVED,TLS_NOT_OBSERVED,CERTIFICATE_NOT_OBSERVED_NO_TLS,587,success,smtp,1,1,0,0,0,,,,,,,,,,,,,,,,,,,,,,,,,,,0,,,,,,,,,,,,,,,,,,,,,,,,,,,,,,,,,,,,,,,,,,,,,,,,,1,0
zgrab_587_Spain.json:68,zgrab_real,zgrab_587_Spain.json,68,Spain,SMTP_RESPONSE_OBSERVED,STARTTLS_NOT_OBSERVED,TLS_NOT_OBSERVED,CERTIFICATE_NOT_OBSERVED_NO_TLS,587,success,smtp,1,1,0,0,0,,,,,,,,,,,,,,,,,,,,,,,,,,,0,,,,,,,,,,,,,,,,,,,,,,,,,,,,,,,,,,,,,,,,,,,,,,,,,1,0
zgrab_587_Spain.json:69,zgrab_real,zgrab_587_Spain.json,69,Spain,SMTP_RESPONSE_OBSERVED,STARTTLS_NOT_OBSERVED,TLS_NOT_OBSERVED,CERTIFICATE_NOT_OBSERVED_NO_TLS,587,success,smtp,1,1,0,0,0,,,,,,,,,,,,,,,,,,,,,,,,,,,0,,,,,,,,,,,,,,,,,,,,,,,,,,,,,,,,,,,,,,,,,,,,,,,,,1,0
zgrab_587_Spain.json:70,zgrab_real,zgrab_587_Spain.json,70,Spain,SMTP_RESPONSE_OBSERVED,STARTTLS_NOT_OBSERVED,TLS_NOT_OBSERVED,CERTIFICATE_NOT_OBSERVED_NO_TLS,587,success,smtp,1,1,0,0,0,,,,,,,,,,,,,,,,,,,,,,,,,,,0,,,,,,,,,,,,,,,,,,,,,,,,,,,,,,,,,,,,,,,,,,,,,,,,,1,0
zgrab_587_Spain.json:71,zgrab_real,zgrab_587_Spain.json,71,Spain,SMTP_RESPONSE_OBSERVED,TLS_HANDSHAKE_SUCCEEDED,HANDSHAKE_SUCCEEDED,CERTIFICATE_OBSERVED,587,success,smtp,1,1,1,1,1,TLSv1.2,,TLS_ECDHE_RSA_WITH_AES_128_GCM_SHA256,,2,0,0,1,1,0,0,0,0,0,0,1,1,0,0,1,1,0,0,1,0,0,1,True,RSA,2048,65537,,,SHA256-RSA,0,1,0,0,DV,False,1,0,29,1,False,True,,True,True,,2,10,89.99998842592592,72.2925,0,0,2,0,1,0,1,1,2,1,1,1,1,1,0,0,0,0,0,0,0,0,1
zgrab_587_Spain.json:72,zgrab_real,zgrab_587_Spain.json,72,Spain,SMTP_RESPONSE_OBSERVED,STARTTLS_NOT_OBSERVED,TLS_NOT_OBSERVED,CERTIFICATE_NOT_OBSERVED_NO_TLS,587,success,smtp,1,1,0,0,0,,,,,,,,,,,,,,,,,,,,,,,,,,,0,,,,,,,,,,,,,,,,,,,,,,,,,,,,,,,,,,,,,,,,,,,,,,,,,1,0
zgrab_587_Spain.json:73,zgrab_real,zgrab_587_Spain.json,73,Spain,SMTP_RESPONSE_OBSERVED,STARTTLS_NOT_OBSERVED,TLS_NOT_OBSERVED,CERTIFICATE_NOT_OBSERVED_NO_TLS,587,success,smtp,1,0,0,0,0,,,,,,,,,,,,,,,,,,,,,,,,,,,0,,,,,,,,,,,,,,,,,,,,,,,,,,,,,,,,,,,,,,,,,,,,,,,,,1,0
zgrab_587_Spain.json:74,zgrab_real,zgrab_587_Spain.json,74,Spain,SMTP_RESPONSE_OBSERVED,STARTTLS_NOT_OBSERVED,TLS_NOT_OBSERVED,CERTIFICATE_NOT_OBSERVED_NO_TLS,587,success,smtp,1,1,0,0,0,,,,,,,,,,,,,,,,,,,,,,,,,,,0,,,,,,,,,,,,,,,,,,,,,,,,,,,,,,,,,,,,,,,,,,,,,,,,,1,0
zgrab_587_Spain.json:75,zgrab_real,zgrab_587_Spain.json,75,Spain,SMTP_PROBE_FAILED,STARTTLS_NOT_OBSERVED,TLS_NOT_OBSERVED,CERTIFICATE_NOT_OBSERVED_NO_TLS,587,application-error,smtp,1,0,0,0,0,,,,,,,,,,,,,,,,,,,,,,,,,,,0,,,,,,,,,,,,,,,,,,,,,,,,,,,,,,,,,,,,,,,,,,,,,,,,,1,0
zgrab_587_Spain.json:76,zgrab_real,zgrab_587_Spain.json,76,Spain,SMTP_RESPONSE_OBSERVED,TLS_HANDSHAKE_SUCCEEDED,HANDSHAKE_SUCCEEDED,CERTIFICATE_OBSERVED,587,success,smtp,1,1,1,1,1,TLSv1.2,TLSv1.3,TLS_CHACHA20_POLY1305_SHA256,x25519,2,1,1,0,0,0,0,0,0,0,0,1,1,0,0,0,1,0,0,1,0,0,1,True,RSA,2048,65537,,,SHA256-RSA,0,1,0,0,DV,False,1,0,24,1,False,True,,True,True,,2,10,89.99998842592592,85.38112268518519,0,0,2,0,1,0,1,1,2,1,1,1,1,1,0,0,0,0,0,0,0,0,1
zgrab_587_Spain.json:77,zgrab_real,zgrab_587_Spain.json,77,Spain,SMTP_RESPONSE_OBSERVED,TLS_HANDSHAKE_SUCCEEDED,HANDSHAKE_SUCCEEDED,CERTIFICATE_OBSERVED,587,success,smtp,1,1,1,1,1,TLSv1.2,TLSv1.3,TLS_CHACHA20_POLY1305_SHA256,x25519,2,1,1,0,0,0,0,0,0,0,0,1,1,0,0,0,1,0,0,1,0,0,1,True,RSA,2048,65537,,,SHA256-RSA,0,1,0,0,DV,False,1,0,19,1,False,True,,True,True,,2,10,89.99998842592592,55.3428587962963,0,0,2,0,1,0,1,1,2,1,1,1,1,1,0,0,0,0,0,0,0,0,1
zgrab_587_Spain.json:78,zgrab_real,zgrab_587_Spain.json,78,Spain,SMTP_RESPONSE_OBSERVED,TLS_HANDSHAKE_SUCCEEDED,HANDSHAKE_SUCCEEDED,CERTIFICATE_OBSERVED,587,success,smtp,1,1,1,1,1,TLSv1.0,,TLS_RSA_WITH_AES_128_CBC_SHA,,1,0,0,1,0,0,0,0,0,0,0,1,0,1,1,0,0,1,0,0,0,1,1,True,RSA,4096,65537,,,SHA256-RSA,0,1,0,0,DV,False,2,1,13,2,False,True,True,True,True,,2,10,198.99998842592592,173.97248842592592,0,0,1,1,1,1,1,1,3,1,1,1,1,1,1,1,1,1,0,0,0,0,1
zgrab_587_Spain.json:79,zgrab_real,zgrab_587_Spain.json,79,Spain,SMTP_RESPONSE_OBSERVED,TLS_HANDSHAKE_SUCCEEDED,HANDSHAKE_SUCCEEDED,CERTIFICATE_OBSERVED,587,success,smtp,1,1,1,1,1,TLSv1.2,TLSv1.3,TLS_CHACHA20_POLY1305_SHA256,x25519,2,1,1,0,0,0,0,0,0,0,0,1,1,0,0,0,1,0,0,1,0,0,1,True,RSA,2048,65537,,,SHA256-RSA,0,1,0,0,DV,False,1,0,24,1,False,True,,True,True,,2,10,89.99998842592592,85.38109953703703,0,0,2,0,1,0,1,1,2,1,1,1,1,1,0,0,0,0,0,0,0,0,1
zgrab_587_Spain.json:80,zgrab_real,zgrab_587_Spain.json,80,Spain,SMTP_RESPONSE_OBSERVED,STARTTLS_NOT_OBSERVED,TLS_NOT_OBSERVED,CERTIFICATE_NOT_OBSERVED_NO_TLS,587,success,smtp,1,1,0,0,0,,,,,,,,,,,,,,,,,,,,,,,,,,,0,,,,,,,,,,,,,,,,,,,,,,,,,,,,,,,,,,,,,,,,,,,,,,,,,1,0
zgrab_587_Spain.json:81,zgrab_real,zgrab_587_Spain.json,81,Spain,SMTP_RESPONSE_OBSERVED,STARTTLS_NOT_OBSERVED,TLS_NOT_OBSERVED,CERTIFICATE_NOT_OBSERVED_NO_TLS,587,success,smtp,1,1,0,0,0,,,,,,,,,,,,,,,,,,,,,,,,,,,0,,,,,,,,,,,,,,,,,,,,,,,,,,,,,,,,,,,,,,,,,,,,,,,,,1,0
zgrab_587_Spain.json:82,zgrab_real,zgrab_587_Spain.json,82,Spain,SMTP_RESPONSE_OBSERVED,STARTTLS_NOT_OBSERVED,TLS_NOT_OBSERVED,CERTIFICATE_NOT_OBSERVED_NO_TLS,587,success,smtp,1,1,0,0,0,,,,,,,,,,,,,,,,,,,,,,,,,,,0,,,,,,,,,,,,,,,,,,,,,,,,,,,,,,,,,,,,,,,,,,,,,,,,,1,0
zgrab_587_Spain.json:83,zgrab_real,zgrab_587_Spain.json,83,Spain,SMTP_RESPONSE_OBSERVED,TLS_HANDSHAKE_SUCCEEDED,HANDSHAKE_SUCCEEDED,CERTIFICATE_OBSERVED,587,success,smtp,1,1,1,1,1,TLSv1.2,TLSv1.3,TLS_CHACHA20_POLY1305_SHA256,x25519,2,1,1,0,0,0,0,0,0,0,0,1,1,0,0,0,1,0,0,1,0,0,1,True,RSA,2048,65537,,,SHA256-RSA,0,1,0,0,DV,False,2,1,14,2,False,True,True,True,True,,2,9,365.99998842592595,100.9724537037037,0,0,2,1,1,1,2,1,3,1,0,0,1,1,0,0,0,0,0,0,0,0,1
zgrab_587_Spain.json:84,zgrab_real,zgrab_587_Spain.json,84,Spain,SMTP_RESPONSE_OBSERVED,STARTTLS_NOT_OBSERVED,TLS_NOT_OBSERVED,CERTIFICATE_NOT_OBSERVED_NO_TLS,587,success,smtp,1,1,0,0,0,,,,,,,,,,,,,,,,,,,,,,,,,,,0,,,,,,,,,,,,,,,,,,,,,,,,,,,,,,,,,,,,,,,,,,,,,,,,,1,0
zgrab_587_Spain.json:85,zgrab_real,zgrab_587_Spain.json,85,Spain,SMTP_RESPONSE_OBSERVED,TLS_HANDSHAKE_SUCCEEDED,HANDSHAKE_SUCCEEDED,CERTIFICATE_OBSERVED,587,success,smtp,1,1,1,1,1,TLSv1.2,TLSv1.3,TLS_CHACHA20_POLY1305_SHA256,x25519,2,1,1,0,0,0,0,0,0,0,0,1,1,0,0,0,1,0,0,1,0,0,1,True,RSA,2048,65537,,,SHA256-RSA,0,1,0,0,DV,False,2,1,14,2,False,True,True,True,True,,2,9,365.99998842592595,100.9724537037037,0,0,2,1,1,1,2,1,3,1,0,0,1,1,0,0,0,0,0,0,0,0,1
zgrab_587_Spain.json:86,zgrab_real,zgrab_587_Spain.json,86,Spain,SMTP_RESPONSE_OBSERVED,STARTTLS_NOT_OBSERVED,TLS_NOT_OBSERVED,CERTIFICATE_NOT_OBSERVED_NO_TLS,587,success,smtp,1,1,0,0,0,,,,,,,,,,,,,,,,,,,,,,,,,,,0,,,,,,,,,,,,,,,,,,,,,,,,,,,,,,,,,,,,,,,,,,,,,,,,,1,0
zgrab_587_Spain.json:87,zgrab_real,zgrab_587_Spain.json,87,Spain,SMTP_RESPONSE_OBSERVED,TLS_HANDSHAKE_SUCCEEDED,HANDSHAKE_SUCCEEDED,CERTIFICATE_OBSERVED,587,success,smtp,1,1,1,1,1,TLSv1.2,TLSv1.3,TLS_CHACHA20_POLY1305_SHA256,x25519,2,1,1,0,0,0,0,0,0,0,0,1,1,0,0,0,1,0,0,1,0,0,1,True,RSA,2048,65537,,,SHA256-RSA,0,1,0,0,DV,False,2,1,14,2,False,True,True,True,True,,2,9,365.99998842592595,100.97241898148148,0,0,2,1,1,1,2,1,3,1,0,0,1,1,0,0,0,0,0,0,0,0,1
zgrab_587_Spain.json:88,zgrab_real,zgrab_587_Spain.json,88,Spain,SMTP_RESPONSE_OBSERVED,STARTTLS_NOT_OBSERVED,TLS_NOT_OBSERVED,CERTIFICATE_NOT_OBSERVED_NO_TLS,587,success,smtp,1,1,0,0,0,,,,,,,,,,,,,,,,,,,,,,,,,,,0,,,,,,,,,,,,,,,,,,,,,,,,,,,,,,,,,,,,,,,,,,,,,,,,,1,0
zgrab_587_Spain.json:89,zgrab_real,zgrab_587_Spain.json,89,Spain,SMTP_RESPONSE_OBSERVED,TLS_HANDSHAKE_SUCCEEDED,HANDSHAKE_SUCCEEDED,CERTIFICATE_OBSERVED,587,success,smtp,1,1,1,1,1,TLSv1.2,TLSv1.3,TLS_CHACHA20_POLY1305_SHA256,x25519,2,1,1,0,0,0,0,0,0,0,0,1,1,0,0,0,1,0,0,1,0,0,1,True,RSA,2048,65537,,,SHA256-RSA,0,1,0,0,DV,False,2,1,14,2,False,True,True,True,True,,2,9,365.99998842592595,100.97241898148148,0,0,2,1,1,1,2,1,3,1,0,0,1,1,0,0,0,0,0,0,0,0,1
zgrab_587_Spain.json:90,zgrab_real,zgrab_587_Spain.json,90,Spain,SMTP_RESPONSE_OBSERVED,TLS_HANDSHAKE_SUCCEEDED,HANDSHAKE_SUCCEEDED,CERTIFICATE_OBSERVED,587,success,smtp,1,1,1,1,1,TLSv1.2,TLSv1.3,TLS_CHACHA20_POLY1305_SHA256,x25519,2,1,1,0,0,0,0,0,0,0,0,1,1,0,0,0,1,0,0,1,0,0,1,True,RSA,2048,65537,,,SHA256-RSA,0,1,0,0,DV,False,2,1,14,2,False,True,True,True,True,,2,9,365.99998842592595,100.97238425925926,0,0,2,1,1,1,2,1,3,1,0,0,1,1,0,0,0,0,0,0,0,0,1
zgrab_587_Spain.json:91,zgrab_real,zgrab_587_Spain.json,91,Spain,SMTP_RESPONSE_OBSERVED,TLS_HANDSHAKE_SUCCEEDED,HANDSHAKE_SUCCEEDED,CERTIFICATE_OBSERVED,587,success,smtp,1,1,1,1,1,TLSv1.2,TLSv1.3,TLS_CHACHA20_POLY1305_SHA256,x25519,2,1,1,0,0,0,0,0,0,0,0,1,1,0,0,0,1,0,0,1,0,0,1,False,RSA,2048,65537,,,SHA256-RSA,0,1,0,0,unknown,True,0,0,0,0,True,,,,,,0,3,9999.0,9964.267916666666,0,0,0,0,0,0,0,0,0,0,0,0,1,1,0,0,0,0,0,0,1,0,1
zgrab_587_Spain.json:92,zgrab_real,zgrab_587_Spain.json,92,Spain,SMTP_RESPONSE_OBSERVED,TLS_HANDSHAKE_SUCCEEDED,HANDSHAKE_SUCCEEDED,CERTIFICATE_OBSERVED,587,success,smtp,1,1,1,1,1,TLSv1.2,TLSv1.3,TLS_CHACHA20_POLY1305_SHA256,x25519,2,1,1,0,0,0,0,0,0,0,0,1,1,0,0,0,1,0,0,1,0,0,1,False,RSA,2048,65537,,,SHA256-RSA,0,1,0,0,DV,False,1,0,24,1,False,True,,True,True,,2,10,89.99998842592592,-42.76695601851852,1,0,1,0,1,0,1,1,2,1,1,1,1,1,0,0,0,0,0,0,1,0,1
zgrab_587_Spain.json:93,zgrab_real,zgrab_587_Spain.json,93,Spain,SMTP_RESPONSE_OBSERVED,TLS_HANDSHAKE_SUCCEEDED,HANDSHAKE_SUCCEEDED,CERTIFICATE_OBSERVED,587,success,smtp,1,1,1,1,1,TLSv1.2,TLSv1.3,TLS_CHACHA20_POLY1305_SHA256,x25519,2,1,1,0,0,0,0,0,0,0,0,1,1,0,0,0,1,0,0,1,0,0,1,True,RSA,2048,65537,,,SHA256-RSA,0,1,0,0,DV,False,2,1,14,2,False,True,True,True,True,,2,9,365.99998842592595,100.97237268518519,0,0,2,1,1,1,2,1,3,1,0,0,1,1,0,0,0,0,0,0,0,0,1
zgrab_587_Spain.json:94,zgrab_real,zgrab_587_Spain.json,94,Spain,SMTP_RESPONSE_OBSERVED,TLS_HANDSHAKE_SUCCEEDED,HANDSHAKE_SUCCEEDED,CERTIFICATE_OBSERVED,587,success,smtp,1,1,1,1,1,TLSv1.2,TLSv1.3,TLS_CHACHA20_POLY1305_SHA256,x25519,2,1,1,0,0,0,0,0,0,0,0,1,1,0,0,0,1,0,0,1,0,0,1,True,RSA,2048,65537,,,SHA256-RSA,0,1,0,0,DV,False,2,1,14,2,False,True,True,True,True,,2,9,365.99998842592595,100.97234953703703,0,0,2,1,1,1,2,1,3,1,0,0,1,1,0,0,0,0,0,0,0,0,1
zgrab_587_Spain.json:95,zgrab_real,zgrab_587_Spain.json,95,Spain,SMTP_RESPONSE_OBSERVED,STARTTLS_NOT_OBSERVED,TLS_NOT_OBSERVED,CERTIFICATE_NOT_OBSERVED_NO_TLS,587,success,smtp,1,1,0,0,0,,,,,,,,,,,,,,,,,,,,,,,,,,,0,,,,,,,,,,,,,,,,,,,,,,,,,,,,,,,,,,,,,,,,,,,,,,,,,1,0
zgrab_587_Spain.json:96,zgrab_real,zgrab_587_Spain.json,96,Spain,SMTP_RESPONSE_OBSERVED,TLS_HANDSHAKE_SUCCEEDED,HANDSHAKE_SUCCEEDED,CERTIFICATE_OBSERVED,587,success,smtp,1,1,1,1,1,TLSv1.2,TLSv1.3,TLS_CHACHA20_POLY1305_SHA256,x25519,2,1,1,0,0,0,0,0,0,0,0,1,1,0,0,0,1,0,0,1,0,0,1,True,RSA,2048,65537,,,SHA256-RSA,0,1,0,0,DV,False,2,1,14,2,False,True,True,True,True,,2,9,365.99998842592595,100.97233796296297,0,0,2,1,1,1,2,1,3,1,0,0,1,1,0,0,0,0,0,0,0,0,1
zgrab_587_Spain.json:97,zgrab_real,zgrab_587_Spain.json,97,Spain,SMTP_RESPONSE_OBSERVED,TLS_HANDSHAKE_SUCCEEDED,HANDSHAKE_SUCCEEDED,CERTIFICATE_OBSERVED,587,success,smtp,1,1,1,1,1,TLSv1.2,TLSv1.3,TLS_CHACHA20_POLY1305_SHA256,x25519,2,1,1,0,0,0,0,0,0,0,0,1,1,0,0,0,1,0,0,1,0,0,1,True,RSA,2048,65537,,,SHA256-RSA,0,1,0,0,DV,False,2,1,15,2,False,True,,True,True,,2,10,198.99998842592592,146.97233796296297,0,0,1,1,1,1,1,1,3,1,1,1,1,1,0,0,0,0,0,0,0,0,1
zgrab_587_Spain.json:98,zgrab_real,zgrab_587_Spain.json,98,Spain,SMTP_RESPONSE_OBSERVED,STARTTLS_NOT_OBSERVED,TLS_NOT_OBSERVED,CERTIFICATE_NOT_OBSERVED_NO_TLS,587,success,smtp,1,1,0,0,0,,,,,,,,,,,,,,,,,,,,,,,,,,,0,,,,,,,,,,,,,,,,,,,,,,,,,,,,,,,,,,,,,,,,,,,,,,,,,1,0
zgrab_587_Spain.json:99,zgrab_real,zgrab_587_Spain.json,99,Spain,SMTP_RESPONSE_OBSERVED,TLS_HANDSHAKE_SUCCEEDED,HANDSHAKE_SUCCEEDED,CERTIFICATE_OBSERVED,587,success,smtp,1,1,1,1,1,TLSv1.2,TLSv1.3,TLS_CHACHA20_POLY1305_SHA256,x25519,2,1,1,0,0,0,0,0,0,0,0,1,1,0,0,0,1,0,0,1,0,0,1,True,RSA,2048,65537,,,SHA256-RSA,0,1,0,0,DV,False,2,1,15,2,False,True,,True,True,,2,10,198.99998842592592,146.9723148148148,0,0,1,1,1,1,1,1,3,1,1,1,1,1,0,0,0,0,0,0,0,0,1
zgrab_587_Spain.json:100,zgrab_real,zgrab_587_Spain.json,100,Spain,SMTP_RESPONSE_OBSERVED,TLS_HANDSHAKE_SUCCEEDED,HANDSHAKE_SUCCEEDED,CERTIFICATE_OBSERVED,587,success,smtp,1,1,1,1,1,TLSv1.2,TLSv1.3,TLS_CHACHA20_POLY1305_SHA256,x25519,2,1,1,0,0,0,0,0,0,0,0,1,1,0,0,0,1,0,0,1,0,0,1,True,RSA,2048,65537,,,SHA256-RSA,0,1,0,0,DV,False,2,1,14,2,False,True,True,True,True,,2,9,365.99998842592595,100.97230324074074,0,0,2,1,1,1,2,1,3,1,0,0,1,1,0,0,0,0,0,0,0,0,1
zgrab_France_587.json:1,zgrab_real,zgrab_France_587.json,1,France,SMTP_RESPONSE_OBSERVED,STARTTLS_NOT_OBSERVED,TLS_NOT_OBSERVED,CERTIFICATE_NOT_OBSERVED_NO_TLS,587,success,smtp,1,1,0,0,0,,,,,,,,,,,,,,,,,,,,,,,,,,,0,,,,,,,,,,,,,,,,,,,,,,,,,,,,,,,,,,,,,,,,,,,,,,,,,1,0
zgrab_France_587.json:2,zgrab_real,zgrab_France_587.json,2,France,SMTP_RESPONSE_OBSERVED,STARTTLS_NOT_OBSERVED,TLS_NOT_OBSERVED,CERTIFICATE_NOT_OBSERVED_NO_TLS,587,success,smtp,1,1,0,0,0,,,,,,,,,,,,,,,,,,,,,,,,,,,0,,,,,,,,,,,,,,,,,,,,,,,,,,,,,,,,,,,,,,,,,,,,,,,,,1,0
zgrab_France_587.json:3,zgrab_real,zgrab_France_587.json,3,France,SMTP_RESPONSE_OBSERVED,STARTTLS_NOT_OBSERVED,TLS_NOT_OBSERVED,CERTIFICATE_NOT_OBSERVED_NO_TLS,587,success,smtp,1,1,0,0,0,,,,,,,,,,,,,,,,,,,,,,,,,,,0,,,,,,,,,,,,,,,,,,,,,,,,,,,,,,,,,,,,,,,,,,,,,,,,,1,0
zgrab_France_587.json:4,zgrab_real,zgrab_France_587.json,4,France,SMTP_RESPONSE_OBSERVED,STARTTLS_NOT_OBSERVED,TLS_NOT_OBSERVED,CERTIFICATE_NOT_OBSERVED_NO_TLS,587,success,smtp,1,1,0,0,0,,,,,,,,,,,,,,,,,,,,,,,,,,,0,,,,,,,,,,,,,,,,,,,,,,,,,,,,,,,,,,,,,,,,,,,,,,,,,1,0
zgrab_France_587.json:5,zgrab_real,zgrab_France_587.json,5,France,SMTP_RESPONSE_OBSERVED,STARTTLS_NOT_OBSERVED,TLS_NOT_OBSERVED,CERTIFICATE_NOT_OBSERVED_NO_TLS,587,success,smtp,1,1,0,0,0,,,,,,,,,,,,,,,,,,,,,,,,,,,0,,,,,,,,,,,,,,,,,,,,,,,,,,,,,,,,,,,,,,,,,,,,,,,,,1,0
zgrab_France_587.json:6,zgrab_real,zgrab_France_587.json,6,France,SMTP_RESPONSE_OBSERVED,STARTTLS_NOT_OBSERVED,TLS_NOT_OBSERVED,CERTIFICATE_NOT_OBSERVED_NO_TLS,587,success,smtp,1,1,0,0,0,,,,,,,,,,,,,,,,,,,,,,,,,,,0,,,,,,,,,,,,,,,,,,,,,,,,,,,,,,,,,,,,,,,,,,,,,,,,,1,0
zgrab_France_587.json:7,zgrab_real,zgrab_France_587.json,7,France,SMTP_RESPONSE_OBSERVED,STARTTLS_NOT_OBSERVED,TLS_NOT_OBSERVED,CERTIFICATE_NOT_OBSERVED_NO_TLS,587,success,smtp,1,1,0,0,0,,,,,,,,,,,,,,,,,,,,,,,,,,,0,,,,,,,,,,,,,,,,,,,,,,,,,,,,,,,,,,,,,,,,,,,,,,,,,1,0
zgrab_France_587.json:8,zgrab_real,zgrab_France_587.json,8,France,SMTP_RESPONSE_OBSERVED,STARTTLS_NOT_OBSERVED,TLS_NOT_OBSERVED,CERTIFICATE_NOT_OBSERVED_NO_TLS,587,success,smtp,1,1,0,0,0,,,,,,,,,,,,,,,,,,,,,,,,,,,0,,,,,,,,,,,,,,,,,,,,,,,,,,,,,,,,,,,,,,,,,,,,,,,,,1,0
zgrab_France_587.json:9,zgrab_real,zgrab_France_587.json,9,France,SMTP_RESPONSE_OBSERVED,STARTTLS_NOT_OBSERVED,TLS_NOT_OBSERVED,CERTIFICATE_NOT_OBSERVED_NO_TLS,587,success,smtp,1,1,0,0,0,,,,,,,,,,,,,,,,,,,,,,,,,,,0,,,,,,,,,,,,,,,,,,,,,,,,,,,,,,,,,,,,,,,,,,,,,,,,,1,0
zgrab_France_587.json:10,zgrab_real,zgrab_France_587.json,10,France,SMTP_RESPONSE_OBSERVED,STARTTLS_NOT_OBSERVED,TLS_NOT_OBSERVED,CERTIFICATE_NOT_OBSERVED_NO_TLS,587,success,smtp,1,1,0,0,0,,,,,,,,,,,,,,,,,,,,,,,,,,,0,,,,,,,,,,,,,,,,,,,,,,,,,,,,,,,,,,,,,,,,,,,,,,,,,1,0
zgrab_France_587.json:11,zgrab_real,zgrab_France_587.json,11,France,SMTP_RESPONSE_OBSERVED,TLS_HANDSHAKE_SUCCEEDED,HANDSHAKE_SUCCEEDED,CERTIFICATE_OBSERVED,587,success,smtp,1,1,1,1,1,TLSv1.2,TLSv1.3,TLS_AES_256_GCM_SHA384,secp256r1,2,1,1,0,0,0,0,0,0,0,0,1,1,0,0,0,1,0,0,1,0,0,1,True,RSA,3072,65537,,,SHA256-RSA,0,1,0,0,DV,False,2,1,12,2,False,True,,True,True,,2,10,89.99998842592592,42.88251157407407,0,0,2,0,1,0,1,1,2,1,1,1,1,1,0,0,0,0,0,0,0,0,1
zgrab_France_587.json:12,zgrab_real,zgrab_France_587.json,12,France,SMTP_RESPONSE_OBSERVED,STARTTLS_NOT_OBSERVED,TLS_NOT_OBSERVED,CERTIFICATE_NOT_OBSERVED_NO_TLS,587,success,smtp,1,1,0,0,0,,,,,,,,,,,,,,,,,,,,,,,,,,,0,,,,,,,,,,,,,,,,,,,,,,,,,,,,,,,,,,,,,,,,,,,,,,,,,1,0
zgrab_France_587.json:13,zgrab_real,zgrab_France_587.json,13,France,SMTP_RESPONSE_OBSERVED,STARTTLS_NOT_OBSERVED,TLS_NOT_OBSERVED,CERTIFICATE_NOT_OBSERVED_NO_TLS,587,success,smtp,1,1,0,0,0,,,,,,,,,,,,,,,,,,,,,,,,,,,0,,,,,,,,,,,,,,,,,,,,,,,,,,,,,,,,,,,,,,,,,,,,,,,,,1,0
zgrab_France_587.json:14,zgrab_real,zgrab_France_587.json,14,France,SMTP_RESPONSE_OBSERVED,STARTTLS_NOT_OBSERVED,TLS_NOT_OBSERVED,CERTIFICATE_NOT_OBSERVED_NO_TLS,587,success,smtp,1,1,0,0,0,,,,,,,,,,,,,,,,,,,,,,,,,,,0,,,,,,,,,,,,,,,,,,,,,,,,,,,,,,,,,,,,,,,,,,,,,,,,,1,0
zgrab_France_587.json:15,zgrab_real,zgrab_France_587.json,15,France,SMTP_RESPONSE_OBSERVED,STARTTLS_NOT_OBSERVED,TLS_NOT_OBSERVED,CERTIFICATE_NOT_OBSERVED_NO_TLS,587,success,smtp,1,1,0,0,0,,,,,,,,,,,,,,,,,,,,,,,,,,,0,,,,,,,,,,,,,,,,,,,,,,,,,,,,,,,,,,,,,,,,,,,,,,,,,1,0
zgrab_France_587.json:16,zgrab_real,zgrab_France_587.json,16,France,SMTP_RESPONSE_OBSERVED,STARTTLS_NOT_OBSERVED,TLS_NOT_OBSERVED,CERTIFICATE_NOT_OBSERVED_NO_TLS,587,success,smtp,1,1,0,0,0,,,,,,,,,,,,,,,,,,,,,,,,,,,0,,,,,,,,,,,,,,,,,,,,,,,,,,,,,,,,,,,,,,,,,,,,,,,,,1,0
zgrab_France_587.json:17,zgrab_real,zgrab_France_587.json,17,France,SMTP_RESPONSE_OBSERVED,STARTTLS_NOT_OBSERVED,TLS_NOT_OBSERVED,CERTIFICATE_NOT_OBSERVED_NO_TLS,587,success,smtp,1,1,0,0,0,,,,,,,,,,,,,,,,,,,,,,,,,,,0,,,,,,,,,,,,,,,,,,,,,,,,,,,,,,,,,,,,,,,,,,,,,,,,,1,0
zgrab_France_587.json:18,zgrab_real,zgrab_France_587.json,18,France,SMTP_RESPONSE_OBSERVED,STARTTLS_NOT_OBSERVED,TLS_NOT_OBSERVED,CERTIFICATE_NOT_OBSERVED_NO_TLS,587,success,smtp,1,1,0,0,0,,,,,,,,,,,,,,,,,,,,,,,,,,,0,,,,,,,,,,,,,,,,,,,,,,,,,,,,,,,,,,,,,,,,,,,,,,,,,1,0
zgrab_France_587.json:19,zgrab_real,zgrab_France_587.json,19,France,SMTP_RESPONSE_OBSERVED,STARTTLS_NOT_OBSERVED,TLS_NOT_OBSERVED,CERTIFICATE_NOT_OBSERVED_NO_TLS,587,success,smtp,1,1,0,0,0,,,,,,,,,,,,,,,,,,,,,,,,,,,0,,,,,,,,,,,,,,,,,,,,,,,,,,,,,,,,,,,,,,,,,,,,,,,,,1,0
zgrab_France_587.json:20,zgrab_real,zgrab_France_587.json,20,France,SMTP_RESPONSE_OBSERVED,STARTTLS_NOT_OBSERVED,TLS_NOT_OBSERVED,CERTIFICATE_NOT_OBSERVED_NO_TLS,587,success,smtp,1,1,0,0,0,,,,,,,,,,,,,,,,,,,,,,,,,,,0,,,,,,,,,,,,,,,,,,,,,,,,,,,,,,,,,,,,,,,,,,,,,,,,,1,0
zgrab_France_587.json:21,zgrab_real,zgrab_France_587.json,21,France,SMTP_RESPONSE_OBSERVED,STARTTLS_NOT_OBSERVED,TLS_NOT_OBSERVED,CERTIFICATE_NOT_OBSERVED_NO_TLS,587,success,smtp,1,1,0,0,0,,,,,,,,,,,,,,,,,,,,,,,,,,,0,,,,,,,,,,,,,,,,,,,,,,,,,,,,,,,,,,,,,,,,,,,,,,,,,1,0
zgrab_France_587.json:22,zgrab_real,zgrab_France_587.json,22,France,SMTP_RESPONSE_OBSERVED,STARTTLS_NOT_OBSERVED,TLS_NOT_OBSERVED,CERTIFICATE_NOT_OBSERVED_NO_TLS,587,success,smtp,1,1,0,0,0,,,,,,,,,,,,,,,,,,,,,,,,,,,0,,,,,,,,,,,,,,,,,,,,,,,,,,,,,,,,,,,,,,,,,,,,,,,,,1,0
zgrab_France_587.json:23,zgrab_real,zgrab_France_587.json,23,France,SMTP_RESPONSE_OBSERVED,STARTTLS_NOT_OBSERVED,TLS_NOT_OBSERVED,CERTIFICATE_NOT_OBSERVED_NO_TLS,587,success,smtp,1,1,0,0,0,,,,,,,,,,,,,,,,,,,,,,,,,,,0,,,,,,,,,,,,,,,,,,,,,,,,,,,,,,,,,,,,,,,,,,,,,,,,,1,0
zgrab_France_587.json:24,zgrab_real,zgrab_France_587.json,24,France,SMTP_RESPONSE_OBSERVED,STARTTLS_NOT_OBSERVED,TLS_NOT_OBSERVED,CERTIFICATE_NOT_OBSERVED_NO_TLS,587,success,smtp,1,1,0,0,0,,,,,,,,,,,,,,,,,,,,,,,,,,,0,,,,,,,,,,,,,,,,,,,,,,,,,,,,,,,,,,,,,,,,,,,,,,,,,1,0
zgrab_France_587.json:25,zgrab_real,zgrab_France_587.json,25,France,SMTP_RESPONSE_OBSERVED,STARTTLS_NOT_OBSERVED,TLS_NOT_OBSERVED,CERTIFICATE_NOT_OBSERVED_NO_TLS,587,success,smtp,1,1,0,0,0,,,,,,,,,,,,,,,,,,,,,,,,,,,0,,,,,,,,,,,,,,,,,,,,,,,,,,,,,,,,,,,,,,,,,,,,,,,,,1,0
zgrab_France_587.json:26,zgrab_real,zgrab_France_587.json,26,France,SMTP_RESPONSE_OBSERVED,STARTTLS_NOT_OBSERVED,TLS_NOT_OBSERVED,CERTIFICATE_NOT_OBSERVED_NO_TLS,587,success,smtp,1,1,0,0,0,,,,,,,,,,,,,,,,,,,,,,,,,,,0,,,,,,,,,,,,,,,,,,,,,,,,,,,,,,,,,,,,,,,,,,,,,,,,,1,0
zgrab_France_587.json:27,zgrab_real,zgrab_France_587.json,27,France,SMTP_RESPONSE_OBSERVED,STARTTLS_NOT_OBSERVED,TLS_NOT_OBSERVED,CERTIFICATE_NOT_OBSERVED_NO_TLS,587,success,smtp,1,1,0,0,0,,,,,,,,,,,,,,,,,,,,,,,,,,,0,,,,,,,,,,,,,,,,,,,,,,,,,,,,,,,,,,,,,,,,,,,,,,,,,1,0
zgrab_France_587.json:28,zgrab_real,zgrab_France_587.json,28,France,SMTP_RESPONSE_OBSERVED,STARTTLS_NOT_OBSERVED,TLS_NOT_OBSERVED,CERTIFICATE_NOT_OBSERVED_NO_TLS,587,success,smtp,1,1,0,0,0,,,,,,,,,,,,,,,,,,,,,,,,,,,0,,,,,,,,,,,,,,,,,,,,,,,,,,,,,,,,,,,,,,,,,,,,,,,,,1,0
zgrab_France_587.json:29,zgrab_real,zgrab_France_587.json,29,France,SMTP_RESPONSE_OBSERVED,STARTTLS_NOT_OBSERVED,TLS_NOT_OBSERVED,CERTIFICATE_NOT_OBSERVED_NO_TLS,587,success,smtp,1,1,0,0,0,,,,,,,,,,,,,,,,,,,,,,,,,,,0,,,,,,,,,,,,,,,,,,,,,,,,,,,,,,,,,,,,,,,,,,,,,,,,,1,0
zgrab_France_587.json:30,zgrab_real,zgrab_France_587.json,30,France,SMTP_RESPONSE_OBSERVED,TLS_HANDSHAKE_SUCCEEDED,HANDSHAKE_SUCCEEDED,CERTIFICATE_OBSERVED,587,success,smtp,1,1,1,1,1,TLSv1.2,TLSv1.3,TLS_AES_256_GCM_SHA384,x25519,2,1,1,0,0,0,0,0,0,0,0,1,1,0,0,0,1,0,0,1,0,0,1,True,ECDSA,,,256,P-256,ECDSA-SHA384,0,0,1,0,DV,False,6,0,26,6,False,True,,True,,,1,10,89.99998842592592,1.4085300925925925,0,0,3,0,1,0,1,1,2,1,1,1,1,1,0,0,0,0,0,0,0,0,1
zgrab_France_587.json:31,zgrab_real,zgrab_France_587.json,31,France,SMTP_RESPONSE_OBSERVED,STARTTLS_NOT_OBSERVED,TLS_NOT_OBSERVED,CERTIFICATE_NOT_OBSERVED_NO_TLS,587,success,smtp,1,1,0,0,0,,,,,,,,,,,,,,,,,,,,,,,,,,,0,,,,,,,,,,,,,,,,,,,,,,,,,,,,,,,,,,,,,,,,,,,,,,,,,1,0
zgrab_France_587.json:32,zgrab_real,zgrab_France_587.json,32,France,SMTP_RESPONSE_OBSERVED,STARTTLS_NOT_OBSERVED,TLS_NOT_OBSERVED,CERTIFICATE_NOT_OBSERVED_NO_TLS,587,success,smtp,1,1,0,0,0,,,,,,,,,,,,,,,,,,,,,,,,,,,0,,,,,,,,,,,,,,,,,,,,,,,,,,,,,,,,,,,,,,,,,,,,,,,,,1,0
zgrab_France_587.json:33,zgrab_real,zgrab_France_587.json,33,France,SMTP_RESPONSE_OBSERVED,STARTTLS_NOT_OBSERVED,TLS_NOT_OBSERVED,CERTIFICATE_NOT_OBSERVED_NO_TLS,587,success,smtp,1,1,0,0,0,,,,,,,,,,,,,,,,,,,,,,,,,,,0,,,,,,,,,,,,,,,,,,,,,,,,,,,,,,,,,,,,,,,,,,,,,,,,,1,0
zgrab_France_587.json:34,zgrab_real,zgrab_France_587.json,34,France,SMTP_RESPONSE_OBSERVED,TLS_HANDSHAKE_SUCCEEDED,HANDSHAKE_SUCCEEDED,CERTIFICATE_OBSERVED,587,success,smtp,1,1,1,1,1,TLSv1.2,TLSv1.3,TLS_CHACHA20_POLY1305_SHA256,x25519,2,1,1,0,0,0,0,0,0,0,0,1,1,0,0,0,1,0,0,1,0,0,1,True,RSA,2048,65537,,,SHA256-RSA,0,1,0,0,DV,False,1,0,23,1,False,True,,True,True,,2,10,89.99998842592592,78.43866898148148,0,0,2,0,1,0,1,1,2,1,1,1,1,1,0,0,0,0,0,0,0,0,1
zgrab_France_587.json:35,zgrab_real,zgrab_France_587.json,35,France,SMTP_RESPONSE_OBSERVED,STARTTLS_NOT_OBSERVED,TLS_NOT_OBSERVED,CERTIFICATE_NOT_OBSERVED_NO_TLS,587,success,smtp,1,1,0,0,0,,,,,,,,,,,,,,,,,,,,,,,,,,,0,,,,,,,,,,,,,,,,,,,,,,,,,,,,,,,,,,,,,,,,,,,,,,,,,1,0
zgrab_France_587.json:36,zgrab_real,zgrab_France_587.json,36,France,SMTP_RESPONSE_OBSERVED,STARTTLS_NOT_OBSERVED,TLS_NOT_OBSERVED,CERTIFICATE_NOT_OBSERVED_NO_TLS,587,success,smtp,1,1,0,0,0,,,,,,,,,,,,,,,,,,,,,,,,,,,0,,,,,,,,,,,,,,,,,,,,,,,,,,,,,,,,,,,,,,,,,,,,,,,,,1,0
zgrab_France_587.json:37,zgrab_real,zgrab_France_587.json,37,France,SMTP_RESPONSE_OBSERVED,STARTTLS_NOT_OBSERVED,TLS_NOT_OBSERVED,CERTIFICATE_NOT_OBSERVED_NO_TLS,587,success,smtp,1,1,0,0,0,,,,,,,,,,,,,,,,,,,,,,,,,,,0,,,,,,,,,,,,,,,,,,,,,,,,,,,,,,,,,,,,,,,,,,,,,,,,,1,0
zgrab_France_587.json:38,zgrab_real,zgrab_France_587.json,38,France,SMTP_RESPONSE_OBSERVED,TLS_HANDSHAKE_SUCCEEDED,HANDSHAKE_SUCCEEDED,CERTIFICATE_OBSERVED,587,success,smtp,1,1,1,1,1,TLSv1.2,TLSv1.3,TLS_CHACHA20_POLY1305_SHA256,x25519,2,1,1,0,0,0,0,0,0,0,0,1,1,0,0,0,1,0,0,1,0,0,1,True,RSA,2048,65537,,,SHA256-RSA,0,1,0,0,DV,False,1,0,24,1,False,True,,True,True,,2,10,89.99998842592592,61.10951388888889,0,0,2,0,1,0,1,1,2,1,1,1,1,1,0,0,0,0,0,0,0,0,1
zgrab_France_587.json:39,zgrab_real,zgrab_France_587.json,39,France,SMTP_RESPONSE_OBSERVED,STARTTLS_NOT_OBSERVED,TLS_NOT_OBSERVED,CERTIFICATE_NOT_OBSERVED_NO_TLS,587,success,smtp,1,1,0,0,0,,,,,,,,,,,,,,,,,,,,,,,,,,,0,,,,,,,,,,,,,,,,,,,,,,,,,,,,,,,,,,,,,,,,,,,,,,,,,1,0
zgrab_France_587.json:40,zgrab_real,zgrab_France_587.json,40,France,SMTP_RESPONSE_OBSERVED,STARTTLS_NOT_OBSERVED,TLS_NOT_OBSERVED,CERTIFICATE_NOT_OBSERVED_NO_TLS,587,success,smtp,1,1,0,0,0,,,,,,,,,,,,,,,,,,,,,,,,,,,0,,,,,,,,,,,,,,,,,,,,,,,,,,,,,,,,,,,,,,,,,,,,,,,,,1,0
zgrab_France_587.json:41,zgrab_real,zgrab_France_587.json,41,France,SMTP_RESPONSE_OBSERVED,STARTTLS_NOT_OBSERVED,TLS_NOT_OBSERVED,CERTIFICATE_NOT_OBSERVED_NO_TLS,587,success,smtp,1,1,0,0,0,,,,,,,,,,,,,,,,,,,,,,,,,,,0,,,,,,,,,,,,,,,,,,,,,,,,,,,,,,,,,,,,,,,,,,,,,,,,,1,0
zgrab_France_587.json:42,zgrab_real,zgrab_France_587.json,42,France,SMTP_RESPONSE_OBSERVED,STARTTLS_NOT_OBSERVED,TLS_NOT_OBSERVED,CERTIFICATE_NOT_OBSERVED_NO_TLS,587,success,smtp,1,0,0,0,0,,,,,,,,,,,,,,,,,,,,,,,,,,,0,,,,,,,,,,,,,,,,,,,,,,,,,,,,,,,,,,,,,,,,,,,,,,,,,1,0
zgrab_France_587.json:43,zgrab_real,zgrab_France_587.json,43,France,SMTP_RESPONSE_OBSERVED,STARTTLS_NOT_OBSERVED,TLS_NOT_OBSERVED,CERTIFICATE_NOT_OBSERVED_NO_TLS,587,success,smtp,1,1,0,0,0,,,,,,,,,,,,,,,,,,,,,,,,,,,0,,,,,,,,,,,,,,,,,,,,,,,,,,,,,,,,,,,,,,,,,,,,,,,,,1,0
zgrab_France_587.json:44,zgrab_real,zgrab_France_587.json,44,France,SMTP_RESPONSE_OBSERVED,STARTTLS_NOT_OBSERVED,TLS_NOT_OBSERVED,CERTIFICATE_NOT_OBSERVED_NO_TLS,587,success,smtp,1,1,0,0,0,,,,,,,,,,,,,,,,,,,,,,,,,,,0,,,,,,,,,,,,,,,,,,,,,,,,,,,,,,,,,,,,,,,,,,,,,,,,,1,0
zgrab_France_587.json:45,zgrab_real,zgrab_France_587.json,45,France,SMTP_RESPONSE_OBSERVED,STARTTLS_NOT_OBSERVED,TLS_NOT_OBSERVED,CERTIFICATE_NOT_OBSERVED_NO_TLS,587,success,smtp,1,1,0,0,0,,,,,,,,,,,,,,,,,,,,,,,,,,,0,,,,,,,,,,,,,,,,,,,,,,,,,,,,,,,,,,,,,,,,,,,,,,,,,1,0
zgrab_France_587.json:46,zgrab_real,zgrab_France_587.json,46,France,SMTP_RESPONSE_OBSERVED,STARTTLS_NOT_OBSERVED,TLS_NOT_OBSERVED,CERTIFICATE_NOT_OBSERVED_NO_TLS,587,success,smtp,1,1,0,0,0,,,,,,,,,,,,,,,,,,,,,,,,,,,0,,,,,,,,,,,,,,,,,,,,,,,,,,,,,,,,,,,,,,,,,,,,,,,,,1,0
zgrab_France_587.json:47,zgrab_real,zgrab_France_587.json,47,France,SMTP_RESPONSE_OBSERVED,STARTTLS_NOT_OBSERVED,TLS_NOT_OBSERVED,CERTIFICATE_NOT_OBSERVED_NO_TLS,587,success,smtp,1,1,0,0,0,,,,,,,,,,,,,,,,,,,,,,,,,,,0,,,,,,,,,,,,,,,,,,,,,,,,,,,,,,,,,,,,,,,,,,,,,,,,,1,0
zgrab_France_587.json:48,zgrab_real,zgrab_France_587.json,48,France,SMTP_RESPONSE_OBSERVED,TLS_HANDSHAKE_SUCCEEDED,HANDSHAKE_SUCCEEDED,CERTIFICATE_OBSERVED,587,success,smtp,1,1,1,1,1,TLSv1.2,TLSv1.3,TLS_CHACHA20_POLY1305_SHA256,x25519,2,1,1,0,0,0,0,0,0,0,0,1,1,0,0,0,1,0,0,1,0,0,1,True,RSA,2048,65537,,,SHA256-RSA,0,1,0,0,DV,False,1,0,19,1,False,True,,True,True,,2,10,89.99998842592592,53.464502314814816,0,0,2,0,1,0,1,1,2,1,1,1,1,1,0,0,0,0,0,0,0,0,1
zgrab_France_587.json:49,zgrab_real,zgrab_France_587.json,49,France,SMTP_RESPONSE_OBSERVED,STARTTLS_NOT_OBSERVED,TLS_NOT_OBSERVED,CERTIFICATE_NOT_OBSERVED_NO_TLS,587,success,smtp,1,1,0,0,0,,,,,,,,,,,,,,,,,,,,,,,,,,,0,,,,,,,,,,,,,,,,,,,,,,,,,,,,,,,,,,,,,,,,,,,,,,,,,1,0
zgrab_France_587.json:50,zgrab_real,zgrab_France_587.json,50,France,SMTP_RESPONSE_OBSERVED,STARTTLS_NOT_OBSERVED,TLS_NOT_OBSERVED,CERTIFICATE_NOT_OBSERVED_NO_TLS,587,success,smtp,1,1,0,0,0,,,,,,,,,,,,,,,,,,,,,,,,,,,0,,,,,,,,,,,,,,,,,,,,,,,,,,,,,,,,,,,,,,,,,,,,,,,,,1,0
zgrab_France_587.json:51,zgrab_real,zgrab_France_587.json,51,France,SMTP_RESPONSE_OBSERVED,STARTTLS_NOT_OBSERVED,TLS_NOT_OBSERVED,CERTIFICATE_NOT_OBSERVED_NO_TLS,587,success,smtp,1,1,0,0,0,,,,,,,,,,,,,,,,,,,,,,,,,,,0,,,,,,,,,,,,,,,,,,,,,,,,,,,,,,,,,,,,,,,,,,,,,,,,,1,0
zgrab_France_587.json:52,zgrab_real,zgrab_France_587.json,52,France,SMTP_RESPONSE_OBSERVED,TLS_HANDSHAKE_SUCCEEDED,HANDSHAKE_SUCCEEDED,CERTIFICATE_OBSERVED,587,success,smtp,1,1,1,1,1,TLSv1.2,,TLS_ECDHE_RSA_WITH_AES_128_GCM_SHA256,,2,0,0,1,1,0,0,0,0,0,0,1,1,0,0,1,1,0,0,1,0,0,1,False,RSA,2048,65537,,,SHA256-RSA,0,1,0,0,DV,False,1,0,17,1,False,True,True,True,True,,2,9,89.99998842592592,-1475.5748263888888,1,0,2,1,1,1,2,1,2,1,0,0,1,1,0,0,0,0,0,0,1,0,1
zgrab_France_587.json:53,zgrab_real,zgrab_France_587.json,53,France,SMTP_RESPONSE_OBSERVED,STARTTLS_NOT_OBSERVED,TLS_NOT_OBSERVED,CERTIFICATE_NOT_OBSERVED_NO_TLS,587,success,smtp,1,1,0,0,0,,,,,,,,,,,,,,,,,,,,,,,,,,,0,,,,,,,,,,,,,,,,,,,,,,,,,,,,,,,,,,,,,,,,,,,,,,,,,1,0
zgrab_France_587.json:54,zgrab_real,zgrab_France_587.json,54,France,SMTP_RESPONSE_OBSERVED,STARTTLS_NOT_OBSERVED,TLS_NOT_OBSERVED,CERTIFICATE_NOT_OBSERVED_NO_TLS,587,success,smtp,1,1,0,0,0,,,,,,,,,,,,,,,,,,,,,,,,,,,0,,,,,,,,,,,,,,,,,,,,,,,,,,,,,,,,,,,,,,,,,,,,,,,,,1,0
zgrab_France_587.json:55,zgrab_real,zgrab_France_587.json,55,France,SMTP_RESPONSE_OBSERVED,STARTTLS_NOT_OBSERVED,TLS_NOT_OBSERVED,CERTIFICATE_NOT_OBSERVED_NO_TLS,587,success,smtp,1,1,0,0,0,,,,,,,,,,,,,,,,,,,,,,,,,,,0,,,,,,,,,,,,,,,,,,,,,,,,,,,,,,,,,,,,,,,,,,,,,,,,,1,0
zgrab_France_587.json:56,zgrab_real,zgrab_France_587.json,56,France,SMTP_RESPONSE_OBSERVED,STARTTLS_NOT_OBSERVED,TLS_NOT_OBSERVED,CERTIFICATE_NOT_OBSERVED_NO_TLS,587,success,smtp,1,1,0,0,0,,,,,,,,,,,,,,,,,,,,,,,,,,,0,,,,,,,,,,,,,,,,,,,,,,,,,,,,,,,,,,,,,,,,,,,,,,,,,1,0
zgrab_France_587.json:57,zgrab_real,zgrab_France_587.json,57,France,SMTP_RESPONSE_OBSERVED,STARTTLS_NOT_OBSERVED,TLS_NOT_OBSERVED,CERTIFICATE_NOT_OBSERVED_NO_TLS,587,success,smtp,1,0,0,0,0,,,,,,,,,,,,,,,,,,,,,,,,,,,0,,,,,,,,,,,,,,,,,,,,,,,,,,,,,,,,,,,,,,,,,,,,,,,,,1,0
zgrab_France_587.json:58,zgrab_real,zgrab_France_587.json,58,France,SMTP_RESPONSE_OBSERVED,STARTTLS_NOT_OBSERVED,TLS_NOT_OBSERVED,CERTIFICATE_NOT_OBSERVED_NO_TLS,587,success,smtp,1,1,0,0,0,,,,,,,,,,,,,,,,,,,,,,,,,,,0,,,,,,,,,,,,,,,,,,,,,,,,,,,,,,,,,,,,,,,,,,,,,,,,,1,0
zgrab_France_587.json:59,zgrab_real,zgrab_France_587.json,59,France,SMTP_RESPONSE_OBSERVED,STARTTLS_NOT_OBSERVED,TLS_NOT_OBSERVED,CERTIFICATE_NOT_OBSERVED_NO_TLS,587,success,smtp,1,0,0,0,0,,,,,,,,,,,,,,,,,,,,,,,,,,,0,,,,,,,,,,,,,,,,,,,,,,,,,,,,,,,,,,,,,,,,,,,,,,,,,1,0
zgrab_France_587.json:60,zgrab_real,zgrab_France_587.json,60,France,SMTP_RESPONSE_OBSERVED,STARTTLS_NOT_OBSERVED,TLS_NOT_OBSERVED,CERTIFICATE_NOT_OBSERVED_NO_TLS,587,success,smtp,1,1,0,0,0,,,,,,,,,,,,,,,,,,,,,,,,,,,0,,,,,,,,,,,,,,,,,,,,,,,,,,,,,,,,,,,,,,,,,,,,,,,,,1,0
zgrab_France_587.json:61,zgrab_real,zgrab_France_587.json,61,France,SMTP_RESPONSE_OBSERVED,STARTTLS_NOT_OBSERVED,TLS_NOT_OBSERVED,CERTIFICATE_NOT_OBSERVED_NO_TLS,587,success,smtp,1,1,0,0,0,,,,,,,,,,,,,,,,,,,,,,,,,,,0,,,,,,,,,,,,,,,,,,,,,,,,,,,,,,,,,,,,,,,,,,,,,,,,,1,0
zgrab_France_587.json:62,zgrab_real,zgrab_France_587.json,62,France,SMTP_RESPONSE_OBSERVED,STARTTLS_NOT_OBSERVED,TLS_NOT_OBSERVED,CERTIFICATE_NOT_OBSERVED_NO_TLS,587,success,smtp,1,0,0,0,0,,,,,,,,,,,,,,,,,,,,,,,,,,,0,,,,,,,,,,,,,,,,,,,,,,,,,,,,,,,,,,,,,,,,,,,,,,,,,1,0
zgrab_France_587.json:63,zgrab_real,zgrab_France_587.json,63,France,SMTP_RESPONSE_OBSERVED,STARTTLS_NOT_OBSERVED,TLS_NOT_OBSERVED,CERTIFICATE_NOT_OBSERVED_NO_TLS,587,success,smtp,1,1,0,0,0,,,,,,,,,,,,,,,,,,,,,,,,,,,0,,,,,,,,,,,,,,,,,,,,,,,,,,,,,,,,,,,,,,,,,,,,,,,,,1,0
zgrab_France_587.json:64,zgrab_real,zgrab_France_587.json,64,France,SMTP_RESPONSE_OBSERVED,STARTTLS_NOT_OBSERVED,TLS_NOT_OBSERVED,CERTIFICATE_NOT_OBSERVED_NO_TLS,587,success,smtp,1,0,0,0,0,,,,,,,,,,,,,,,,,,,,,,,,,,,0,,,,,,,,,,,,,,,,,,,,,,,,,,,,,,,,,,,,,,,,,,,,,,,,,1,0
zgrab_France_587.json:65,zgrab_real,zgrab_France_587.json,65,France,SMTP_RESPONSE_OBSERVED,STARTTLS_NOT_OBSERVED,TLS_NOT_OBSERVED,CERTIFICATE_NOT_OBSERVED_NO_TLS,587,success,smtp,1,0,0,0,0,,,,,,,,,,,,,,,,,,,,,,,,,,,0,,,,,,,,,,,,,,,,,,,,,,,,,,,,,,,,,,,,,,,,,,,,,,,,,1,0
zgrab_France_587.json:66,zgrab_real,zgrab_France_587.json,66,France,SMTP_RESPONSE_OBSERVED,STARTTLS_NOT_OBSERVED,TLS_NOT_OBSERVED,CERTIFICATE_NOT_OBSERVED_NO_TLS,587,success,smtp,1,1,0,0,0,,,,,,,,,,,,,,,,,,,,,,,,,,,0,,,,,,,,,,,,,,,,,,,,,,,,,,,,,,,,,,,,,,,,,,,,,,,,,1,0
zgrab_France_587.json:67,zgrab_real,zgrab_France_587.json,67,France,SMTP_RESPONSE_OBSERVED,STARTTLS_NOT_OBSERVED,TLS_NOT_OBSERVED,CERTIFICATE_NOT_OBSERVED_NO_TLS,587,success,smtp,1,1,0,0,0,,,,,,,,,,,,,,,,,,,,,,,,,,,0,,,,,,,,,,,,,,,,,,,,,,,,,,,,,,,,,,,,,,,,,,,,,,,,,1,0
zgrab_France_587.json:68,zgrab_real,zgrab_France_587.json,68,France,SMTP_RESPONSE_OBSERVED,STARTTLS_NOT_OBSERVED,TLS_NOT_OBSERVED,CERTIFICATE_NOT_OBSERVED_NO_TLS,587,success,smtp,1,1,0,0,0,,,,,,,,,,,,,,,,,,,,,,,,,,,0,,,,,,,,,,,,,,,,,,,,,,,,,,,,,,,,,,,,,,,,,,,,,,,,,1,0
zgrab_France_587.json:69,zgrab_real,zgrab_France_587.json,69,France,SMTP_RESPONSE_OBSERVED,STARTTLS_NOT_OBSERVED,TLS_NOT_OBSERVED,CERTIFICATE_NOT_OBSERVED_NO_TLS,587,success,smtp,1,0,0,0,0,,,,,,,,,,,,,,,,,,,,,,,,,,,0,,,,,,,,,,,,,,,,,,,,,,,,,,,,,,,,,,,,,,,,,,,,,,,,,1,0
zgrab_France_587.json:70,zgrab_real,zgrab_France_587.json,70,France,SMTP_RESPONSE_OBSERVED,STARTTLS_NOT_OBSERVED,TLS_NOT_OBSERVED,CERTIFICATE_NOT_OBSERVED_NO_TLS,587,success,smtp,1,1,0,0,0,,,,,,,,,,,,,,,,,,,,,,,,,,,0,,,,,,,,,,,,,,,,,,,,,,,,,,,,,,,,,,,,,,,,,,,,,,,,,1,0
zgrab_France_587.json:71,zgrab_real,zgrab_France_587.json,71,France,SMTP_RESPONSE_OBSERVED,STARTTLS_NOT_OBSERVED,TLS_NOT_OBSERVED,CERTIFICATE_NOT_OBSERVED_NO_TLS,587,success,smtp,1,0,0,0,0,,,,,,,,,,,,,,,,,,,,,,,,,,,0,,,,,,,,,,,,,,,,,,,,,,,,,,,,,,,,,,,,,,,,,,,,,,,,,1,0
zgrab_France_587.json:72,zgrab_real,zgrab_France_587.json,72,France,SMTP_RESPONSE_OBSERVED,STARTTLS_NOT_OBSERVED,TLS_NOT_OBSERVED,CERTIFICATE_NOT_OBSERVED_NO_TLS,587,success,smtp,1,1,0,0,0,,,,,,,,,,,,,,,,,,,,,,,,,,,0,,,,,,,,,,,,,,,,,,,,,,,,,,,,,,,,,,,,,,,,,,,,,,,,,1,0
zgrab_France_587.json:73,zgrab_real,zgrab_France_587.json,73,France,SMTP_RESPONSE_OBSERVED,STARTTLS_NOT_OBSERVED,TLS_NOT_OBSERVED,CERTIFICATE_NOT_OBSERVED_NO_TLS,587,success,smtp,1,1,0,0,0,,,,,,,,,,,,,,,,,,,,,,,,,,,0,,,,,,,,,,,,,,,,,,,,,,,,,,,,,,,,,,,,,,,,,,,,,,,,,1,0
zgrab_France_587.json:74,zgrab_real,zgrab_France_587.json,74,France,SMTP_RESPONSE_OBSERVED,STARTTLS_NOT_OBSERVED,TLS_NOT_OBSERVED,CERTIFICATE_NOT_OBSERVED_NO_TLS,587,success,smtp,1,1,0,0,0,,,,,,,,,,,,,,,,,,,,,,,,,,,0,,,,,,,,,,,,,,,,,,,,,,,,,,,,,,,,,,,,,,,,,,,,,,,,,1,0
zgrab_France_587.json:75,zgrab_real,zgrab_France_587.json,75,France,SMTP_RESPONSE_OBSERVED,STARTTLS_NOT_OBSERVED,TLS_NOT_OBSERVED,CERTIFICATE_NOT_OBSERVED_NO_TLS,587,success,smtp,1,1,0,0,0,,,,,,,,,,,,,,,,,,,,,,,,,,,0,,,,,,,,,,,,,,,,,,,,,,,,,,,,,,,,,,,,,,,,,,,,,,,,,1,0
zgrab_France_587.json:76,zgrab_real,zgrab_France_587.json,76,France,SMTP_RESPONSE_OBSERVED,TLS_HANDSHAKE_SUCCEEDED,HANDSHAKE_SUCCEEDED,CERTIFICATE_OBSERVED,587,success,smtp,1,1,1,1,1,TLSv1.2,TLSv1.3,TLS_CHACHA20_POLY1305_SHA256,x25519,2,1,1,0,0,0,0,0,0,0,0,1,1,0,0,0,1,0,0,1,0,0,1,True,RSA,2048,65537,,,SHA256-RSA,0,1,0,0,DV,False,13,0,29,13,False,True,,True,True,,2,10,89.99998842592592,66.2142361111111,0,0,2,0,1,0,1,1,2,1,1,1,1,1,0,0,0,0,0,0,0,0,1
zgrab_France_587.json:77,zgrab_real,zgrab_France_587.json,77,France,SMTP_RESPONSE_OBSERVED,STARTTLS_NOT_OBSERVED,TLS_NOT_OBSERVED,CERTIFICATE_NOT_OBSERVED_NO_TLS,587,success,smtp,1,1,0,0,0,,,,,,,,,,,,,,,,,,,,,,,,,,,0,,,,,,,,,,,,,,,,,,,,,,,,,,,,,,,,,,,,,,,,,,,,,,,,,1,0
zgrab_France_587.json:78,zgrab_real,zgrab_France_587.json,78,France,SMTP_PROBE_FAILED,STARTTLS_NOT_OBSERVED,TLS_NOT_OBSERVED,CERTIFICATE_NOT_OBSERVED_NO_TLS,587,connection-timeout,smtp,0,0,0,0,0,,,,,,,,,,,,,,,,,,,,,,,,,,,0,,,,,,,,,,,,,,,,,,,,,,,,,,,,,,,,,,,,,,,,,,,,,,,,,0,0
zgrab_France_587.json:79,zgrab_real,zgrab_France_587.json,79,France,SMTP_RESPONSE_OBSERVED,STARTTLS_NOT_OBSERVED,TLS_NOT_OBSERVED,CERTIFICATE_NOT_OBSERVED_NO_TLS,587,success,smtp,1,1,0,0,0,,,,,,,,,,,,,,,,,,,,,,,,,,,0,,,,,,,,,,,,,,,,,,,,,,,,,,,,,,,,,,,,,,,,,,,,,,,,,1,0
zgrab_France_587.json:80,zgrab_real,zgrab_France_587.json,80,France,SMTP_RESPONSE_OBSERVED,STARTTLS_NOT_OBSERVED,TLS_NOT_OBSERVED,CERTIFICATE_NOT_OBSERVED_NO_TLS,587,success,smtp,1,1,0,0,0,,,,,,,,,,,,,,,,,,,,,,,,,,,0,,,,,,,,,,,,,,,,,,,,,,,,,,,,,,,,,,,,,,,,,,,,,,,,,1,0
zgrab_France_587.json:81,zgrab_real,zgrab_France_587.json,81,France,SMTP_RESPONSE_OBSERVED,STARTTLS_NOT_OBSERVED,TLS_NOT_OBSERVED,CERTIFICATE_NOT_OBSERVED_NO_TLS,587,success,smtp,1,1,0,0,0,,,,,,,,,,,,,,,,,,,,,,,,,,,0,,,,,,,,,,,,,,,,,,,,,,,,,,,,,,,,,,,,,,,,,,,,,,,,,1,0
zgrab_France_587.json:82,zgrab_real,zgrab_France_587.json,82,France,SMTP_RESPONSE_OBSERVED,STARTTLS_NOT_OBSERVED,TLS_NOT_OBSERVED,CERTIFICATE_NOT_OBSERVED_NO_TLS,587,success,smtp,1,1,0,0,0,,,,,,,,,,,,,,,,,,,,,,,,,,,0,,,,,,,,,,,,,,,,,,,,,,,,,,,,,,,,,,,,,,,,,,,,,,,,,1,0
zgrab_France_587.json:83,zgrab_real,zgrab_France_587.json,83,France,SMTP_RESPONSE_OBSERVED,STARTTLS_NOT_OBSERVED,TLS_NOT_OBSERVED,CERTIFICATE_NOT_OBSERVED_NO_TLS,587,success,smtp,1,1,0,0,0,,,,,,,,,,,,,,,,,,,,,,,,,,,0,,,,,,,,,,,,,,,,,,,,,,,,,,,,,,,,,,,,,,,,,,,,,,,,,1,0
zgrab_France_587.json:84,zgrab_real,zgrab_France_587.json,84,France,SMTP_RESPONSE_OBSERVED,STARTTLS_NOT_OBSERVED,TLS_NOT_OBSERVED,CERTIFICATE_NOT_OBSERVED_NO_TLS,587,success,smtp,1,1,0,0,0,,,,,,,,,,,,,,,,,,,,,,,,,,,0,,,,,,,,,,,,,,,,,,,,,,,,,,,,,,,,,,,,,,,,,,,,,,,,,1,0
zgrab_France_587.json:85,zgrab_real,zgrab_France_587.json,85,France,SMTP_RESPONSE_OBSERVED,STARTTLS_NOT_OBSERVED,TLS_NOT_OBSERVED,CERTIFICATE_NOT_OBSERVED_NO_TLS,587,success,smtp,1,1,0,0,0,,,,,,,,,,,,,,,,,,,,,,,,,,,0,,,,,,,,,,,,,,,,,,,,,,,,,,,,,,,,,,,,,,,,,,,,,,,,,1,0
zgrab_France_587.json:86,zgrab_real,zgrab_France_587.json,86,France,SMTP_RESPONSE_OBSERVED,STARTTLS_NOT_OBSERVED,TLS_NOT_OBSERVED,CERTIFICATE_NOT_OBSERVED_NO_TLS,587,success,smtp,1,1,0,0,0,,,,,,,,,,,,,,,,,,,,,,,,,,,0,,,,,,,,,,,,,,,,,,,,,,,,,,,,,,,,,,,,,,,,,,,,,,,,,1,0
zgrab_France_587.json:87,zgrab_real,zgrab_France_587.json,87,France,SMTP_RESPONSE_OBSERVED,TLS_HANDSHAKE_SUCCEEDED,HANDSHAKE_SUCCEEDED,CERTIFICATE_OBSERVED,587,success,smtp,1,1,1,1,1,TLSv1.2,TLSv1.3,TLS_CHACHA20_POLY1305_SHA256,x25519,2,1,1,0,0,0,0,0,0,0,0,1,1,0,0,0,1,0,0,1,0,0,1,True,RSA,2048,65537,,,SHA256-RSA,0,1,0,0,DV,False,1,0,20,1,False,True,,True,True,,2,10,89.99998842592592,71.21520833333334,0,0,2,0,1,0,1,1,2,1,1,1,1,1,0,0,0,0,0,0,0,0,1
zgrab_France_587.json:88,zgrab_real,zgrab_France_587.json,88,France,SMTP_RESPONSE_OBSERVED,STARTTLS_NOT_OBSERVED,TLS_NOT_OBSERVED,CERTIFICATE_NOT_OBSERVED_NO_TLS,587,success,smtp,1,1,0,0,0,,,,,,,,,,,,,,,,,,,,,,,,,,,0,,,,,,,,,,,,,,,,,,,,,,,,,,,,,,,,,,,,,,,,,,,,,,,,,1,0
zgrab_France_587.json:89,zgrab_real,zgrab_France_587.json,89,France,SMTP_RESPONSE_OBSERVED,STARTTLS_NOT_OBSERVED,TLS_NOT_OBSERVED,CERTIFICATE_NOT_OBSERVED_NO_TLS,587,success,smtp,1,1,0,0,0,,,,,,,,,,,,,,,,,,,,,,,,,,,0,,,,,,,,,,,,,,,,,,,,,,,,,,,,,,,,,,,,,,,,,,,,,,,,,1,0
zgrab_France_587.json:90,zgrab_real,zgrab_France_587.json,90,France,SMTP_RESPONSE_OBSERVED,STARTTLS_NOT_OBSERVED,TLS_NOT_OBSERVED,CERTIFICATE_NOT_OBSERVED_NO_TLS,587,success,smtp,1,0,0,0,0,,,,,,,,,,,,,,,,,,,,,,,,,,,0,,,,,,,,,,,,,,,,,,,,,,,,,,,,,,,,,,,,,,,,,,,,,,,,,1,0
zgrab_France_587.json:91,zgrab_real,zgrab_France_587.json,91,France,SMTP_RESPONSE_OBSERVED,STARTTLS_NOT_OBSERVED,TLS_NOT_OBSERVED,CERTIFICATE_NOT_OBSERVED_NO_TLS,587,success,smtp,1,1,0,0,0,,,,,,,,,,,,,,,,,,,,,,,,,,,0,,,,,,,,,,,,,,,,,,,,,,,,,,,,,,,,,,,,,,,,,,,,,,,,,1,0
zgrab_France_587.json:92,zgrab_real,zgrab_France_587.json,92,France,SMTP_RESPONSE_OBSERVED,STARTTLS_NOT_OBSERVED,TLS_NOT_OBSERVED,CERTIFICATE_NOT_OBSERVED_NO_TLS,587,success,smtp,1,1,0,0,0,,,,,,,,,,,,,,,,,,,,,,,,,,,0,,,,,,,,,,,,,,,,,,,,,,,,,,,,,,,,,,,,,,,,,,,,,,,,,1,0
zgrab_France_587.json:93,zgrab_real,zgrab_France_587.json,93,France,SMTP_RESPONSE_OBSERVED,TLS_HANDSHAKE_SUCCEEDED,HANDSHAKE_SUCCEEDED,CERTIFICATE_OBSERVED,587,success,smtp,1,1,1,1,1,TLSv1.2,TLSv1.3,TLS_CHACHA20_POLY1305_SHA256,x25519,2,1,1,0,0,0,0,0,0,0,0,1,1,0,0,0,1,0,0,1,0,0,1,True,RSA,2048,65537,,,SHA256-RSA,0,1,0,0,DV,False,1,0,18,1,False,True,,True,True,,2,10,89.99998842592592,82.25614583333333,0,0,2,0,1,0,1,1,2,1,1,1,1,1,0,0,0,0,0,0,0,0,1
zgrab_France_587.json:94,zgrab_real,zgrab_France_587.json,94,France,SMTP_RESPONSE_OBSERVED,STARTTLS_NOT_OBSERVED,TLS_NOT_OBSERVED,CERTIFICATE_NOT_OBSERVED_NO_TLS,587,success,smtp,1,1,0,0,0,,,,,,,,,,,,,,,,,,,,,,,,,,,0,,,,,,,,,,,,,,,,,,,,,,,,,,,,,,,,,,,,,,,,,,,,,,,,,1,0
zgrab_France_587.json:95,zgrab_real,zgrab_France_587.json,95,France,SMTP_RESPONSE_OBSERVED,STARTTLS_NOT_OBSERVED,TLS_NOT_OBSERVED,CERTIFICATE_NOT_OBSERVED_NO_TLS,587,success,smtp,1,1,0,0,0,,,,,,,,,,,,,,,,,,,,,,,,,,,0,,,,,,,,,,,,,,,,,,,,,,,,,,,,,,,,,,,,,,,,,,,,,,,,,1,0
zgrab_France_587.json:96,zgrab_real,zgrab_France_587.json,96,France,SMTP_RESPONSE_OBSERVED,STARTTLS_NOT_OBSERVED,TLS_NOT_OBSERVED,CERTIFICATE_NOT_OBSERVED_NO_TLS,587,success,smtp,1,1,0,0,0,,,,,,,,,,,,,,,,,,,,,,,,,,,0,,,,,,,,,,,,,,,,,,,,,,,,,,,,,,,,,,,,,,,,,,,,,,,,,1,0
zgrab_France_587.json:97,zgrab_real,zgrab_France_587.json,97,France,SMTP_RESPONSE_OBSERVED,TLS_HANDSHAKE_SUCCEEDED,HANDSHAKE_SUCCEEDED,CERTIFICATE_OBSERVED,587,success,smtp,1,1,1,1,1,TLSv1.2,TLSv1.3,TLS_CHACHA20_POLY1305_SHA256,x25519,2,1,1,0,0,0,0,0,0,0,0,1,1,0,0,0,1,0,0,1,0,0,1,True,RSA,2048,65537,,,SHA256-RSA,0,1,0,0,DV,False,13,0,29,13,False,True,,True,True,,2,10,89.99998842592592,66.21402777777777,0,0,2,0,1,0,1,1,2,1,1,1,1,1,0,0,0,0,0,0,0,0,1
zgrab_France_587.json:98,zgrab_real,zgrab_France_587.json,98,France,SMTP_RESPONSE_OBSERVED,STARTTLS_NOT_OBSERVED,TLS_NOT_OBSERVED,CERTIFICATE_NOT_OBSERVED_NO_TLS,587,success,smtp,1,1,0,0,0,,,,,,,,,,,,,,,,,,,,,,,,,,,0,,,,,,,,,,,,,,,,,,,,,,,,,,,,,,,,,,,,,,,,,,,,,,,,,1,0
zgrab_France_587.json:99,zgrab_real,zgrab_France_587.json,99,France,SMTP_RESPONSE_OBSERVED,STARTTLS_NOT_OBSERVED,TLS_NOT_OBSERVED,CERTIFICATE_NOT_OBSERVED_NO_TLS,587,success,smtp,1,1,0,0,0,,,,,,,,,,,,,,,,,,,,,,,,,,,0,,,,,,,,,,,,,,,,,,,,,,,,,,,,,,,,,,,,,,,,,,,,,,,,,1,0
zgrab_France_587.json:100,zgrab_real,zgrab_France_587.json,100,France,SMTP_RESPONSE_OBSERVED,STARTTLS_NOT_OBSERVED,TLS_NOT_OBSERVED,CERTIFICATE_NOT_OBSERVED_NO_TLS,587,success,smtp,1,1,0,0,0,,,,,,,,,,,,,,,,,,,,,,,,,,,0,,,,,,,,,,,,,,,,,,,,,,,,,,,,,,,,,,,,,,,,,,,,,,,,,1,0
zgrab_Germany_587.json:1,zgrab_real,zgrab_Germany_587.json,1,Germany,SMTP_RESPONSE_OBSERVED,STARTTLS_NOT_OBSERVED,TLS_NOT_OBSERVED,CERTIFICATE_NOT_OBSERVED_NO_TLS,587,success,smtp,1,1,0,0,0,,,,,,,,,,,,,,,,,,,,,,,,,,,0,,,,,,,,,,,,,,,,,,,,,,,,,,,,,,,,,,,,,,,,,,,,,,,,,1,0
zgrab_Germany_587.json:2,zgrab_real,zgrab_Germany_587.json,2,Germany,SMTP_RESPONSE_OBSERVED,TLS_HANDSHAKE_SUCCEEDED,HANDSHAKE_SUCCEEDED,CERTIFICATE_OBSERVED,587,success,smtp,1,1,1,1,1,TLSv1.2,TLSv1.3,TLS_CHACHA20_POLY1305_SHA256,x25519,2,1,1,0,0,0,0,0,0,0,0,1,1,0,0,0,1,0,0,1,0,0,1,False,RSA,4096,65537,,,SHA256-RSA,0,1,0,0,unknown,True,0,0,0,0,True,,,,,,0,3,365.0,168.61292824074073,0,0,0,0,0,0,0,0,0,0,0,0,1,1,0,0,0,0,0,0,1,0,1
zgrab_Germany_587.json:3,zgrab_real,zgrab_Germany_587.json,3,Germany,SMTP_RESPONSE_OBSERVED,STARTTLS_NOT_OBSERVED,TLS_NOT_OBSERVED,CERTIFICATE_NOT_OBSERVED_NO_TLS,587,success,smtp,1,1,0,0,0,,,,,,,,,,,,,,,,,,,,,,,,,,,0,,,,,,,,,,,,,,,,,,,,,,,,,,,,,,,,,,,,,,,,,,,,,,,,,1,0
zgrab_Germany_587.json:4,zgrab_real,zgrab_Germany_587.json,4,Germany,SMTP_RESPONSE_OBSERVED,STARTTLS_NOT_OBSERVED,TLS_NOT_OBSERVED,CERTIFICATE_NOT_OBSERVED_NO_TLS,587,success,smtp,1,1,0,0,0,,,,,,,,,,,,,,,,,,,,,,,,,,,0,,,,,,,,,,,,,,,,,,,,,,,,,,,,,,,,,,,,,,,,,,,,,,,,,1,0
zgrab_Germany_587.json:5,zgrab_real,zgrab_Germany_587.json,5,Germany,SMTP_RESPONSE_OBSERVED,STARTTLS_NOT_OBSERVED,TLS_NOT_OBSERVED,CERTIFICATE_NOT_OBSERVED_NO_TLS,587,success,smtp,1,1,0,0,0,,,,,,,,,,,,,,,,,,,,,,,,,,,0,,,,,,,,,,,,,,,,,,,,,,,,,,,,,,,,,,,,,,,,,,,,,,,,,1,0
zgrab_Germany_587.json:6,zgrab_real,zgrab_Germany_587.json,6,Germany,SMTP_RESPONSE_OBSERVED,STARTTLS_NOT_OBSERVED,TLS_NOT_OBSERVED,CERTIFICATE_NOT_OBSERVED_NO_TLS,587,success,smtp,1,1,0,0,0,,,,,,,,,,,,,,,,,,,,,,,,,,,0,,,,,,,,,,,,,,,,,,,,,,,,,,,,,,,,,,,,,,,,,,,,,,,,,1,0
zgrab_Germany_587.json:7,zgrab_real,zgrab_Germany_587.json,7,Germany,SMTP_RESPONSE_OBSERVED,STARTTLS_NOT_OBSERVED,TLS_NOT_OBSERVED,CERTIFICATE_NOT_OBSERVED_NO_TLS,587,success,smtp,1,1,0,0,0,,,,,,,,,,,,,,,,,,,,,,,,,,,0,,,,,,,,,,,,,,,,,,,,,,,,,,,,,,,,,,,,,,,,,,,,,,,,,1,0
zgrab_Germany_587.json:8,zgrab_real,zgrab_Germany_587.json,8,Germany,SMTP_RESPONSE_OBSERVED,STARTTLS_NOT_OBSERVED,TLS_NOT_OBSERVED,CERTIFICATE_NOT_OBSERVED_NO_TLS,587,success,smtp,1,1,0,0,0,,,,,,,,,,,,,,,,,,,,,,,,,,,0,,,,,,,,,,,,,,,,,,,,,,,,,,,,,,,,,,,,,,,,,,,,,,,,,1,0
zgrab_Germany_587.json:9,zgrab_real,zgrab_Germany_587.json,9,Germany,SMTP_RESPONSE_OBSERVED,STARTTLS_NOT_OBSERVED,TLS_NOT_OBSERVED,CERTIFICATE_NOT_OBSERVED_NO_TLS,587,success,smtp,1,1,0,0,0,,,,,,,,,,,,,,,,,,,,,,,,,,,0,,,,,,,,,,,,,,,,,,,,,,,,,,,,,,,,,,,,,,,,,,,,,,,,,1,0
zgrab_Germany_587.json:10,zgrab_real,zgrab_Germany_587.json,10,Germany,SMTP_RESPONSE_OBSERVED,STARTTLS_NOT_OBSERVED,TLS_NOT_OBSERVED,CERTIFICATE_NOT_OBSERVED_NO_TLS,587,success,smtp,1,1,0,0,0,,,,,,,,,,,,,,,,,,,,,,,,,,,0,,,,,,,,,,,,,,,,,,,,,,,,,,,,,,,,,,,,,,,,,,,,,,,,,1,0
zgrab_Germany_587.json:11,zgrab_real,zgrab_Germany_587.json,11,Germany,SMTP_RESPONSE_OBSERVED,STARTTLS_NOT_OBSERVED,TLS_NOT_OBSERVED,CERTIFICATE_NOT_OBSERVED_NO_TLS,587,success,smtp,1,1,0,0,0,,,,,,,,,,,,,,,,,,,,,,,,,,,0,,,,,,,,,,,,,,,,,,,,,,,,,,,,,,,,,,,,,,,,,,,,,,,,,1,0
zgrab_Germany_587.json:12,zgrab_real,zgrab_Germany_587.json,12,Germany,SMTP_RESPONSE_OBSERVED,STARTTLS_NOT_OBSERVED,TLS_NOT_OBSERVED,CERTIFICATE_NOT_OBSERVED_NO_TLS,587,success,smtp,1,1,0,0,0,,,,,,,,,,,,,,,,,,,,,,,,,,,0,,,,,,,,,,,,,,,,,,,,,,,,,,,,,,,,,,,,,,,,,,,,,,,,,1,0
zgrab_Germany_587.json:13,zgrab_real,zgrab_Germany_587.json,13,Germany,SMTP_RESPONSE_OBSERVED,STARTTLS_NOT_OBSERVED,TLS_NOT_OBSERVED,CERTIFICATE_NOT_OBSERVED_NO_TLS,587,success,smtp,1,1,0,0,0,,,,,,,,,,,,,,,,,,,,,,,,,,,0,,,,,,,,,,,,,,,,,,,,,,,,,,,,,,,,,,,,,,,,,,,,,,,,,1,0
zgrab_Germany_587.json:14,zgrab_real,zgrab_Germany_587.json,14,Germany,SMTP_RESPONSE_OBSERVED,STARTTLS_NOT_OBSERVED,TLS_NOT_OBSERVED,CERTIFICATE_NOT_OBSERVED_NO_TLS,587,success,smtp,1,1,0,0,0,,,,,,,,,,,,,,,,,,,,,,,,,,,0,,,,,,,,,,,,,,,,,,,,,,,,,,,,,,,,,,,,,,,,,,,,,,,,,1,0
zgrab_Germany_587.json:15,zgrab_real,zgrab_Germany_587.json,15,Germany,SMTP_RESPONSE_OBSERVED,STARTTLS_NOT_OBSERVED,TLS_NOT_OBSERVED,CERTIFICATE_NOT_OBSERVED_NO_TLS,587,success,smtp,1,1,0,0,0,,,,,,,,,,,,,,,,,,,,,,,,,,,0,,,,,,,,,,,,,,,,,,,,,,,,,,,,,,,,,,,,,,,,,,,,,,,,,1,0
zgrab_Germany_587.json:16,zgrab_real,zgrab_Germany_587.json,16,Germany,SMTP_RESPONSE_OBSERVED,TLS_HANDSHAKE_SUCCEEDED,HANDSHAKE_SUCCEEDED,CERTIFICATE_OBSERVED,587,success,smtp,1,1,1,1,1,TLSv1.2,TLSv1.3,TLS_CHACHA20_POLY1305_SHA256,x25519,2,1,1,0,0,0,0,0,0,0,0,1,1,0,0,0,1,0,0,1,0,0,1,True,RSA,2048,65537,,,SHA256-RSA,0,1,0,0,DV,False,4,0,28,4,False,True,,True,True,,2,10,89.99998842592592,30.171724537037036,0,0,2,0,1,0,1,1,2,1,1,1,1,1,0,0,0,0,0,0,0,0,1
zgrab_Germany_587.json:17,zgrab_real,zgrab_Germany_587.json,17,Germany,SMTP_RESPONSE_OBSERVED,STARTTLS_NOT_OBSERVED,TLS_NOT_OBSERVED,CERTIFICATE_NOT_OBSERVED_NO_TLS,587,success,smtp,1,1,0,0,0,,,,,,,,,,,,,,,,,,,,,,,,,,,0,,,,,,,,,,,,,,,,,,,,,,,,,,,,,,,,,,,,,,,,,,,,,,,,,1,0
zgrab_Germany_587.json:18,zgrab_real,zgrab_Germany_587.json,18,Germany,SMTP_RESPONSE_OBSERVED,STARTTLS_NOT_OBSERVED,TLS_NOT_OBSERVED,CERTIFICATE_NOT_OBSERVED_NO_TLS,587,success,smtp,1,1,0,0,0,,,,,,,,,,,,,,,,,,,,,,,,,,,0,,,,,,,,,,,,,,,,,,,,,,,,,,,,,,,,,,,,,,,,,,,,,,,,,1,0
zgrab_Germany_587.json:19,zgrab_real,zgrab_Germany_587.json,19,Germany,SMTP_RESPONSE_OBSERVED,STARTTLS_NOT_OBSERVED,TLS_NOT_OBSERVED,CERTIFICATE_NOT_OBSERVED_NO_TLS,587,success,smtp,1,1,0,0,0,,,,,,,,,,,,,,,,,,,,,,,,,,,0,,,,,,,,,,,,,,,,,,,,,,,,,,,,,,,,,,,,,,,,,,,,,,,,,1,0
zgrab_Germany_587.json:20,zgrab_real,zgrab_Germany_587.json,20,Germany,SMTP_RESPONSE_OBSERVED,STARTTLS_NOT_OBSERVED,TLS_NOT_OBSERVED,CERTIFICATE_NOT_OBSERVED_NO_TLS,587,success,smtp,1,1,0,0,0,,,,,,,,,,,,,,,,,,,,,,,,,,,0,,,,,,,,,,,,,,,,,,,,,,,,,,,,,,,,,,,,,,,,,,,,,,,,,1,0
zgrab_Germany_587.json:21,zgrab_real,zgrab_Germany_587.json,21,Germany,SMTP_RESPONSE_OBSERVED,STARTTLS_NOT_OBSERVED,TLS_NOT_OBSERVED,CERTIFICATE_NOT_OBSERVED_NO_TLS,587,success,smtp,1,1,0,0,0,,,,,,,,,,,,,,,,,,,,,,,,,,,0,,,,,,,,,,,,,,,,,,,,,,,,,,,,,,,,,,,,,,,,,,,,,,,,,1,0
zgrab_Germany_587.json:22,zgrab_real,zgrab_Germany_587.json,22,Germany,SMTP_RESPONSE_OBSERVED,STARTTLS_NOT_OBSERVED,TLS_NOT_OBSERVED,CERTIFICATE_NOT_OBSERVED_NO_TLS,587,success,smtp,1,1,0,0,0,,,,,,,,,,,,,,,,,,,,,,,,,,,0,,,,,,,,,,,,,,,,,,,,,,,,,,,,,,,,,,,,,,,,,,,,,,,,,1,0
zgrab_Germany_587.json:23,zgrab_real,zgrab_Germany_587.json,23,Germany,SMTP_RESPONSE_OBSERVED,TLS_HANDSHAKE_SUCCEEDED,HANDSHAKE_SUCCEEDED,CERTIFICATE_OBSERVED,587,success,smtp,1,1,1,1,1,TLSv1.2,,TLS_ECDHE_RSA_WITH_AES_256_GCM_SHA384,,1,0,0,1,0,0,0,0,0,0,0,1,1,0,0,1,1,0,0,1,0,0,1,True,RSA,2048,65537,,,SHA256-RSA,0,1,0,0,DV,False,2,0,24,2,False,True,,True,True,,2,10,89.99998842592592,63.77430555555556,0,0,2,0,1,0,1,1,2,1,1,1,1,1,0,0,0,0,0,0,0,0,1
zgrab_Germany_587.json:24,zgrab_real,zgrab_Germany_587.json,24,Germany,SMTP_RESPONSE_OBSERVED,STARTTLS_NOT_OBSERVED,TLS_NOT_OBSERVED,CERTIFICATE_NOT_OBSERVED_NO_TLS,587,success,smtp,1,1,0,0,0,,,,,,,,,,,,,,,,,,,,,,,,,,,0,,,,,,,,,,,,,,,,,,,,,,,,,,,,,,,,,,,,,,,,,,,,,,,,,1,0
zgrab_Germany_587.json:25,zgrab_real,zgrab_Germany_587.json,25,Germany,SMTP_RESPONSE_OBSERVED,STARTTLS_NOT_OBSERVED,TLS_NOT_OBSERVED,CERTIFICATE_NOT_OBSERVED_NO_TLS,587,success,smtp,1,1,0,0,0,,,,,,,,,,,,,,,,,,,,,,,,,,,0,,,,,,,,,,,,,,,,,,,,,,,,,,,,,,,,,,,,,,,,,,,,,,,,,1,0
zgrab_Germany_587.json:26,zgrab_real,zgrab_Germany_587.json,26,Germany,SMTP_RESPONSE_OBSERVED,STARTTLS_NOT_OBSERVED,TLS_NOT_OBSERVED,CERTIFICATE_NOT_OBSERVED_NO_TLS,587,success,smtp,1,1,0,0,0,,,,,,,,,,,,,,,,,,,,,,,,,,,0,,,,,,,,,,,,,,,,,,,,,,,,,,,,,,,,,,,,,,,,,,,,,,,,,1,0
zgrab_Germany_587.json:27,zgrab_real,zgrab_Germany_587.json,27,Germany,SMTP_RESPONSE_OBSERVED,STARTTLS_NOT_OBSERVED,TLS_NOT_OBSERVED,CERTIFICATE_NOT_OBSERVED_NO_TLS,587,success,smtp,1,1,0,0,0,,,,,,,,,,,,,,,,,,,,,,,,,,,0,,,,,,,,,,,,,,,,,,,,,,,,,,,,,,,,,,,,,,,,,,,,,,,,,1,0
zgrab_Germany_587.json:28,zgrab_real,zgrab_Germany_587.json,28,Germany,SMTP_PROBE_FAILED,STARTTLS_NOT_OBSERVED,TLS_NOT_OBSERVED,CERTIFICATE_NOT_OBSERVED_NO_TLS,587,connection-timeout,smtp,0,0,0,0,0,,,,,,,,,,,,,,,,,,,,,,,,,,,0,,,,,,,,,,,,,,,,,,,,,,,,,,,,,,,,,,,,,,,,,,,,,,,,,0,0
zgrab_Germany_587.json:29,zgrab_real,zgrab_Germany_587.json,29,Germany,SMTP_RESPONSE_OBSERVED,STARTTLS_NOT_OBSERVED,TLS_NOT_OBSERVED,CERTIFICATE_NOT_OBSERVED_NO_TLS,587,success,smtp,1,1,0,0,0,,,,,,,,,,,,,,,,,,,,,,,,,,,0,,,,,,,,,,,,,,,,,,,,,,,,,,,,,,,,,,,,,,,,,,,,,,,,,1,0
zgrab_Germany_587.json:30,zgrab_real,zgrab_Germany_587.json,30,Germany,SMTP_RESPONSE_OBSERVED,STARTTLS_NOT_OBSERVED,TLS_NOT_OBSERVED,CERTIFICATE_NOT_OBSERVED_NO_TLS,587,success,smtp,1,1,0,0,0,,,,,,,,,,,,,,,,,,,,,,,,,,,0,,,,,,,,,,,,,,,,,,,,,,,,,,,,,,,,,,,,,,,,,,,,,,,,,1,0
zgrab_Germany_587.json:31,zgrab_real,zgrab_Germany_587.json,31,Germany,SMTP_RESPONSE_OBSERVED,TLS_HANDSHAKE_SUCCEEDED,HANDSHAKE_SUCCEEDED,CERTIFICATE_OBSERVED,587,success,smtp,1,1,1,1,1,TLSv1.2,TLSv1.3,TLS_CHACHA20_POLY1305_SHA256,x25519,2,1,1,0,0,0,0,0,0,0,0,1,1,0,0,0,1,0,0,1,0,0,1,True,RSA,4096,65537,,,SHA256-RSA,0,1,0,0,DV,False,2,1,11,2,False,True,True,True,True,,2,9,198.99998842592592,181.29730324074075,0,0,3,1,1,1,2,1,3,1,1,1,1,0,0,0,0,0,0,0,0,0,1
zgrab_Germany_587.json:32,zgrab_real,zgrab_Germany_587.json,32,Germany,SMTP_RESPONSE_OBSERVED,STARTTLS_NOT_OBSERVED,TLS_NOT_OBSERVED,CERTIFICATE_NOT_OBSERVED_NO_TLS,587,success,smtp,1,1,0,0,0,,,,,,,,,,,,,,,,,,,,,,,,,,,0,,,,,,,,,,,,,,,,,,,,,,,,,,,,,,,,,,,,,,,,,,,,,,,,,1,0
zgrab_Germany_587.json:33,zgrab_real,zgrab_Germany_587.json,33,Germany,SMTP_RESPONSE_OBSERVED,STARTTLS_NOT_OBSERVED,TLS_NOT_OBSERVED,CERTIFICATE_NOT_OBSERVED_NO_TLS,587,success,smtp,1,1,0,0,0,,,,,,,,,,,,,,,,,,,,,,,,,,,0,,,,,,,,,,,,,,,,,,,,,,,,,,,,,,,,,,,,,,,,,,,,,,,,,1,0
zgrab_Germany_587.json:34,zgrab_real,zgrab_Germany_587.json,34,Germany,SMTP_RESPONSE_OBSERVED,STARTTLS_NOT_OBSERVED,TLS_NOT_OBSERVED,CERTIFICATE_NOT_OBSERVED_NO_TLS,587,success,smtp,1,1,0,0,0,,,,,,,,,,,,,,,,,,,,,,,,,,,0,,,,,,,,,,,,,,,,,,,,,,,,,,,,,,,,,,,,,,,,,,,,,,,,,1,0
zgrab_Germany_587.json:35,zgrab_real,zgrab_Germany_587.json,35,Germany,SMTP_RESPONSE_OBSERVED,TLS_HANDSHAKE_SUCCEEDED,HANDSHAKE_SUCCEEDED,CERTIFICATE_OBSERVED,587,success,smtp,1,1,1,1,1,TLSv1.2,TLSv1.3,TLS_CHACHA20_POLY1305_SHA256,x25519,2,1,1,0,0,0,0,0,0,0,0,1,1,0,0,0,1,0,0,1,0,0,1,True,RSA,2048,65537,,,SHA256-RSA,0,1,0,0,DV,False,2,0,34,2,False,True,,True,True,,2,10,89.99998842592592,53.22815972222222,0,0,2,0,1,0,1,1,2,1,1,1,1,1,0,0,0,0,0,0,0,0,1
zgrab_Germany_587.json:36,zgrab_real,zgrab_Germany_587.json,36,Germany,SMTP_RESPONSE_OBSERVED,STARTTLS_NOT_OBSERVED,TLS_NOT_OBSERVED,CERTIFICATE_NOT_OBSERVED_NO_TLS,587,success,smtp,1,1,0,0,0,,,,,,,,,,,,,,,,,,,,,,,,,,,0,,,,,,,,,,,,,,,,,,,,,,,,,,,,,,,,,,,,,,,,,,,,,,,,,1,0
zgrab_Germany_587.json:37,zgrab_real,zgrab_Germany_587.json,37,Germany,SMTP_RESPONSE_OBSERVED,STARTTLS_NOT_OBSERVED,TLS_NOT_OBSERVED,CERTIFICATE_NOT_OBSERVED_NO_TLS,587,success,smtp,1,1,0,0,0,,,,,,,,,,,,,,,,,,,,,,,,,,,0,,,,,,,,,,,,,,,,,,,,,,,,,,,,,,,,,,,,,,,,,,,,,,,,,1,0
zgrab_Germany_587.json:38,zgrab_real,zgrab_Germany_587.json,38,Germany,SMTP_RESPONSE_OBSERVED,STARTTLS_NOT_OBSERVED,TLS_NOT_OBSERVED,CERTIFICATE_NOT_OBSERVED_NO_TLS,587,success,smtp,1,1,0,0,0,,,,,,,,,,,,,,,,,,,,,,,,,,,0,,,,,,,,,,,,,,,,,,,,,,,,,,,,,,,,,,,,,,,,,,,,,,,,,1,0
zgrab_Germany_587.json:39,zgrab_real,zgrab_Germany_587.json,39,Germany,SMTP_RESPONSE_OBSERVED,STARTTLS_NOT_OBSERVED,TLS_NOT_OBSERVED,CERTIFICATE_NOT_OBSERVED_NO_TLS,587,success,smtp,1,1,0,0,0,,,,,,,,,,,,,,,,,,,,,,,,,,,0,,,,,,,,,,,,,,,,,,,,,,,,,,,,,,,,,,,,,,,,,,,,,,,,,1,0
zgrab_Germany_587.json:40,zgrab_real,zgrab_Germany_587.json,40,Germany,SMTP_RESPONSE_OBSERVED,STARTTLS_NOT_OBSERVED,TLS_NOT_OBSERVED,CERTIFICATE_NOT_OBSERVED_NO_TLS,587,success,smtp,1,1,0,0,0,,,,,,,,,,,,,,,,,,,,,,,,,,,0,,,,,,,,,,,,,,,,,,,,,,,,,,,,,,,,,,,,,,,,,,,,,,,,,1,0
zgrab_Germany_587.json:41,zgrab_real,zgrab_Germany_587.json,41,Germany,SMTP_RESPONSE_OBSERVED,STARTTLS_NOT_OBSERVED,TLS_NOT_OBSERVED,CERTIFICATE_NOT_OBSERVED_NO_TLS,587,success,smtp,1,1,0,0,0,,,,,,,,,,,,,,,,,,,,,,,,,,,0,,,,,,,,,,,,,,,,,,,,,,,,,,,,,,,,,,,,,,,,,,,,,,,,,1,0
zgrab_Germany_587.json:42,zgrab_real,zgrab_Germany_587.json,42,Germany,SMTP_RESPONSE_OBSERVED,STARTTLS_NOT_OBSERVED,TLS_NOT_OBSERVED,CERTIFICATE_NOT_OBSERVED_NO_TLS,587,success,smtp,1,1,0,0,0,,,,,,,,,,,,,,,,,,,,,,,,,,,0,,,,,,,,,,,,,,,,,,,,,,,,,,,,,,,,,,,,,,,,,,,,,,,,,1,0
zgrab_Germany_587.json:43,zgrab_real,zgrab_Germany_587.json,43,Germany,SMTP_RESPONSE_OBSERVED,STARTTLS_NOT_OBSERVED,TLS_NOT_OBSERVED,CERTIFICATE_NOT_OBSERVED_NO_TLS,587,success,smtp,1,1,0,0,0,,,,,,,,,,,,,,,,,,,,,,,,,,,0,,,,,,,,,,,,,,,,,,,,,,,,,,,,,,,,,,,,,,,,,,,,,,,,,1,0
zgrab_Germany_587.json:44,zgrab_real,zgrab_Germany_587.json,44,Germany,SMTP_RESPONSE_OBSERVED,STARTTLS_NOT_OBSERVED,TLS_NOT_OBSERVED,CERTIFICATE_NOT_OBSERVED_NO_TLS,587,success,smtp,1,1,0,0,0,,,,,,,,,,,,,,,,,,,,,,,,,,,0,,,,,,,,,,,,,,,,,,,,,,,,,,,,,,,,,,,,,,,,,,,,,,,,,1,0
zgrab_Germany_587.json:45,zgrab_real,zgrab_Germany_587.json,45,Germany,SMTP_RESPONSE_OBSERVED,TLS_HANDSHAKE_SUCCEEDED,HANDSHAKE_SUCCEEDED,CERTIFICATE_OBSERVED,587,success,smtp,1,1,1,1,1,TLSv1.2,TLSv1.3,TLS_CHACHA20_POLY1305_SHA256,x25519,2,1,1,0,0,0,0,0,0,0,0,1,1,0,0,0,1,0,0,1,0,0,1,False,RSA,2048,65537,,,SHA256-RSA,0,1,0,0,unknown,True,0,0,0,0,,,,,,,0,0,365.0,-3035.3470833333336,1,0,0,0,0,0,0,0,0,0,0,0,0,0,0,0,0,0,0,0,1,0,1
zgrab_Germany_587.json:46,zgrab_real,zgrab_Germany_587.json,46,Germany,SMTP_RESPONSE_OBSERVED,STARTTLS_NOT_OBSERVED,TLS_NOT_OBSERVED,CERTIFICATE_NOT_OBSERVED_NO_TLS,587,success,smtp,1,1,0,0,0,,,,,,,,,,,,,,,,,,,,,,,,,,,0,,,,,,,,,,,,,,,,,,,,,,,,,,,,,,,,,,,,,,,,,,,,,,,,,1,0
zgrab_Germany_587.json:47,zgrab_real,zgrab_Germany_587.json,47,Germany,SMTP_PROBE_FAILED,STARTTLS_NOT_OBSERVED,TLS_NOT_OBSERVED,CERTIFICATE_NOT_OBSERVED_NO_TLS,587,protocol-error,smtp,0,0,0,0,0,,,,,,,,,,,,,,,,,,,,,,,,,,,0,,,,,,,,,,,,,,,,,,,,,,,,,,,,,,,,,,,,,,,,,,,,,,,,,0,0
zgrab_Germany_587.json:48,zgrab_real,zgrab_Germany_587.json,48,Germany,SMTP_RESPONSE_OBSERVED,STARTTLS_NOT_OBSERVED,TLS_NOT_OBSERVED,CERTIFICATE_NOT_OBSERVED_NO_TLS,587,success,smtp,1,0,0,0,0,,,,,,,,,,,,,,,,,,,,,,,,,,,0,,,,,,,,,,,,,,,,,,,,,,,,,,,,,,,,,,,,,,,,,,,,,,,,,1,0
zgrab_Germany_587.json:49,zgrab_real,zgrab_Germany_587.json,49,Germany,SMTP_RESPONSE_OBSERVED,STARTTLS_NOT_OBSERVED,TLS_NOT_OBSERVED,CERTIFICATE_NOT_OBSERVED_NO_TLS,587,success,smtp,1,1,0,0,0,,,,,,,,,,,,,,,,,,,,,,,,,,,0,,,,,,,,,,,,,,,,,,,,,,,,,,,,,,,,,,,,,,,,,,,,,,,,,1,0
zgrab_Germany_587.json:50,zgrab_real,zgrab_Germany_587.json,50,Germany,SMTP_RESPONSE_OBSERVED,TLS_HANDSHAKE_SUCCEEDED,HANDSHAKE_SUCCEEDED,CERTIFICATE_OBSERVED,587,success,smtp,1,1,1,1,1,TLSv1.2,,TLS_ECDHE_RSA_WITH_AES_128_GCM_SHA256,,2,0,0,1,1,0,0,0,0,0,0,1,1,0,0,1,1,0,0,1,0,0,1,False,RSA,2048,65537,,,SHA256-RSA,0,1,0,0,unknown,True,1,0,27,1,False,True,True,,,,0,5,365.0,-683.6438773148149,1,0,0,0,0,0,0,0,0,0,0,0,1,1,0,0,0,0,0,0,1,0,1
zgrab_Germany_587.json:51,zgrab_real,zgrab_Germany_587.json,51,Germany,SMTP_RESPONSE_OBSERVED,STARTTLS_NOT_OBSERVED,TLS_NOT_OBSERVED,CERTIFICATE_NOT_OBSERVED_NO_TLS,587,success,smtp,1,1,0,0,0,,,,,,,,,,,,,,,,,,,,,,,,,,,0,,,,,,,,,,,,,,,,,,,,,,,,,,,,,,,,,,,,,,,,,,,,,,,,,1,0
zgrab_Germany_587.json:52,zgrab_real,zgrab_Germany_587.json,52,Germany,SMTP_RESPONSE_OBSERVED,STARTTLS_NOT_OBSERVED,TLS_NOT_OBSERVED,CERTIFICATE_NOT_OBSERVED_NO_TLS,587,success,smtp,1,1,0,0,0,,,,,,,,,,,,,,,,,,,,,,,,,,,0,,,,,,,,,,,,,,,,,,,,,,,,,,,,,,,,,,,,,,,,,,,,,,,,,1,0
zgrab_Germany_587.json:53,zgrab_real,zgrab_Germany_587.json,53,Germany,SMTP_RESPONSE_OBSERVED,STARTTLS_NOT_OBSERVED,TLS_NOT_OBSERVED,CERTIFICATE_NOT_OBSERVED_NO_TLS,587,success,smtp,1,1,0,0,0,,,,,,,,,,,,,,,,,,,,,,,,,,,0,,,,,,,,,,,,,,,,,,,,,,,,,,,,,,,,,,,,,,,,,,,,,,,,,1,0
zgrab_Germany_587.json:54,zgrab_real,zgrab_Germany_587.json,54,Germany,SMTP_RESPONSE_OBSERVED,STARTTLS_NOT_OBSERVED,TLS_NOT_OBSERVED,CERTIFICATE_NOT_OBSERVED_NO_TLS,587,success,smtp,1,1,0,0,0,,,,,,,,,,,,,,,,,,,,,,,,,,,0,,,,,,,,,,,,,,,,,,,,,,,,,,,,,,,,,,,,,,,,,,,,,,,,,1,0
zgrab_Germany_587.json:55,zgrab_real,zgrab_Germany_587.json,55,Germany,SMTP_RESPONSE_OBSERVED,STARTTLS_NOT_OBSERVED,TLS_NOT_OBSERVED,CERTIFICATE_NOT_OBSERVED_NO_TLS,587,success,smtp,1,1,0,0,0,,,,,,,,,,,,,,,,,,,,,,,,,,,0,,,,,,,,,,,,,,,,,,,,,,,,,,,,,,,,,,,,,,,,,,,,,,,,,1,0
zgrab_Germany_587.json:56,zgrab_real,zgrab_Germany_587.json,56,Germany,SMTP_RESPONSE_OBSERVED,STARTTLS_NOT_OBSERVED,TLS_NOT_OBSERVED,CERTIFICATE_NOT_OBSERVED_NO_TLS,587,success,smtp,1,1,0,0,0,,,,,,,,,,,,,,,,,,,,,,,,,,,0,,,,,,,,,,,,,,,,,,,,,,,,,,,,,,,,,,,,,,,,,,,,,,,,,1,0
zgrab_Germany_587.json:57,zgrab_real,zgrab_Germany_587.json,57,Germany,SMTP_RESPONSE_OBSERVED,STARTTLS_NOT_OBSERVED,TLS_NOT_OBSERVED,CERTIFICATE_NOT_OBSERVED_NO_TLS,587,success,smtp,1,1,0,0,0,,,,,,,,,,,,,,,,,,,,,,,,,,,0,,,,,,,,,,,,,,,,,,,,,,,,,,,,,,,,,,,,,,,,,,,,,,,,,1,0
zgrab_Germany_587.json:58,zgrab_real,zgrab_Germany_587.json,58,Germany,SMTP_RESPONSE_OBSERVED,STARTTLS_NOT_OBSERVED,TLS_NOT_OBSERVED,CERTIFICATE_NOT_OBSERVED_NO_TLS,587,success,smtp,1,1,0,0,0,,,,,,,,,,,,,,,,,,,,,,,,,,,0,,,,,,,,,,,,,,,,,,,,,,,,,,,,,,,,,,,,,,,,,,,,,,,,,1,0
zgrab_Germany_587.json:59,zgrab_real,zgrab_Germany_587.json,59,Germany,SMTP_RESPONSE_OBSERVED,STARTTLS_NOT_OBSERVED,TLS_NOT_OBSERVED,CERTIFICATE_NOT_OBSERVED_NO_TLS,587,success,smtp,1,1,0,0,0,,,,,,,,,,,,,,,,,,,,,,,,,,,0,,,,,,,,,,,,,,,,,,,,,,,,,,,,,,,,,,,,,,,,,,,,,,,,,1,0
zgrab_Germany_587.json:60,zgrab_real,zgrab_Germany_587.json,60,Germany,SMTP_RESPONSE_OBSERVED,STARTTLS_NOT_OBSERVED,TLS_NOT_OBSERVED,CERTIFICATE_NOT_OBSERVED_NO_TLS,587,success,smtp,1,1,0,0,0,,,,,,,,,,,,,,,,,,,,,,,,,,,0,,,,,,,,,,,,,,,,,,,,,,,,,,,,,,,,,,,,,,,,,,,,,,,,,1,0
zgrab_Germany_587.json:61,zgrab_real,zgrab_Germany_587.json,61,Germany,SMTP_RESPONSE_OBSERVED,STARTTLS_NOT_OBSERVED,TLS_NOT_OBSERVED,CERTIFICATE_NOT_OBSERVED_NO_TLS,587,success,smtp,1,1,0,0,0,,,,,,,,,,,,,,,,,,,,,,,,,,,0,,,,,,,,,,,,,,,,,,,,,,,,,,,,,,,,,,,,,,,,,,,,,,,,,1,0
zgrab_Germany_587.json:62,zgrab_real,zgrab_Germany_587.json,62,Germany,SMTP_RESPONSE_OBSERVED,STARTTLS_NOT_OBSERVED,TLS_NOT_OBSERVED,CERTIFICATE_NOT_OBSERVED_NO_TLS,587,success,smtp,1,0,0,0,0,,,,,,,,,,,,,,,,,,,,,,,,,,,0,,,,,,,,,,,,,,,,,,,,,,,,,,,,,,,,,,,,,,,,,,,,,,,,,1,0
zgrab_Germany_587.json:63,zgrab_real,zgrab_Germany_587.json,63,Germany,SMTP_RESPONSE_OBSERVED,STARTTLS_NOT_OBSERVED,TLS_NOT_OBSERVED,CERTIFICATE_NOT_OBSERVED_NO_TLS,587,success,smtp,1,1,0,0,0,,,,,,,,,,,,,,,,,,,,,,,,,,,0,,,,,,,,,,,,,,,,,,,,,,,,,,,,,,,,,,,,,,,,,,,,,,,,,1,0
zgrab_Germany_587.json:64,zgrab_real,zgrab_Germany_587.json,64,Germany,SMTP_RESPONSE_OBSERVED,STARTTLS_NOT_OBSERVED,TLS_NOT_OBSERVED,CERTIFICATE_NOT_OBSERVED_NO_TLS,587,success,smtp,1,1,0,0,0,,,,,,,,,,,,,,,,,,,,,,,,,,,0,,,,,,,,,,,,,,,,,,,,,,,,,,,,,,,,,,,,,,,,,,,,,,,,,1,0
zgrab_Germany_587.json:65,zgrab_real,zgrab_Germany_587.json,65,Germany,SMTP_RESPONSE_OBSERVED,STARTTLS_NOT_OBSERVED,TLS_NOT_OBSERVED,CERTIFICATE_NOT_OBSERVED_NO_TLS,587,success,smtp,1,1,0,0,0,,,,,,,,,,,,,,,,,,,,,,,,,,,0,,,,,,,,,,,,,,,,,,,,,,,,,,,,,,,,,,,,,,,,,,,,,,,,,1,0
zgrab_Germany_587.json:66,zgrab_real,zgrab_Germany_587.json,66,Germany,SMTP_RESPONSE_OBSERVED,STARTTLS_NOT_OBSERVED,TLS_NOT_OBSERVED,CERTIFICATE_NOT_OBSERVED_NO_TLS,587,success,smtp,1,1,0,0,0,,,,,,,,,,,,,,,,,,,,,,,,,,,0,,,,,,,,,,,,,,,,,,,,,,,,,,,,,,,,,,,,,,,,,,,,,,,,,1,0
zgrab_Germany_587.json:67,zgrab_real,zgrab_Germany_587.json,67,Germany,SMTP_RESPONSE_OBSERVED,STARTTLS_NOT_OBSERVED,TLS_NOT_OBSERVED,CERTIFICATE_NOT_OBSERVED_NO_TLS,587,success,smtp,1,1,0,0,0,,,,,,,,,,,,,,,,,,,,,,,,,,,0,,,,,,,,,,,,,,,,,,,,,,,,,,,,,,,,,,,,,,,,,,,,,,,,,1,0
zgrab_Germany_587.json:68,zgrab_real,zgrab_Germany_587.json,68,Germany,SMTP_RESPONSE_OBSERVED,STARTTLS_NOT_OBSERVED,TLS_NOT_OBSERVED,CERTIFICATE_NOT_OBSERVED_NO_TLS,587,success,smtp,1,1,0,0,0,,,,,,,,,,,,,,,,,,,,,,,,,,,0,,,,,,,,,,,,,,,,,,,,,,,,,,,,,,,,,,,,,,,,,,,,,,,,,1,0
zgrab_Germany_587.json:69,zgrab_real,zgrab_Germany_587.json,69,Germany,SMTP_PROBE_FAILED,STARTTLS_NOT_OBSERVED,TLS_NOT_OBSERVED,CERTIFICATE_NOT_OBSERVED_NO_TLS,587,io-timeout,smtp,0,0,0,0,0,,,,,,,,,,,,,,,,,,,,,,,,,,,0,,,,,,,,,,,,,,,,,,,,,,,,,,,,,,,,,,,,,,,,,,,,,,,,,0,0
zgrab_Germany_587.json:70,zgrab_real,zgrab_Germany_587.json,70,Germany,SMTP_RESPONSE_OBSERVED,STARTTLS_NOT_OBSERVED,TLS_NOT_OBSERVED,CERTIFICATE_NOT_OBSERVED_NO_TLS,587,success,smtp,1,1,0,0,0,,,,,,,,,,,,,,,,,,,,,,,,,,,0,,,,,,,,,,,,,,,,,,,,,,,,,,,,,,,,,,,,,,,,,,,,,,,,,1,0
zgrab_Germany_587.json:71,zgrab_real,zgrab_Germany_587.json,71,Germany,SMTP_RESPONSE_OBSERVED,STARTTLS_NOT_OBSERVED,TLS_NOT_OBSERVED,CERTIFICATE_NOT_OBSERVED_NO_TLS,587,success,smtp,1,1,0,0,0,,,,,,,,,,,,,,,,,,,,,,,,,,,0,,,,,,,,,,,,,,,,,,,,,,,,,,,,,,,,,,,,,,,,,,,,,,,,,1,0
zgrab_Germany_587.json:72,zgrab_real,zgrab_Germany_587.json,72,Germany,SMTP_RESPONSE_OBSERVED,STARTTLS_NOT_OBSERVED,TLS_NOT_OBSERVED,CERTIFICATE_NOT_OBSERVED_NO_TLS,587,success,smtp,1,1,0,0,0,,,,,,,,,,,,,,,,,,,,,,,,,,,0,,,,,,,,,,,,,,,,,,,,,,,,,,,,,,,,,,,,,,,,,,,,,,,,,1,0
zgrab_Germany_587.json:73,zgrab_real,zgrab_Germany_587.json,73,Germany,SMTP_RESPONSE_OBSERVED,STARTTLS_NOT_OBSERVED,TLS_NOT_OBSERVED,CERTIFICATE_NOT_OBSERVED_NO_TLS,587,success,smtp,1,1,0,0,0,,,,,,,,,,,,,,,,,,,,,,,,,,,0,,,,,,,,,,,,,,,,,,,,,,,,,,,,,,,,,,,,,,,,,,,,,,,,,1,0
zgrab_Germany_587.json:74,zgrab_real,zgrab_Germany_587.json,74,Germany,SMTP_RESPONSE_OBSERVED,STARTTLS_NOT_OBSERVED,TLS_NOT_OBSERVED,CERTIFICATE_NOT_OBSERVED_NO_TLS,587,success,smtp,1,1,0,0,0,,,,,,,,,,,,,,,,,,,,,,,,,,,0,,,,,,,,,,,,,,,,,,,,,,,,,,,,,,,,,,,,,,,,,,,,,,,,,1,0
zgrab_Germany_587.json:75,zgrab_real,zgrab_Germany_587.json,75,Germany,SMTP_RESPONSE_OBSERVED,TLS_HANDSHAKE_SUCCEEDED,HANDSHAKE_SUCCEEDED,CERTIFICATE_OBSERVED,587,success,smtp,1,1,1,1,1,TLSv1.2,,TLS_ECDHE_RSA_WITH_AES_256_GCM_SHA384,,1,0,0,1,0,0,0,0,0,0,0,1,1,0,0,1,1,0,0,1,0,0,1,False,RSA,2048,65537,,,SHA256-RSA,0,1,0,0,unknown,True,2,0,19,2,False,True,,True,True,,2,4,1826.0,312.62086805555555,0,0,0,0,0,0,0,0,0,0,0,0,0,0,0,0,0,0,0,0,1,0,1
zgrab_Germany_587.json:76,zgrab_real,zgrab_Germany_587.json,76,Germany,SMTP_RESPONSE_OBSERVED,TLS_HANDSHAKE_SUCCEEDED,HANDSHAKE_SUCCEEDED,CERTIFICATE_OBSERVED,587,success,smtp,1,1,1,1,1,TLSv1.2,TLSv1.3,TLS_CHACHA20_POLY1305_SHA256,x25519,2,1,1,0,0,0,0,0,0,0,0,1,1,0,0,0,1,0,0,1,0,0,1,True,RSA,2048,65537,,,SHA256-RSA,0,1,0,0,DV,False,1,0,23,1,False,True,,True,True,,2,10,89.99998842592592,29.632511574074073,0,0,2,0,1,0,1,1,2,1,1,1,1,1,0,0,0,0,0,0,0,0,1
zgrab_Germany_587.json:77,zgrab_real,zgrab_Germany_587.json,77,Germany,SMTP_RESPONSE_OBSERVED,STARTTLS_NOT_OBSERVED,TLS_NOT_OBSERVED,CERTIFICATE_NOT_OBSERVED_NO_TLS,587,success,smtp,1,1,0,0,0,,,,,,,,,,,,,,,,,,,,,,,,,,,0,,,,,,,,,,,,,,,,,,,,,,,,,,,,,,,,,,,,,,,,,,,,,,,,,1,0
zgrab_Germany_587.json:78,zgrab_real,zgrab_Germany_587.json,78,Germany,SMTP_RESPONSE_OBSERVED,STARTTLS_NOT_OBSERVED,TLS_NOT_OBSERVED,CERTIFICATE_NOT_OBSERVED_NO_TLS,587,success,smtp,1,1,0,0,0,,,,,,,,,,,,,,,,,,,,,,,,,,,0,,,,,,,,,,,,,,,,,,,,,,,,,,,,,,,,,,,,,,,,,,,,,,,,,1,0
zgrab_Germany_587.json:79,zgrab_real,zgrab_Germany_587.json,79,Germany,SMTP_RESPONSE_OBSERVED,STARTTLS_NOT_OBSERVED,TLS_NOT_OBSERVED,CERTIFICATE_NOT_OBSERVED_NO_TLS,587,success,smtp,1,1,0,0,0,,,,,,,,,,,,,,,,,,,,,,,,,,,0,,,,,,,,,,,,,,,,,,,,,,,,,,,,,,,,,,,,,,,,,,,,,,,,,1,0
zgrab_Germany_587.json:80,zgrab_real,zgrab_Germany_587.json,80,Germany,SMTP_RESPONSE_OBSERVED,STARTTLS_NOT_OBSERVED,TLS_NOT_OBSERVED,CERTIFICATE_NOT_OBSERVED_NO_TLS,587,success,smtp,1,1,0,0,0,,,,,,,,,,,,,,,,,,,,,,,,,,,0,,,,,,,,,,,,,,,,,,,,,,,,,,,,,,,,,,,,,,,,,,,,,,,,,1,0
zgrab_Germany_587.json:81,zgrab_real,zgrab_Germany_587.json,81,Germany,SMTP_RESPONSE_OBSERVED,STARTTLS_NOT_OBSERVED,TLS_NOT_OBSERVED,CERTIFICATE_NOT_OBSERVED_NO_TLS,587,success,smtp,1,1,0,0,0,,,,,,,,,,,,,,,,,,,,,,,,,,,0,,,,,,,,,,,,,,,,,,,,,,,,,,,,,,,,,,,,,,,,,,,,,,,,,1,0
zgrab_Germany_587.json:82,zgrab_real,zgrab_Germany_587.json,82,Germany,SMTP_RESPONSE_OBSERVED,STARTTLS_NOT_OBSERVED,TLS_NOT_OBSERVED,CERTIFICATE_NOT_OBSERVED_NO_TLS,587,success,smtp,1,1,0,0,0,,,,,,,,,,,,,,,,,,,,,,,,,,,0,,,,,,,,,,,,,,,,,,,,,,,,,,,,,,,,,,,,,,,,,,,,,,,,,1,0
zgrab_Germany_587.json:83,zgrab_real,zgrab_Germany_587.json,83,Germany,SMTP_RESPONSE_OBSERVED,STARTTLS_NOT_OBSERVED,TLS_NOT_OBSERVED,CERTIFICATE_NOT_OBSERVED_NO_TLS,587,success,smtp,1,1,0,0,0,,,,,,,,,,,,,,,,,,,,,,,,,,,0,,,,,,,,,,,,,,,,,,,,,,,,,,,,,,,,,,,,,,,,,,,,,,,,,1,0
zgrab_Germany_587.json:84,zgrab_real,zgrab_Germany_587.json,84,Germany,SMTP_RESPONSE_OBSERVED,STARTTLS_NOT_OBSERVED,TLS_NOT_OBSERVED,CERTIFICATE_NOT_OBSERVED_NO_TLS,587,success,smtp,1,1,0,0,0,,,,,,,,,,,,,,,,,,,,,,,,,,,0,,,,,,,,,,,,,,,,,,,,,,,,,,,,,,,,,,,,,,,,,,,,,,,,,1,0
zgrab_Germany_587.json:85,zgrab_real,zgrab_Germany_587.json,85,Germany,SMTP_RESPONSE_OBSERVED,STARTTLS_NOT_OBSERVED,TLS_NOT_OBSERVED,CERTIFICATE_NOT_OBSERVED_NO_TLS,587,success,smtp,1,1,0,0,0,,,,,,,,,,,,,,,,,,,,,,,,,,,0,,,,,,,,,,,,,,,,,,,,,,,,,,,,,,,,,,,,,,,,,,,,,,,,,1,0
zgrab_Germany_587.json:86,zgrab_real,zgrab_Germany_587.json,86,Germany,SMTP_RESPONSE_OBSERVED,TLS_HANDSHAKE_SUCCEEDED,HANDSHAKE_SUCCEEDED,CERTIFICATE_OBSERVED,587,success,smtp,1,1,1,1,1,TLSv1.2,,TLS_ECDHE_RSA_WITH_AES_256_GCM_SHA384,,1,0,0,1,0,0,0,0,0,0,0,1,1,0,0,1,1,0,0,1,0,0,1,True,RSA,3072,65537,,,SHA256-RSA,0,1,0,0,DV,False,11,0,28,11,False,True,,True,True,,2,10,89.99998842592592,76.13819444444445,0,0,2,0,1,0,1,1,2,1,1,1,1,1,0,0,0,0,0,0,0,0,1
zgrab_Germany_587.json:87,zgrab_real,zgrab_Germany_587.json,87,Germany,SMTP_RESPONSE_OBSERVED,STARTTLS_NOT_OBSERVED,TLS_NOT_OBSERVED,CERTIFICATE_NOT_OBSERVED_NO_TLS,587,success,smtp,1,1,0,0,0,,,,,,,,,,,,,,,,,,,,,,,,,,,0,,,,,,,,,,,,,,,,,,,,,,,,,,,,,,,,,,,,,,,,,,,,,,,,,1,0
zgrab_Germany_587.json:88,zgrab_real,zgrab_Germany_587.json,88,Germany,SMTP_RESPONSE_OBSERVED,STARTTLS_NOT_OBSERVED,TLS_NOT_OBSERVED,CERTIFICATE_NOT_OBSERVED_NO_TLS,587,success,smtp,1,1,0,0,0,,,,,,,,,,,,,,,,,,,,,,,,,,,0,,,,,,,,,,,,,,,,,,,,,,,,,,,,,,,,,,,,,,,,,,,,,,,,,1,0
zgrab_Germany_587.json:89,zgrab_real,zgrab_Germany_587.json,89,Germany,SMTP_RESPONSE_OBSERVED,STARTTLS_NOT_OBSERVED,TLS_NOT_OBSERVED,CERTIFICATE_NOT_OBSERVED_NO_TLS,587,success,smtp,1,1,0,0,0,,,,,,,,,,,,,,,,,,,,,,,,,,,0,,,,,,,,,,,,,,,,,,,,,,,,,,,,,,,,,,,,,,,,,,,,,,,,,1,0
zgrab_Germany_587.json:90,zgrab_real,zgrab_Germany_587.json,90,Germany,SMTP_RESPONSE_OBSERVED,STARTTLS_NOT_OBSERVED,TLS_NOT_OBSERVED,CERTIFICATE_NOT_OBSERVED_NO_TLS,587,success,smtp,1,1,0,0,0,,,,,,,,,,,,,,,,,,,,,,,,,,,0,,,,,,,,,,,,,,,,,,,,,,,,,,,,,,,,,,,,,,,,,,,,,,,,,1,0
zgrab_Germany_587.json:91,zgrab_real,zgrab_Germany_587.json,91,Germany,SMTP_RESPONSE_OBSERVED,STARTTLS_NOT_OBSERVED,TLS_NOT_OBSERVED,CERTIFICATE_NOT_OBSERVED_NO_TLS,587,success,smtp,1,1,0,0,0,,,,,,,,,,,,,,,,,,,,,,,,,,,0,,,,,,,,,,,,,,,,,,,,,,,,,,,,,,,,,,,,,,,,,,,,,,,,,1,0
zgrab_Germany_587.json:92,zgrab_real,zgrab_Germany_587.json,92,Germany,SMTP_RESPONSE_OBSERVED,STARTTLS_NOT_OBSERVED,TLS_NOT_OBSERVED,CERTIFICATE_NOT_OBSERVED_NO_TLS,587,success,smtp,1,1,0,0,0,,,,,,,,,,,,,,,,,,,,,,,,,,,0,,,,,,,,,,,,,,,,,,,,,,,,,,,,,,,,,,,,,,,,,,,,,,,,,1,0
zgrab_Germany_587.json:93,zgrab_real,zgrab_Germany_587.json,93,Germany,SMTP_RESPONSE_OBSERVED,STARTTLS_NOT_OBSERVED,TLS_NOT_OBSERVED,CERTIFICATE_NOT_OBSERVED_NO_TLS,587,success,smtp,1,1,0,0,0,,,,,,,,,,,,,,,,,,,,,,,,,,,0,,,,,,,,,,,,,,,,,,,,,,,,,,,,,,,,,,,,,,,,,,,,,,,,,1,0
zgrab_Germany_587.json:94,zgrab_real,zgrab_Germany_587.json,94,Germany,SMTP_RESPONSE_OBSERVED,STARTTLS_NOT_OBSERVED,TLS_NOT_OBSERVED,CERTIFICATE_NOT_OBSERVED_NO_TLS,587,success,smtp,1,1,0,0,0,,,,,,,,,,,,,,,,,,,,,,,,,,,0,,,,,,,,,,,,,,,,,,,,,,,,,,,,,,,,,,,,,,,,,,,,,,,,,1,0
zgrab_Germany_587.json:95,zgrab_real,zgrab_Germany_587.json,95,Germany,SMTP_RESPONSE_OBSERVED,STARTTLS_NOT_OBSERVED,TLS_NOT_OBSERVED,CERTIFICATE_NOT_OBSERVED_NO_TLS,587,success,smtp,1,1,0,0,0,,,,,,,,,,,,,,,,,,,,,,,,,,,0,,,,,,,,,,,,,,,,,,,,,,,,,,,,,,,,,,,,,,,,,,,,,,,,,1,0
zgrab_Germany_587.json:96,zgrab_real,zgrab_Germany_587.json,96,Germany,SMTP_RESPONSE_OBSERVED,STARTTLS_NOT_OBSERVED,TLS_NOT_OBSERVED,CERTIFICATE_NOT_OBSERVED_NO_TLS,587,success,smtp,1,1,0,0,0,,,,,,,,,,,,,,,,,,,,,,,,,,,0,,,,,,,,,,,,,,,,,,,,,,,,,,,,,,,,,,,,,,,,,,,,,,,,,1,0
zgrab_Germany_587.json:97,zgrab_real,zgrab_Germany_587.json,97,Germany,SMTP_RESPONSE_OBSERVED,STARTTLS_NOT_OBSERVED,TLS_NOT_OBSERVED,CERTIFICATE_NOT_OBSERVED_NO_TLS,587,success,smtp,1,1,0,0,0,,,,,,,,,,,,,,,,,,,,,,,,,,,0,,,,,,,,,,,,,,,,,,,,,,,,,,,,,,,,,,,,,,,,,,,,,,,,,1,0
zgrab_Germany_587.json:98,zgrab_real,zgrab_Germany_587.json,98,Germany,SMTP_RESPONSE_OBSERVED,STARTTLS_NOT_OBSERVED,TLS_NOT_OBSERVED,CERTIFICATE_NOT_OBSERVED_NO_TLS,587,success,smtp,1,1,0,0,0,,,,,,,,,,,,,,,,,,,,,,,,,,,0,,,,,,,,,,,,,,,,,,,,,,,,,,,,,,,,,,,,,,,,,,,,,,,,,1,0
zgrab_Germany_587.json:99,zgrab_real,zgrab_Germany_587.json,99,Germany,SMTP_RESPONSE_OBSERVED,STARTTLS_NOT_OBSERVED,TLS_NOT_OBSERVED,CERTIFICATE_NOT_OBSERVED_NO_TLS,587,success,smtp,1,1,0,0,0,,,,,,,,,,,,,,,,,,,,,,,,,,,0,,,,,,,,,,,,,,,,,,,,,,,,,,,,,,,,,,,,,,,,,,,,,,,,,1,0
zgrab_Germany_587.json:100,zgrab_real,zgrab_Germany_587.json,100,Germany,SMTP_RESPONSE_OBSERVED,STARTTLS_NOT_OBSERVED,TLS_NOT_OBSERVED,CERTIFICATE_NOT_OBSERVED_NO_TLS,587,success,smtp,1,1,0,0,0,,,,,,,,,,,,,,,,,,,,,,,,,,,0,,,,,,,,,,,,,,,,,,,,,,,,,,,,,,,,,,,,,,,,,,,,,,,,,1,0
zgrab_India_587.json:1,zgrab_real,zgrab_India_587.json,1,India,SMTP_RESPONSE_OBSERVED,STARTTLS_NOT_OBSERVED,TLS_NOT_OBSERVED,CERTIFICATE_NOT_OBSERVED_NO_TLS,587,success,smtp,1,1,0,0,0,,,,,,,,,,,,,,,,,,,,,,,,,,,0,,,,,,,,,,,,,,,,,,,,,,,,,,,,,,,,,,,,,,,,,,,,,,,,,1,0
zgrab_India_587.json:2,zgrab_real,zgrab_India_587.json,2,India,SMTP_RESPONSE_OBSERVED,STARTTLS_NOT_OBSERVED,TLS_NOT_OBSERVED,CERTIFICATE_NOT_OBSERVED_NO_TLS,587,success,smtp,1,1,0,0,0,,,,,,,,,,,,,,,,,,,,,,,,,,,0,,,,,,,,,,,,,,,,,,,,,,,,,,,,,,,,,,,,,,,,,,,,,,,,,1,0
zgrab_India_587.json:3,zgrab_real,zgrab_India_587.json,3,India,SMTP_RESPONSE_OBSERVED,STARTTLS_NOT_OBSERVED,TLS_NOT_OBSERVED,CERTIFICATE_NOT_OBSERVED_NO_TLS,587,success,smtp,1,1,0,0,0,,,,,,,,,,,,,,,,,,,,,,,,,,,0,,,,,,,,,,,,,,,,,,,,,,,,,,,,,,,,,,,,,,,,,,,,,,,,,1,0
zgrab_India_587.json:4,zgrab_real,zgrab_India_587.json,4,India,SMTP_RESPONSE_OBSERVED,STARTTLS_NOT_OBSERVED,TLS_NOT_OBSERVED,CERTIFICATE_NOT_OBSERVED_NO_TLS,587,success,smtp,1,1,0,0,0,,,,,,,,,,,,,,,,,,,,,,,,,,,0,,,,,,,,,,,,,,,,,,,,,,,,,,,,,,,,,,,,,,,,,,,,,,,,,1,0
zgrab_India_587.json:5,zgrab_real,zgrab_India_587.json,5,India,SMTP_RESPONSE_OBSERVED,STARTTLS_NOT_OBSERVED,TLS_NOT_OBSERVED,CERTIFICATE_NOT_OBSERVED_NO_TLS,587,success,smtp,1,1,0,0,0,,,,,,,,,,,,,,,,,,,,,,,,,,,0,,,,,,,,,,,,,,,,,,,,,,,,,,,,,,,,,,,,,,,,,,,,,,,,,1,0
zgrab_India_587.json:6,zgrab_real,zgrab_India_587.json,6,India,SMTP_RESPONSE_OBSERVED,STARTTLS_NOT_OBSERVED,TLS_NOT_OBSERVED,CERTIFICATE_NOT_OBSERVED_NO_TLS,587,success,smtp,1,1,0,0,0,,,,,,,,,,,,,,,,,,,,,,,,,,,0,,,,,,,,,,,,,,,,,,,,,,,,,,,,,,,,,,,,,,,,,,,,,,,,,1,0
zgrab_India_587.json:7,zgrab_real,zgrab_India_587.json,7,India,SMTP_RESPONSE_OBSERVED,STARTTLS_NOT_OBSERVED,TLS_NOT_OBSERVED,CERTIFICATE_NOT_OBSERVED_NO_TLS,587,success,smtp,1,1,0,0,0,,,,,,,,,,,,,,,,,,,,,,,,,,,0,,,,,,,,,,,,,,,,,,,,,,,,,,,,,,,,,,,,,,,,,,,,,,,,,1,0
zgrab_India_587.json:8,zgrab_real,zgrab_India_587.json,8,India,SMTP_RESPONSE_OBSERVED,STARTTLS_NOT_OBSERVED,TLS_NOT_OBSERVED,CERTIFICATE_NOT_OBSERVED_NO_TLS,587,success,smtp,1,1,0,0,0,,,,,,,,,,,,,,,,,,,,,,,,,,,0,,,,,,,,,,,,,,,,,,,,,,,,,,,,,,,,,,,,,,,,,,,,,,,,,1,0
zgrab_India_587.json:9,zgrab_real,zgrab_India_587.json,9,India,SMTP_RESPONSE_OBSERVED,STARTTLS_NOT_OBSERVED,TLS_NOT_OBSERVED,CERTIFICATE_NOT_OBSERVED_NO_TLS,587,success,smtp,1,1,0,0,0,,,,,,,,,,,,,,,,,,,,,,,,,,,0,,,,,,,,,,,,,,,,,,,,,,,,,,,,,,,,,,,,,,,,,,,,,,,,,1,0
zgrab_India_587.json:10,zgrab_real,zgrab_India_587.json,10,India,SMTP_RESPONSE_OBSERVED,TLS_HANDSHAKE_SUCCEEDED,HANDSHAKE_SUCCEEDED,CERTIFICATE_OBSERVED,587,success,smtp,1,1,1,1,1,TLSv1.2,TLSv1.3,TLS_CHACHA20_POLY1305_SHA256,x25519,2,1,1,0,0,0,0,0,0,0,0,1,1,0,0,0,1,0,0,1,0,0,1,True,RSA,2048,65537,,,SHA256-RSA,0,1,0,0,DV,False,12,0,36,12,False,True,,True,True,,2,10,89.99998842592592,88.12471064814815,0,0,2,0,1,0,1,1,2,1,1,1,1,1,0,0,0,0,0,0,0,0,1
zgrab_India_587.json:11,zgrab_real,zgrab_India_587.json,11,India,SMTP_RESPONSE_OBSERVED,STARTTLS_NOT_OBSERVED,TLS_NOT_OBSERVED,CERTIFICATE_NOT_OBSERVED_NO_TLS,587,success,smtp,1,1,0,0,0,,,,,,,,,,,,,,,,,,,,,,,,,,,0,,,,,,,,,,,,,,,,,,,,,,,,,,,,,,,,,,,,,,,,,,,,,,,,,1,0
zgrab_India_587.json:12,zgrab_real,zgrab_India_587.json,12,India,SMTP_RESPONSE_OBSERVED,TLS_HANDSHAKE_SUCCEEDED,HANDSHAKE_SUCCEEDED,CERTIFICATE_OBSERVED,587,success,smtp,1,1,1,1,1,TLSv1.2,,TLS_ECDHE_RSA_WITH_AES_256_GCM_SHA384,,1,0,0,1,0,0,0,0,0,0,0,1,1,0,0,1,1,0,0,1,0,0,1,False,RSA,2048,65537,,,SHA1-RSA,1,0,0,0,unknown,True,2,0,29,2,False,True,,True,True,,2,4,1826.0,-92.10328703703703,1,0,0,0,0,0,0,0,0,0,0,0,0,0,0,0,0,0,1,0,1,0,1
zgrab_India_587.json:13,zgrab_real,zgrab_India_587.json,13,India,SMTP_RESPONSE_OBSERVED,STARTTLS_NOT_OBSERVED,TLS_NOT_OBSERVED,CERTIFICATE_NOT_OBSERVED_NO_TLS,587,success,smtp,1,1,0,0,0,,,,,,,,,,,,,,,,,,,,,,,,,,,0,,,,,,,,,,,,,,,,,,,,,,,,,,,,,,,,,,,,,,,,,,,,,,,,,1,0
zgrab_India_587.json:14,zgrab_real,zgrab_India_587.json,14,India,SMTP_RESPONSE_OBSERVED,STARTTLS_NOT_OBSERVED,TLS_NOT_OBSERVED,CERTIFICATE_NOT_OBSERVED_NO_TLS,587,success,smtp,1,1,0,0,0,,,,,,,,,,,,,,,,,,,,,,,,,,,0,,,,,,,,,,,,,,,,,,,,,,,,,,,,,,,,,,,,,,,,,,,,,,,,,1,0
zgrab_India_587.json:15,zgrab_real,zgrab_India_587.json,15,India,SMTP_RESPONSE_OBSERVED,STARTTLS_NOT_OBSERVED,TLS_NOT_OBSERVED,CERTIFICATE_NOT_OBSERVED_NO_TLS,587,success,smtp,1,1,0,0,0,,,,,,,,,,,,,,,,,,,,,,,,,,,0,,,,,,,,,,,,,,,,,,,,,,,,,,,,,,,,,,,,,,,,,,,,,,,,,1,0
zgrab_India_587.json:16,zgrab_real,zgrab_India_587.json,16,India,SMTP_RESPONSE_OBSERVED,TLS_HANDSHAKE_SUCCEEDED,HANDSHAKE_SUCCEEDED,CERTIFICATE_OBSERVED,587,success,smtp,1,1,1,1,1,TLSv1.2,TLSv1.3,TLS_CHACHA20_POLY1305_SHA256,x25519,2,1,1,0,0,0,0,0,0,0,0,1,1,0,0,0,1,0,0,1,0,0,1,False,RSA,2048,65537,,,SHA256-RSA,0,1,0,0,unknown,True,1,0,26,1,False,True,True,,,,0,5,365.0,78.97828703703703,0,0,0,0,0,0,0,0,0,0,0,0,1,1,0,0,0,0,0,0,1,0,1
zgrab_India_587.json:17,zgrab_real,zgrab_India_587.json,17,India,SMTP_RESPONSE_OBSERVED,STARTTLS_NOT_OBSERVED,TLS_NOT_OBSERVED,CERTIFICATE_NOT_OBSERVED_NO_TLS,587,success,smtp,1,0,0,0,0,,,,,,,,,,,,,,,,,,,,,,,,,,,0,,,,,,,,,,,,,,,,,,,,,,,,,,,,,,,,,,,,,,,,,,,,,,,,,1,0
zgrab_India_587.json:18,zgrab_real,zgrab_India_587.json,18,India,SMTP_RESPONSE_OBSERVED,TLS_HANDSHAKE_SUCCEEDED,HANDSHAKE_SUCCEEDED,CERTIFICATE_OBSERVED,587,success,smtp,1,1,1,1,1,TLSv1.2,TLSv1.3,TLS_CHACHA20_POLY1305_SHA256,x25519,2,1,1,0,0,0,0,0,0,0,0,1,1,0,0,0,1,0,0,1,0,0,1,True,RSA,2048,65537,,,SHA256-RSA,0,1,0,0,DV,False,1,0,20,1,False,True,,True,True,,2,10,89.99998842592592,59.81104166666667,0,0,2,0,1,0,1,1,2,1,1,1,1,1,0,0,0,0,0,0,0,0,1
zgrab_India_587.json:19,zgrab_real,zgrab_India_587.json,19,India,SMTP_RESPONSE_OBSERVED,TLS_HANDSHAKE_SUCCEEDED,HANDSHAKE_SUCCEEDED,CERTIFICATE_OBSERVED,587,success,smtp,1,1,1,1,1,TLSv1.2,TLSv1.3,TLS_CHACHA20_POLY1305_SHA256,x25519,2,1,1,0,0,0,0,0,0,0,0,1,1,0,0,0,1,0,0,1,0,0,1,True,RSA,2048,65537,,,SHA256-RSA,0,1,0,0,DV,False,1,0,27,1,False,True,,True,True,,2,10,89.99998842592592,83.25400462962963,0,0,2,0,1,0,1,1,2,1,1,1,1,1,0,0,0,0,0,0,0,0,1
zgrab_India_587.json:20,zgrab_real,zgrab_India_587.json,20,India,SMTP_RESPONSE_OBSERVED,STARTTLS_NOT_OBSERVED,TLS_NOT_OBSERVED,CERTIFICATE_NOT_OBSERVED_NO_TLS,587,success,smtp,1,1,0,0,0,,,,,,,,,,,,,,,,,,,,,,,,,,,0,,,,,,,,,,,,,,,,,,,,,,,,,,,,,,,,,,,,,,,,,,,,,,,,,1,0
zgrab_India_587.json:21,zgrab_real,zgrab_India_587.json,21,India,SMTP_RESPONSE_OBSERVED,TLS_HANDSHAKE_SUCCEEDED,HANDSHAKE_SUCCEEDED,CERTIFICATE_OBSERVED,587,success,smtp,1,1,1,1,1,TLSv1.2,TLSv1.3,TLS_CHACHA20_POLY1305_SHA256,x25519,2,1,1,0,0,0,0,0,0,0,0,1,1,0,0,0,1,0,0,1,0,0,1,True,RSA,2048,65537,,,SHA256-RSA,0,1,0,0,DV,False,1,0,20,1,False,True,,True,True,,2,10,89.99998842592592,37.161145833333336,0,0,2,0,1,0,1,1,2,1,1,1,1,1,0,0,0,0,0,0,0,0,1
zgrab_India_587.json:22,zgrab_real,zgrab_India_587.json,22,India,SMTP_RESPONSE_OBSERVED,TLS_HANDSHAKE_SUCCEEDED,HANDSHAKE_SUCCEEDED,CERTIFICATE_OBSERVED,587,success,smtp,1,1,1,1,1,TLSv1.2,TLSv1.3,TLS_CHACHA20_POLY1305_SHA256,x25519,2,1,1,0,0,0,0,0,0,0,0,1,1,0,0,0,1,0,0,1,0,0,1,True,RSA,2048,65537,,,SHA256-RSA,0,1,0,0,DV,False,1,0,20,1,False,True,,True,True,,2,10,89.99998842592592,59.8109375,0,0,2,0,1,0,1,1,2,1,1,1,1,1,0,0,0,0,0,0,0,0,1
zgrab_India_587.json:23,zgrab_real,zgrab_India_587.json,23,India,SMTP_RESPONSE_OBSERVED,STARTTLS_NOT_OBSERVED,TLS_NOT_OBSERVED,CERTIFICATE_NOT_OBSERVED_NO_TLS,587,success,smtp,1,1,0,0,0,,,,,,,,,,,,,,,,,,,,,,,,,,,0,,,,,,,,,,,,,,,,,,,,,,,,,,,,,,,,,,,,,,,,,,,,,,,,,1,0
zgrab_India_587.json:24,zgrab_real,zgrab_India_587.json,24,India,SMTP_RESPONSE_OBSERVED,STARTTLS_NOT_OBSERVED,TLS_NOT_OBSERVED,CERTIFICATE_NOT_OBSERVED_NO_TLS,587,success,smtp,1,1,0,0,0,,,,,,,,,,,,,,,,,,,,,,,,,,,0,,,,,,,,,,,,,,,,,,,,,,,,,,,,,,,,,,,,,,,,,,,,,,,,,1,0
zgrab_India_587.json:25,zgrab_real,zgrab_India_587.json,25,India,SMTP_RESPONSE_OBSERVED,STARTTLS_NOT_OBSERVED,TLS_NOT_OBSERVED,CERTIFICATE_NOT_OBSERVED_NO_TLS,587,success,smtp,1,1,0,0,0,,,,,,,,,,,,,,,,,,,,,,,,,,,0,,,,,,,,,,,,,,,,,,,,,,,,,,,,,,,,,,,,,,,,,,,,,,,,,1,0
zgrab_India_587.json:26,zgrab_real,zgrab_India_587.json,26,India,SMTP_RESPONSE_OBSERVED,TLS_HANDSHAKE_SUCCEEDED,HANDSHAKE_SUCCEEDED,CERTIFICATE_OBSERVED,587,success,smtp,1,1,1,1,1,TLSv1.2,TLSv1.3,TLS_CHACHA20_POLY1305_SHA256,x25519,2,1,1,0,0,0,0,0,0,0,0,1,1,0,0,0,1,0,0,1,0,0,1,False,RSA,2048,65537,,,SHA256-RSA,0,1,0,0,unknown,True,1,0,21,1,False,True,True,,,,0,5,365.0,309.90417824074075,0,0,0,0,0,0,0,0,0,0,0,0,1,1,0,0,0,0,0,0,1,0,1
zgrab_India_587.json:27,zgrab_real,zgrab_India_587.json,27,India,SMTP_RESPONSE_OBSERVED,STARTTLS_NOT_OBSERVED,TLS_NOT_OBSERVED,CERTIFICATE_NOT_OBSERVED_NO_TLS,587,success,smtp,1,1,0,0,0,,,,,,,,,,,,,,,,,,,,,,,,,,,0,,,,,,,,,,,,,,,,,,,,,,,,,,,,,,,,,,,,,,,,,,,,,,,,,1,0
zgrab_India_587.json:28,zgrab_real,zgrab_India_587.json,28,India,SMTP_RESPONSE_OBSERVED,TLS_HANDSHAKE_SUCCEEDED,HANDSHAKE_SUCCEEDED,CERTIFICATE_OBSERVED,587,success,smtp,1,1,1,1,1,TLSv1.2,TLSv1.3,TLS_CHACHA20_POLY1305_SHA256,x25519,2,1,1,0,0,0,0,0,0,0,0,1,1,0,0,0,1,0,0,1,0,0,1,True,RSA,2048,65537,,,SHA256-RSA,0,1,0,0,DV,False,1,0,26,1,False,True,,True,True,,2,10,89.99998842592592,74.81596064814815,0,0,2,0,1,0,1,1,2,1,1,1,1,1,0,0,0,0,0,0,0,0,1
zgrab_India_587.json:29,zgrab_real,zgrab_India_587.json,29,India,SMTP_RESPONSE_OBSERVED,STARTTLS_NOT_OBSERVED,TLS_NOT_OBSERVED,CERTIFICATE_NOT_OBSERVED_NO_TLS,587,success,smtp,1,1,0,0,0,,,,,,,,,,,,,,,,,,,,,,,,,,,0,,,,,,,,,,,,,,,,,,,,,,,,,,,,,,,,,,,,,,,,,,,,,,,,,1,0
zgrab_India_587.json:30,zgrab_real,zgrab_India_587.json,30,India,SMTP_RESPONSE_OBSERVED,STARTTLS_NOT_OBSERVED,TLS_NOT_OBSERVED,CERTIFICATE_NOT_OBSERVED_NO_TLS,587,success,smtp,1,1,0,0,0,,,,,,,,,,,,,,,,,,,,,,,,,,,0,,,,,,,,,,,,,,,,,,,,,,,,,,,,,,,,,,,,,,,,,,,,,,,,,1,0
zgrab_India_587.json:31,zgrab_real,zgrab_India_587.json,31,India,SMTP_RESPONSE_OBSERVED,STARTTLS_NOT_OBSERVED,TLS_NOT_OBSERVED,CERTIFICATE_NOT_OBSERVED_NO_TLS,587,success,smtp,1,1,0,0,0,,,,,,,,,,,,,,,,,,,,,,,,,,,0,,,,,,,,,,,,,,,,,,,,,,,,,,,,,,,,,,,,,,,,,,,,,,,,,1,0
zgrab_India_587.json:32,zgrab_real,zgrab_India_587.json,32,India,SMTP_RESPONSE_OBSERVED,STARTTLS_NOT_OBSERVED,TLS_NOT_OBSERVED,CERTIFICATE_NOT_OBSERVED_NO_TLS,587,success,smtp,1,1,0,0,0,,,,,,,,,,,,,,,,,,,,,,,,,,,0,,,,,,,,,,,,,,,,,,,,,,,,,,,,,,,,,,,,,,,,,,,,,,,,,1,0
zgrab_India_587.json:33,zgrab_real,zgrab_India_587.json,33,India,SMTP_RESPONSE_OBSERVED,STARTTLS_NOT_OBSERVED,TLS_NOT_OBSERVED,CERTIFICATE_NOT_OBSERVED_NO_TLS,587,success,smtp,1,1,0,0,0,,,,,,,,,,,,,,,,,,,,,,,,,,,0,,,,,,,,,,,,,,,,,,,,,,,,,,,,,,,,,,,,,,,,,,,,,,,,,1,0
zgrab_India_587.json:34,zgrab_real,zgrab_India_587.json,34,India,SMTP_RESPONSE_OBSERVED,STARTTLS_NOT_OBSERVED,TLS_NOT_OBSERVED,CERTIFICATE_NOT_OBSERVED_NO_TLS,587,success,smtp,1,1,0,0,0,,,,,,,,,,,,,,,,,,,,,,,,,,,0,,,,,,,,,,,,,,,,,,,,,,,,,,,,,,,,,,,,,,,,,,,,,,,,,1,0
zgrab_India_587.json:35,zgrab_real,zgrab_India_587.json,35,India,SMTP_RESPONSE_OBSERVED,STARTTLS_NOT_OBSERVED,TLS_NOT_OBSERVED,CERTIFICATE_NOT_OBSERVED_NO_TLS,587,success,smtp,1,1,0,0,0,,,,,,,,,,,,,,,,,,,,,,,,,,,0,,,,,,,,,,,,,,,,,,,,,,,,,,,,,,,,,,,,,,,,,,,,,,,,,1,0
zgrab_India_587.json:36,zgrab_real,zgrab_India_587.json,36,India,SMTP_RESPONSE_OBSERVED,STARTTLS_NOT_OBSERVED,TLS_NOT_OBSERVED,CERTIFICATE_NOT_OBSERVED_NO_TLS,587,success,smtp,1,1,0,0,0,,,,,,,,,,,,,,,,,,,,,,,,,,,0,,,,,,,,,,,,,,,,,,,,,,,,,,,,,,,,,,,,,,,,,,,,,,,,,1,0
zgrab_India_587.json:37,zgrab_real,zgrab_India_587.json,37,India,SMTP_RESPONSE_OBSERVED,STARTTLS_NOT_OBSERVED,TLS_NOT_OBSERVED,CERTIFICATE_NOT_OBSERVED_NO_TLS,587,success,smtp,1,1,0,0,0,,,,,,,,,,,,,,,,,,,,,,,,,,,0,,,,,,,,,,,,,,,,,,,,,,,,,,,,,,,,,,,,,,,,,,,,,,,,,1,0
zgrab_India_587.json:38,zgrab_real,zgrab_India_587.json,38,India,SMTP_RESPONSE_OBSERVED,STARTTLS_NOT_OBSERVED,TLS_NOT_OBSERVED,CERTIFICATE_NOT_OBSERVED_NO_TLS,587,success,smtp,1,1,0,0,0,,,,,,,,,,,,,,,,,,,,,,,,,,,0,,,,,,,,,,,,,,,,,,,,,,,,,,,,,,,,,,,,,,,,,,,,,,,,,1,0
zgrab_India_587.json:39,zgrab_real,zgrab_India_587.json,39,India,SMTP_RESPONSE_OBSERVED,STARTTLS_NOT_OBSERVED,TLS_NOT_OBSERVED,CERTIFICATE_NOT_OBSERVED_NO_TLS,587,success,smtp,1,1,0,0,0,,,,,,,,,,,,,,,,,,,,,,,,,,,0,,,,,,,,,,,,,,,,,,,,,,,,,,,,,,,,,,,,,,,,,,,,,,,,,1,0
zgrab_India_587.json:40,zgrab_real,zgrab_India_587.json,40,India,SMTP_RESPONSE_OBSERVED,TLS_HANDSHAKE_SUCCEEDED,HANDSHAKE_SUCCEEDED,CERTIFICATE_OBSERVED,587,success,smtp,1,1,1,1,1,TLSv1.2,TLSv1.3,TLS_CHACHA20_POLY1305_SHA256,x25519,2,1,1,0,0,0,0,0,0,0,0,1,1,0,0,0,1,0,0,1,0,0,1,True,RSA,2048,65537,,,SHA256-RSA,0,1,0,0,DV,False,12,0,35,12,False,True,,True,True,,2,10,89.99998842592592,43.73443287037037,0,0,2,0,1,0,1,1,2,1,1,1,1,1,0,0,0,0,0,0,0,0,1
zgrab_India_587.json:41,zgrab_real,zgrab_India_587.json,41,India,SMTP_RESPONSE_OBSERVED,STARTTLS_NOT_OBSERVED,TLS_NOT_OBSERVED,CERTIFICATE_NOT_OBSERVED_NO_TLS,587,success,smtp,1,1,0,0,0,,,,,,,,,,,,,,,,,,,,,,,,,,,0,,,,,,,,,,,,,,,,,,,,,,,,,,,,,,,,,,,,,,,,,,,,,,,,,1,0
zgrab_India_587.json:42,zgrab_real,zgrab_India_587.json,42,India,SMTP_RESPONSE_OBSERVED,STARTTLS_NOT_OBSERVED,TLS_NOT_OBSERVED,CERTIFICATE_NOT_OBSERVED_NO_TLS,587,success,smtp,1,1,0,0,0,,,,,,,,,,,,,,,,,,,,,,,,,,,0,,,,,,,,,,,,,,,,,,,,,,,,,,,,,,,,,,,,,,,,,,,,,,,,,1,0
zgrab_India_587.json:43,zgrab_real,zgrab_India_587.json,43,India,SMTP_RESPONSE_OBSERVED,STARTTLS_NOT_OBSERVED,TLS_NOT_OBSERVED,CERTIFICATE_NOT_OBSERVED_NO_TLS,587,success,smtp,1,1,0,0,0,,,,,,,,,,,,,,,,,,,,,,,,,,,0,,,,,,,,,,,,,,,,,,,,,,,,,,,,,,,,,,,,,,,,,,,,,,,,,1,0
zgrab_India_587.json:44,zgrab_real,zgrab_India_587.json,44,India,SMTP_RESPONSE_OBSERVED,TLS_HANDSHAKE_SUCCEEDED,HANDSHAKE_SUCCEEDED,CERTIFICATE_OBSERVED,587,success,smtp,1,1,1,1,1,TLSv1.2,,TLS_ECDHE_RSA_WITH_AES_256_GCM_SHA384,,2,0,0,1,1,0,0,0,0,0,0,1,1,0,0,1,1,0,0,1,0,0,1,True,RSA,2048,65537,,,SHA256-RSA,0,1,0,0,DV,False,2,1,16,2,False,True,True,True,True,,2,9,198.99998842592592,27.997800925925926,0,0,2,1,1,1,2,1,3,1,0,0,1,1,0,0,0,0,0,0,0,0,1
zgrab_India_587.json:45,zgrab_real,zgrab_India_587.json,45,India,SMTP_RESPONSE_OBSERVED,TLS_HANDSHAKE_SUCCEEDED,HANDSHAKE_SUCCEEDED,CERTIFICATE_OBSERVED,587,success,smtp,1,1,1,1,1,TLSv1.2,,TLS_ECDHE_RSA_WITH_AES_256_GCM_SHA384,,2,0,0,1,1,0,0,0,0,0,0,1,1,0,0,1,1,0,0,1,0,0,1,True,RSA,2048,65537,,,SHA256-RSA,0,1,0,0,DV,False,2,1,16,2,False,True,True,True,True,,2,9,198.99998842592592,27.997789351851853,0,0,2,1,1,1,2,1,3,1,0,0,1,1,0,0,0,0,0,0,0,0,1
zgrab_India_587.json:46,zgrab_real,zgrab_India_587.json,46,India,SMTP_RESPONSE_OBSERVED,TLS_HANDSHAKE_SUCCEEDED,HANDSHAKE_SUCCEEDED,CERTIFICATE_OBSERVED,587,success,smtp,1,1,1,1,1,TLSv1.2,,TLS_ECDHE_RSA_WITH_AES_256_GCM_SHA384,,2,0,0,1,1,0,0,0,0,0,0,1,1,0,0,1,1,0,0,1,0,0,1,True,RSA,2048,65537,,,SHA256-RSA,0,1,0,0,DV,False,2,1,16,2,False,True,True,True,True,,2,9,198.99998842592592,27.997789351851853,0,0,2,1,1,1,2,1,3,1,0,0,1,1,0,0,0,0,0,0,0,0,1
zgrab_India_587.json:47,zgrab_real,zgrab_India_587.json,47,India,SMTP_RESPONSE_OBSERVED,TLS_HANDSHAKE_SUCCEEDED,HANDSHAKE_SUCCEEDED,CERTIFICATE_OBSERVED,587,success,smtp,1,1,1,1,1,TLSv1.2,,TLS_ECDHE_RSA_WITH_AES_256_GCM_SHA384,,2,0,0,1,1,0,0,0,0,0,0,1,1,0,0,1,1,0,0,1,0,0,1,True,RSA,2048,65537,,,SHA256-RSA,0,1,0,0,DV,False,2,1,16,2,False,True,True,True,True,,2,9,198.99998842592592,27.997789351851853,0,0,2,1,1,1,2,1,3,1,0,0,1,1,0,0,0,0,0,0,0,0,1
zgrab_India_587.json:48,zgrab_real,zgrab_India_587.json,48,India,SMTP_RESPONSE_OBSERVED,TLS_HANDSHAKE_SUCCEEDED,HANDSHAKE_SUCCEEDED,CERTIFICATE_OBSERVED,587,success,smtp,1,1,1,1,1,TLSv1.2,,TLS_ECDHE_RSA_WITH_AES_256_GCM_SHA384,,2,0,0,1,1,0,0,0,0,0,0,1,1,0,0,1,1,0,0,1,0,0,1,True,RSA,2048,65537,,,SHA256-RSA,0,1,0,0,DV,False,2,1,16,2,False,True,True,True,True,,2,9,198.99998842592592,27.997777777777777,0,0,2,1,1,1,2,1,3,1,0,0,1,1,0,0,0,0,0,0,0,0,1
zgrab_India_587.json:49,zgrab_real,zgrab_India_587.json,49,India,SMTP_RESPONSE_OBSERVED,TLS_HANDSHAKE_SUCCEEDED,HANDSHAKE_SUCCEEDED,CERTIFICATE_OBSERVED,587,success,smtp,1,1,1,1,1,TLSv1.2,,TLS_ECDHE_RSA_WITH_AES_256_GCM_SHA384,,2,0,0,1,0,1,1,0,0,0,0,1,1,0,0,1,1,0,0,1,0,0,1,True,RSA,2048,65537,,,SHA256-RSA,0,1,0,0,DV,False,2,1,16,2,False,True,True,True,True,,2,9,198.99998842592592,27.997777777777777,0,0,1,1,1,1,2,1,3,1,0,0,1,1,0,0,0,0,0,0,0,0,1
zgrab_India_587.json:50,zgrab_real,zgrab_India_587.json,50,India,SMTP_RESPONSE_OBSERVED,TLS_HANDSHAKE_SUCCEEDED,HANDSHAKE_SUCCEEDED,CERTIFICATE_OBSERVED,587,success,smtp,1,1,1,1,1,TLSv1.2,,TLS_ECDHE_RSA_WITH_AES_256_GCM_SHA384,,2,0,0,1,1,0,0,0,0,0,0,1,1,0,0,1,1,0,0,1,0,0,1,True,RSA,2048,65537,,,SHA256-RSA,0,1,0,0,DV,False,2,1,16,2,False,True,True,True,True,,2,9,198.99998842592592,27.997766203703705,0,0,2,1,1,1,2,1,3,1,0,0,1,1,0,0,0,0,0,0,0,0,1
zgrab_India_587.json:51,zgrab_real,zgrab_India_587.json,51,India,SMTP_RESPONSE_OBSERVED,TLS_HANDSHAKE_SUCCEEDED,HANDSHAKE_SUCCEEDED,CERTIFICATE_OBSERVED,587,success,smtp,1,1,1,1,1,TLSv1.2,,TLS_ECDHE_RSA_WITH_AES_256_GCM_SHA384,,2,0,0,1,1,0,0,0,0,0,0,1,1,0,0,1,1,0,0,1,0,0,1,True,RSA,2048,65537,,,SHA256-RSA,0,1,0,0,DV,False,2,1,16,2,False,True,True,True,True,,2,9,198.99998842592592,27.997766203703705,0,0,2,1,1,1,2,1,3,1,0,0,1,1,0,0,0,0,0,0,0,0,1
zgrab_India_587.json:52,zgrab_real,zgrab_India_587.json,52,India,SMTP_RESPONSE_OBSERVED,TLS_HANDSHAKE_SUCCEEDED,HANDSHAKE_SUCCEEDED,CERTIFICATE_OBSERVED,587,success,smtp,1,1,1,1,1,TLSv1.2,TLSv1.3,TLS_CHACHA20_POLY1305_SHA256,x25519,2,1,1,0,0,0,0,0,0,0,0,1,1,0,0,0,1,0,0,1,0,0,1,True,RSA,2048,65537,,,SHA256-RSA,0,1,0,0,DV,False,12,0,37,12,False,True,,True,True,,2,10,89.99998842592592,36.65560185185185,0,0,2,0,1,0,1,1,2,1,1,1,1,1,0,0,0,0,0,0,0,0,1
zgrab_India_587.json:53,zgrab_real,zgrab_India_587.json,53,India,SMTP_RESPONSE_OBSERVED,TLS_HANDSHAKE_SUCCEEDED,HANDSHAKE_SUCCEEDED,CERTIFICATE_OBSERVED,587,success,smtp,1,1,1,1,1,TLSv1.2,,TLS_ECDHE_RSA_WITH_AES_256_GCM_SHA384,,2,0,0,1,1,0,0,0,0,0,0,1,1,0,0,1,1,0,0,1,0,0,1,True,RSA,2048,65537,,,SHA256-RSA,0,1,0,0,DV,False,2,1,16,2,False,True,True,True,True,,2,9,198.99998842592592,27.99775462962963,0,0,2,1,1,1,2,1,3,1,0,0,1,1,0,0,0,0,0,0,0,0,1
zgrab_India_587.json:54,zgrab_real,zgrab_India_587.json,54,India,SMTP_RESPONSE_OBSERVED,TLS_HANDSHAKE_SUCCEEDED,HANDSHAKE_SUCCEEDED,CERTIFICATE_OBSERVED,587,success,smtp,1,1,1,1,1,TLSv1.2,,TLS_ECDHE_RSA_WITH_AES_256_GCM_SHA384,,2,0,0,1,1,0,0,0,0,0,0,1,1,0,0,1,1,0,0,1,0,0,1,True,RSA,2048,65537,,,SHA256-RSA,0,1,0,0,DV,False,2,1,16,2,False,True,True,True,True,,2,9,198.99998842592592,27.99775462962963,0,0,2,1,1,1,2,1,3,1,0,0,1,1,0,0,0,0,0,0,0,0,1
zgrab_India_587.json:55,zgrab_real,zgrab_India_587.json,55,India,SMTP_RESPONSE_OBSERVED,STARTTLS_NOT_OBSERVED,TLS_NOT_OBSERVED,CERTIFICATE_NOT_OBSERVED_NO_TLS,587,success,smtp,1,1,0,0,0,,,,,,,,,,,,,,,,,,,,,,,,,,,0,,,,,,,,,,,,,,,,,,,,,,,,,,,,,,,,,,,,,,,,,,,,,,,,,1,0
zgrab_India_587.json:56,zgrab_real,zgrab_India_587.json,56,India,SMTP_RESPONSE_OBSERVED,STARTTLS_NOT_OBSERVED,TLS_NOT_OBSERVED,CERTIFICATE_NOT_OBSERVED_NO_TLS,587,success,smtp,1,1,0,0,0,,,,,,,,,,,,,,,,,,,,,,,,,,,0,,,,,,,,,,,,,,,,,,,,,,,,,,,,,,,,,,,,,,,,,,,,,,,,,1,0
zgrab_India_587.json:57,zgrab_real,zgrab_India_587.json,57,India,SMTP_RESPONSE_OBSERVED,STARTTLS_NOT_OBSERVED,TLS_NOT_OBSERVED,CERTIFICATE_NOT_OBSERVED_NO_TLS,587,success,smtp,1,1,0,0,0,,,,,,,,,,,,,,,,,,,,,,,,,,,0,,,,,,,,,,,,,,,,,,,,,,,,,,,,,,,,,,,,,,,,,,,,,,,,,1,0
zgrab_India_587.json:58,zgrab_real,zgrab_India_587.json,58,India,SMTP_RESPONSE_OBSERVED,TLS_HANDSHAKE_SUCCEEDED,HANDSHAKE_SUCCEEDED,CERTIFICATE_OBSERVED,587,success,smtp,1,1,1,1,1,TLSv1.2,TLSv1.3,TLS_CHACHA20_POLY1305_SHA256,x25519,2,1,1,0,0,0,0,0,0,0,0,1,1,0,0,0,1,0,0,1,0,0,1,True,RSA,2048,65537,,,SHA256-RSA,0,1,0,0,DV,False,1,0,24,1,False,True,,True,True,,2,10,89.99998842592592,74.59342592592593,0,0,2,0,1,0,1,1,2,1,1,1,1,1,0,0,0,0,0,0,0,0,1
zgrab_India_587.json:59,zgrab_real,zgrab_India_587.json,59,India,SMTP_RESPONSE_OBSERVED,TLS_HANDSHAKE_SUCCEEDED,HANDSHAKE_SUCCEEDED,CERTIFICATE_OBSERVED,587,success,smtp,1,1,1,1,1,TLSv1.2,,TLS_ECDHE_RSA_WITH_AES_256_GCM_SHA384,,2,0,0,1,1,0,0,0,0,0,0,1,1,0,0,1,1,0,0,1,0,0,1,True,RSA,2048,65537,,,SHA256-RSA,0,1,0,0,DV,False,2,1,16,2,False,True,True,True,True,,2,9,198.99998842592592,27.997743055555556,0,0,2,1,1,1,2,1,3,1,0,0,1,1,0,0,0,0,0,0,0,0,1
zgrab_India_587.json:60,zgrab_real,zgrab_India_587.json,60,India,SMTP_RESPONSE_OBSERVED,TLS_HANDSHAKE_SUCCEEDED,HANDSHAKE_SUCCEEDED,CERTIFICATE_OBSERVED,587,success,smtp,1,1,1,1,1,TLSv1.2,,TLS_ECDHE_RSA_WITH_AES_256_GCM_SHA384,,2,0,0,1,1,0,0,0,0,0,0,1,1,0,0,1,1,0,0,1,0,0,1,True,RSA,2048,65537,,,SHA256-RSA,0,1,0,0,DV,False,2,1,16,2,False,True,True,True,True,,2,9,198.99998842592592,27.99773148148148,0,0,2,1,1,1,2,1,3,1,0,0,1,1,0,0,0,0,0,0,0,0,1
zgrab_India_587.json:61,zgrab_real,zgrab_India_587.json,61,India,SMTP_RESPONSE_OBSERVED,TLS_HANDSHAKE_SUCCEEDED,HANDSHAKE_SUCCEEDED,CERTIFICATE_OBSERVED,587,success,smtp,1,1,1,1,1,TLSv1.2,,TLS_ECDHE_RSA_WITH_AES_256_GCM_SHA384,,2,0,0,1,1,0,0,0,0,0,0,1,1,0,0,1,1,0,0,1,0,0,1,True,RSA,2048,65537,,,SHA256-RSA,0,1,0,0,DV,False,2,1,16,2,False,True,True,True,True,,2,9,198.99998842592592,27.99773148148148,0,0,2,1,1,1,2,1,3,1,0,0,1,1,0,0,0,0,0,0,0,0,1
zgrab_India_587.json:62,zgrab_real,zgrab_India_587.json,62,India,SMTP_RESPONSE_OBSERVED,TLS_HANDSHAKE_SUCCEEDED,HANDSHAKE_SUCCEEDED,CERTIFICATE_OBSERVED,587,success,smtp,1,1,1,1,1,TLSv1.2,,TLS_ECDHE_RSA_WITH_AES_256_GCM_SHA384,,2,0,0,1,1,0,0,0,0,0,0,1,1,0,0,1,1,0,0,1,0,0,1,True,RSA,2048,65537,,,SHA256-RSA,0,1,0,0,DV,False,2,1,16,2,False,True,True,True,True,,2,9,198.99998842592592,27.99773148148148,0,0,2,1,1,1,2,1,3,1,0,0,1,1,0,0,0,0,0,0,0,0,1
zgrab_India_587.json:63,zgrab_real,zgrab_India_587.json,63,India,SMTP_RESPONSE_OBSERVED,TLS_HANDSHAKE_SUCCEEDED,HANDSHAKE_SUCCEEDED,CERTIFICATE_OBSERVED,587,success,smtp,1,1,1,1,1,TLSv1.2,,TLS_ECDHE_RSA_WITH_AES_256_GCM_SHA384,,2,0,0,1,1,0,0,0,0,0,0,1,1,0,0,1,1,0,0,1,0,0,1,True,RSA,2048,65537,,,SHA256-RSA,0,1,0,0,DV,False,2,1,16,2,False,True,True,True,True,,2,9,198.99998842592592,27.997719907407408,0,0,2,1,1,1,2,1,3,1,0,0,1,1,0,0,0,0,0,0,0,0,1
zgrab_India_587.json:64,zgrab_real,zgrab_India_587.json,64,India,SMTP_RESPONSE_OBSERVED,TLS_HANDSHAKE_SUCCEEDED,HANDSHAKE_SUCCEEDED,CERTIFICATE_OBSERVED,587,success,smtp,1,1,1,1,1,TLSv1.2,,TLS_ECDHE_RSA_WITH_AES_256_GCM_SHA384,,2,0,0,1,1,0,0,0,0,0,0,1,1,0,0,1,1,0,0,1,0,0,1,True,RSA,2048,65537,,,SHA256-RSA,0,1,0,0,DV,False,2,1,16,2,False,True,True,True,True,,2,9,198.99998842592592,27.997719907407408,0,0,2,1,1,1,2,1,3,1,0,0,1,1,0,0,0,0,0,0,0,0,1
zgrab_India_587.json:65,zgrab_real,zgrab_India_587.json,65,India,SMTP_RESPONSE_OBSERVED,TLS_HANDSHAKE_SUCCEEDED,HANDSHAKE_SUCCEEDED,CERTIFICATE_OBSERVED,587,success,smtp,1,1,1,1,1,TLSv1.2,,TLS_ECDHE_RSA_WITH_AES_256_GCM_SHA384,,2,0,0,1,1,0,0,0,0,0,0,1,1,0,0,1,1,0,0,1,0,0,1,True,RSA,2048,65537,,,SHA256-RSA,0,1,0,0,DV,False,2,1,16,2,False,True,True,True,True,,2,9,198.99998842592592,27.997719907407408,0,0,2,1,1,1,2,1,3,1,0,0,1,1,0,0,0,0,0,0,0,0,1
zgrab_India_587.json:66,zgrab_real,zgrab_India_587.json,66,India,SMTP_RESPONSE_OBSERVED,TLS_HANDSHAKE_SUCCEEDED,HANDSHAKE_SUCCEEDED,CERTIFICATE_OBSERVED,587,success,smtp,1,1,1,1,1,TLSv1.2,,TLS_ECDHE_RSA_WITH_AES_256_GCM_SHA384,,2,0,0,1,1,0,0,0,0,0,0,1,1,0,0,1,1,0,0,1,0,0,1,True,RSA,2048,65537,,,SHA256-RSA,0,1,0,0,DV,False,2,1,13,2,False,True,True,True,True,,2,9,198.99998842592592,38.997708333333335,0,0,2,1,1,1,2,1,3,1,0,0,1,1,0,0,0,0,0,0,0,0,1
zgrab_India_587.json:67,zgrab_real,zgrab_India_587.json,67,India,SMTP_RESPONSE_OBSERVED,TLS_HANDSHAKE_SUCCEEDED,HANDSHAKE_SUCCEEDED,CERTIFICATE_OBSERVED,587,success,smtp,1,1,1,1,1,TLSv1.2,,TLS_ECDHE_RSA_WITH_AES_256_GCM_SHA384,,2,0,0,1,1,0,0,0,0,0,0,1,1,0,0,1,1,0,0,1,0,0,1,True,RSA,2048,65537,,,SHA256-RSA,0,1,0,0,DV,False,2,1,16,2,False,True,True,True,True,,2,9,198.99998842592592,27.997708333333332,0,0,2,1,1,1,2,1,3,1,0,0,1,1,0,0,0,0,0,0,0,0,1
zgrab_India_587.json:68,zgrab_real,zgrab_India_587.json,68,India,SMTP_RESPONSE_OBSERVED,STARTTLS_NOT_OBSERVED,TLS_NOT_OBSERVED,CERTIFICATE_NOT_OBSERVED_NO_TLS,587,success,smtp,1,1,0,0,0,,,,,,,,,,,,,,,,,,,,,,,,,,,0,,,,,,,,,,,,,,,,,,,,,,,,,,,,,,,,,,,,,,,,,,,,,,,,,1,0
zgrab_India_587.json:69,zgrab_real,zgrab_India_587.json,69,India,SMTP_RESPONSE_OBSERVED,STARTTLS_NOT_OBSERVED,TLS_NOT_OBSERVED,CERTIFICATE_NOT_OBSERVED_NO_TLS,587,success,smtp,1,1,0,0,0,,,,,,,,,,,,,,,,,,,,,,,,,,,0,,,,,,,,,,,,,,,,,,,,,,,,,,,,,,,,,,,,,,,,,,,,,,,,,1,0
zgrab_India_587.json:70,zgrab_real,zgrab_India_587.json,70,India,SMTP_RESPONSE_OBSERVED,TLS_HANDSHAKE_SUCCEEDED,HANDSHAKE_SUCCEEDED,CERTIFICATE_OBSERVED,587,success,smtp,1,1,1,1,1,TLSv1.2,,TLS_ECDHE_RSA_WITH_AES_256_GCM_SHA384,,2,0,0,1,1,0,0,0,0,0,0,1,1,0,0,1,1,0,0,1,0,0,1,True,RSA,2048,65537,,,SHA256-RSA,0,1,0,0,DV,False,2,1,16,2,False,True,True,True,True,,2,9,198.99998842592592,27.997708333333332,0,0,2,1,1,1,2,1,3,1,0,0,1,1,0,0,0,0,0,0,0,0,1
zgrab_India_587.json:71,zgrab_real,zgrab_India_587.json,71,India,SMTP_RESPONSE_OBSERVED,STARTTLS_NOT_OBSERVED,TLS_NOT_OBSERVED,CERTIFICATE_NOT_OBSERVED_NO_TLS,587,success,smtp,1,1,0,0,0,,,,,,,,,,,,,,,,,,,,,,,,,,,0,,,,,,,,,,,,,,,,,,,,,,,,,,,,,,,,,,,,,,,,,,,,,,,,,1,0
zgrab_India_587.json:72,zgrab_real,zgrab_India_587.json,72,India,SMTP_RESPONSE_OBSERVED,TLS_HANDSHAKE_SUCCEEDED,HANDSHAKE_SUCCEEDED,CERTIFICATE_OBSERVED,587,success,smtp,1,1,1,1,1,TLSv1.2,,TLS_ECDHE_RSA_WITH_AES_256_GCM_SHA384,,2,0,0,1,1,0,0,0,0,0,0,1,1,0,0,1,1,0,0,1,0,0,1,True,RSA,2048,65537,,,SHA256-RSA,0,1,0,0,DV,False,2,1,16,2,False,True,True,True,True,,2,9,198.99998842592592,27.99769675925926,0,0,2,1,1,1,2,1,3,1,0,0,1,1,0,0,0,0,0,0,0,0,1
zgrab_India_587.json:73,zgrab_real,zgrab_India_587.json,73,India,SMTP_RESPONSE_OBSERVED,TLS_HANDSHAKE_SUCCEEDED,HANDSHAKE_SUCCEEDED,CERTIFICATE_OBSERVED,587,success,smtp,1,1,1,1,1,TLSv1.2,,TLS_ECDHE_RSA_WITH_AES_256_GCM_SHA384,,2,0,0,1,1,0,0,0,0,0,0,1,1,0,0,1,1,0,0,1,0,0,1,True,RSA,2048,65537,,,SHA256-RSA,0,1,0,0,DV,False,2,1,16,2,False,True,True,True,True,,2,9,198.99998842592592,27.99769675925926,0,0,2,1,1,1,2,1,3,1,0,0,1,1,0,0,0,0,0,0,0,0,1
zgrab_India_587.json:74,zgrab_real,zgrab_India_587.json,74,India,SMTP_RESPONSE_OBSERVED,TLS_HANDSHAKE_SUCCEEDED,HANDSHAKE_SUCCEEDED,CERTIFICATE_OBSERVED,587,success,smtp,1,1,1,1,1,TLSv1.2,,TLS_ECDHE_RSA_WITH_AES_256_GCM_SHA384,,2,0,0,1,1,0,0,0,0,0,0,1,1,0,0,1,1,0,0,1,0,0,1,True,RSA,2048,65537,,,SHA256-RSA,0,1,0,0,DV,False,2,1,16,2,False,True,True,True,True,,2,9,198.99998842592592,27.997685185185187,0,0,2,1,1,1,2,1,3,1,0,0,1,1,0,0,0,0,0,0,0,0,1
zgrab_India_587.json:75,zgrab_real,zgrab_India_587.json,75,India,SMTP_RESPONSE_OBSERVED,TLS_HANDSHAKE_SUCCEEDED,HANDSHAKE_SUCCEEDED,CERTIFICATE_OBSERVED,587,success,smtp,1,1,1,1,1,TLSv1.2,,TLS_ECDHE_RSA_WITH_AES_256_GCM_SHA384,,2,0,0,1,1,0,0,0,0,0,0,1,1,0,0,1,1,0,0,1,0,0,1,True,RSA,2048,65537,,,SHA256-RSA,0,1,0,0,DV,False,2,1,16,2,False,True,True,True,True,,2,9,198.99998842592592,27.997685185185187,0,0,2,1,1,1,2,1,3,1,0,0,1,1,0,0,0,0,0,0,0,0,1
zgrab_India_587.json:76,zgrab_real,zgrab_India_587.json,76,India,SMTP_RESPONSE_OBSERVED,TLS_HANDSHAKE_SUCCEEDED,HANDSHAKE_SUCCEEDED,CERTIFICATE_OBSERVED,587,success,smtp,1,1,1,1,1,TLSv1.2,,TLS_ECDHE_RSA_WITH_AES_256_GCM_SHA384,,2,0,0,1,1,0,0,0,0,0,0,1,1,0,0,1,1,0,0,1,0,0,1,True,RSA,2048,65537,,,SHA256-RSA,0,1,0,0,DV,False,2,1,16,2,False,True,True,True,True,,2,9,198.99998842592592,27.997685185185187,0,0,2,1,1,1,2,1,3,1,0,0,1,1,0,0,0,0,0,0,0,0,1
zgrab_India_587.json:77,zgrab_real,zgrab_India_587.json,77,India,SMTP_RESPONSE_OBSERVED,TLS_HANDSHAKE_SUCCEEDED,HANDSHAKE_SUCCEEDED,CERTIFICATE_OBSERVED,587,success,smtp,1,1,1,1,1,TLSv1.2,,TLS_ECDHE_RSA_WITH_AES_256_GCM_SHA384,,2,0,0,1,1,0,0,0,0,0,0,1,1,0,0,1,1,0,0,1,0,0,1,True,RSA,2048,65537,,,SHA256-RSA,0,1,0,0,DV,False,2,1,16,2,False,True,True,True,True,,2,9,198.99998842592592,27.997685185185187,0,0,2,1,1,1,2,1,3,1,0,0,1,1,0,0,0,0,0,0,0,0,1
zgrab_India_587.json:78,zgrab_real,zgrab_India_587.json,78,India,SMTP_RESPONSE_OBSERVED,TLS_HANDSHAKE_SUCCEEDED,HANDSHAKE_SUCCEEDED,CERTIFICATE_OBSERVED,587,success,smtp,1,1,1,1,1,TLSv1.2,,TLS_ECDHE_RSA_WITH_AES_256_GCM_SHA384,,2,0,0,1,1,0,0,0,0,0,0,1,1,0,0,1,1,0,0,1,0,0,1,True,RSA,2048,65537,,,SHA256-RSA,0,1,0,0,DV,False,2,1,16,2,False,True,True,True,True,,2,9,198.99998842592592,27.99767361111111,0,0,2,1,1,1,2,1,3,1,0,0,1,1,0,0,0,0,0,0,0,0,1
zgrab_India_587.json:79,zgrab_real,zgrab_India_587.json,79,India,SMTP_RESPONSE_OBSERVED,TLS_HANDSHAKE_SUCCEEDED,HANDSHAKE_SUCCEEDED,CERTIFICATE_OBSERVED,587,success,smtp,1,1,1,1,1,TLSv1.2,,TLS_ECDHE_RSA_WITH_AES_256_GCM_SHA384,,2,0,0,1,1,0,0,0,0,0,0,1,1,0,0,1,1,0,0,1,0,0,1,True,RSA,2048,65537,,,SHA256-RSA,0,1,0,0,DV,False,2,1,16,2,False,True,True,True,True,,2,9,198.99998842592592,27.99767361111111,0,0,2,1,1,1,2,1,3,1,0,0,1,1,0,0,0,0,0,0,0,0,1
zgrab_India_587.json:80,zgrab_real,zgrab_India_587.json,80,India,SMTP_RESPONSE_OBSERVED,TLS_HANDSHAKE_SUCCEEDED,HANDSHAKE_SUCCEEDED,CERTIFICATE_OBSERVED,587,success,smtp,1,1,1,1,1,TLSv1.2,,TLS_ECDHE_RSA_WITH_AES_256_GCM_SHA384,,2,0,0,1,1,0,0,0,0,0,0,1,1,0,0,1,1,0,0,1,0,0,1,True,RSA,2048,65537,,,SHA256-RSA,0,1,0,0,DV,False,2,1,16,2,False,True,True,True,True,,2,9,198.99998842592592,27.99767361111111,0,0,2,1,1,1,2,1,3,1,0,0,1,1,0,0,0,0,0,0,0,0,1
zgrab_India_587.json:81,zgrab_real,zgrab_India_587.json,81,India,SMTP_RESPONSE_OBSERVED,TLS_HANDSHAKE_SUCCEEDED,HANDSHAKE_SUCCEEDED,CERTIFICATE_OBSERVED,587,success,smtp,1,1,1,1,1,TLSv1.2,,TLS_ECDHE_RSA_WITH_AES_256_GCM_SHA384,,2,0,0,1,1,0,0,0,0,0,0,1,1,0,0,1,1,0,0,1,0,0,1,True,RSA,2048,65537,,,SHA256-RSA,0,1,0,0,DV,False,2,1,16,2,False,True,True,True,True,,2,9,198.99998842592592,27.99766203703704,0,0,2,1,1,1,2,1,3,1,0,0,1,1,0,0,0,0,0,0,0,0,1
zgrab_India_587.json:82,zgrab_real,zgrab_India_587.json,82,India,SMTP_RESPONSE_OBSERVED,TLS_HANDSHAKE_SUCCEEDED,HANDSHAKE_SUCCEEDED,CERTIFICATE_OBSERVED,587,success,smtp,1,1,1,1,1,TLSv1.2,,TLS_ECDHE_RSA_WITH_AES_256_GCM_SHA384,,2,0,0,1,1,0,0,0,0,0,0,1,1,0,0,1,1,0,0,1,0,0,1,True,RSA,2048,65537,,,SHA256-RSA,0,1,0,0,DV,False,2,1,16,2,False,True,True,True,True,,2,9,198.99998842592592,27.99766203703704,0,0,2,1,1,1,2,1,3,1,0,0,1,1,0,0,0,0,0,0,0,0,1
zgrab_India_587.json:83,zgrab_real,zgrab_India_587.json,83,India,SMTP_RESPONSE_OBSERVED,TLS_HANDSHAKE_SUCCEEDED,HANDSHAKE_SUCCEEDED,CERTIFICATE_OBSERVED,587,success,smtp,1,1,1,1,1,TLSv1.2,,TLS_ECDHE_RSA_WITH_AES_256_GCM_SHA384,,2,0,0,1,1,0,0,0,0,0,0,1,1,0,0,1,1,0,0,1,0,0,1,True,RSA,2048,65537,,,SHA256-RSA,0,1,0,0,DV,False,2,1,16,2,False,True,True,True,True,,2,9,198.99998842592592,27.99766203703704,0,0,2,1,1,1,2,1,3,1,0,0,1,1,0,0,0,0,0,0,0,0,1
zgrab_India_587.json:84,zgrab_real,zgrab_India_587.json,84,India,SMTP_RESPONSE_OBSERVED,TLS_HANDSHAKE_SUCCEEDED,HANDSHAKE_SUCCEEDED,CERTIFICATE_OBSERVED,587,success,smtp,1,1,1,1,1,TLSv1.2,,TLS_ECDHE_RSA_WITH_AES_256_GCM_SHA384,,2,0,0,1,1,0,0,0,0,0,0,1,1,0,0,1,1,0,0,1,0,0,1,True,RSA,2048,65537,,,SHA256-RSA,0,1,0,0,DV,False,2,1,16,2,False,True,True,True,True,,2,9,198.99998842592592,27.99766203703704,0,0,2,1,1,1,2,1,3,1,0,0,1,1,0,0,0,0,0,0,0,0,1
zgrab_India_587.json:85,zgrab_real,zgrab_India_587.json,85,India,SMTP_RESPONSE_OBSERVED,TLS_HANDSHAKE_SUCCEEDED,HANDSHAKE_SUCCEEDED,CERTIFICATE_OBSERVED,587,success,smtp,1,1,1,1,1,TLSv1.2,,TLS_ECDHE_RSA_WITH_AES_256_GCM_SHA384,,2,0,0,1,1,0,0,0,0,0,0,1,1,0,0,1,1,0,0,1,0,0,1,True,RSA,2048,65537,,,SHA256-RSA,0,1,0,0,DV,False,2,1,16,2,False,True,True,True,True,,2,9,198.99998842592592,27.99766203703704,0,0,2,1,1,1,2,1,3,1,0,0,1,1,0,0,0,0,0,0,0,0,1
zgrab_India_587.json:86,zgrab_real,zgrab_India_587.json,86,India,SMTP_RESPONSE_OBSERVED,STARTTLS_NOT_OBSERVED,TLS_NOT_OBSERVED,CERTIFICATE_NOT_OBSERVED_NO_TLS,587,success,smtp,1,1,0,0,0,,,,,,,,,,,,,,,,,,,,,,,,,,,0,,,,,,,,,,,,,,,,,,,,,,,,,,,,,,,,,,,,,,,,,,,,,,,,,1,0
zgrab_India_587.json:87,zgrab_real,zgrab_India_587.json,87,India,SMTP_RESPONSE_OBSERVED,TLS_HANDSHAKE_SUCCEEDED,HANDSHAKE_SUCCEEDED,CERTIFICATE_OBSERVED,587,success,smtp,1,1,1,1,1,TLSv1.2,,TLS_ECDHE_RSA_WITH_AES_256_GCM_SHA384,,2,0,0,1,1,0,0,0,0,0,0,1,1,0,0,1,1,0,0,1,0,0,1,True,RSA,2048,65537,,,SHA256-RSA,0,1,0,0,DV,False,2,1,16,2,False,True,True,True,True,,2,9,198.99998842592592,27.997650462962962,0,0,2,1,1,1,2,1,3,1,0,0,1,1,0,0,0,0,0,0,0,0,1
zgrab_India_587.json:88,zgrab_real,zgrab_India_587.json,88,India,SMTP_RESPONSE_OBSERVED,TLS_HANDSHAKE_SUCCEEDED,HANDSHAKE_SUCCEEDED,CERTIFICATE_OBSERVED,587,success,smtp,1,1,1,1,1,TLSv1.2,TLSv1.3,TLS_CHACHA20_POLY1305_SHA256,x25519,2,1,1,0,0,0,0,0,0,0,0,1,1,0,0,0,1,0,0,1,0,0,1,True,RSA,2048,65537,,,SHA256-RSA,0,1,0,0,DV,False,1,0,27,1,False,True,,True,True,,2,10,89.99998842592592,74.99010416666667,0,0,2,0,1,0,1,1,2,1,1,1,1,1,0,0,0,0,0,0,0,0,1
zgrab_India_587.json:89,zgrab_real,zgrab_India_587.json,89,India,SMTP_RESPONSE_OBSERVED,TLS_HANDSHAKE_SUCCEEDED,HANDSHAKE_SUCCEEDED,CERTIFICATE_OBSERVED,587,success,smtp,1,1,1,1,1,TLSv1.2,,TLS_ECDHE_RSA_WITH_AES_256_GCM_SHA384,,2,0,0,1,1,0,0,0,0,0,0,1,1,0,0,1,1,0,0,1,0,0,1,True,RSA,2048,65537,,,SHA256-RSA,0,1,0,0,DV,False,2,1,16,2,False,True,True,True,True,,2,9,198.99998842592592,27.997650462962962,0,0,2,1,1,1,2,1,3,1,0,0,1,1,0,0,0,0,0,0,0,0,1
zgrab_India_587.json:90,zgrab_real,zgrab_India_587.json,90,India,SMTP_RESPONSE_OBSERVED,TLS_HANDSHAKE_SUCCEEDED,HANDSHAKE_SUCCEEDED,CERTIFICATE_OBSERVED,587,success,smtp,1,1,1,1,1,TLSv1.2,,TLS_ECDHE_RSA_WITH_AES_256_GCM_SHA384,,2,0,0,1,0,1,1,0,0,0,0,1,1,0,0,1,1,0,0,1,0,0,1,True,RSA,2048,65537,,,SHA256-RSA,0,1,0,0,DV,False,2,1,16,2,False,True,True,True,True,,2,9,198.99998842592592,27.99763888888889,0,0,1,1,1,1,2,1,3,1,0,0,1,1,0,0,0,0,0,0,0,0,1
zgrab_India_587.json:91,zgrab_real,zgrab_India_587.json,91,India,SMTP_RESPONSE_OBSERVED,TLS_HANDSHAKE_SUCCEEDED,HANDSHAKE_SUCCEEDED,CERTIFICATE_OBSERVED,587,success,smtp,1,1,1,1,1,TLSv1.2,,TLS_ECDHE_RSA_WITH_AES_256_GCM_SHA384,,2,0,0,1,1,0,0,0,0,0,0,1,1,0,0,1,1,0,0,1,0,0,1,True,RSA,2048,65537,,,SHA256-RSA,0,1,0,0,DV,False,2,1,14,2,False,True,True,True,True,,2,9,365.99998842592595,165.9976388888889,0,0,2,1,1,1,2,1,3,1,0,0,1,1,0,0,0,0,0,0,0,0,1
zgrab_India_587.json:92,zgrab_real,zgrab_India_587.json,92,India,SMTP_RESPONSE_OBSERVED,TLS_HANDSHAKE_SUCCEEDED,HANDSHAKE_SUCCEEDED,CERTIFICATE_OBSERVED,587,success,smtp,1,1,1,1,1,TLSv1.2,,TLS_ECDHE_RSA_WITH_AES_256_GCM_SHA384,,2,0,0,1,1,0,0,0,0,0,0,1,1,0,0,1,1,0,0,1,0,0,1,True,RSA,2048,65537,,,SHA256-RSA,0,1,0,0,DV,False,2,1,16,2,False,True,True,True,True,,2,9,198.99998842592592,27.997627314814814,0,0,2,1,1,1,2,1,3,1,0,0,1,1,0,0,0,0,0,0,0,0,1
zgrab_India_587.json:93,zgrab_real,zgrab_India_587.json,93,India,SMTP_RESPONSE_OBSERVED,TLS_HANDSHAKE_SUCCEEDED,HANDSHAKE_SUCCEEDED,CERTIFICATE_OBSERVED,587,success,smtp,1,1,1,1,1,TLSv1.2,,TLS_ECDHE_RSA_WITH_AES_256_GCM_SHA384,,2,0,0,1,1,0,0,0,0,0,0,1,1,0,0,1,1,0,0,1,0,0,1,True,RSA,2048,65537,,,SHA256-RSA,0,1,0,0,DV,False,2,1,16,2,False,True,True,True,True,,2,9,198.99998842592592,27.997627314814814,0,0,2,1,1,1,2,1,3,1,0,0,1,1,0,0,0,0,0,0,0,0,1
zgrab_India_587.json:94,zgrab_real,zgrab_India_587.json,94,India,SMTP_RESPONSE_OBSERVED,TLS_HANDSHAKE_SUCCEEDED,HANDSHAKE_SUCCEEDED,CERTIFICATE_OBSERVED,587,success,smtp,1,1,1,1,1,TLSv1.2,,TLS_ECDHE_RSA_WITH_AES_256_GCM_SHA384,,2,0,0,1,1,0,0,0,0,0,0,1,1,0,0,1,1,0,0,1,0,0,1,True,RSA,2048,65537,,,SHA256-RSA,0,1,0,0,DV,False,2,1,16,2,False,True,True,True,True,,2,9,198.99998842592592,27.997627314814814,0,0,2,1,1,1,2,1,3,1,0,0,1,1,0,0,0,0,0,0,0,0,1
zgrab_India_587.json:95,zgrab_real,zgrab_India_587.json,95,India,SMTP_RESPONSE_OBSERVED,TLS_HANDSHAKE_SUCCEEDED,HANDSHAKE_SUCCEEDED,CERTIFICATE_OBSERVED,587,success,smtp,1,1,1,1,1,TLSv1.2,TLSv1.3,TLS_CHACHA20_POLY1305_SHA256,x25519,2,1,1,0,0,0,0,0,0,0,0,1,1,0,0,0,1,0,0,1,0,0,1,False,RSA,2048,65537,,,SHA256-RSA,0,1,0,0,unknown,True,0,0,0,0,,,,,,,0,0,365.0,-641.4720833333333,1,0,0,0,0,0,0,0,0,0,0,0,0,0,0,0,0,0,0,0,1,0,1
zgrab_India_587.json:96,zgrab_real,zgrab_India_587.json,96,India,SMTP_RESPONSE_OBSERVED,TLS_HANDSHAKE_SUCCEEDED,HANDSHAKE_SUCCEEDED,CERTIFICATE_OBSERVED,587,success,smtp,1,1,1,1,1,TLSv1.2,TLSv1.3,TLS_AES_256_GCM_SHA384,x25519,2,1,1,0,0,0,0,0,0,0,0,1,1,0,0,0,1,0,0,1,0,0,1,True,RSA,2048,65537,,,SHA256-RSA,0,1,0,0,DV,False,2,1,13,2,False,True,True,True,True,,2,9,198.99998842592592,38.997627314814814,0,0,2,1,1,1,2,1,3,1,0,0,1,1,0,0,0,0,0,0,0,0,1
zgrab_India_587.json:97,zgrab_real,zgrab_India_587.json,97,India,SMTP_RESPONSE_OBSERVED,TLS_HANDSHAKE_SUCCEEDED,HANDSHAKE_SUCCEEDED,CERTIFICATE_OBSERVED,587,success,smtp,1,1,1,1,1,TLSv1.2,TLSv1.3,TLS_CHACHA20_POLY1305_SHA256,x25519,2,1,1,0,0,0,0,0,0,0,0,1,1,0,0,0,1,0,0,1,0,0,1,True,RSA,2048,65537,,,SHA256-RSA,0,1,0,0,DV,False,1,0,26,1,False,True,,True,True,,2,10,89.99998842592592,1.5246875,0,0,2,0,1,0,1,1,2,1,1,1,1,1,0,0,0,0,0,0,0,0,1
zgrab_India_587.json:98,zgrab_real,zgrab_India_587.json,98,India,SMTP_RESPONSE_OBSERVED,TLS_HANDSHAKE_SUCCEEDED,HANDSHAKE_SUCCEEDED,CERTIFICATE_OBSERVED,587,success,smtp,1,1,1,1,1,TLSv1.2,,TLS_ECDHE_RSA_WITH_AES_256_GCM_SHA384,,2,0,0,1,1,0,0,0,0,0,0,1,1,0,0,1,1,0,0,1,0,0,1,True,RSA,2048,65537,,,SHA256-RSA,0,1,0,0,DV,False,2,1,16,2,False,True,True,True,True,,2,9,198.99998842592592,27.99761574074074,0,0,2,1,1,1,2,1,3,1,0,0,1,1,0,0,0,0,0,0,0,0,1
zgrab_India_587.json:99,zgrab_real,zgrab_India_587.json,99,India,SMTP_RESPONSE_OBSERVED,STARTTLS_NOT_OBSERVED,TLS_NOT_OBSERVED,CERTIFICATE_NOT_OBSERVED_NO_TLS,587,success,smtp,1,1,0,0,0,,,,,,,,,,,,,,,,,,,,,,,,,,,0,,,,,,,,,,,,,,,,,,,,,,,,,,,,,,,,,,,,,,,,,,,,,,,,,1,0
zgrab_India_587.json:100,zgrab_real,zgrab_India_587.json,100,India,SMTP_RESPONSE_OBSERVED,TLS_HANDSHAKE_SUCCEEDED,HANDSHAKE_SUCCEEDED,CERTIFICATE_OBSERVED,587,success,smtp,1,1,1,1,1,TLSv1.2,TLSv1.3,TLS_CHACHA20_POLY1305_SHA256,x25519,2,1,1,0,0,0,0,0,0,0,0,1,1,0,0,0,1,0,0,1,0,0,1,True,RSA,2048,65537,,,SHA256-RSA,0,1,0,0,DV,False,2,0,25,2,False,True,True,True,True,,2,9,198.99998842592592,145.99760416666666,0,0,2,1,1,1,2,1,3,1,0,0,1,1,0,0,0,0,0,0,0,0,1
zgrab_Netherlands_587.json:1,zgrab_real,zgrab_Netherlands_587.json,1,Netherlands,SMTP_RESPONSE_OBSERVED,STARTTLS_NOT_OBSERVED,TLS_NOT_OBSERVED,CERTIFICATE_NOT_OBSERVED_NO_TLS,587,success,smtp,1,1,0,0,0,,,,,,,,,,,,,,,,,,,,,,,,,,,0,,,,,,,,,,,,,,,,,,,,,,,,,,,,,,,,,,,,,,,,,,,,,,,,,1,0
zgrab_Netherlands_587.json:2,zgrab_real,zgrab_Netherlands_587.json,2,Netherlands,SMTP_RESPONSE_OBSERVED,TLS_HANDSHAKE_SUCCEEDED,HANDSHAKE_SUCCEEDED,CERTIFICATE_OBSERVED,587,success,smtp,1,1,1,1,1,TLSv1.2,TLSv1.3,TLS_CHACHA20_POLY1305_SHA256,x25519,2,1,1,0,0,0,0,0,0,0,0,1,1,0,0,0,1,0,0,1,0,0,1,True,RSA,2048,65537,,,SHA256-RSA,0,1,0,0,DV,False,2,0,49,2,False,True,,True,True,,2,10,89.99998842592592,63.333078703703706,0,0,2,0,1,0,1,1,2,1,1,1,1,1,0,0,0,0,0,0,0,0,1
zgrab_Netherlands_587.json:3,zgrab_real,zgrab_Netherlands_587.json,3,Netherlands,SMTP_RESPONSE_OBSERVED,TLS_HANDSHAKE_SUCCEEDED,HANDSHAKE_SUCCEEDED,CERTIFICATE_OBSERVED,587,success,smtp,1,1,1,1,1,TLSv1.2,TLSv1.3,TLS_CHACHA20_POLY1305_SHA256,x25519,2,1,1,0,0,0,0,0,0,0,0,1,1,0,0,0,1,0,0,1,0,0,1,True,RSA,2048,65537,,,SHA256-RSA,0,1,0,0,DV,False,2,0,49,2,False,True,,True,True,,2,10,89.99998842592592,63.333078703703706,0,0,2,0,1,0,1,1,2,1,1,1,1,1,0,0,0,0,0,0,0,0,1
zgrab_Netherlands_587.json:4,zgrab_real,zgrab_Netherlands_587.json,4,Netherlands,SMTP_RESPONSE_OBSERVED,TLS_HANDSHAKE_SUCCEEDED,HANDSHAKE_SUCCEEDED,CERTIFICATE_OBSERVED,587,success,smtp,1,1,1,1,1,TLSv1.2,TLSv1.3,TLS_CHACHA20_POLY1305_SHA256,x25519,2,1,1,0,0,0,0,0,0,0,0,1,1,0,0,0,1,0,0,1,0,0,1,True,RSA,2048,65537,,,SHA256-RSA,0,1,0,0,DV,False,2,0,49,2,False,True,,True,True,,2,10,89.99998842592592,63.333078703703706,0,0,2,0,1,0,1,1,2,1,1,1,1,1,0,0,0,0,0,0,0,0,1
zgrab_Netherlands_587.json:5,zgrab_real,zgrab_Netherlands_587.json,5,Netherlands,SMTP_RESPONSE_OBSERVED,TLS_HANDSHAKE_SUCCEEDED,HANDSHAKE_SUCCEEDED,CERTIFICATE_OBSERVED,587,success,smtp,1,1,1,1,1,TLSv1.2,TLSv1.3,TLS_CHACHA20_POLY1305_SHA256,x25519,2,1,1,0,0,0,0,0,0,0,0,1,1,0,0,0,1,0,0,1,0,0,1,True,RSA,2048,65537,,,SHA256-RSA,0,1,0,0,DV,False,2,0,49,2,False,True,,True,True,,2,10,89.99998842592592,63.33306712962963,0,0,2,0,1,0,1,1,2,1,1,1,1,1,0,0,0,0,0,0,0,0,1
zgrab_Netherlands_587.json:6,zgrab_real,zgrab_Netherlands_587.json,6,Netherlands,SMTP_RESPONSE_OBSERVED,STARTTLS_NOT_OBSERVED,TLS_NOT_OBSERVED,CERTIFICATE_NOT_OBSERVED_NO_TLS,587,success,smtp,1,1,0,0,0,,,,,,,,,,,,,,,,,,,,,,,,,,,0,,,,,,,,,,,,,,,,,,,,,,,,,,,,,,,,,,,,,,,,,,,,,,,,,1,0
zgrab_Netherlands_587.json:7,zgrab_real,zgrab_Netherlands_587.json,7,Netherlands,SMTP_RESPONSE_OBSERVED,STARTTLS_NOT_OBSERVED,TLS_NOT_OBSERVED,CERTIFICATE_NOT_OBSERVED_NO_TLS,587,success,smtp,1,1,0,0,0,,,,,,,,,,,,,,,,,,,,,,,,,,,0,,,,,,,,,,,,,,,,,,,,,,,,,,,,,,,,,,,,,,,,,,,,,,,,,1,0
zgrab_Netherlands_587.json:8,zgrab_real,zgrab_Netherlands_587.json,8,Netherlands,SMTP_RESPONSE_OBSERVED,STARTTLS_NOT_OBSERVED,TLS_NOT_OBSERVED,CERTIFICATE_NOT_OBSERVED_NO_TLS,587,success,smtp,1,1,0,0,0,,,,,,,,,,,,,,,,,,,,,,,,,,,0,,,,,,,,,,,,,,,,,,,,,,,,,,,,,,,,,,,,,,,,,,,,,,,,,1,0
zgrab_Netherlands_587.json:9,zgrab_real,zgrab_Netherlands_587.json,9,Netherlands,SMTP_RESPONSE_OBSERVED,STARTTLS_NOT_OBSERVED,TLS_NOT_OBSERVED,CERTIFICATE_NOT_OBSERVED_NO_TLS,587,success,smtp,1,1,0,0,0,,,,,,,,,,,,,,,,,,,,,,,,,,,0,,,,,,,,,,,,,,,,,,,,,,,,,,,,,,,,,,,,,,,,,,,,,,,,,1,0
zgrab_Netherlands_587.json:10,zgrab_real,zgrab_Netherlands_587.json,10,Netherlands,SMTP_RESPONSE_OBSERVED,TLS_HANDSHAKE_SUCCEEDED,HANDSHAKE_SUCCEEDED,CERTIFICATE_OBSERVED,587,success,smtp,1,1,1,1,1,TLSv1.2,TLSv1.3,TLS_CHACHA20_POLY1305_SHA256,x25519,2,1,1,0,0,0,0,0,0,0,0,1,1,0,0,0,1,0,0,1,0,0,1,True,RSA,2048,65537,,,SHA256-RSA,0,1,0,0,DV,False,2,0,49,2,False,True,,True,True,,2,10,89.99998842592592,63.333009259259256,0,0,2,0,1,0,1,1,2,1,1,1,1,1,0,0,0,0,0,0,0,0,1
zgrab_Netherlands_587.json:11,zgrab_real,zgrab_Netherlands_587.json,11,Netherlands,SMTP_RESPONSE_OBSERVED,STARTTLS_NOT_OBSERVED,TLS_NOT_OBSERVED,CERTIFICATE_NOT_OBSERVED_NO_TLS,587,success,smtp,1,1,0,0,0,,,,,,,,,,,,,,,,,,,,,,,,,,,0,,,,,,,,,,,,,,,,,,,,,,,,,,,,,,,,,,,,,,,,,,,,,,,,,1,0
zgrab_Netherlands_587.json:12,zgrab_real,zgrab_Netherlands_587.json,12,Netherlands,SMTP_RESPONSE_OBSERVED,TLS_HANDSHAKE_SUCCEEDED,HANDSHAKE_SUCCEEDED,CERTIFICATE_OBSERVED,587,success,smtp,1,1,1,1,1,TLSv1.2,TLSv1.3,TLS_CHACHA20_POLY1305_SHA256,x25519,2,1,1,0,0,0,0,0,0,0,0,1,1,0,0,0,1,0,0,1,0,0,1,True,RSA,2048,65537,,,SHA256-RSA,0,1,0,0,DV,False,2,0,49,2,False,True,,True,True,,2,10,89.99998842592592,63.33298611111111,0,0,2,0,1,0,1,1,2,1,1,1,1,1,0,0,0,0,0,0,0,0,1
zgrab_Netherlands_587.json:13,zgrab_real,zgrab_Netherlands_587.json,13,Netherlands,SMTP_RESPONSE_OBSERVED,STARTTLS_NOT_OBSERVED,TLS_NOT_OBSERVED,CERTIFICATE_NOT_OBSERVED_NO_TLS,587,success,smtp,1,1,0,0,0,,,,,,,,,,,,,,,,,,,,,,,,,,,0,,,,,,,,,,,,,,,,,,,,,,,,,,,,,,,,,,,,,,,,,,,,,,,,,1,0
zgrab_Netherlands_587.json:14,zgrab_real,zgrab_Netherlands_587.json,14,Netherlands,SMTP_RESPONSE_OBSERVED,STARTTLS_NOT_OBSERVED,TLS_NOT_OBSERVED,CERTIFICATE_NOT_OBSERVED_NO_TLS,587,success,smtp,1,1,0,0,0,,,,,,,,,,,,,,,,,,,,,,,,,,,0,,,,,,,,,,,,,,,,,,,,,,,,,,,,,,,,,,,,,,,,,,,,,,,,,1,0
zgrab_Netherlands_587.json:15,zgrab_real,zgrab_Netherlands_587.json,15,Netherlands,SMTP_RESPONSE_OBSERVED,STARTTLS_NOT_OBSERVED,TLS_NOT_OBSERVED,CERTIFICATE_NOT_OBSERVED_NO_TLS,587,success,smtp,1,1,0,0,0,,,,,,,,,,,,,,,,,,,,,,,,,,,0,,,,,,,,,,,,,,,,,,,,,,,,,,,,,,,,,,,,,,,,,,,,,,,,,1,0
zgrab_Netherlands_587.json:16,zgrab_real,zgrab_Netherlands_587.json,16,Netherlands,SMTP_RESPONSE_OBSERVED,STARTTLS_NOT_OBSERVED,TLS_NOT_OBSERVED,CERTIFICATE_NOT_OBSERVED_NO_TLS,587,success,smtp,1,1,0,0,0,,,,,,,,,,,,,,,,,,,,,,,,,,,0,,,,,,,,,,,,,,,,,,,,,,,,,,,,,,,,,,,,,,,,,,,,,,,,,1,0
zgrab_Netherlands_587.json:17,zgrab_real,zgrab_Netherlands_587.json,17,Netherlands,SMTP_RESPONSE_OBSERVED,STARTTLS_NOT_OBSERVED,TLS_NOT_OBSERVED,CERTIFICATE_NOT_OBSERVED_NO_TLS,587,success,smtp,1,1,0,0,0,,,,,,,,,,,,,,,,,,,,,,,,,,,0,,,,,,,,,,,,,,,,,,,,,,,,,,,,,,,,,,,,,,,,,,,,,,,,,1,0
zgrab_Netherlands_587.json:18,zgrab_real,zgrab_Netherlands_587.json,18,Netherlands,SMTP_RESPONSE_OBSERVED,STARTTLS_NOT_OBSERVED,TLS_NOT_OBSERVED,CERTIFICATE_NOT_OBSERVED_NO_TLS,587,success,smtp,1,1,0,0,0,,,,,,,,,,,,,,,,,,,,,,,,,,,0,,,,,,,,,,,,,,,,,,,,,,,,,,,,,,,,,,,,,,,,,,,,,,,,,1,0
zgrab_Netherlands_587.json:19,zgrab_real,zgrab_Netherlands_587.json,19,Netherlands,SMTP_RESPONSE_OBSERVED,STARTTLS_NOT_OBSERVED,TLS_NOT_OBSERVED,CERTIFICATE_NOT_OBSERVED_NO_TLS,587,success,smtp,1,1,0,0,0,,,,,,,,,,,,,,,,,,,,,,,,,,,0,,,,,,,,,,,,,,,,,,,,,,,,,,,,,,,,,,,,,,,,,,,,,,,,,1,0
zgrab_Netherlands_587.json:20,zgrab_real,zgrab_Netherlands_587.json,20,Netherlands,SMTP_RESPONSE_OBSERVED,STARTTLS_NOT_OBSERVED,TLS_NOT_OBSERVED,CERTIFICATE_NOT_OBSERVED_NO_TLS,587,success,smtp,1,1,0,0,0,,,,,,,,,,,,,,,,,,,,,,,,,,,0,,,,,,,,,,,,,,,,,,,,,,,,,,,,,,,,,,,,,,,,,,,,,,,,,1,0
zgrab_Netherlands_587.json:21,zgrab_real,zgrab_Netherlands_587.json,21,Netherlands,SMTP_RESPONSE_OBSERVED,STARTTLS_NOT_OBSERVED,TLS_NOT_OBSERVED,CERTIFICATE_NOT_OBSERVED_NO_TLS,587,success,smtp,1,1,0,0,0,,,,,,,,,,,,,,,,,,,,,,,,,,,0,,,,,,,,,,,,,,,,,,,,,,,,,,,,,,,,,,,,,,,,,,,,,,,,,1,0
zgrab_Netherlands_587.json:22,zgrab_real,zgrab_Netherlands_587.json,22,Netherlands,SMTP_RESPONSE_OBSERVED,STARTTLS_NOT_OBSERVED,TLS_NOT_OBSERVED,CERTIFICATE_NOT_OBSERVED_NO_TLS,587,success,smtp,1,1,0,0,0,,,,,,,,,,,,,,,,,,,,,,,,,,,0,,,,,,,,,,,,,,,,,,,,,,,,,,,,,,,,,,,,,,,,,,,,,,,,,1,0
zgrab_Netherlands_587.json:23,zgrab_real,zgrab_Netherlands_587.json,23,Netherlands,SMTP_RESPONSE_OBSERVED,STARTTLS_NOT_OBSERVED,TLS_NOT_OBSERVED,CERTIFICATE_NOT_OBSERVED_NO_TLS,587,success,smtp,1,1,0,0,0,,,,,,,,,,,,,,,,,,,,,,,,,,,0,,,,,,,,,,,,,,,,,,,,,,,,,,,,,,,,,,,,,,,,,,,,,,,,,1,0
zgrab_Netherlands_587.json:24,zgrab_real,zgrab_Netherlands_587.json,24,Netherlands,SMTP_RESPONSE_OBSERVED,STARTTLS_NOT_OBSERVED,TLS_NOT_OBSERVED,CERTIFICATE_NOT_OBSERVED_NO_TLS,587,success,smtp,1,1,0,0,0,,,,,,,,,,,,,,,,,,,,,,,,,,,0,,,,,,,,,,,,,,,,,,,,,,,,,,,,,,,,,,,,,,,,,,,,,,,,,1,0
zgrab_Netherlands_587.json:25,zgrab_real,zgrab_Netherlands_587.json,25,Netherlands,SMTP_RESPONSE_OBSERVED,STARTTLS_NOT_OBSERVED,TLS_NOT_OBSERVED,CERTIFICATE_NOT_OBSERVED_NO_TLS,587,success,smtp,1,1,0,0,0,,,,,,,,,,,,,,,,,,,,,,,,,,,0,,,,,,,,,,,,,,,,,,,,,,,,,,,,,,,,,,,,,,,,,,,,,,,,,1,0
zgrab_Netherlands_587.json:26,zgrab_real,zgrab_Netherlands_587.json,26,Netherlands,SMTP_RESPONSE_OBSERVED,STARTTLS_NOT_OBSERVED,TLS_NOT_OBSERVED,CERTIFICATE_NOT_OBSERVED_NO_TLS,587,success,smtp,1,1,0,0,0,,,,,,,,,,,,,,,,,,,,,,,,,,,0,,,,,,,,,,,,,,,,,,,,,,,,,,,,,,,,,,,,,,,,,,,,,,,,,1,0
zgrab_Netherlands_587.json:27,zgrab_real,zgrab_Netherlands_587.json,27,Netherlands,SMTP_RESPONSE_OBSERVED,STARTTLS_NOT_OBSERVED,TLS_NOT_OBSERVED,CERTIFICATE_NOT_OBSERVED_NO_TLS,587,success,smtp,1,1,0,0,0,,,,,,,,,,,,,,,,,,,,,,,,,,,0,,,,,,,,,,,,,,,,,,,,,,,,,,,,,,,,,,,,,,,,,,,,,,,,,1,0
zgrab_Netherlands_587.json:28,zgrab_real,zgrab_Netherlands_587.json,28,Netherlands,SMTP_RESPONSE_OBSERVED,STARTTLS_NOT_OBSERVED,TLS_NOT_OBSERVED,CERTIFICATE_NOT_OBSERVED_NO_TLS,587,success,smtp,1,0,0,0,0,,,,,,,,,,,,,,,,,,,,,,,,,,,0,,,,,,,,,,,,,,,,,,,,,,,,,,,,,,,,,,,,,,,,,,,,,,,,,1,0
zgrab_Netherlands_587.json:29,zgrab_real,zgrab_Netherlands_587.json,29,Netherlands,SMTP_RESPONSE_OBSERVED,STARTTLS_NOT_OBSERVED,TLS_NOT_OBSERVED,CERTIFICATE_NOT_OBSERVED_NO_TLS,587,success,smtp,1,1,0,0,0,,,,,,,,,,,,,,,,,,,,,,,,,,,0,,,,,,,,,,,,,,,,,,,,,,,,,,,,,,,,,,,,,,,,,,,,,,,,,1,0
zgrab_Netherlands_587.json:30,zgrab_real,zgrab_Netherlands_587.json,30,Netherlands,SMTP_RESPONSE_OBSERVED,STARTTLS_NOT_OBSERVED,TLS_NOT_OBSERVED,CERTIFICATE_NOT_OBSERVED_NO_TLS,587,success,smtp,1,1,0,0,0,,,,,,,,,,,,,,,,,,,,,,,,,,,0,,,,,,,,,,,,,,,,,,,,,,,,,,,,,,,,,,,,,,,,,,,,,,,,,1,0
zgrab_Netherlands_587.json:31,zgrab_real,zgrab_Netherlands_587.json,31,Netherlands,SMTP_RESPONSE_OBSERVED,STARTTLS_NOT_OBSERVED,TLS_NOT_OBSERVED,CERTIFICATE_NOT_OBSERVED_NO_TLS,587,success,smtp,1,1,0,0,0,,,,,,,,,,,,,,,,,,,,,,,,,,,0,,,,,,,,,,,,,,,,,,,,,,,,,,,,,,,,,,,,,,,,,,,,,,,,,1,0
zgrab_Netherlands_587.json:32,zgrab_real,zgrab_Netherlands_587.json,32,Netherlands,SMTP_RESPONSE_OBSERVED,STARTTLS_NOT_OBSERVED,TLS_NOT_OBSERVED,CERTIFICATE_NOT_OBSERVED_NO_TLS,587,success,smtp,1,1,0,0,0,,,,,,,,,,,,,,,,,,,,,,,,,,,0,,,,,,,,,,,,,,,,,,,,,,,,,,,,,,,,,,,,,,,,,,,,,,,,,1,0
zgrab_Netherlands_587.json:33,zgrab_real,zgrab_Netherlands_587.json,33,Netherlands,SMTP_RESPONSE_OBSERVED,STARTTLS_NOT_OBSERVED,TLS_NOT_OBSERVED,CERTIFICATE_NOT_OBSERVED_NO_TLS,587,success,smtp,1,1,0,0,0,,,,,,,,,,,,,,,,,,,,,,,,,,,0,,,,,,,,,,,,,,,,,,,,,,,,,,,,,,,,,,,,,,,,,,,,,,,,,1,0
zgrab_Netherlands_587.json:34,zgrab_real,zgrab_Netherlands_587.json,34,Netherlands,SMTP_RESPONSE_OBSERVED,STARTTLS_NOT_OBSERVED,TLS_NOT_OBSERVED,CERTIFICATE_NOT_OBSERVED_NO_TLS,587,success,smtp,1,1,0,0,0,,,,,,,,,,,,,,,,,,,,,,,,,,,0,,,,,,,,,,,,,,,,,,,,,,,,,,,,,,,,,,,,,,,,,,,,,,,,,1,0
zgrab_Netherlands_587.json:35,zgrab_real,zgrab_Netherlands_587.json,35,Netherlands,SMTP_RESPONSE_OBSERVED,STARTTLS_NOT_OBSERVED,TLS_NOT_OBSERVED,CERTIFICATE_NOT_OBSERVED_NO_TLS,587,success,smtp,1,1,0,0,0,,,,,,,,,,,,,,,,,,,,,,,,,,,0,,,,,,,,,,,,,,,,,,,,,,,,,,,,,,,,,,,,,,,,,,,,,,,,,1,0
zgrab_Netherlands_587.json:36,zgrab_real,zgrab_Netherlands_587.json,36,Netherlands,SMTP_RESPONSE_OBSERVED,STARTTLS_NOT_OBSERVED,TLS_NOT_OBSERVED,CERTIFICATE_NOT_OBSERVED_NO_TLS,587,success,smtp,1,1,0,0,0,,,,,,,,,,,,,,,,,,,,,,,,,,,0,,,,,,,,,,,,,,,,,,,,,,,,,,,,,,,,,,,,,,,,,,,,,,,,,1,0
zgrab_Netherlands_587.json:37,zgrab_real,zgrab_Netherlands_587.json,37,Netherlands,SMTP_RESPONSE_OBSERVED,STARTTLS_NOT_OBSERVED,TLS_NOT_OBSERVED,CERTIFICATE_NOT_OBSERVED_NO_TLS,587,success,smtp,1,1,0,0,0,,,,,,,,,,,,,,,,,,,,,,,,,,,0,,,,,,,,,,,,,,,,,,,,,,,,,,,,,,,,,,,,,,,,,,,,,,,,,1,0
zgrab_Netherlands_587.json:38,zgrab_real,zgrab_Netherlands_587.json,38,Netherlands,SMTP_RESPONSE_OBSERVED,STARTTLS_NOT_OBSERVED,TLS_NOT_OBSERVED,CERTIFICATE_NOT_OBSERVED_NO_TLS,587,success,smtp,1,1,0,0,0,,,,,,,,,,,,,,,,,,,,,,,,,,,0,,,,,,,,,,,,,,,,,,,,,,,,,,,,,,,,,,,,,,,,,,,,,,,,,1,0
zgrab_Netherlands_587.json:39,zgrab_real,zgrab_Netherlands_587.json,39,Netherlands,SMTP_RESPONSE_OBSERVED,STARTTLS_NOT_OBSERVED,TLS_NOT_OBSERVED,CERTIFICATE_NOT_OBSERVED_NO_TLS,587,success,smtp,1,1,0,0,0,,,,,,,,,,,,,,,,,,,,,,,,,,,0,,,,,,,,,,,,,,,,,,,,,,,,,,,,,,,,,,,,,,,,,,,,,,,,,1,0
zgrab_Netherlands_587.json:40,zgrab_real,zgrab_Netherlands_587.json,40,Netherlands,SMTP_RESPONSE_OBSERVED,STARTTLS_NOT_OBSERVED,TLS_NOT_OBSERVED,CERTIFICATE_NOT_OBSERVED_NO_TLS,587,success,smtp,1,1,0,0,0,,,,,,,,,,,,,,,,,,,,,,,,,,,0,,,,,,,,,,,,,,,,,,,,,,,,,,,,,,,,,,,,,,,,,,,,,,,,,1,0
zgrab_Netherlands_587.json:41,zgrab_real,zgrab_Netherlands_587.json,41,Netherlands,SMTP_RESPONSE_OBSERVED,TLS_HANDSHAKE_SUCCEEDED,HANDSHAKE_SUCCEEDED,CERTIFICATE_OBSERVED,587,success,smtp,1,1,1,1,1,TLSv1.2,TLSv1.3,TLS_AES_256_GCM_SHA384,secp384r1,2,1,1,0,0,0,0,0,0,0,0,1,1,0,0,0,1,0,0,1,0,0,1,True,RSA,2048,65537,,,SHA256-RSA,0,1,0,0,OV,False,9,0,43,9,False,True,,True,True,,2,10,198.99998842592592,176.99782407407406,0,0,1,1,1,1,1,1,3,1,2,1,1,1,0,0,0,0,0,0,0,0,1
zgrab_Netherlands_587.json:42,zgrab_real,zgrab_Netherlands_587.json,42,Netherlands,SMTP_RESPONSE_OBSERVED,TLS_HANDSHAKE_SUCCEEDED,HANDSHAKE_SUCCEEDED,CERTIFICATE_OBSERVED,587,success,smtp,1,1,1,1,1,TLSv1.2,TLSv1.3,TLS_AES_256_GCM_SHA384,secp384r1,2,1,1,0,0,0,0,0,0,0,0,1,1,0,0,0,1,0,0,1,0,0,1,True,RSA,2048,65537,,,SHA256-RSA,0,1,0,0,OV,False,18,0,42,18,False,True,,True,True,,2,10,360.99998842592595,137.9978125,0,0,1,1,1,1,1,1,3,1,2,1,1,1,0,0,0,0,0,0,0,0,1
zgrab_Netherlands_587.json:43,zgrab_real,zgrab_Netherlands_587.json,43,Netherlands,SMTP_RESPONSE_OBSERVED,TLS_HANDSHAKE_SUCCEEDED,HANDSHAKE_SUCCEEDED,CERTIFICATE_OBSERVED,587,success,smtp,1,1,1,1,1,TLSv1.2,TLSv1.3,TLS_AES_256_GCM_SHA384,secp384r1,2,1,1,0,0,0,0,0,0,0,0,1,1,0,0,0,1,0,0,1,0,0,1,True,RSA,2048,65537,,,SHA256-RSA,0,1,0,0,OV,False,18,0,42,18,False,True,,True,True,,2,10,360.99998842592595,137.9978125,0,0,1,1,1,1,1,1,3,1,2,1,1,1,0,0,0,0,0,0,0,0,1
zgrab_Netherlands_587.json:44,zgrab_real,zgrab_Netherlands_587.json,44,Netherlands,SMTP_RESPONSE_OBSERVED,STARTTLS_NOT_OBSERVED,TLS_NOT_OBSERVED,CERTIFICATE_NOT_OBSERVED_NO_TLS,587,success,smtp,1,1,0,0,0,,,,,,,,,,,,,,,,,,,,,,,,,,,0,,,,,,,,,,,,,,,,,,,,,,,,,,,,,,,,,,,,,,,,,,,,,,,,,1,0
zgrab_Netherlands_587.json:45,zgrab_real,zgrab_Netherlands_587.json,45,Netherlands,SMTP_RESPONSE_OBSERVED,STARTTLS_NOT_OBSERVED,TLS_NOT_OBSERVED,CERTIFICATE_NOT_OBSERVED_NO_TLS,587,success,smtp,1,1,0,0,0,,,,,,,,,,,,,,,,,,,,,,,,,,,0,,,,,,,,,,,,,,,,,,,,,,,,,,,,,,,,,,,,,,,,,,,,,,,,,1,0
zgrab_Netherlands_587.json:46,zgrab_real,zgrab_Netherlands_587.json,46,Netherlands,SMTP_RESPONSE_OBSERVED,STARTTLS_NOT_OBSERVED,TLS_NOT_OBSERVED,CERTIFICATE_NOT_OBSERVED_NO_TLS,587,success,smtp,1,1,0,0,0,,,,,,,,,,,,,,,,,,,,,,,,,,,0,,,,,,,,,,,,,,,,,,,,,,,,,,,,,,,,,,,,,,,,,,,,,,,,,1,0
zgrab_Netherlands_587.json:47,zgrab_real,zgrab_Netherlands_587.json,47,Netherlands,SMTP_RESPONSE_OBSERVED,STARTTLS_NOT_OBSERVED,TLS_NOT_OBSERVED,CERTIFICATE_NOT_OBSERVED_NO_TLS,587,success,smtp,1,1,0,0,0,,,,,,,,,,,,,,,,,,,,,,,,,,,0,,,,,,,,,,,,,,,,,,,,,,,,,,,,,,,,,,,,,,,,,,,,,,,,,1,0
zgrab_Netherlands_587.json:48,zgrab_real,zgrab_Netherlands_587.json,48,Netherlands,SMTP_RESPONSE_OBSERVED,STARTTLS_NOT_OBSERVED,TLS_NOT_OBSERVED,CERTIFICATE_NOT_OBSERVED_NO_TLS,587,success,smtp,1,1,0,0,0,,,,,,,,,,,,,,,,,,,,,,,,,,,0,,,,,,,,,,,,,,,,,,,,,,,,,,,,,,,,,,,,,,,,,,,,,,,,,1,0
zgrab_Netherlands_587.json:49,zgrab_real,zgrab_Netherlands_587.json,49,Netherlands,SMTP_RESPONSE_OBSERVED,STARTTLS_NOT_OBSERVED,TLS_NOT_OBSERVED,CERTIFICATE_NOT_OBSERVED_NO_TLS,587,success,smtp,1,1,0,0,0,,,,,,,,,,,,,,,,,,,,,,,,,,,0,,,,,,,,,,,,,,,,,,,,,,,,,,,,,,,,,,,,,,,,,,,,,,,,,1,0
zgrab_Netherlands_587.json:50,zgrab_real,zgrab_Netherlands_587.json,50,Netherlands,SMTP_RESPONSE_OBSERVED,STARTTLS_NOT_OBSERVED,TLS_NOT_OBSERVED,CERTIFICATE_NOT_OBSERVED_NO_TLS,587,success,smtp,1,1,0,0,0,,,,,,,,,,,,,,,,,,,,,,,,,,,0,,,,,,,,,,,,,,,,,,,,,,,,,,,,,,,,,,,,,,,,,,,,,,,,,1,0
zgrab_Netherlands_587.json:51,zgrab_real,zgrab_Netherlands_587.json,51,Netherlands,SMTP_RESPONSE_OBSERVED,STARTTLS_NOT_OBSERVED,TLS_NOT_OBSERVED,CERTIFICATE_NOT_OBSERVED_NO_TLS,587,success,smtp,1,1,0,0,0,,,,,,,,,,,,,,,,,,,,,,,,,,,0,,,,,,,,,,,,,,,,,,,,,,,,,,,,,,,,,,,,,,,,,,,,,,,,,1,0
zgrab_Netherlands_587.json:52,zgrab_real,zgrab_Netherlands_587.json,52,Netherlands,SMTP_RESPONSE_OBSERVED,STARTTLS_NOT_OBSERVED,TLS_NOT_OBSERVED,CERTIFICATE_NOT_OBSERVED_NO_TLS,587,success,smtp,1,1,0,0,0,,,,,,,,,,,,,,,,,,,,,,,,,,,0,,,,,,,,,,,,,,,,,,,,,,,,,,,,,,,,,,,,,,,,,,,,,,,,,1,0
zgrab_Netherlands_587.json:53,zgrab_real,zgrab_Netherlands_587.json,53,Netherlands,SMTP_RESPONSE_OBSERVED,STARTTLS_NOT_OBSERVED,TLS_NOT_OBSERVED,CERTIFICATE_NOT_OBSERVED_NO_TLS,587,success,smtp,1,1,0,0,0,,,,,,,,,,,,,,,,,,,,,,,,,,,0,,,,,,,,,,,,,,,,,,,,,,,,,,,,,,,,,,,,,,,,,,,,,,,,,1,0
zgrab_Netherlands_587.json:54,zgrab_real,zgrab_Netherlands_587.json,54,Netherlands,SMTP_RESPONSE_OBSERVED,TLS_HANDSHAKE_SUCCEEDED,HANDSHAKE_SUCCEEDED,CERTIFICATE_OBSERVED,587,success,smtp,1,1,1,1,1,TLSv1.2,TLSv1.3,TLS_AES_256_GCM_SHA384,secp384r1,2,1,1,0,0,0,0,0,0,0,0,1,1,0,0,0,1,0,0,1,0,0,1,True,RSA,2048,65537,,,SHA256-RSA,0,1,0,0,OV,False,9,0,41,9,False,True,,True,True,,2,10,198.99998842592592,176.99773148148148,0,0,1,1,1,1,1,1,3,1,2,1,1,1,0,0,0,0,0,0,0,0,1
zgrab_Netherlands_587.json:55,zgrab_real,zgrab_Netherlands_587.json,55,Netherlands,SMTP_RESPONSE_OBSERVED,TLS_HANDSHAKE_SUCCEEDED,HANDSHAKE_SUCCEEDED,CERTIFICATE_OBSERVED,587,success,smtp,1,1,1,1,1,TLSv1.2,TLSv1.3,TLS_AES_256_GCM_SHA384,secp384r1,2,1,1,0,0,0,0,0,0,0,0,1,1,0,0,0,1,0,0,1,0,0,1,True,RSA,2048,65537,,,SHA256-RSA,0,1,0,0,OV,False,14,0,41,14,False,True,,True,True,,2,10,198.99998842592592,172.99773148148148,0,0,1,1,1,1,1,1,3,1,2,1,1,1,0,0,0,0,0,0,0,0,1
zgrab_Netherlands_587.json:56,zgrab_real,zgrab_Netherlands_587.json,56,Netherlands,SMTP_RESPONSE_OBSERVED,STARTTLS_NOT_OBSERVED,TLS_NOT_OBSERVED,CERTIFICATE_NOT_OBSERVED_NO_TLS,587,success,smtp,1,1,0,0,0,,,,,,,,,,,,,,,,,,,,,,,,,,,0,,,,,,,,,,,,,,,,,,,,,,,,,,,,,,,,,,,,,,,,,,,,,,,,,1,0
zgrab_Netherlands_587.json:57,zgrab_real,zgrab_Netherlands_587.json,57,Netherlands,SMTP_RESPONSE_OBSERVED,TLS_HANDSHAKE_SUCCEEDED,HANDSHAKE_SUCCEEDED,CERTIFICATE_OBSERVED,587,success,smtp,1,1,1,1,1,TLSv1.2,TLSv1.3,TLS_AES_256_GCM_SHA384,secp384r1,2,1,1,0,0,0,0,0,0,0,0,1,1,0,0,0,1,0,0,1,0,0,1,True,RSA,2048,65537,,,SHA256-RSA,0,1,0,0,OV,False,9,0,41,9,False,True,,True,True,,2,10,198.99998842592592,176.99773148148148,0,0,1,1,1,1,1,1,3,1,2,1,1,1,0,0,0,0,0,0,0,0,1
zgrab_Netherlands_587.json:58,zgrab_real,zgrab_Netherlands_587.json,58,Netherlands,SMTP_RESPONSE_OBSERVED,STARTTLS_NOT_OBSERVED,TLS_NOT_OBSERVED,CERTIFICATE_NOT_OBSERVED_NO_TLS,587,success,smtp,1,1,0,0,0,,,,,,,,,,,,,,,,,,,,,,,,,,,0,,,,,,,,,,,,,,,,,,,,,,,,,,,,,,,,,,,,,,,,,,,,,,,,,1,0
zgrab_Netherlands_587.json:59,zgrab_real,zgrab_Netherlands_587.json,59,Netherlands,SMTP_RESPONSE_OBSERVED,STARTTLS_NOT_OBSERVED,TLS_NOT_OBSERVED,CERTIFICATE_NOT_OBSERVED_NO_TLS,587,success,smtp,1,1,0,0,0,,,,,,,,,,,,,,,,,,,,,,,,,,,0,,,,,,,,,,,,,,,,,,,,,,,,,,,,,,,,,,,,,,,,,,,,,,,,,1,0
zgrab_Netherlands_587.json:60,zgrab_real,zgrab_Netherlands_587.json,60,Netherlands,SMTP_RESPONSE_OBSERVED,STARTTLS_NOT_OBSERVED,TLS_NOT_OBSERVED,CERTIFICATE_NOT_OBSERVED_NO_TLS,587,success,smtp,1,1,0,0,0,,,,,,,,,,,,,,,,,,,,,,,,,,,0,,,,,,,,,,,,,,,,,,,,,,,,,,,,,,,,,,,,,,,,,,,,,,,,,1,0
zgrab_Netherlands_587.json:61,zgrab_real,zgrab_Netherlands_587.json,61,Netherlands,SMTP_RESPONSE_OBSERVED,STARTTLS_NOT_OBSERVED,TLS_NOT_OBSERVED,CERTIFICATE_NOT_OBSERVED_NO_TLS,587,success,smtp,1,1,0,0,0,,,,,,,,,,,,,,,,,,,,,,,,,,,0,,,,,,,,,,,,,,,,,,,,,,,,,,,,,,,,,,,,,,,,,,,,,,,,,1,0
zgrab_Netherlands_587.json:62,zgrab_real,zgrab_Netherlands_587.json,62,Netherlands,SMTP_RESPONSE_OBSERVED,STARTTLS_NOT_OBSERVED,TLS_NOT_OBSERVED,CERTIFICATE_NOT_OBSERVED_NO_TLS,587,success,smtp,1,1,0,0,0,,,,,,,,,,,,,,,,,,,,,,,,,,,0,,,,,,,,,,,,,,,,,,,,,,,,,,,,,,,,,,,,,,,,,,,,,,,,,1,0
zgrab_Netherlands_587.json:63,zgrab_real,zgrab_Netherlands_587.json,63,Netherlands,SMTP_RESPONSE_OBSERVED,STARTTLS_NOT_OBSERVED,TLS_NOT_OBSERVED,CERTIFICATE_NOT_OBSERVED_NO_TLS,587,success,smtp,1,1,0,0,0,,,,,,,,,,,,,,,,,,,,,,,,,,,0,,,,,,,,,,,,,,,,,,,,,,,,,,,,,,,,,,,,,,,,,,,,,,,,,1,0
zgrab_Netherlands_587.json:64,zgrab_real,zgrab_Netherlands_587.json,64,Netherlands,SMTP_RESPONSE_OBSERVED,STARTTLS_NOT_OBSERVED,TLS_NOT_OBSERVED,CERTIFICATE_NOT_OBSERVED_NO_TLS,587,success,smtp,1,1,0,0,0,,,,,,,,,,,,,,,,,,,,,,,,,,,0,,,,,,,,,,,,,,,,,,,,,,,,,,,,,,,,,,,,,,,,,,,,,,,,,1,0
zgrab_Netherlands_587.json:65,zgrab_real,zgrab_Netherlands_587.json,65,Netherlands,SMTP_RESPONSE_OBSERVED,STARTTLS_NOT_OBSERVED,TLS_NOT_OBSERVED,CERTIFICATE_NOT_OBSERVED_NO_TLS,587,success,smtp,1,1,0,0,0,,,,,,,,,,,,,,,,,,,,,,,,,,,0,,,,,,,,,,,,,,,,,,,,,,,,,,,,,,,,,,,,,,,,,,,,,,,,,1,0
zgrab_Netherlands_587.json:66,zgrab_real,zgrab_Netherlands_587.json,66,Netherlands,SMTP_RESPONSE_OBSERVED,STARTTLS_NOT_OBSERVED,TLS_NOT_OBSERVED,CERTIFICATE_NOT_OBSERVED_NO_TLS,587,success,smtp,1,1,0,0,0,,,,,,,,,,,,,,,,,,,,,,,,,,,0,,,,,,,,,,,,,,,,,,,,,,,,,,,,,,,,,,,,,,,,,,,,,,,,,1,0
zgrab_Netherlands_587.json:67,zgrab_real,zgrab_Netherlands_587.json,67,Netherlands,SMTP_RESPONSE_OBSERVED,STARTTLS_NOT_OBSERVED,TLS_NOT_OBSERVED,CERTIFICATE_NOT_OBSERVED_NO_TLS,587,success,smtp,1,1,0,0,0,,,,,,,,,,,,,,,,,,,,,,,,,,,0,,,,,,,,,,,,,,,,,,,,,,,,,,,,,,,,,,,,,,,,,,,,,,,,,1,0
zgrab_Netherlands_587.json:68,zgrab_real,zgrab_Netherlands_587.json,68,Netherlands,SMTP_RESPONSE_OBSERVED,STARTTLS_NOT_OBSERVED,TLS_NOT_OBSERVED,CERTIFICATE_NOT_OBSERVED_NO_TLS,587,success,smtp,1,1,0,0,0,,,,,,,,,,,,,,,,,,,,,,,,,,,0,,,,,,,,,,,,,,,,,,,,,,,,,,,,,,,,,,,,,,,,,,,,,,,,,1,0
zgrab_Netherlands_587.json:69,zgrab_real,zgrab_Netherlands_587.json,69,Netherlands,SMTP_RESPONSE_OBSERVED,STARTTLS_NOT_OBSERVED,TLS_NOT_OBSERVED,CERTIFICATE_NOT_OBSERVED_NO_TLS,587,success,smtp,1,1,0,0,0,,,,,,,,,,,,,,,,,,,,,,,,,,,0,,,,,,,,,,,,,,,,,,,,,,,,,,,,,,,,,,,,,,,,,,,,,,,,,1,0
zgrab_Netherlands_587.json:70,zgrab_real,zgrab_Netherlands_587.json,70,Netherlands,SMTP_RESPONSE_OBSERVED,TLS_HANDSHAKE_SUCCEEDED,HANDSHAKE_SUCCEEDED,CERTIFICATE_OBSERVED,587,success,smtp,1,1,1,1,1,TLSv1.2,TLSv1.3,TLS_CHACHA20_POLY1305_SHA256,x25519,2,1,1,0,0,0,0,0,0,0,0,1,1,0,0,0,1,0,0,1,0,0,1,True,RSA,4096,65537,,,SHA256-RSA,0,1,0,0,DV,False,1,0,16,1,False,True,True,True,True,,2,9,395.99998842592595,26.997627314814814,0,0,2,1,1,1,2,1,3,1,0,0,1,1,0,0,0,0,0,0,0,0,1
zgrab_Netherlands_587.json:71,zgrab_real,zgrab_Netherlands_587.json,71,Netherlands,SMTP_RESPONSE_OBSERVED,TLS_HANDSHAKE_SUCCEEDED,HANDSHAKE_SUCCEEDED,CERTIFICATE_OBSERVED,587,success,smtp,1,1,1,1,1,TLSv1.2,TLSv1.3,TLS_AES_256_GCM_SHA384,x25519,2,1,1,0,0,0,0,0,0,0,0,1,1,0,0,0,1,0,0,1,0,0,1,True,RSA,4096,65537,,,SHA256-RSA,0,1,0,0,DV,False,16,0,28,16,False,True,,True,True,,2,9,198.99998842592592,122.99761574074074,0,0,3,1,1,1,2,1,3,1,0,0,1,1,0,0,0,0,0,0,0,0,1
zgrab_Netherlands_587.json:72,zgrab_real,zgrab_Netherlands_587.json,72,Netherlands,SMTP_RESPONSE_OBSERVED,TLS_HANDSHAKE_SUCCEEDED,HANDSHAKE_SUCCEEDED,CERTIFICATE_OBSERVED,587,success,smtp,1,1,1,1,1,TLSv1.2,TLSv1.3,TLS_AES_256_GCM_SHA384,x25519,2,1,1,0,0,0,0,0,0,0,0,1,1,0,0,0,1,0,0,1,0,0,1,True,RSA,4096,65537,,,SHA256-RSA,0,1,0,0,DV,False,16,0,28,16,False,True,,True,True,,2,9,198.99998842592592,122.99761574074074,0,0,3,1,1,1,2,1,3,1,0,0,1,1,0,0,0,0,0,0,0,0,1
zgrab_Netherlands_587.json:73,zgrab_real,zgrab_Netherlands_587.json,73,Netherlands,SMTP_RESPONSE_OBSERVED,TLS_HANDSHAKE_SUCCEEDED,HANDSHAKE_SUCCEEDED,CERTIFICATE_OBSERVED,587,success,smtp,1,1,1,1,1,TLSv1.2,TLSv1.3,TLS_AES_256_GCM_SHA384,x25519,2,1,1,0,0,0,0,0,0,0,0,1,1,0,0,0,1,0,0,1,0,0,1,True,RSA,4096,65537,,,SHA256-RSA,0,1,0,0,DV,False,16,0,28,16,False,True,,True,True,,2,9,198.99998842592592,122.99760416666666,0,0,3,1,1,1,2,1,3,1,0,0,1,1,0,0,0,0,0,0,0,0,1
zgrab_Netherlands_587.json:74,zgrab_real,zgrab_Netherlands_587.json,74,Netherlands,SMTP_RESPONSE_OBSERVED,TLS_HANDSHAKE_SUCCEEDED,HANDSHAKE_SUCCEEDED,CERTIFICATE_OBSERVED,587,success,smtp,1,1,1,1,1,TLSv1.2,TLSv1.3,TLS_AES_256_GCM_SHA384,x25519,2,1,1,0,0,0,0,0,0,0,0,1,1,0,0,0,1,0,0,1,0,0,1,True,RSA,4096,65537,,,SHA256-RSA,0,1,0,0,DV,False,16,0,28,16,False,True,,True,True,,2,9,198.99998842592592,122.9975925925926,0,0,3,1,1,1,2,1,3,1,0,0,1,1,0,0,0,0,0,0,0,0,1
zgrab_Netherlands_587.json:75,zgrab_real,zgrab_Netherlands_587.json,75,Netherlands,SMTP_RESPONSE_OBSERVED,TLS_HANDSHAKE_SUCCEEDED,HANDSHAKE_SUCCEEDED,CERTIFICATE_OBSERVED,587,success,smtp,1,1,1,1,1,TLSv1.2,TLSv1.3,TLS_AES_256_GCM_SHA384,x25519,2,1,1,0,0,0,0,0,0,0,0,1,1,0,0,0,1,0,0,1,0,0,1,True,RSA,4096,65537,,,SHA256-RSA,0,1,0,0,DV,False,16,0,28,16,False,True,,True,True,,2,9,198.99998842592592,122.9975925925926,0,0,3,1,1,1,2,1,3,1,0,0,1,1,0,0,0,0,0,0,0,0,1
zgrab_Netherlands_587.json:76,zgrab_real,zgrab_Netherlands_587.json,76,Netherlands,SMTP_RESPONSE_OBSERVED,TLS_HANDSHAKE_SUCCEEDED,HANDSHAKE_SUCCEEDED,CERTIFICATE_OBSERVED,587,success,smtp,1,1,1,1,1,TLSv1.2,TLSv1.3,TLS_AES_256_GCM_SHA384,x25519,2,1,1,0,0,0,0,0,0,0,0,1,1,0,0,0,1,0,0,1,0,0,1,True,RSA,4096,65537,,,SHA256-RSA,0,1,0,0,DV,False,16,0,28,16,False,True,,True,True,,2,9,198.99998842592592,122.99758101851852,0,0,3,1,1,1,2,1,3,1,0,0,1,1,0,0,0,0,0,0,0,0,1
zgrab_Netherlands_587.json:77,zgrab_real,zgrab_Netherlands_587.json,77,Netherlands,SMTP_RESPONSE_OBSERVED,TLS_HANDSHAKE_SUCCEEDED,HANDSHAKE_SUCCEEDED,CERTIFICATE_OBSERVED,587,success,smtp,1,1,1,1,1,TLSv1.2,TLSv1.3,TLS_AES_256_GCM_SHA384,x25519,2,1,1,0,0,0,0,0,0,0,0,1,1,0,0,0,1,0,0,1,0,0,1,True,RSA,4096,65537,,,SHA256-RSA,0,1,0,0,DV,False,16,0,28,16,False,True,,True,True,,2,9,198.99998842592592,122.99758101851852,0,0,3,1,1,1,2,1,3,1,0,0,1,1,0,0,0,0,0,0,0,0,1
zgrab_Netherlands_587.json:78,zgrab_real,zgrab_Netherlands_587.json,78,Netherlands,SMTP_RESPONSE_OBSERVED,TLS_HANDSHAKE_SUCCEEDED,HANDSHAKE_SUCCEEDED,CERTIFICATE_OBSERVED,587,success,smtp,1,1,1,1,1,TLSv1.2,TLSv1.3,TLS_AES_256_GCM_SHA384,x25519,2,1,1,0,0,0,0,0,0,0,0,1,1,0,0,0,1,0,0,1,0,0,1,True,RSA,4096,65537,,,SHA256-RSA,0,1,0,0,DV,False,16,0,28,16,False,True,,True,True,,2,9,198.99998842592592,122.99758101851852,0,0,3,1,1,1,2,1,3,1,0,0,1,1,0,0,0,0,0,0,0,0,1
zgrab_Netherlands_587.json:79,zgrab_real,zgrab_Netherlands_587.json,79,Netherlands,SMTP_RESPONSE_OBSERVED,TLS_HANDSHAKE_SUCCEEDED,HANDSHAKE_SUCCEEDED,CERTIFICATE_OBSERVED,587,success,smtp,1,1,1,1,1,TLSv1.2,,TLS_RSA_WITH_AES_128_GCM_SHA256,,1,0,0,1,0,0,0,0,0,0,0,1,1,0,1,0,0,0,0,1,0,0,1,False,RSA,2048,65537,,,SHA256-RSA,0,1,0,0,DV,False,2,1,19,2,False,True,True,True,True,,2,9,756.999988425926,-1671.0024305555555,1,0,2,1,1,1,2,1,3,1,0,0,1,1,0,1,1,0,0,0,1,0,1
zgrab_Netherlands_587.json:80,zgrab_real,zgrab_Netherlands_587.json,80,Netherlands,SMTP_RESPONSE_OBSERVED,TLS_HANDSHAKE_SUCCEEDED,HANDSHAKE_SUCCEEDED,CERTIFICATE_OBSERVED,587,success,smtp,1,1,1,1,1,TLSv1.2,,TLS_RSA_WITH_AES_128_GCM_SHA256,,1,0,0,1,0,0,0,0,0,0,0,1,1,0,1,0,0,0,0,1,0,0,1,False,RSA,2048,65537,,,SHA256-RSA,0,1,0,0,DV,False,2,1,19,2,False,True,True,True,True,,2,9,756.999988425926,-1671.0024305555555,1,0,2,1,1,1,2,1,3,1,0,0,1,1,0,1,1,0,0,0,1,0,1
zgrab_Netherlands_587.json:81,zgrab_real,zgrab_Netherlands_587.json,81,Netherlands,SMTP_RESPONSE_OBSERVED,STARTTLS_NOT_OBSERVED,TLS_NOT_OBSERVED,CERTIFICATE_NOT_OBSERVED_NO_TLS,587,success,smtp,1,1,0,0,0,,,,,,,,,,,,,,,,,,,,,,,,,,,0,,,,,,,,,,,,,,,,,,,,,,,,,,,,,,,,,,,,,,,,,,,,,,,,,1,0
zgrab_Netherlands_587.json:82,zgrab_real,zgrab_Netherlands_587.json,82,Netherlands,SMTP_RESPONSE_OBSERVED,TLS_HANDSHAKE_SUCCEEDED,HANDSHAKE_SUCCEEDED,CERTIFICATE_OBSERVED,587,success,smtp,1,1,1,1,1,TLSv1.2,TLSv1.3,TLS_AES_256_GCM_SHA384,x25519,2,1,1,0,0,0,0,0,0,0,0,1,1,0,0,0,1,0,0,1,0,0,1,True,RSA,4096,65537,,,SHA256-RSA,0,1,0,0,DV,False,16,0,28,16,False,True,,True,True,,2,9,198.99998842592592,122.99755787037037,0,0,3,1,1,1,2,1,3,1,0,0,1,1,0,0,0,0,0,0,0,0,1
zgrab_Netherlands_587.json:83,zgrab_real,zgrab_Netherlands_587.json,83,Netherlands,SMTP_RESPONSE_OBSERVED,STARTTLS_NOT_OBSERVED,TLS_NOT_OBSERVED,CERTIFICATE_NOT_OBSERVED_NO_TLS,587,success,smtp,1,1,0,0,0,,,,,,,,,,,,,,,,,,,,,,,,,,,0,,,,,,,,,,,,,,,,,,,,,,,,,,,,,,,,,,,,,,,,,,,,,,,,,1,0
zgrab_Netherlands_587.json:84,zgrab_real,zgrab_Netherlands_587.json,84,Netherlands,SMTP_RESPONSE_OBSERVED,TLS_HANDSHAKE_SUCCEEDED,HANDSHAKE_SUCCEEDED,CERTIFICATE_OBSERVED,587,success,smtp,1,1,1,1,1,TLSv1.2,TLSv1.3,TLS_AES_256_GCM_SHA384,secp256r1,2,1,1,0,0,0,0,0,0,0,0,1,1,0,0,0,1,0,0,1,0,0,1,True,RSA,2048,65537,,,SHA256-RSA,0,1,0,0,DV,False,1,0,13,1,False,True,,True,True,,2,10,89.99998842592592,5.458379629629629,0,0,2,0,1,0,1,1,2,1,1,1,1,1,0,0,0,0,0,0,0,0,1
zgrab_Netherlands_587.json:85,zgrab_real,zgrab_Netherlands_587.json,85,Netherlands,SMTP_RESPONSE_OBSERVED,STARTTLS_NOT_OBSERVED,TLS_NOT_OBSERVED,CERTIFICATE_NOT_OBSERVED_NO_TLS,587,success,smtp,1,1,0,0,0,,,,,,,,,,,,,,,,,,,,,,,,,,,0,,,,,,,,,,,,,,,,,,,,,,,,,,,,,,,,,,,,,,,,,,,,,,,,,1,0
zgrab_Netherlands_587.json:86,zgrab_real,zgrab_Netherlands_587.json,86,Netherlands,SMTP_RESPONSE_OBSERVED,STARTTLS_NOT_OBSERVED,TLS_NOT_OBSERVED,CERTIFICATE_NOT_OBSERVED_NO_TLS,587,success,smtp,1,1,0,0,0,,,,,,,,,,,,,,,,,,,,,,,,,,,0,,,,,,,,,,,,,,,,,,,,,,,,,,,,,,,,,,,,,,,,,,,,,,,,,1,0
zgrab_Netherlands_587.json:87,zgrab_real,zgrab_Netherlands_587.json,87,Netherlands,SMTP_RESPONSE_OBSERVED,STARTTLS_NOT_OBSERVED,TLS_NOT_OBSERVED,CERTIFICATE_NOT_OBSERVED_NO_TLS,587,success,smtp,1,1,0,0,0,,,,,,,,,,,,,,,,,,,,,,,,,,,0,,,,,,,,,,,,,,,,,,,,,,,,,,,,,,,,,,,,,,,,,,,,,,,,,1,0
zgrab_Netherlands_587.json:88,zgrab_real,zgrab_Netherlands_587.json,88,Netherlands,SMTP_RESPONSE_OBSERVED,STARTTLS_NOT_OBSERVED,TLS_NOT_OBSERVED,CERTIFICATE_NOT_OBSERVED_NO_TLS,587,success,smtp,1,1,0,0,0,,,,,,,,,,,,,,,,,,,,,,,,,,,0,,,,,,,,,,,,,,,,,,,,,,,,,,,,,,,,,,,,,,,,,,,,,,,,,1,0
zgrab_Netherlands_587.json:89,zgrab_real,zgrab_Netherlands_587.json,89,Netherlands,SMTP_RESPONSE_OBSERVED,STARTTLS_NOT_OBSERVED,TLS_NOT_OBSERVED,CERTIFICATE_NOT_OBSERVED_NO_TLS,587,success,smtp,1,1,0,0,0,,,,,,,,,,,,,,,,,,,,,,,,,,,0,,,,,,,,,,,,,,,,,,,,,,,,,,,,,,,,,,,,,,,,,,,,,,,,,1,0
zgrab_Netherlands_587.json:90,zgrab_real,zgrab_Netherlands_587.json,90,Netherlands,SMTP_RESPONSE_OBSERVED,TLS_HANDSHAKE_SUCCEEDED,HANDSHAKE_SUCCEEDED,CERTIFICATE_OBSERVED,587,success,smtp,1,1,1,1,1,TLSv1.2,TLSv1.3,TLS_CHACHA20_POLY1305_SHA256,x25519,2,1,1,0,0,0,0,0,0,0,0,1,1,0,0,0,1,0,0,1,0,0,1,True,RSA,2048,65537,,,SHA256-RSA,0,1,0,0,DV,False,1,0,23,1,False,True,,True,True,,2,10,89.99998842592592,30.028564814814814,0,0,2,0,1,0,1,1,2,1,1,1,1,1,0,0,0,0,0,0,0,0,1
zgrab_Netherlands_587.json:91,zgrab_real,zgrab_Netherlands_587.json,91,Netherlands,SMTP_PROBE_FAILED,STARTTLS_NOT_OBSERVED,TLS_NOT_OBSERVED,CERTIFICATE_NOT_OBSERVED_NO_TLS,587,connection-timeout,smtp,0,0,0,0,0,,,,,,,,,,,,,,,,,,,,,,,,,,,0,,,,,,,,,,,,,,,,,,,,,,,,,,,,,,,,,,,,,,,,,,,,,,,,,0,0
zgrab_Netherlands_587.json:92,zgrab_real,zgrab_Netherlands_587.json,92,Netherlands,SMTP_PROBE_FAILED,STARTTLS_NOT_OBSERVED,TLS_NOT_OBSERVED,CERTIFICATE_NOT_OBSERVED_NO_TLS,587,connection-timeout,smtp,0,0,0,0,0,,,,,,,,,,,,,,,,,,,,,,,,,,,0,,,,,,,,,,,,,,,,,,,,,,,,,,,,,,,,,,,,,,,,,,,,,,,,,0,0
zgrab_Netherlands_587.json:93,zgrab_real,zgrab_Netherlands_587.json,93,Netherlands,SMTP_RESPONSE_OBSERVED,STARTTLS_NOT_OBSERVED,TLS_NOT_OBSERVED,CERTIFICATE_NOT_OBSERVED_NO_TLS,587,success,smtp,1,1,0,0,0,,,,,,,,,,,,,,,,,,,,,,,,,,,0,,,,,,,,,,,,,,,,,,,,,,,,,,,,,,,,,,,,,,,,,,,,,,,,,1,0
zgrab_Netherlands_587.json:94,zgrab_real,zgrab_Netherlands_587.json,94,Netherlands,SMTP_RESPONSE_OBSERVED,STARTTLS_NOT_OBSERVED,TLS_NOT_OBSERVED,CERTIFICATE_NOT_OBSERVED_NO_TLS,587,success,smtp,1,1,0,0,0,,,,,,,,,,,,,,,,,,,,,,,,,,,0,,,,,,,,,,,,,,,,,,,,,,,,,,,,,,,,,,,,,,,,,,,,,,,,,1,0
zgrab_Netherlands_587.json:95,zgrab_real,zgrab_Netherlands_587.json,95,Netherlands,SMTP_RESPONSE_OBSERVED,STARTTLS_NOT_OBSERVED,TLS_NOT_OBSERVED,CERTIFICATE_NOT_OBSERVED_NO_TLS,587,success,smtp,1,1,0,0,0,,,,,,,,,,,,,,,,,,,,,,,,,,,0,,,,,,,,,,,,,,,,,,,,,,,,,,,,,,,,,,,,,,,,,,,,,,,,,1,0
zgrab_Netherlands_587.json:96,zgrab_real,zgrab_Netherlands_587.json,96,Netherlands,SMTP_RESPONSE_OBSERVED,STARTTLS_NOT_OBSERVED,TLS_NOT_OBSERVED,CERTIFICATE_NOT_OBSERVED_NO_TLS,587,success,smtp,1,1,0,0,0,,,,,,,,,,,,,,,,,,,,,,,,,,,0,,,,,,,,,,,,,,,,,,,,,,,,,,,,,,,,,,,,,,,,,,,,,,,,,1,0
zgrab_Netherlands_587.json:97,zgrab_real,zgrab_Netherlands_587.json,97,Netherlands,SMTP_RESPONSE_OBSERVED,STARTTLS_NOT_OBSERVED,TLS_NOT_OBSERVED,CERTIFICATE_NOT_OBSERVED_NO_TLS,587,success,smtp,1,1,0,0,0,,,,,,,,,,,,,,,,,,,,,,,,,,,0,,,,,,,,,,,,,,,,,,,,,,,,,,,,,,,,,,,,,,,,,,,,,,,,,1,0
zgrab_Netherlands_587.json:98,zgrab_real,zgrab_Netherlands_587.json,98,Netherlands,SMTP_RESPONSE_OBSERVED,STARTTLS_NOT_OBSERVED,TLS_NOT_OBSERVED,CERTIFICATE_NOT_OBSERVED_NO_TLS,587,success,smtp,1,1,0,0,0,,,,,,,,,,,,,,,,,,,,,,,,,,,0,,,,,,,,,,,,,,,,,,,,,,,,,,,,,,,,,,,,,,,,,,,,,,,,,1,0
zgrab_Netherlands_587.json:99,zgrab_real,zgrab_Netherlands_587.json,99,Netherlands,SMTP_RESPONSE_OBSERVED,STARTTLS_NOT_OBSERVED,TLS_NOT_OBSERVED,CERTIFICATE_NOT_OBSERVED_NO_TLS,587,success,smtp,1,1,0,0,0,,,,,,,,,,,,,,,,,,,,,,,,,,,0,,,,,,,,,,,,,,,,,,,,,,,,,,,,,,,,,,,,,,,,,,,,,,,,,1,0
zgrab_Netherlands_587.json:100,zgrab_real,zgrab_Netherlands_587.json,100,Netherlands,SMTP_RESPONSE_OBSERVED,STARTTLS_NOT_OBSERVED,TLS_NOT_OBSERVED,CERTIFICATE_NOT_OBSERVED_NO_TLS,587,success,smtp,1,1,0,0,0,,,,,,,,,,,,,,,,,,,,,,,,,,,0,,,,,,,,,,,,,,,,,,,,,,,,,,,,,,,,,,,,,,,,,,,,,,,,,1,0
zgrab_Russia_587.json:1,zgrab_real,zgrab_Russia_587.json,1,Russia,SMTP_RESPONSE_OBSERVED,STARTTLS_NOT_OBSERVED,TLS_NOT_OBSERVED,CERTIFICATE_NOT_OBSERVED_NO_TLS,587,success,smtp,1,1,0,0,0,,,,,,,,,,,,,,,,,,,,,,,,,,,0,,,,,,,,,,,,,,,,,,,,,,,,,,,,,,,,,,,,,,,,,,,,,,,,,1,0
zgrab_Russia_587.json:2,zgrab_real,zgrab_Russia_587.json,2,Russia,SMTP_RESPONSE_OBSERVED,TLS_HANDSHAKE_SUCCEEDED,HANDSHAKE_SUCCEEDED,CERTIFICATE_OBSERVED,587,success,smtp,1,1,1,1,1,TLSv1.2,TLSv1.3,TLS_AES_256_GCM_SHA384,secp256r1,2,1,1,0,0,0,0,0,0,0,0,1,1,0,0,0,1,0,0,1,0,0,1,False,RSA,2048,65537,,,SHA256-RSA,0,1,0,0,unknown,True,1,0,21,1,True,True,,True,True,,4,6,1826.0,1709.412835648148,0,0,0,0,0,0,0,0,0,0,0,0,1,1,0,0,0,0,0,0,1,0,1
zgrab_Russia_587.json:3,zgrab_real,zgrab_Russia_587.json,3,Russia,SMTP_RESPONSE_OBSERVED,STARTTLS_NOT_OBSERVED,TLS_NOT_OBSERVED,CERTIFICATE_NOT_OBSERVED_NO_TLS,587,success,smtp,1,1,0,0,0,,,,,,,,,,,,,,,,,,,,,,,,,,,0,,,,,,,,,,,,,,,,,,,,,,,,,,,,,,,,,,,,,,,,,,,,,,,,,1,0
zgrab_Russia_587.json:4,zgrab_real,zgrab_Russia_587.json,4,Russia,SMTP_RESPONSE_OBSERVED,STARTTLS_NOT_OBSERVED,TLS_NOT_OBSERVED,CERTIFICATE_NOT_OBSERVED_NO_TLS,587,success,smtp,1,1,0,0,0,,,,,,,,,,,,,,,,,,,,,,,,,,,0,,,,,,,,,,,,,,,,,,,,,,,,,,,,,,,,,,,,,,,,,,,,,,,,,1,0
zgrab_Russia_587.json:5,zgrab_real,zgrab_Russia_587.json,5,Russia,SMTP_RESPONSE_OBSERVED,STARTTLS_NOT_OBSERVED,TLS_NOT_OBSERVED,CERTIFICATE_NOT_OBSERVED_NO_TLS,587,success,smtp,1,1,0,0,0,,,,,,,,,,,,,,,,,,,,,,,,,,,0,,,,,,,,,,,,,,,,,,,,,,,,,,,,,,,,,,,,,,,,,,,,,,,,,1,0
zgrab_Russia_587.json:6,zgrab_real,zgrab_Russia_587.json,6,Russia,SMTP_RESPONSE_OBSERVED,STARTTLS_NOT_OBSERVED,TLS_NOT_OBSERVED,CERTIFICATE_NOT_OBSERVED_NO_TLS,587,success,smtp,1,1,0,0,0,,,,,,,,,,,,,,,,,,,,,,,,,,,0,,,,,,,,,,,,,,,,,,,,,,,,,,,,,,,,,,,,,,,,,,,,,,,,,1,0
zgrab_Russia_587.json:7,zgrab_real,zgrab_Russia_587.json,7,Russia,SMTP_RESPONSE_OBSERVED,STARTTLS_NOT_OBSERVED,TLS_NOT_OBSERVED,CERTIFICATE_NOT_OBSERVED_NO_TLS,587,success,smtp,1,1,0,0,0,,,,,,,,,,,,,,,,,,,,,,,,,,,0,,,,,,,,,,,,,,,,,,,,,,,,,,,,,,,,,,,,,,,,,,,,,,,,,1,0
zgrab_Russia_587.json:8,zgrab_real,zgrab_Russia_587.json,8,Russia,SMTP_RESPONSE_OBSERVED,STARTTLS_NOT_OBSERVED,TLS_NOT_OBSERVED,CERTIFICATE_NOT_OBSERVED_NO_TLS,587,success,smtp,1,1,0,0,0,,,,,,,,,,,,,,,,,,,,,,,,,,,0,,,,,,,,,,,,,,,,,,,,,,,,,,,,,,,,,,,,,,,,,,,,,,,,,1,0
zgrab_Russia_587.json:9,zgrab_real,zgrab_Russia_587.json,9,Russia,SMTP_RESPONSE_OBSERVED,STARTTLS_NOT_OBSERVED,TLS_NOT_OBSERVED,CERTIFICATE_NOT_OBSERVED_NO_TLS,587,success,smtp,1,1,0,0,0,,,,,,,,,,,,,,,,,,,,,,,,,,,0,,,,,,,,,,,,,,,,,,,,,,,,,,,,,,,,,,,,,,,,,,,,,,,,,1,0
zgrab_Russia_587.json:10,zgrab_real,zgrab_Russia_587.json,10,Russia,SMTP_RESPONSE_OBSERVED,STARTTLS_NOT_OBSERVED,TLS_NOT_OBSERVED,CERTIFICATE_NOT_OBSERVED_NO_TLS,587,success,smtp,1,1,0,0,0,,,,,,,,,,,,,,,,,,,,,,,,,,,0,,,,,,,,,,,,,,,,,,,,,,,,,,,,,,,,,,,,,,,,,,,,,,,,,1,0
zgrab_Russia_587.json:11,zgrab_real,zgrab_Russia_587.json,11,Russia,SMTP_RESPONSE_OBSERVED,STARTTLS_NOT_OBSERVED,TLS_NOT_OBSERVED,CERTIFICATE_NOT_OBSERVED_NO_TLS,587,success,smtp,1,1,0,0,0,,,,,,,,,,,,,,,,,,,,,,,,,,,0,,,,,,,,,,,,,,,,,,,,,,,,,,,,,,,,,,,,,,,,,,,,,,,,,1,0
zgrab_Russia_587.json:12,zgrab_real,zgrab_Russia_587.json,12,Russia,SMTP_RESPONSE_OBSERVED,STARTTLS_NOT_OBSERVED,TLS_NOT_OBSERVED,CERTIFICATE_NOT_OBSERVED_NO_TLS,587,success,smtp,1,1,0,0,0,,,,,,,,,,,,,,,,,,,,,,,,,,,0,,,,,,,,,,,,,,,,,,,,,,,,,,,,,,,,,,,,,,,,,,,,,,,,,1,0
zgrab_Russia_587.json:13,zgrab_real,zgrab_Russia_587.json,13,Russia,SMTP_RESPONSE_OBSERVED,STARTTLS_NOT_OBSERVED,TLS_NOT_OBSERVED,CERTIFICATE_NOT_OBSERVED_NO_TLS,587,success,smtp,1,1,0,0,0,,,,,,,,,,,,,,,,,,,,,,,,,,,0,,,,,,,,,,,,,,,,,,,,,,,,,,,,,,,,,,,,,,,,,,,,,,,,,1,0
zgrab_Russia_587.json:14,zgrab_real,zgrab_Russia_587.json,14,Russia,SMTP_RESPONSE_OBSERVED,STARTTLS_NOT_OBSERVED,TLS_NOT_OBSERVED,CERTIFICATE_NOT_OBSERVED_NO_TLS,587,success,smtp,1,1,0,0,0,,,,,,,,,,,,,,,,,,,,,,,,,,,0,,,,,,,,,,,,,,,,,,,,,,,,,,,,,,,,,,,,,,,,,,,,,,,,,1,0
zgrab_Russia_587.json:15,zgrab_real,zgrab_Russia_587.json,15,Russia,SMTP_RESPONSE_OBSERVED,STARTTLS_NOT_OBSERVED,TLS_NOT_OBSERVED,CERTIFICATE_NOT_OBSERVED_NO_TLS,587,success,smtp,1,1,0,0,0,,,,,,,,,,,,,,,,,,,,,,,,,,,0,,,,,,,,,,,,,,,,,,,,,,,,,,,,,,,,,,,,,,,,,,,,,,,,,1,0
zgrab_Russia_587.json:16,zgrab_real,zgrab_Russia_587.json,16,Russia,SMTP_RESPONSE_OBSERVED,STARTTLS_NOT_OBSERVED,TLS_NOT_OBSERVED,CERTIFICATE_NOT_OBSERVED_NO_TLS,587,success,smtp,1,1,0,0,0,,,,,,,,,,,,,,,,,,,,,,,,,,,0,,,,,,,,,,,,,,,,,,,,,,,,,,,,,,,,,,,,,,,,,,,,,,,,,1,0
zgrab_Russia_587.json:17,zgrab_real,zgrab_Russia_587.json,17,Russia,SMTP_RESPONSE_OBSERVED,STARTTLS_NOT_OBSERVED,TLS_NOT_OBSERVED,CERTIFICATE_NOT_OBSERVED_NO_TLS,587,success,smtp,1,1,0,0,0,,,,,,,,,,,,,,,,,,,,,,,,,,,0,,,,,,,,,,,,,,,,,,,,,,,,,,,,,,,,,,,,,,,,,,,,,,,,,1,0
zgrab_Russia_587.json:18,zgrab_real,zgrab_Russia_587.json,18,Russia,SMTP_RESPONSE_OBSERVED,TLS_HANDSHAKE_SUCCEEDED,HANDSHAKE_SUCCEEDED,CERTIFICATE_OBSERVED,587,success,smtp,1,1,1,1,1,TLSv1.2,,TLS_ECDHE_RSA_WITH_AES_256_CBC_SHA,,1,0,0,1,0,0,0,0,0,0,0,1,0,1,0,1,1,0,0,1,0,0,1,False,RSA,2048,65537,,,SHA1-RSA,1,0,0,0,unknown,False,4,0,25,4,,True,,True,True,,2,7,730.0,716.2263773148148,0,0,0,0,1,0,0,0,0,0,1,1,1,1,0,1,0,1,1,0,0,0,1
zgrab_Russia_587.json:19,zgrab_real,zgrab_Russia_587.json,19,Russia,SMTP_RESPONSE_OBSERVED,STARTTLS_NOT_OBSERVED,TLS_NOT_OBSERVED,CERTIFICATE_NOT_OBSERVED_NO_TLS,587,success,smtp,1,1,0,0,0,,,,,,,,,,,,,,,,,,,,,,,,,,,0,,,,,,,,,,,,,,,,,,,,,,,,,,,,,,,,,,,,,,,,,,,,,,,,,1,0
zgrab_Russia_587.json:20,zgrab_real,zgrab_Russia_587.json,20,Russia,SMTP_RESPONSE_OBSERVED,STARTTLS_NOT_OBSERVED,TLS_NOT_OBSERVED,CERTIFICATE_NOT_OBSERVED_NO_TLS,587,success,smtp,1,1,0,0,0,,,,,,,,,,,,,,,,,,,,,,,,,,,0,,,,,,,,,,,,,,,,,,,,,,,,,,,,,,,,,,,,,,,,,,,,,,,,,1,0
zgrab_Russia_587.json:21,zgrab_real,zgrab_Russia_587.json,21,Russia,SMTP_RESPONSE_OBSERVED,STARTTLS_NOT_OBSERVED,TLS_NOT_OBSERVED,CERTIFICATE_NOT_OBSERVED_NO_TLS,587,success,smtp,1,1,0,0,0,,,,,,,,,,,,,,,,,,,,,,,,,,,0,,,,,,,,,,,,,,,,,,,,,,,,,,,,,,,,,,,,,,,,,,,,,,,,,1,0
zgrab_Russia_587.json:22,zgrab_real,zgrab_Russia_587.json,22,Russia,SMTP_RESPONSE_OBSERVED,STARTTLS_NOT_OBSERVED,TLS_NOT_OBSERVED,CERTIFICATE_NOT_OBSERVED_NO_TLS,587,success,smtp,1,0,0,0,0,,,,,,,,,,,,,,,,,,,,,,,,,,,0,,,,,,,,,,,,,,,,,,,,,,,,,,,,,,,,,,,,,,,,,,,,,,,,,1,0
zgrab_Russia_587.json:23,zgrab_real,zgrab_Russia_587.json,23,Russia,SMTP_RESPONSE_OBSERVED,STARTTLS_NOT_OBSERVED,TLS_NOT_OBSERVED,CERTIFICATE_NOT_OBSERVED_NO_TLS,587,success,smtp,1,1,0,0,0,,,,,,,,,,,,,,,,,,,,,,,,,,,0,,,,,,,,,,,,,,,,,,,,,,,,,,,,,,,,,,,,,,,,,,,,,,,,,1,0
zgrab_Russia_587.json:24,zgrab_real,zgrab_Russia_587.json,24,Russia,SMTP_RESPONSE_OBSERVED,STARTTLS_NOT_OBSERVED,TLS_NOT_OBSERVED,CERTIFICATE_NOT_OBSERVED_NO_TLS,587,success,smtp,1,1,0,0,0,,,,,,,,,,,,,,,,,,,,,,,,,,,0,,,,,,,,,,,,,,,,,,,,,,,,,,,,,,,,,,,,,,,,,,,,,,,,,1,0
zgrab_Russia_587.json:25,zgrab_real,zgrab_Russia_587.json,25,Russia,SMTP_RESPONSE_OBSERVED,STARTTLS_NOT_OBSERVED,TLS_NOT_OBSERVED,CERTIFICATE_NOT_OBSERVED_NO_TLS,587,success,smtp,1,1,0,0,0,,,,,,,,,,,,,,,,,,,,,,,,,,,0,,,,,,,,,,,,,,,,,,,,,,,,,,,,,,,,,,,,,,,,,,,,,,,,,1,0
zgrab_Russia_587.json:26,zgrab_real,zgrab_Russia_587.json,26,Russia,SMTP_RESPONSE_OBSERVED,STARTTLS_NOT_OBSERVED,TLS_NOT_OBSERVED,CERTIFICATE_NOT_OBSERVED_NO_TLS,587,success,smtp,1,1,0,0,0,,,,,,,,,,,,,,,,,,,,,,,,,,,0,,,,,,,,,,,,,,,,,,,,,,,,,,,,,,,,,,,,,,,,,,,,,,,,,1,0
zgrab_Russia_587.json:27,zgrab_real,zgrab_Russia_587.json,27,Russia,SMTP_RESPONSE_OBSERVED,STARTTLS_NOT_OBSERVED,TLS_NOT_OBSERVED,CERTIFICATE_NOT_OBSERVED_NO_TLS,587,success,smtp,1,1,0,0,0,,,,,,,,,,,,,,,,,,,,,,,,,,,0,,,,,,,,,,,,,,,,,,,,,,,,,,,,,,,,,,,,,,,,,,,,,,,,,1,0
zgrab_Russia_587.json:28,zgrab_real,zgrab_Russia_587.json,28,Russia,SMTP_RESPONSE_OBSERVED,STARTTLS_NOT_OBSERVED,TLS_NOT_OBSERVED,CERTIFICATE_NOT_OBSERVED_NO_TLS,587,success,smtp,1,1,0,0,0,,,,,,,,,,,,,,,,,,,,,,,,,,,0,,,,,,,,,,,,,,,,,,,,,,,,,,,,,,,,,,,,,,,,,,,,,,,,,1,0
zgrab_Russia_587.json:29,zgrab_real,zgrab_Russia_587.json,29,Russia,SMTP_RESPONSE_OBSERVED,TLS_HANDSHAKE_SUCCEEDED,HANDSHAKE_SUCCEEDED,CERTIFICATE_OBSERVED,587,success,smtp,1,1,1,1,1,TLSv1.2,TLSv1.3,TLS_AES_256_GCM_SHA384,x25519,2,1,1,0,0,0,0,0,0,0,0,1,1,0,0,0,1,0,0,1,0,0,1,True,ECDSA,,,256,P-256,ECDSA-SHA384,0,0,1,0,DV,False,4,0,25,4,False,True,,True,,,1,10,89.99998842592592,31.602916666666665,0,0,3,0,1,0,1,1,2,1,1,1,1,1,0,0,0,0,0,0,0,0,1
zgrab_Russia_587.json:30,zgrab_real,zgrab_Russia_587.json,30,Russia,SMTP_RESPONSE_OBSERVED,STARTTLS_NOT_OBSERVED,TLS_NOT_OBSERVED,CERTIFICATE_NOT_OBSERVED_NO_TLS,587,success,smtp,1,1,0,0,0,,,,,,,,,,,,,,,,,,,,,,,,,,,0,,,,,,,,,,,,,,,,,,,,,,,,,,,,,,,,,,,,,,,,,,,,,,,,,1,0
zgrab_Russia_587.json:31,zgrab_real,zgrab_Russia_587.json,31,Russia,SMTP_RESPONSE_OBSERVED,STARTTLS_NOT_OBSERVED,TLS_NOT_OBSERVED,CERTIFICATE_NOT_OBSERVED_NO_TLS,587,success,smtp,1,1,0,0,0,,,,,,,,,,,,,,,,,,,,,,,,,,,0,,,,,,,,,,,,,,,,,,,,,,,,,,,,,,,,,,,,,,,,,,,,,,,,,1,0
zgrab_Russia_587.json:32,zgrab_real,zgrab_Russia_587.json,32,Russia,SMTP_RESPONSE_OBSERVED,STARTTLS_NOT_OBSERVED,TLS_NOT_OBSERVED,CERTIFICATE_NOT_OBSERVED_NO_TLS,587,success,smtp,1,1,0,0,0,,,,,,,,,,,,,,,,,,,,,,,,,,,0,,,,,,,,,,,,,,,,,,,,,,,,,,,,,,,,,,,,,,,,,,,,,,,,,1,0
zgrab_Russia_587.json:33,zgrab_real,zgrab_Russia_587.json,33,Russia,SMTP_RESPONSE_OBSERVED,STARTTLS_NOT_OBSERVED,TLS_NOT_OBSERVED,CERTIFICATE_NOT_OBSERVED_NO_TLS,587,success,smtp,1,1,0,0,0,,,,,,,,,,,,,,,,,,,,,,,,,,,0,,,,,,,,,,,,,,,,,,,,,,,,,,,,,,,,,,,,,,,,,,,,,,,,,1,0
zgrab_Russia_587.json:34,zgrab_real,zgrab_Russia_587.json,34,Russia,SMTP_RESPONSE_OBSERVED,STARTTLS_NOT_OBSERVED,TLS_NOT_OBSERVED,CERTIFICATE_NOT_OBSERVED_NO_TLS,587,success,smtp,1,1,0,0,0,,,,,,,,,,,,,,,,,,,,,,,,,,,0,,,,,,,,,,,,,,,,,,,,,,,,,,,,,,,,,,,,,,,,,,,,,,,,,1,0
zgrab_Russia_587.json:35,zgrab_real,zgrab_Russia_587.json,35,Russia,SMTP_RESPONSE_OBSERVED,STARTTLS_NOT_OBSERVED,TLS_NOT_OBSERVED,CERTIFICATE_NOT_OBSERVED_NO_TLS,587,success,smtp,1,1,0,0,0,,,,,,,,,,,,,,,,,,,,,,,,,,,0,,,,,,,,,,,,,,,,,,,,,,,,,,,,,,,,,,,,,,,,,,,,,,,,,1,0
zgrab_Russia_587.json:36,zgrab_real,zgrab_Russia_587.json,36,Russia,SMTP_RESPONSE_OBSERVED,STARTTLS_NOT_OBSERVED,TLS_NOT_OBSERVED,CERTIFICATE_NOT_OBSERVED_NO_TLS,587,success,smtp,1,1,0,0,0,,,,,,,,,,,,,,,,,,,,,,,,,,,0,,,,,,,,,,,,,,,,,,,,,,,,,,,,,,,,,,,,,,,,,,,,,,,,,1,0
zgrab_Russia_587.json:37,zgrab_real,zgrab_Russia_587.json,37,Russia,SMTP_RESPONSE_OBSERVED,STARTTLS_NOT_OBSERVED,TLS_NOT_OBSERVED,CERTIFICATE_NOT_OBSERVED_NO_TLS,587,success,smtp,1,1,0,0,0,,,,,,,,,,,,,,,,,,,,,,,,,,,0,,,,,,,,,,,,,,,,,,,,,,,,,,,,,,,,,,,,,,,,,,,,,,,,,1,0
zgrab_Russia_587.json:38,zgrab_real,zgrab_Russia_587.json,38,Russia,SMTP_RESPONSE_OBSERVED,STARTTLS_NOT_OBSERVED,TLS_NOT_OBSERVED,CERTIFICATE_NOT_OBSERVED_NO_TLS,587,success,smtp,1,1,0,0,0,,,,,,,,,,,,,,,,,,,,,,,,,,,0,,,,,,,,,,,,,,,,,,,,,,,,,,,,,,,,,,,,,,,,,,,,,,,,,1,0
zgrab_Russia_587.json:39,zgrab_real,zgrab_Russia_587.json,39,Russia,SMTP_RESPONSE_OBSERVED,STARTTLS_NOT_OBSERVED,TLS_NOT_OBSERVED,CERTIFICATE_NOT_OBSERVED_NO_TLS,587,success,smtp,1,1,0,0,0,,,,,,,,,,,,,,,,,,,,,,,,,,,0,,,,,,,,,,,,,,,,,,,,,,,,,,,,,,,,,,,,,,,,,,,,,,,,,1,0
zgrab_Russia_587.json:40,zgrab_real,zgrab_Russia_587.json,40,Russia,SMTP_RESPONSE_OBSERVED,STARTTLS_NOT_OBSERVED,TLS_NOT_OBSERVED,CERTIFICATE_NOT_OBSERVED_NO_TLS,587,success,smtp,1,1,0,0,0,,,,,,,,,,,,,,,,,,,,,,,,,,,0,,,,,,,,,,,,,,,,,,,,,,,,,,,,,,,,,,,,,,,,,,,,,,,,,1,0
zgrab_Russia_587.json:41,zgrab_real,zgrab_Russia_587.json,41,Russia,SMTP_RESPONSE_OBSERVED,STARTTLS_NOT_OBSERVED,TLS_NOT_OBSERVED,CERTIFICATE_NOT_OBSERVED_NO_TLS,587,success,smtp,1,1,0,0,0,,,,,,,,,,,,,,,,,,,,,,,,,,,0,,,,,,,,,,,,,,,,,,,,,,,,,,,,,,,,,,,,,,,,,,,,,,,,,1,0
zgrab_Russia_587.json:42,zgrab_real,zgrab_Russia_587.json,42,Russia,SMTP_RESPONSE_OBSERVED,STARTTLS_NOT_OBSERVED,TLS_NOT_OBSERVED,CERTIFICATE_NOT_OBSERVED_NO_TLS,587,success,smtp,1,1,0,0,0,,,,,,,,,,,,,,,,,,,,,,,,,,,0,,,,,,,,,,,,,,,,,,,,,,,,,,,,,,,,,,,,,,,,,,,,,,,,,1,0
zgrab_Russia_587.json:43,zgrab_real,zgrab_Russia_587.json,43,Russia,SMTP_RESPONSE_OBSERVED,STARTTLS_NOT_OBSERVED,TLS_NOT_OBSERVED,CERTIFICATE_NOT_OBSERVED_NO_TLS,587,success,smtp,1,1,0,0,0,,,,,,,,,,,,,,,,,,,,,,,,,,,0,,,,,,,,,,,,,,,,,,,,,,,,,,,,,,,,,,,,,,,,,,,,,,,,,1,0
zgrab_Russia_587.json:44,zgrab_real,zgrab_Russia_587.json,44,Russia,SMTP_RESPONSE_OBSERVED,STARTTLS_NOT_OBSERVED,TLS_NOT_OBSERVED,CERTIFICATE_NOT_OBSERVED_NO_TLS,587,success,smtp,1,1,0,0,0,,,,,,,,,,,,,,,,,,,,,,,,,,,0,,,,,,,,,,,,,,,,,,,,,,,,,,,,,,,,,,,,,,,,,,,,,,,,,1,0
zgrab_Russia_587.json:45,zgrab_real,zgrab_Russia_587.json,45,Russia,SMTP_RESPONSE_OBSERVED,STARTTLS_NOT_OBSERVED,TLS_NOT_OBSERVED,CERTIFICATE_NOT_OBSERVED_NO_TLS,587,success,smtp,1,1,0,0,0,,,,,,,,,,,,,,,,,,,,,,,,,,,0,,,,,,,,,,,,,,,,,,,,,,,,,,,,,,,,,,,,,,,,,,,,,,,,,1,0
zgrab_Russia_587.json:46,zgrab_real,zgrab_Russia_587.json,46,Russia,SMTP_RESPONSE_OBSERVED,STARTTLS_NOT_OBSERVED,TLS_NOT_OBSERVED,CERTIFICATE_NOT_OBSERVED_NO_TLS,587,success,smtp,1,1,0,0,0,,,,,,,,,,,,,,,,,,,,,,,,,,,0,,,,,,,,,,,,,,,,,,,,,,,,,,,,,,,,,,,,,,,,,,,,,,,,,1,0
zgrab_Russia_587.json:47,zgrab_real,zgrab_Russia_587.json,47,Russia,SMTP_RESPONSE_OBSERVED,TLS_HANDSHAKE_SUCCEEDED,HANDSHAKE_SUCCEEDED,CERTIFICATE_OBSERVED,587,success,smtp,1,1,1,1,1,TLSv1.2,,TLS_ECDHE_RSA_WITH_AES_256_GCM_SHA384,,2,0,0,1,1,0,0,0,0,0,0,1,1,0,0,1,1,0,0,1,0,0,1,False,RSA,2048,65537,,,SHA256-RSA,0,1,0,0,unknown,True,0,0,0,0,,,,,,,0,0,365.0,-283.54476851851854,1,0,0,0,0,0,0,0,0,0,0,0,0,0,0,0,0,0,0,0,1,0,1
zgrab_Russia_587.json:48,zgrab_real,zgrab_Russia_587.json,48,Russia,SMTP_RESPONSE_OBSERVED,STARTTLS_NOT_OBSERVED,TLS_NOT_OBSERVED,CERTIFICATE_NOT_OBSERVED_NO_TLS,587,success,smtp,1,1,0,0,0,,,,,,,,,,,,,,,,,,,,,,,,,,,0,,,,,,,,,,,,,,,,,,,,,,,,,,,,,,,,,,,,,,,,,,,,,,,,,1,0
zgrab_Russia_587.json:49,zgrab_real,zgrab_Russia_587.json,49,Russia,SMTP_RESPONSE_OBSERVED,STARTTLS_NOT_OBSERVED,TLS_NOT_OBSERVED,CERTIFICATE_NOT_OBSERVED_NO_TLS,587,success,smtp,1,1,0,0,0,,,,,,,,,,,,,,,,,,,,,,,,,,,0,,,,,,,,,,,,,,,,,,,,,,,,,,,,,,,,,,,,,,,,,,,,,,,,,1,0
zgrab_Russia_587.json:50,zgrab_real,zgrab_Russia_587.json,50,Russia,SMTP_RESPONSE_OBSERVED,STARTTLS_NOT_OBSERVED,TLS_NOT_OBSERVED,CERTIFICATE_NOT_OBSERVED_NO_TLS,587,success,smtp,1,1,0,0,0,,,,,,,,,,,,,,,,,,,,,,,,,,,0,,,,,,,,,,,,,,,,,,,,,,,,,,,,,,,,,,,,,,,,,,,,,,,,,1,0
zgrab_Russia_587.json:51,zgrab_real,zgrab_Russia_587.json,51,Russia,SMTP_RESPONSE_OBSERVED,STARTTLS_NOT_OBSERVED,TLS_NOT_OBSERVED,CERTIFICATE_NOT_OBSERVED_NO_TLS,587,success,smtp,1,1,0,0,0,,,,,,,,,,,,,,,,,,,,,,,,,,,0,,,,,,,,,,,,,,,,,,,,,,,,,,,,,,,,,,,,,,,,,,,,,,,,,1,0
zgrab_Russia_587.json:52,zgrab_real,zgrab_Russia_587.json,52,Russia,SMTP_RESPONSE_OBSERVED,STARTTLS_NOT_OBSERVED,TLS_NOT_OBSERVED,CERTIFICATE_NOT_OBSERVED_NO_TLS,587,success,smtp,1,1,0,0,0,,,,,,,,,,,,,,,,,,,,,,,,,,,0,,,,,,,,,,,,,,,,,,,,,,,,,,,,,,,,,,,,,,,,,,,,,,,,,1,0
zgrab_Russia_587.json:53,zgrab_real,zgrab_Russia_587.json,53,Russia,SMTP_RESPONSE_OBSERVED,STARTTLS_NOT_OBSERVED,TLS_NOT_OBSERVED,CERTIFICATE_NOT_OBSERVED_NO_TLS,587,success,smtp,1,1,0,0,0,,,,,,,,,,,,,,,,,,,,,,,,,,,0,,,,,,,,,,,,,,,,,,,,,,,,,,,,,,,,,,,,,,,,,,,,,,,,,1,0
zgrab_Russia_587.json:54,zgrab_real,zgrab_Russia_587.json,54,Russia,SMTP_RESPONSE_OBSERVED,STARTTLS_NOT_OBSERVED,TLS_NOT_OBSERVED,CERTIFICATE_NOT_OBSERVED_NO_TLS,587,success,smtp,1,1,0,0,0,,,,,,,,,,,,,,,,,,,,,,,,,,,0,,,,,,,,,,,,,,,,,,,,,,,,,,,,,,,,,,,,,,,,,,,,,,,,,1,0
zgrab_Russia_587.json:55,zgrab_real,zgrab_Russia_587.json,55,Russia,SMTP_PROBE_FAILED,STARTTLS_NOT_OBSERVED,TLS_NOT_OBSERVED,CERTIFICATE_NOT_OBSERVED_NO_TLS,587,connection-timeout,smtp,0,0,0,0,0,,,,,,,,,,,,,,,,,,,,,,,,,,,0,,,,,,,,,,,,,,,,,,,,,,,,,,,,,,,,,,,,,,,,,,,,,,,,,0,0
zgrab_Russia_587.json:56,zgrab_real,zgrab_Russia_587.json,56,Russia,SMTP_RESPONSE_OBSERVED,STARTTLS_NOT_OBSERVED,TLS_NOT_OBSERVED,CERTIFICATE_NOT_OBSERVED_NO_TLS,587,success,smtp,1,1,0,0,0,,,,,,,,,,,,,,,,,,,,,,,,,,,0,,,,,,,,,,,,,,,,,,,,,,,,,,,,,,,,,,,,,,,,,,,,,,,,,1,0
zgrab_Russia_587.json:57,zgrab_real,zgrab_Russia_587.json,57,Russia,SMTP_RESPONSE_OBSERVED,TLS_HANDSHAKE_SUCCEEDED,HANDSHAKE_SUCCEEDED,CERTIFICATE_OBSERVED,587,success,smtp,1,1,1,1,1,TLSv1.2,,TLS_ECDHE_RSA_WITH_AES_256_GCM_SHA384,,1,0,0,1,0,0,0,0,0,0,0,1,1,0,0,1,1,0,0,1,0,0,1,True,RSA,3072,65537,,,SHA256-RSA,0,1,0,0,DV,False,6,0,23,6,False,True,,True,True,,2,10,89.99998842592592,77.2428125,0,0,2,0,1,0,1,1,2,1,1,1,1,1,0,0,0,0,0,0,0,0,1
zgrab_Russia_587.json:58,zgrab_real,zgrab_Russia_587.json,58,Russia,SMTP_RESPONSE_OBSERVED,STARTTLS_NOT_OBSERVED,TLS_NOT_OBSERVED,CERTIFICATE_NOT_OBSERVED_NO_TLS,587,success,smtp,1,1,0,0,0,,,,,,,,,,,,,,,,,,,,,,,,,,,0,,,,,,,,,,,,,,,,,,,,,,,,,,,,,,,,,,,,,,,,,,,,,,,,,1,0
zgrab_Russia_587.json:59,zgrab_real,zgrab_Russia_587.json,59,Russia,SMTP_RESPONSE_OBSERVED,STARTTLS_NOT_OBSERVED,TLS_NOT_OBSERVED,CERTIFICATE_NOT_OBSERVED_NO_TLS,587,success,smtp,1,1,0,0,0,,,,,,,,,,,,,,,,,,,,,,,,,,,0,,,,,,,,,,,,,,,,,,,,,,,,,,,,,,,,,,,,,,,,,,,,,,,,,1,0
zgrab_Russia_587.json:60,zgrab_real,zgrab_Russia_587.json,60,Russia,SMTP_RESPONSE_OBSERVED,STARTTLS_NOT_OBSERVED,TLS_NOT_OBSERVED,CERTIFICATE_NOT_OBSERVED_NO_TLS,587,success,smtp,1,1,0,0,0,,,,,,,,,,,,,,,,,,,,,,,,,,,0,,,,,,,,,,,,,,,,,,,,,,,,,,,,,,,,,,,,,,,,,,,,,,,,,1,0
zgrab_Russia_587.json:61,zgrab_real,zgrab_Russia_587.json,61,Russia,SMTP_RESPONSE_OBSERVED,STARTTLS_NOT_OBSERVED,TLS_NOT_OBSERVED,CERTIFICATE_NOT_OBSERVED_NO_TLS,587,success,smtp,1,1,0,0,0,,,,,,,,,,,,,,,,,,,,,,,,,,,0,,,,,,,,,,,,,,,,,,,,,,,,,,,,,,,,,,,,,,,,,,,,,,,,,1,0
zgrab_Russia_587.json:62,zgrab_real,zgrab_Russia_587.json,62,Russia,SMTP_RESPONSE_OBSERVED,TLS_HANDSHAKE_SUCCEEDED,HANDSHAKE_SUCCEEDED,CERTIFICATE_OBSERVED,587,success,smtp,1,1,1,1,1,TLSv1.2,,TLS_ECDHE_RSA_WITH_AES_256_GCM_SHA384,,1,0,0,1,0,0,0,0,0,0,0,1,1,0,0,1,1,0,0,1,0,0,1,True,RSA,2048,65537,,,SHA256-RSA,0,1,0,0,DV,False,3,0,22,3,False,True,,True,True,,2,10,89.99998842592592,88.80181712962963,0,0,2,0,1,0,1,1,2,1,1,1,1,1,0,0,0,0,0,0,0,0,1
zgrab_Russia_587.json:63,zgrab_real,zgrab_Russia_587.json,63,Russia,SMTP_RESPONSE_OBSERVED,STARTTLS_NOT_OBSERVED,TLS_NOT_OBSERVED,CERTIFICATE_NOT_OBSERVED_NO_TLS,587,success,smtp,1,1,0,0,0,,,,,,,,,,,,,,,,,,,,,,,,,,,0,,,,,,,,,,,,,,,,,,,,,,,,,,,,,,,,,,,,,,,,,,,,,,,,,1,0
zgrab_Russia_587.json:64,zgrab_real,zgrab_Russia_587.json,64,Russia,SMTP_RESPONSE_OBSERVED,STARTTLS_NOT_OBSERVED,TLS_NOT_OBSERVED,CERTIFICATE_NOT_OBSERVED_NO_TLS,587,success,smtp,1,1,0,0,0,,,,,,,,,,,,,,,,,,,,,,,,,,,0,,,,,,,,,,,,,,,,,,,,,,,,,,,,,,,,,,,,,,,,,,,,,,,,,1,0
zgrab_Russia_587.json:65,zgrab_real,zgrab_Russia_587.json,65,Russia,SMTP_RESPONSE_OBSERVED,STARTTLS_NOT_OBSERVED,TLS_NOT_OBSERVED,CERTIFICATE_NOT_OBSERVED_NO_TLS,587,success,smtp,1,1,0,0,0,,,,,,,,,,,,,,,,,,,,,,,,,,,0,,,,,,,,,,,,,,,,,,,,,,,,,,,,,,,,,,,,,,,,,,,,,,,,,1,0
zgrab_Russia_587.json:66,zgrab_real,zgrab_Russia_587.json,66,Russia,SMTP_RESPONSE_OBSERVED,STARTTLS_NOT_OBSERVED,TLS_NOT_OBSERVED,CERTIFICATE_NOT_OBSERVED_NO_TLS,587,success,smtp,1,1,0,0,0,,,,,,,,,,,,,,,,,,,,,,,,,,,0,,,,,,,,,,,,,,,,,,,,,,,,,,,,,,,,,,,,,,,,,,,,,,,,,1,0
zgrab_Russia_587.json:67,zgrab_real,zgrab_Russia_587.json,67,Russia,SMTP_RESPONSE_OBSERVED,STARTTLS_NOT_OBSERVED,TLS_NOT_OBSERVED,CERTIFICATE_NOT_OBSERVED_NO_TLS,587,success,smtp,1,1,0,0,0,,,,,,,,,,,,,,,,,,,,,,,,,,,0,,,,,,,,,,,,,,,,,,,,,,,,,,,,,,,,,,,,,,,,,,,,,,,,,1,0
zgrab_Russia_587.json:68,zgrab_real,zgrab_Russia_587.json,68,Russia,SMTP_RESPONSE_OBSERVED,STARTTLS_NOT_OBSERVED,TLS_NOT_OBSERVED,CERTIFICATE_NOT_OBSERVED_NO_TLS,587,success,smtp,1,1,0,0,0,,,,,,,,,,,,,,,,,,,,,,,,,,,0,,,,,,,,,,,,,,,,,,,,,,,,,,,,,,,,,,,,,,,,,,,,,,,,,1,0
zgrab_Russia_587.json:69,zgrab_real,zgrab_Russia_587.json,69,Russia,SMTP_RESPONSE_OBSERVED,STARTTLS_NOT_OBSERVED,TLS_NOT_OBSERVED,CERTIFICATE_NOT_OBSERVED_NO_TLS,587,success,smtp,1,1,0,0,0,,,,,,,,,,,,,,,,,,,,,,,,,,,0,,,,,,,,,,,,,,,,,,,,,,,,,,,,,,,,,,,,,,,,,,,,,,,,,1,0
zgrab_Russia_587.json:70,zgrab_real,zgrab_Russia_587.json,70,Russia,SMTP_RESPONSE_OBSERVED,TLS_HANDSHAKE_SUCCEEDED,HANDSHAKE_SUCCEEDED,CERTIFICATE_OBSERVED,587,success,smtp,1,1,1,1,1,TLSv1.2,,TLS_ECDHE_RSA_WITH_AES_256_GCM_SHA384,,2,0,0,1,0,1,1,0,0,0,0,1,1,0,0,1,1,0,0,1,0,0,1,True,RSA,4096,65537,,,SHA256-RSA,0,1,0,0,DV,False,1,0,22,1,False,True,,True,True,,2,10,198.99998842592592,188.99685185185186,0,0,1,1,1,1,1,1,3,1,1,1,1,1,0,0,0,0,0,0,0,0,1
zgrab_Russia_587.json:71,zgrab_real,zgrab_Russia_587.json,71,Russia,SMTP_RESPONSE_OBSERVED,TLS_HANDSHAKE_SUCCEEDED,HANDSHAKE_SUCCEEDED,CERTIFICATE_OBSERVED,587,success,smtp,1,1,1,1,1,TLSv1.2,,TLS_ECDHE_RSA_WITH_AES_256_GCM_SHA384,,2,0,0,1,0,1,1,0,0,0,0,1,1,0,0,1,1,0,0,1,0,0,1,True,RSA,4096,65537,,,SHA256-RSA,0,1,0,0,DV,False,1,0,22,1,False,True,,True,True,,2,10,198.99998842592592,188.99681712962962,0,0,1,1,1,1,1,1,3,1,1,1,1,1,0,0,0,0,0,0,0,0,1
zgrab_Russia_587.json:72,zgrab_real,zgrab_Russia_587.json,72,Russia,SMTP_RESPONSE_OBSERVED,STARTTLS_NOT_OBSERVED,TLS_NOT_OBSERVED,CERTIFICATE_NOT_OBSERVED_NO_TLS,587,success,smtp,1,1,0,0,0,,,,,,,,,,,,,,,,,,,,,,,,,,,0,,,,,,,,,,,,,,,,,,,,,,,,,,,,,,,,,,,,,,,,,,,,,,,,,1,0
zgrab_Russia_587.json:73,zgrab_real,zgrab_Russia_587.json,73,Russia,SMTP_RESPONSE_OBSERVED,TLS_HANDSHAKE_SUCCEEDED,HANDSHAKE_SUCCEEDED,CERTIFICATE_OBSERVED,587,success,smtp,1,1,1,1,1,TLSv1.2,,TLS_ECDHE_RSA_WITH_AES_256_GCM_SHA384,,2,0,0,1,0,1,1,0,0,0,0,1,1,0,0,1,1,0,0,1,0,0,1,True,RSA,4096,65537,,,SHA256-RSA,0,1,0,0,DV,False,1,0,22,1,False,True,,True,True,,2,10,198.99998842592592,188.9967939814815,0,0,1,1,1,1,1,1,3,1,1,1,1,1,0,0,0,0,0,0,0,0,1
zgrab_Russia_587.json:74,zgrab_real,zgrab_Russia_587.json,74,Russia,SMTP_RESPONSE_OBSERVED,STARTTLS_NOT_OBSERVED,TLS_NOT_OBSERVED,CERTIFICATE_NOT_OBSERVED_NO_TLS,587,success,smtp,1,1,0,0,0,,,,,,,,,,,,,,,,,,,,,,,,,,,0,,,,,,,,,,,,,,,,,,,,,,,,,,,,,,,,,,,,,,,,,,,,,,,,,1,0
zgrab_Russia_587.json:75,zgrab_real,zgrab_Russia_587.json,75,Russia,SMTP_RESPONSE_OBSERVED,STARTTLS_NOT_OBSERVED,TLS_NOT_OBSERVED,CERTIFICATE_NOT_OBSERVED_NO_TLS,587,success,smtp,1,1,0,0,0,,,,,,,,,,,,,,,,,,,,,,,,,,,0,,,,,,,,,,,,,,,,,,,,,,,,,,,,,,,,,,,,,,,,,,,,,,,,,1,0
zgrab_Russia_587.json:76,zgrab_real,zgrab_Russia_587.json,76,Russia,SMTP_RESPONSE_OBSERVED,STARTTLS_NOT_OBSERVED,TLS_NOT_OBSERVED,CERTIFICATE_NOT_OBSERVED_NO_TLS,587,success,smtp,1,1,0,0,0,,,,,,,,,,,,,,,,,,,,,,,,,,,0,,,,,,,,,,,,,,,,,,,,,,,,,,,,,,,,,,,,,,,,,,,,,,,,,1,0
zgrab_Russia_587.json:77,zgrab_real,zgrab_Russia_587.json,77,Russia,SMTP_RESPONSE_OBSERVED,STARTTLS_NOT_OBSERVED,TLS_NOT_OBSERVED,CERTIFICATE_NOT_OBSERVED_NO_TLS,587,success,smtp,1,1,0,0,0,,,,,,,,,,,,,,,,,,,,,,,,,,,0,,,,,,,,,,,,,,,,,,,,,,,,,,,,,,,,,,,,,,,,,,,,,,,,,1,0
zgrab_Russia_587.json:78,zgrab_real,zgrab_Russia_587.json,78,Russia,SMTP_PROBE_FAILED,STARTTLS_NOT_OBSERVED,TLS_NOT_OBSERVED,CERTIFICATE_NOT_OBSERVED_NO_TLS,587,protocol-error,smtp,0,0,0,0,0,,,,,,,,,,,,,,,,,,,,,,,,,,,0,,,,,,,,,,,,,,,,,,,,,,,,,,,,,,,,,,,,,,,,,,,,,,,,,0,0
zgrab_Russia_587.json:79,zgrab_real,zgrab_Russia_587.json,79,Russia,SMTP_RESPONSE_OBSERVED,STARTTLS_NOT_OBSERVED,TLS_NOT_OBSERVED,CERTIFICATE_NOT_OBSERVED_NO_TLS,587,success,smtp,1,1,0,0,0,,,,,,,,,,,,,,,,,,,,,,,,,,,0,,,,,,,,,,,,,,,,,,,,,,,,,,,,,,,,,,,,,,,,,,,,,,,,,1,0
zgrab_Russia_587.json:80,zgrab_real,zgrab_Russia_587.json,80,Russia,SMTP_RESPONSE_OBSERVED,STARTTLS_NOT_OBSERVED,TLS_NOT_OBSERVED,CERTIFICATE_NOT_OBSERVED_NO_TLS,587,success,smtp,1,1,0,0,0,,,,,,,,,,,,,,,,,,,,,,,,,,,0,,,,,,,,,,,,,,,,,,,,,,,,,,,,,,,,,,,,,,,,,,,,,,,,,1,0
zgrab_Russia_587.json:81,zgrab_real,zgrab_Russia_587.json,81,Russia,SMTP_RESPONSE_OBSERVED,STARTTLS_NOT_OBSERVED,TLS_NOT_OBSERVED,CERTIFICATE_NOT_OBSERVED_NO_TLS,587,success,smtp,1,1,0,0,0,,,,,,,,,,,,,,,,,,,,,,,,,,,0,,,,,,,,,,,,,,,,,,,,,,,,,,,,,,,,,,,,,,,,,,,,,,,,,1,0
zgrab_Russia_587.json:82,zgrab_real,zgrab_Russia_587.json,82,Russia,SMTP_RESPONSE_OBSERVED,STARTTLS_NOT_OBSERVED,TLS_NOT_OBSERVED,CERTIFICATE_NOT_OBSERVED_NO_TLS,587,success,smtp,1,0,0,0,0,,,,,,,,,,,,,,,,,,,,,,,,,,,0,,,,,,,,,,,,,,,,,,,,,,,,,,,,,,,,,,,,,,,,,,,,,,,,,1,0
zgrab_Russia_587.json:83,zgrab_real,zgrab_Russia_587.json,83,Russia,SMTP_RESPONSE_OBSERVED,STARTTLS_NOT_OBSERVED,TLS_NOT_OBSERVED,CERTIFICATE_NOT_OBSERVED_NO_TLS,587,success,smtp,1,1,0,0,0,,,,,,,,,,,,,,,,,,,,,,,,,,,0,,,,,,,,,,,,,,,,,,,,,,,,,,,,,,,,,,,,,,,,,,,,,,,,,1,0
zgrab_Russia_587.json:84,zgrab_real,zgrab_Russia_587.json,84,Russia,SMTP_RESPONSE_OBSERVED,STARTTLS_NOT_OBSERVED,TLS_NOT_OBSERVED,CERTIFICATE_NOT_OBSERVED_NO_TLS,587,success,smtp,1,1,0,0,0,,,,,,,,,,,,,,,,,,,,,,,,,,,0,,,,,,,,,,,,,,,,,,,,,,,,,,,,,,,,,,,,,,,,,,,,,,,,,1,0
zgrab_Russia_587.json:85,zgrab_real,zgrab_Russia_587.json,85,Russia,SMTP_RESPONSE_OBSERVED,STARTTLS_NOT_OBSERVED,TLS_NOT_OBSERVED,CERTIFICATE_NOT_OBSERVED_NO_TLS,587,success,smtp,1,1,0,0,0,,,,,,,,,,,,,,,,,,,,,,,,,,,0,,,,,,,,,,,,,,,,,,,,,,,,,,,,,,,,,,,,,,,,,,,,,,,,,1,0
zgrab_Russia_587.json:86,zgrab_real,zgrab_Russia_587.json,86,Russia,SMTP_RESPONSE_OBSERVED,STARTTLS_NOT_OBSERVED,TLS_NOT_OBSERVED,CERTIFICATE_NOT_OBSERVED_NO_TLS,587,success,smtp,1,1,0,0,0,,,,,,,,,,,,,,,,,,,,,,,,,,,0,,,,,,,,,,,,,,,,,,,,,,,,,,,,,,,,,,,,,,,,,,,,,,,,,1,0
zgrab_Russia_587.json:87,zgrab_real,zgrab_Russia_587.json,87,Russia,SMTP_RESPONSE_OBSERVED,TLS_HANDSHAKE_SUCCEEDED,HANDSHAKE_SUCCEEDED,CERTIFICATE_OBSERVED,587,success,smtp,1,1,1,1,1,TLSv1.2,,TLS_ECDHE_RSA_WITH_AES_256_GCM_SHA384,,2,0,0,1,1,0,0,0,0,0,0,1,1,0,0,1,1,0,0,1,0,0,1,True,RSA,2048,65537,,,SHA256-RSA,0,1,0,0,DV,False,2,1,15,2,False,True,True,True,True,,2,10,199.0,119.89120370370371,0,0,1,1,1,1,2,1,3,1,1,1,1,1,0,0,0,0,0,0,0,0,1
zgrab_Russia_587.json:88,zgrab_real,zgrab_Russia_587.json,88,Russia,SMTP_RESPONSE_OBSERVED,STARTTLS_NOT_OBSERVED,TLS_NOT_OBSERVED,CERTIFICATE_NOT_OBSERVED_NO_TLS,587,success,smtp,1,1,0,0,0,,,,,,,,,,,,,,,,,,,,,,,,,,,0,,,,,,,,,,,,,,,,,,,,,,,,,,,,,,,,,,,,,,,,,,,,,,,,,1,0
zgrab_Russia_587.json:89,zgrab_real,zgrab_Russia_587.json,89,Russia,SMTP_RESPONSE_OBSERVED,STARTTLS_NOT_OBSERVED,TLS_NOT_OBSERVED,CERTIFICATE_NOT_OBSERVED_NO_TLS,587,success,smtp,1,1,0,0,0,,,,,,,,,,,,,,,,,,,,,,,,,,,0,,,,,,,,,,,,,,,,,,,,,,,,,,,,,,,,,,,,,,,,,,,,,,,,,1,0
zgrab_Russia_587.json:90,zgrab_real,zgrab_Russia_587.json,90,Russia,SMTP_RESPONSE_OBSERVED,STARTTLS_NOT_OBSERVED,TLS_NOT_OBSERVED,CERTIFICATE_NOT_OBSERVED_NO_TLS,587,success,smtp,1,1,0,0,0,,,,,,,,,,,,,,,,,,,,,,,,,,,0,,,,,,,,,,,,,,,,,,,,,,,,,,,,,,,,,,,,,,,,,,,,,,,,,1,0
zgrab_Russia_587.json:91,zgrab_real,zgrab_Russia_587.json,91,Russia,SMTP_RESPONSE_OBSERVED,STARTTLS_NOT_OBSERVED,TLS_NOT_OBSERVED,CERTIFICATE_NOT_OBSERVED_NO_TLS,587,success,smtp,1,1,0,0,0,,,,,,,,,,,,,,,,,,,,,,,,,,,0,,,,,,,,,,,,,,,,,,,,,,,,,,,,,,,,,,,,,,,,,,,,,,,,,1,0
zgrab_Russia_587.json:92,zgrab_real,zgrab_Russia_587.json,92,Russia,SMTP_RESPONSE_OBSERVED,STARTTLS_NOT_OBSERVED,TLS_NOT_OBSERVED,CERTIFICATE_NOT_OBSERVED_NO_TLS,587,success,smtp,1,1,0,0,0,,,,,,,,,,,,,,,,,,,,,,,,,,,0,,,,,,,,,,,,,,,,,,,,,,,,,,,,,,,,,,,,,,,,,,,,,,,,,1,0
zgrab_Russia_587.json:93,zgrab_real,zgrab_Russia_587.json,93,Russia,SMTP_RESPONSE_OBSERVED,STARTTLS_NOT_OBSERVED,TLS_NOT_OBSERVED,CERTIFICATE_NOT_OBSERVED_NO_TLS,587,success,smtp,1,1,0,0,0,,,,,,,,,,,,,,,,,,,,,,,,,,,0,,,,,,,,,,,,,,,,,,,,,,,,,,,,,,,,,,,,,,,,,,,,,,,,,1,0
zgrab_Russia_587.json:94,zgrab_real,zgrab_Russia_587.json,94,Russia,SMTP_RESPONSE_OBSERVED,STARTTLS_NOT_OBSERVED,TLS_NOT_OBSERVED,CERTIFICATE_NOT_OBSERVED_NO_TLS,587,success,smtp,1,1,0,0,0,,,,,,,,,,,,,,,,,,,,,,,,,,,0,,,,,,,,,,,,,,,,,,,,,,,,,,,,,,,,,,,,,,,,,,,,,,,,,1,0
zgrab_Russia_587.json:95,zgrab_real,zgrab_Russia_587.json,95,Russia,SMTP_RESPONSE_OBSERVED,TLS_HANDSHAKE_SUCCEEDED,HANDSHAKE_SUCCEEDED,CERTIFICATE_OBSERVED,587,success,smtp,1,1,1,1,1,TLSv1.2,TLSv1.3,TLS_AES_256_GCM_SHA384,x25519,2,1,1,0,0,0,0,0,0,0,0,1,1,0,0,0,1,0,0,1,0,0,1,True,ECDSA,,,256,P-256,ECDSA-SHA384,0,0,1,0,DV,False,3,0,13,3,False,True,,True,,,1,10,89.99998842592592,74.65800925925926,0,0,3,0,1,0,1,1,2,1,1,1,1,1,0,0,0,0,0,0,0,0,1
zgrab_Russia_587.json:96,zgrab_real,zgrab_Russia_587.json,96,Russia,SMTP_RESPONSE_OBSERVED,STARTTLS_NOT_OBSERVED,TLS_NOT_OBSERVED,CERTIFICATE_NOT_OBSERVED_NO_TLS,587,success,smtp,1,1,0,0,0,,,,,,,,,,,,,,,,,,,,,,,,,,,0,,,,,,,,,,,,,,,,,,,,,,,,,,,,,,,,,,,,,,,,,,,,,,,,,1,0
zgrab_Russia_587.json:97,zgrab_real,zgrab_Russia_587.json,97,Russia,SMTP_RESPONSE_OBSERVED,STARTTLS_NOT_OBSERVED,TLS_NOT_OBSERVED,CERTIFICATE_NOT_OBSERVED_NO_TLS,587,success,smtp,1,1,0,0,0,,,,,,,,,,,,,,,,,,,,,,,,,,,0,,,,,,,,,,,,,,,,,,,,,,,,,,,,,,,,,,,,,,,,,,,,,,,,,1,0
zgrab_Russia_587.json:98,zgrab_real,zgrab_Russia_587.json,98,Russia,SMTP_RESPONSE_OBSERVED,STARTTLS_NOT_OBSERVED,TLS_NOT_OBSERVED,CERTIFICATE_NOT_OBSERVED_NO_TLS,587,success,smtp,1,1,0,0,0,,,,,,,,,,,,,,,,,,,,,,,,,,,0,,,,,,,,,,,,,,,,,,,,,,,,,,,,,,,,,,,,,,,,,,,,,,,,,1,0
zgrab_Russia_587.json:99,zgrab_real,zgrab_Russia_587.json,99,Russia,SMTP_RESPONSE_OBSERVED,STARTTLS_NOT_OBSERVED,TLS_NOT_OBSERVED,CERTIFICATE_NOT_OBSERVED_NO_TLS,587,success,smtp,1,1,0,0,0,,,,,,,,,,,,,,,,,,,,,,,,,,,0,,,,,,,,,,,,,,,,,,,,,,,,,,,,,,,,,,,,,,,,,,,,,,,,,1,0
zgrab_Russia_587.json:100,zgrab_real,zgrab_Russia_587.json,100,Russia,SMTP_RESPONSE_OBSERVED,STARTTLS_NOT_OBSERVED,TLS_NOT_OBSERVED,CERTIFICATE_NOT_OBSERVED_NO_TLS,587,success,smtp,1,1,0,0,0,,,,,,,,,,,,,,,,,,,,,,,,,,,0,,,,,,,,,,,,,,,,,,,,,,,,,,,,,,,,,,,,,,,,,,,,,,,,,1,0
zgrab_UK_587.json:1,zgrab_real,zgrab_UK_587.json,1,UK,SMTP_RESPONSE_OBSERVED,STARTTLS_NOT_OBSERVED,TLS_NOT_OBSERVED,CERTIFICATE_NOT_OBSERVED_NO_TLS,587,success,smtp,1,1,0,0,0,,,,,,,,,,,,,,,,,,,,,,,,,,,0,,,,,,,,,,,,,,,,,,,,,,,,,,,,,,,,,,,,,,,,,,,,,,,,,1,0
zgrab_UK_587.json:2,zgrab_real,zgrab_UK_587.json,2,UK,SMTP_RESPONSE_OBSERVED,TLS_HANDSHAKE_SUCCEEDED,HANDSHAKE_SUCCEEDED,CERTIFICATE_OBSERVED,587,success,smtp,1,1,1,1,1,TLSv1.2,TLSv1.3,TLS_CHACHA20_POLY1305_SHA256,x25519,2,1,1,0,0,0,0,0,0,0,0,1,1,0,0,0,1,0,0,1,0,0,1,False,RSA,2048,65537,,,SHA256-RSA,0,1,0,0,unknown,True,1,0,23,1,False,True,True,,,,0,5,365.0,222.19217592592594,0,0,0,0,0,0,0,0,0,0,0,0,1,1,0,0,0,0,0,0,1,0,1
zgrab_UK_587.json:3,zgrab_real,zgrab_UK_587.json,3,UK,SMTP_RESPONSE_OBSERVED,TLS_HANDSHAKE_SUCCEEDED,HANDSHAKE_SUCCEEDED,CERTIFICATE_OBSERVED,587,success,smtp,1,1,1,1,1,TLSv1.2,,TLS_ECDHE_RSA_WITH_AES_256_CBC_SHA,,2,0,0,1,0,1,1,0,0,0,0,1,0,1,0,1,1,0,0,1,0,0,1,True,RSA,2048,65537,,,SHA256-RSA,0,1,0,0,DV,False,2,1,15,2,False,True,True,True,True,,2,9,376.99998842592595,142.99862268518518,0,0,1,1,1,1,2,1,3,1,0,0,1,1,0,1,0,1,0,0,0,0,1
zgrab_UK_587.json:4,zgrab_real,zgrab_UK_587.json,4,UK,SMTP_RESPONSE_OBSERVED,STARTTLS_NOT_OBSERVED,TLS_NOT_OBSERVED,CERTIFICATE_NOT_OBSERVED_NO_TLS,587,success,smtp,1,1,0,0,0,,,,,,,,,,,,,,,,,,,,,,,,,,,0,,,,,,,,,,,,,,,,,,,,,,,,,,,,,,,,,,,,,,,,,,,,,,,,,1,0
zgrab_UK_587.json:5,zgrab_real,zgrab_UK_587.json,5,UK,SMTP_RESPONSE_OBSERVED,STARTTLS_NOT_OBSERVED,TLS_NOT_OBSERVED,CERTIFICATE_NOT_OBSERVED_NO_TLS,587,success,smtp,1,1,0,0,0,,,,,,,,,,,,,,,,,,,,,,,,,,,0,,,,,,,,,,,,,,,,,,,,,,,,,,,,,,,,,,,,,,,,,,,,,,,,,1,0
zgrab_UK_587.json:6,zgrab_real,zgrab_UK_587.json,6,UK,SMTP_RESPONSE_OBSERVED,TLS_HANDSHAKE_SUCCEEDED,HANDSHAKE_SUCCEEDED,CERTIFICATE_OBSERVED,587,success,smtp,1,1,1,1,1,TLSv1.2,,TLS_ECDHE_RSA_WITH_AES_256_GCM_SHA384,,2,0,0,1,0,1,1,0,0,0,0,1,1,0,0,1,1,0,0,1,0,0,1,True,RSA,2048,65537,,,SHA256-RSA,0,1,0,0,DV,False,2,0,26,2,False,True,,True,True,,2,9,367.99998842592595,132.99859953703702,0,0,2,1,1,1,2,1,3,1,0,0,1,1,0,0,0,0,0,0,0,0,1
zgrab_UK_587.json:7,zgrab_real,zgrab_UK_587.json,7,UK,SMTP_RESPONSE_OBSERVED,STARTTLS_NOT_OBSERVED,TLS_NOT_OBSERVED,CERTIFICATE_NOT_OBSERVED_NO_TLS,587,success,smtp,1,1,0,0,0,,,,,,,,,,,,,,,,,,,,,,,,,,,0,,,,,,,,,,,,,,,,,,,,,,,,,,,,,,,,,,,,,,,,,,,,,,,,,1,0
zgrab_UK_587.json:8,zgrab_real,zgrab_UK_587.json,8,UK,SMTP_RESPONSE_OBSERVED,STARTTLS_NOT_OBSERVED,TLS_NOT_OBSERVED,CERTIFICATE_NOT_OBSERVED_NO_TLS,587,success,smtp,1,1,0,0,0,,,,,,,,,,,,,,,,,,,,,,,,,,,0,,,,,,,,,,,,,,,,,,,,,,,,,,,,,,,,,,,,,,,,,,,,,,,,,1,0
zgrab_UK_587.json:9,zgrab_real,zgrab_UK_587.json,9,UK,SMTP_RESPONSE_OBSERVED,STARTTLS_NOT_OBSERVED,TLS_NOT_OBSERVED,CERTIFICATE_NOT_OBSERVED_NO_TLS,587,success,smtp,1,1,0,0,0,,,,,,,,,,,,,,,,,,,,,,,,,,,0,,,,,,,,,,,,,,,,,,,,,,,,,,,,,,,,,,,,,,,,,,,,,,,,,1,0
zgrab_UK_587.json:10,zgrab_real,zgrab_UK_587.json,10,UK,SMTP_RESPONSE_OBSERVED,TLS_HANDSHAKE_SUCCEEDED,HANDSHAKE_SUCCEEDED,CERTIFICATE_OBSERVED,587,success,smtp,1,1,1,1,1,TLSv1.2,TLSv1.3,TLS_CHACHA20_POLY1305_SHA256,x25519,2,1,1,0,0,0,0,0,0,0,0,1,1,0,0,0,1,0,0,1,0,0,1,True,RSA,2048,65537,,,SHA256-RSA,0,1,0,0,DV,False,1,0,24,1,False,True,,True,True,,2,10,89.99998842592592,30.308703703703703,0,0,2,0,1,0,1,1,2,1,1,1,1,1,0,0,0,0,0,0,0,0,1
zgrab_UK_587.json:11,zgrab_real,zgrab_UK_587.json,11,UK,SMTP_RESPONSE_OBSERVED,STARTTLS_NOT_OBSERVED,TLS_NOT_OBSERVED,CERTIFICATE_NOT_OBSERVED_NO_TLS,587,success,smtp,1,1,0,0,0,,,,,,,,,,,,,,,,,,,,,,,,,,,0,,,,,,,,,,,,,,,,,,,,,,,,,,,,,,,,,,,,,,,,,,,,,,,,,1,0
zgrab_UK_587.json:12,zgrab_real,zgrab_UK_587.json,12,UK,SMTP_RESPONSE_OBSERVED,STARTTLS_NOT_OBSERVED,TLS_NOT_OBSERVED,CERTIFICATE_NOT_OBSERVED_NO_TLS,587,success,smtp,1,1,0,0,0,,,,,,,,,,,,,,,,,,,,,,,,,,,0,,,,,,,,,,,,,,,,,,,,,,,,,,,,,,,,,,,,,,,,,,,,,,,,,1,0
zgrab_UK_587.json:13,zgrab_real,zgrab_UK_587.json,13,UK,SMTP_RESPONSE_OBSERVED,STARTTLS_NOT_OBSERVED,TLS_NOT_OBSERVED,CERTIFICATE_NOT_OBSERVED_NO_TLS,587,success,smtp,1,1,0,0,0,,,,,,,,,,,,,,,,,,,,,,,,,,,0,,,,,,,,,,,,,,,,,,,,,,,,,,,,,,,,,,,,,,,,,,,,,,,,,1,0
zgrab_UK_587.json:14,zgrab_real,zgrab_UK_587.json,14,UK,SMTP_RESPONSE_OBSERVED,STARTTLS_NOT_OBSERVED,TLS_NOT_OBSERVED,CERTIFICATE_NOT_OBSERVED_NO_TLS,587,success,smtp,1,1,0,0,0,,,,,,,,,,,,,,,,,,,,,,,,,,,0,,,,,,,,,,,,,,,,,,,,,,,,,,,,,,,,,,,,,,,,,,,,,,,,,1,0
zgrab_UK_587.json:15,zgrab_real,zgrab_UK_587.json,15,UK,SMTP_RESPONSE_OBSERVED,TLS_HANDSHAKE_SUCCEEDED,HANDSHAKE_SUCCEEDED,CERTIFICATE_OBSERVED,587,success,smtp,1,1,1,1,1,TLSv1.2,TLSv1.3,TLS_CHACHA20_POLY1305_SHA256,x25519,2,1,1,0,0,0,0,0,0,0,0,1,1,0,0,0,1,0,0,1,0,0,1,False,RSA,2048,65537,,,SHA256-RSA,0,1,0,0,unknown,True,1,0,24,1,False,True,True,,,,0,5,365.0,118.29668981481481,0,0,0,0,0,0,0,0,0,0,0,0,1,1,0,0,0,0,0,0,1,0,1
zgrab_UK_587.json:16,zgrab_real,zgrab_UK_587.json,16,UK,SMTP_RESPONSE_OBSERVED,TLS_HANDSHAKE_SUCCEEDED,HANDSHAKE_SUCCEEDED,CERTIFICATE_OBSERVED,587,success,smtp,1,1,1,1,1,TLSv1.2,TLSv1.3,TLS_CHACHA20_POLY1305_SHA256,x25519,2,1,1,0,0,0,0,0,0,0,0,1,1,0,0,0,1,0,0,1,0,0,1,True,RSA,2048,65537,,,SHA256-RSA,0,1,0,0,DV,False,12,0,35,12,False,True,,True,True,,2,10,89.99998842592592,71.58542824074074,0,0,2,0,1,0,1,1,2,1,1,1,1,1,0,0,0,0,0,0,0,0,1
zgrab_UK_587.json:17,zgrab_real,zgrab_UK_587.json,17,UK,SMTP_RESPONSE_OBSERVED,TLS_HANDSHAKE_SUCCEEDED,HANDSHAKE_SUCCEEDED,CERTIFICATE_OBSERVED,587,success,smtp,1,1,1,1,1,TLSv1.2,TLSv1.3,TLS_CHACHA20_POLY1305_SHA256,x25519,2,1,1,0,0,0,0,0,0,0,0,1,1,0,0,0,1,0,0,1,0,0,1,True,RSA,2048,65537,,,SHA256-RSA,0,1,0,0,DV,False,12,0,35,12,False,True,,True,True,,2,10,89.99998842592592,71.58542824074074,0,0,2,0,1,0,1,1,2,1,1,1,1,1,0,0,0,0,0,0,0,0,1
zgrab_UK_587.json:18,zgrab_real,zgrab_UK_587.json,18,UK,SMTP_RESPONSE_OBSERVED,TLS_HANDSHAKE_SUCCEEDED,HANDSHAKE_SUCCEEDED,CERTIFICATE_OBSERVED,587,success,smtp,1,1,1,1,1,TLSv1.2,TLSv1.3,TLS_CHACHA20_POLY1305_SHA256,x25519,2,1,1,0,0,0,0,0,0,0,0,1,1,0,0,0,1,0,0,1,0,0,1,True,RSA,2048,65537,,,SHA256-RSA,0,1,0,0,DV,False,12,0,35,12,False,True,,True,True,,2,10,89.99998842592592,71.58541666666666,0,0,2,0,1,0,1,1,2,1,1,1,1,1,0,0,0,0,0,0,0,0,1
zgrab_UK_587.json:19,zgrab_real,zgrab_UK_587.json,19,UK,SMTP_RESPONSE_OBSERVED,TLS_HANDSHAKE_SUCCEEDED,HANDSHAKE_SUCCEEDED,CERTIFICATE_OBSERVED,587,success,smtp,1,1,1,1,1,TLSv1.2,TLSv1.3,TLS_CHACHA20_POLY1305_SHA256,x25519,2,1,1,0,0,0,0,0,0,0,0,1,1,0,0,0,1,0,0,1,0,0,1,True,RSA,2048,65537,,,SHA256-RSA,0,1,0,0,DV,False,12,0,35,12,False,True,,True,True,,2,10,89.99998842592592,71.5854050925926,0,0,2,0,1,0,1,1,2,1,1,1,1,1,0,0,0,0,0,0,0,0,1
zgrab_UK_587.json:20,zgrab_real,zgrab_UK_587.json,20,UK,SMTP_RESPONSE_OBSERVED,TLS_HANDSHAKE_SUCCEEDED,HANDSHAKE_SUCCEEDED,CERTIFICATE_OBSERVED,587,success,smtp,1,1,1,1,1,TLSv1.2,TLSv1.3,TLS_CHACHA20_POLY1305_SHA256,x25519,2,1,1,0,0,0,0,0,0,0,0,1,1,0,0,0,1,0,0,1,0,0,1,True,RSA,2048,65537,,,SHA256-RSA,0,1,0,0,DV,False,12,0,35,12,False,True,,True,True,,2,10,89.99998842592592,71.58539351851852,0,0,2,0,1,0,1,1,2,1,1,1,1,1,0,0,0,0,0,0,0,0,1
zgrab_UK_587.json:21,zgrab_real,zgrab_UK_587.json,21,UK,SMTP_RESPONSE_OBSERVED,STARTTLS_NOT_OBSERVED,TLS_NOT_OBSERVED,CERTIFICATE_NOT_OBSERVED_NO_TLS,587,success,smtp,1,1,0,0,0,,,,,,,,,,,,,,,,,,,,,,,,,,,0,,,,,,,,,,,,,,,,,,,,,,,,,,,,,,,,,,,,,,,,,,,,,,,,,1,0
zgrab_UK_587.json:22,zgrab_real,zgrab_UK_587.json,22,UK,SMTP_RESPONSE_OBSERVED,STARTTLS_NOT_OBSERVED,TLS_NOT_OBSERVED,CERTIFICATE_NOT_OBSERVED_NO_TLS,587,success,smtp,1,1,0,0,0,,,,,,,,,,,,,,,,,,,,,,,,,,,0,,,,,,,,,,,,,,,,,,,,,,,,,,,,,,,,,,,,,,,,,,,,,,,,,1,0
zgrab_UK_587.json:23,zgrab_real,zgrab_UK_587.json,23,UK,SMTP_RESPONSE_OBSERVED,TLS_HANDSHAKE_SUCCEEDED,HANDSHAKE_SUCCEEDED,CERTIFICATE_OBSERVED,587,success,smtp,1,1,1,1,1,TLSv1.2,TLSv1.3,TLS_CHACHA20_POLY1305_SHA256,x25519,2,1,1,0,0,0,0,0,0,0,0,1,1,0,0,0,1,0,0,1,0,0,1,True,RSA,2048,65537,,,SHA256-RSA,0,1,0,0,DV,False,1,0,23,1,False,True,,True,True,,2,10,89.99998842592592,70.35263888888889,0,0,2,0,1,0,1,1,2,1,1,1,1,1,0,0,0,0,0,0,0,0,1
zgrab_UK_587.json:24,zgrab_real,zgrab_UK_587.json,24,UK,SMTP_RESPONSE_OBSERVED,TLS_HANDSHAKE_SUCCEEDED,HANDSHAKE_SUCCEEDED,CERTIFICATE_OBSERVED,587,success,smtp,1,1,1,1,1,TLSv1.2,TLSv1.3,TLS_CHACHA20_POLY1305_SHA256,x25519,2,1,1,0,0,0,0,0,0,0,0,1,1,0,0,0,1,0,0,1,0,0,1,True,RSA,2048,65537,,,SHA256-RSA,0,1,0,0,DV,False,1,0,24,1,False,True,,True,True,,2,10,89.99998842592592,30.78653935185185,0,0,2,0,1,0,1,1,2,1,1,1,1,1,0,0,0,0,0,0,0,0,1
zgrab_UK_587.json:25,zgrab_real,zgrab_UK_587.json,25,UK,SMTP_RESPONSE_OBSERVED,STARTTLS_NOT_OBSERVED,TLS_NOT_OBSERVED,CERTIFICATE_NOT_OBSERVED_NO_TLS,587,success,smtp,1,1,0,0,0,,,,,,,,,,,,,,,,,,,,,,,,,,,0,,,,,,,,,,,,,,,,,,,,,,,,,,,,,,,,,,,,,,,,,,,,,,,,,1,0
zgrab_UK_587.json:26,zgrab_real,zgrab_UK_587.json,26,UK,SMTP_RESPONSE_OBSERVED,STARTTLS_NOT_OBSERVED,TLS_NOT_OBSERVED,CERTIFICATE_NOT_OBSERVED_NO_TLS,587,success,smtp,1,1,0,0,0,,,,,,,,,,,,,,,,,,,,,,,,,,,0,,,,,,,,,,,,,,,,,,,,,,,,,,,,,,,,,,,,,,,,,,,,,,,,,1,0
zgrab_UK_587.json:27,zgrab_real,zgrab_UK_587.json,27,UK,SMTP_RESPONSE_OBSERVED,STARTTLS_NOT_OBSERVED,TLS_NOT_OBSERVED,CERTIFICATE_NOT_OBSERVED_NO_TLS,587,success,smtp,1,1,0,0,0,,,,,,,,,,,,,,,,,,,,,,,,,,,0,,,,,,,,,,,,,,,,,,,,,,,,,,,,,,,,,,,,,,,,,,,,,,,,,1,0
zgrab_UK_587.json:28,zgrab_real,zgrab_UK_587.json,28,UK,SMTP_RESPONSE_OBSERVED,STARTTLS_NOT_OBSERVED,TLS_NOT_OBSERVED,CERTIFICATE_NOT_OBSERVED_NO_TLS,587,success,smtp,1,1,0,0,0,,,,,,,,,,,,,,,,,,,,,,,,,,,0,,,,,,,,,,,,,,,,,,,,,,,,,,,,,,,,,,,,,,,,,,,,,,,,,1,0
zgrab_UK_587.json:29,zgrab_real,zgrab_UK_587.json,29,UK,SMTP_RESPONSE_OBSERVED,STARTTLS_NOT_OBSERVED,TLS_NOT_OBSERVED,CERTIFICATE_NOT_OBSERVED_NO_TLS,587,success,smtp,1,1,0,0,0,,,,,,,,,,,,,,,,,,,,,,,,,,,0,,,,,,,,,,,,,,,,,,,,,,,,,,,,,,,,,,,,,,,,,,,,,,,,,1,0
zgrab_UK_587.json:30,zgrab_real,zgrab_UK_587.json,30,UK,SMTP_RESPONSE_OBSERVED,TLS_HANDSHAKE_SUCCEEDED,HANDSHAKE_SUCCEEDED,CERTIFICATE_OBSERVED,587,success,smtp,1,1,1,1,1,TLSv1.2,TLSv1.3,TLS_CHACHA20_POLY1305_SHA256,x25519,2,1,1,0,0,0,0,0,0,0,0,1,1,0,0,0,1,0,0,1,0,0,1,True,RSA,2048,65537,,,SHA256-RSA,0,1,0,0,DV,False,2,0,24,2,False,True,,True,True,,2,10,89.99998842592592,58.656724537037036,0,0,2,0,1,0,1,1,2,1,1,1,1,1,0,0,0,0,0,0,0,0,1
zgrab_UK_587.json:31,zgrab_real,zgrab_UK_587.json,31,UK,SMTP_RESPONSE_OBSERVED,STARTTLS_NOT_OBSERVED,TLS_NOT_OBSERVED,CERTIFICATE_NOT_OBSERVED_NO_TLS,587,success,smtp,1,1,0,0,0,,,,,,,,,,,,,,,,,,,,,,,,,,,0,,,,,,,,,,,,,,,,,,,,,,,,,,,,,,,,,,,,,,,,,,,,,,,,,1,0
zgrab_UK_587.json:32,zgrab_real,zgrab_UK_587.json,32,UK,SMTP_RESPONSE_OBSERVED,STARTTLS_NOT_OBSERVED,TLS_NOT_OBSERVED,CERTIFICATE_NOT_OBSERVED_NO_TLS,587,success,smtp,1,1,0,0,0,,,,,,,,,,,,,,,,,,,,,,,,,,,0,,,,,,,,,,,,,,,,,,,,,,,,,,,,,,,,,,,,,,,,,,,,,,,,,1,0
zgrab_UK_587.json:33,zgrab_real,zgrab_UK_587.json,33,UK,SMTP_RESPONSE_OBSERVED,STARTTLS_NOT_OBSERVED,TLS_NOT_OBSERVED,CERTIFICATE_NOT_OBSERVED_NO_TLS,587,success,smtp,1,1,0,0,0,,,,,,,,,,,,,,,,,,,,,,,,,,,0,,,,,,,,,,,,,,,,,,,,,,,,,,,,,,,,,,,,,,,,,,,,,,,,,1,0
zgrab_UK_587.json:34,zgrab_real,zgrab_UK_587.json,34,UK,SMTP_RESPONSE_OBSERVED,STARTTLS_NOT_OBSERVED,TLS_NOT_OBSERVED,CERTIFICATE_NOT_OBSERVED_NO_TLS,587,success,smtp,1,1,0,0,0,,,,,,,,,,,,,,,,,,,,,,,,,,,0,,,,,,,,,,,,,,,,,,,,,,,,,,,,,,,,,,,,,,,,,,,,,,,,,1,0
zgrab_UK_587.json:35,zgrab_real,zgrab_UK_587.json,35,UK,SMTP_RESPONSE_OBSERVED,STARTTLS_NOT_OBSERVED,TLS_NOT_OBSERVED,CERTIFICATE_NOT_OBSERVED_NO_TLS,587,success,smtp,1,1,0,0,0,,,,,,,,,,,,,,,,,,,,,,,,,,,0,,,,,,,,,,,,,,,,,,,,,,,,,,,,,,,,,,,,,,,,,,,,,,,,,1,0
zgrab_UK_587.json:36,zgrab_real,zgrab_UK_587.json,36,UK,SMTP_RESPONSE_OBSERVED,STARTTLS_NOT_OBSERVED,TLS_NOT_OBSERVED,CERTIFICATE_NOT_OBSERVED_NO_TLS,587,success,smtp,1,1,0,0,0,,,,,,,,,,,,,,,,,,,,,,,,,,,0,,,,,,,,,,,,,,,,,,,,,,,,,,,,,,,,,,,,,,,,,,,,,,,,,1,0
zgrab_UK_587.json:37,zgrab_real,zgrab_UK_587.json,37,UK,SMTP_RESPONSE_OBSERVED,STARTTLS_NOT_OBSERVED,TLS_NOT_OBSERVED,CERTIFICATE_NOT_OBSERVED_NO_TLS,587,success,smtp,1,1,0,0,0,,,,,,,,,,,,,,,,,,,,,,,,,,,0,,,,,,,,,,,,,,,,,,,,,,,,,,,,,,,,,,,,,,,,,,,,,,,,,1,0
zgrab_UK_587.json:38,zgrab_real,zgrab_UK_587.json,38,UK,SMTP_RESPONSE_OBSERVED,STARTTLS_NOT_OBSERVED,TLS_NOT_OBSERVED,CERTIFICATE_NOT_OBSERVED_NO_TLS,587,success,smtp,1,1,0,0,0,,,,,,,,,,,,,,,,,,,,,,,,,,,0,,,,,,,,,,,,,,,,,,,,,,,,,,,,,,,,,,,,,,,,,,,,,,,,,1,0
zgrab_UK_587.json:39,zgrab_real,zgrab_UK_587.json,39,UK,SMTP_RESPONSE_OBSERVED,STARTTLS_NOT_OBSERVED,TLS_NOT_OBSERVED,CERTIFICATE_NOT_OBSERVED_NO_TLS,587,success,smtp,1,1,0,0,0,,,,,,,,,,,,,,,,,,,,,,,,,,,0,,,,,,,,,,,,,,,,,,,,,,,,,,,,,,,,,,,,,,,,,,,,,,,,,1,0
zgrab_UK_587.json:40,zgrab_real,zgrab_UK_587.json,40,UK,SMTP_RESPONSE_OBSERVED,STARTTLS_NOT_OBSERVED,TLS_NOT_OBSERVED,CERTIFICATE_NOT_OBSERVED_NO_TLS,587,success,smtp,1,1,0,0,0,,,,,,,,,,,,,,,,,,,,,,,,,,,0,,,,,,,,,,,,,,,,,,,,,,,,,,,,,,,,,,,,,,,,,,,,,,,,,1,0
zgrab_UK_587.json:41,zgrab_real,zgrab_UK_587.json,41,UK,SMTP_RESPONSE_OBSERVED,STARTTLS_NOT_OBSERVED,TLS_NOT_OBSERVED,CERTIFICATE_NOT_OBSERVED_NO_TLS,587,success,smtp,1,1,0,0,0,,,,,,,,,,,,,,,,,,,,,,,,,,,0,,,,,,,,,,,,,,,,,,,,,,,,,,,,,,,,,,,,,,,,,,,,,,,,,1,0
zgrab_UK_587.json:42,zgrab_real,zgrab_UK_587.json,42,UK,SMTP_RESPONSE_OBSERVED,STARTTLS_NOT_OBSERVED,TLS_NOT_OBSERVED,CERTIFICATE_NOT_OBSERVED_NO_TLS,587,success,smtp,1,1,0,0,0,,,,,,,,,,,,,,,,,,,,,,,,,,,0,,,,,,,,,,,,,,,,,,,,,,,,,,,,,,,,,,,,,,,,,,,,,,,,,1,0
zgrab_UK_587.json:43,zgrab_real,zgrab_UK_587.json,43,UK,SMTP_RESPONSE_OBSERVED,STARTTLS_NOT_OBSERVED,TLS_NOT_OBSERVED,CERTIFICATE_NOT_OBSERVED_NO_TLS,587,success,smtp,1,1,0,0,0,,,,,,,,,,,,,,,,,,,,,,,,,,,0,,,,,,,,,,,,,,,,,,,,,,,,,,,,,,,,,,,,,,,,,,,,,,,,,1,0
zgrab_UK_587.json:44,zgrab_real,zgrab_UK_587.json,44,UK,SMTP_RESPONSE_OBSERVED,STARTTLS_NOT_OBSERVED,TLS_NOT_OBSERVED,CERTIFICATE_NOT_OBSERVED_NO_TLS,587,success,smtp,1,0,0,0,0,,,,,,,,,,,,,,,,,,,,,,,,,,,0,,,,,,,,,,,,,,,,,,,,,,,,,,,,,,,,,,,,,,,,,,,,,,,,,1,0
zgrab_UK_587.json:45,zgrab_real,zgrab_UK_587.json,45,UK,SMTP_RESPONSE_OBSERVED,STARTTLS_NOT_OBSERVED,TLS_NOT_OBSERVED,CERTIFICATE_NOT_OBSERVED_NO_TLS,587,success,smtp,1,1,0,0,0,,,,,,,,,,,,,,,,,,,,,,,,,,,0,,,,,,,,,,,,,,,,,,,,,,,,,,,,,,,,,,,,,,,,,,,,,,,,,1,0
zgrab_UK_587.json:46,zgrab_real,zgrab_UK_587.json,46,UK,SMTP_RESPONSE_OBSERVED,STARTTLS_NOT_OBSERVED,TLS_NOT_OBSERVED,CERTIFICATE_NOT_OBSERVED_NO_TLS,587,success,smtp,1,1,0,0,0,,,,,,,,,,,,,,,,,,,,,,,,,,,0,,,,,,,,,,,,,,,,,,,,,,,,,,,,,,,,,,,,,,,,,,,,,,,,,1,0
zgrab_UK_587.json:47,zgrab_real,zgrab_UK_587.json,47,UK,SMTP_RESPONSE_OBSERVED,STARTTLS_NOT_OBSERVED,TLS_NOT_OBSERVED,CERTIFICATE_NOT_OBSERVED_NO_TLS,587,success,smtp,1,1,0,0,0,,,,,,,,,,,,,,,,,,,,,,,,,,,0,,,,,,,,,,,,,,,,,,,,,,,,,,,,,,,,,,,,,,,,,,,,,,,,,1,0
zgrab_UK_587.json:48,zgrab_real,zgrab_UK_587.json,48,UK,SMTP_RESPONSE_OBSERVED,TLS_HANDSHAKE_SUCCEEDED,HANDSHAKE_SUCCEEDED,CERTIFICATE_OBSERVED,587,success,smtp,1,1,1,1,1,TLSv1.2,TLSv1.3,TLS_CHACHA20_POLY1305_SHA256,x25519,2,1,1,0,0,0,0,0,0,0,0,1,1,0,0,0,1,0,0,1,0,0,1,True,ECDSA,,,256,P-256,ECDSA-SHA384,0,0,1,0,DV,False,1,0,21,1,False,True,,True,,,1,10,89.99998842592592,70.47405092592592,0,0,3,0,1,0,1,1,2,1,1,1,1,1,0,0,0,0,0,0,0,0,1
zgrab_UK_587.json:49,zgrab_real,zgrab_UK_587.json,49,UK,SMTP_RESPONSE_OBSERVED,STARTTLS_NOT_OBSERVED,TLS_NOT_OBSERVED,CERTIFICATE_NOT_OBSERVED_NO_TLS,587,success,smtp,1,1,0,0,0,,,,,,,,,,,,,,,,,,,,,,,,,,,0,,,,,,,,,,,,,,,,,,,,,,,,,,,,,,,,,,,,,,,,,,,,,,,,,1,0
zgrab_UK_587.json:50,zgrab_real,zgrab_UK_587.json,50,UK,SMTP_RESPONSE_OBSERVED,STARTTLS_NOT_OBSERVED,TLS_NOT_OBSERVED,CERTIFICATE_NOT_OBSERVED_NO_TLS,587,success,smtp,1,1,0,0,0,,,,,,,,,,,,,,,,,,,,,,,,,,,0,,,,,,,,,,,,,,,,,,,,,,,,,,,,,,,,,,,,,,,,,,,,,,,,,1,0
zgrab_UK_587.json:51,zgrab_real,zgrab_UK_587.json,51,UK,SMTP_RESPONSE_OBSERVED,STARTTLS_NOT_OBSERVED,TLS_NOT_OBSERVED,CERTIFICATE_NOT_OBSERVED_NO_TLS,587,success,smtp,1,1,0,0,0,,,,,,,,,,,,,,,,,,,,,,,,,,,0,,,,,,,,,,,,,,,,,,,,,,,,,,,,,,,,,,,,,,,,,,,,,,,,,1,0
zgrab_UK_587.json:52,zgrab_real,zgrab_UK_587.json,52,UK,SMTP_RESPONSE_OBSERVED,STARTTLS_NOT_OBSERVED,TLS_NOT_OBSERVED,CERTIFICATE_NOT_OBSERVED_NO_TLS,587,success,smtp,1,1,0,0,0,,,,,,,,,,,,,,,,,,,,,,,,,,,0,,,,,,,,,,,,,,,,,,,,,,,,,,,,,,,,,,,,,,,,,,,,,,,,,1,0
zgrab_UK_587.json:53,zgrab_real,zgrab_UK_587.json,53,UK,SMTP_RESPONSE_OBSERVED,TLS_HANDSHAKE_SUCCEEDED,HANDSHAKE_SUCCEEDED,CERTIFICATE_OBSERVED,587,success,smtp,1,1,1,1,1,TLSv1.2,TLSv1.3,TLS_CHACHA20_POLY1305_SHA256,x25519,2,1,1,0,0,0,0,0,0,0,0,1,1,0,0,0,1,0,0,1,0,0,1,True,RSA,2048,65537,,,SHA256-RSA,0,1,0,0,DV,False,13,0,37,13,False,True,,True,True,,2,10,89.99998842592592,30.61925925925926,0,0,2,0,1,0,1,1,2,1,1,1,1,1,0,0,0,0,0,0,0,0,1
zgrab_UK_587.json:54,zgrab_real,zgrab_UK_587.json,54,UK,SMTP_RESPONSE_OBSERVED,STARTTLS_NOT_OBSERVED,TLS_NOT_OBSERVED,CERTIFICATE_NOT_OBSERVED_NO_TLS,587,success,smtp,1,1,0,0,0,,,,,,,,,,,,,,,,,,,,,,,,,,,0,,,,,,,,,,,,,,,,,,,,,,,,,,,,,,,,,,,,,,,,,,,,,,,,,1,0
zgrab_UK_587.json:55,zgrab_real,zgrab_UK_587.json,55,UK,SMTP_RESPONSE_OBSERVED,STARTTLS_NOT_OBSERVED,TLS_NOT_OBSERVED,CERTIFICATE_NOT_OBSERVED_NO_TLS,587,success,smtp,1,1,0,0,0,,,,,,,,,,,,,,,,,,,,,,,,,,,0,,,,,,,,,,,,,,,,,,,,,,,,,,,,,,,,,,,,,,,,,,,,,,,,,1,0
zgrab_UK_587.json:56,zgrab_real,zgrab_UK_587.json,56,UK,SMTP_RESPONSE_OBSERVED,STARTTLS_NOT_OBSERVED,TLS_NOT_OBSERVED,CERTIFICATE_NOT_OBSERVED_NO_TLS,587,success,smtp,1,1,0,0,0,,,,,,,,,,,,,,,,,,,,,,,,,,,0,,,,,,,,,,,,,,,,,,,,,,,,,,,,,,,,,,,,,,,,,,,,,,,,,1,0
zgrab_UK_587.json:57,zgrab_real,zgrab_UK_587.json,57,UK,SMTP_PROBE_FAILED,STARTTLS_NOT_OBSERVED,TLS_NOT_OBSERVED,CERTIFICATE_NOT_OBSERVED_NO_TLS,587,protocol-error,smtp,0,0,0,0,0,,,,,,,,,,,,,,,,,,,,,,,,,,,0,,,,,,,,,,,,,,,,,,,,,,,,,,,,,,,,,,,,,,,,,,,,,,,,,0,0
zgrab_UK_587.json:58,zgrab_real,zgrab_UK_587.json,58,UK,SMTP_RESPONSE_OBSERVED,STARTTLS_NOT_OBSERVED,TLS_NOT_OBSERVED,CERTIFICATE_NOT_OBSERVED_NO_TLS,587,success,smtp,1,0,0,0,0,,,,,,,,,,,,,,,,,,,,,,,,,,,0,,,,,,,,,,,,,,,,,,,,,,,,,,,,,,,,,,,,,,,,,,,,,,,,,1,0
zgrab_UK_587.json:59,zgrab_real,zgrab_UK_587.json,59,UK,SMTP_RESPONSE_OBSERVED,STARTTLS_NOT_OBSERVED,TLS_NOT_OBSERVED,CERTIFICATE_NOT_OBSERVED_NO_TLS,587,success,smtp,1,1,0,0,0,,,,,,,,,,,,,,,,,,,,,,,,,,,0,,,,,,,,,,,,,,,,,,,,,,,,,,,,,,,,,,,,,,,,,,,,,,,,,1,0
zgrab_UK_587.json:60,zgrab_real,zgrab_UK_587.json,60,UK,SMTP_RESPONSE_OBSERVED,STARTTLS_NOT_OBSERVED,TLS_NOT_OBSERVED,CERTIFICATE_NOT_OBSERVED_NO_TLS,587,success,smtp,1,1,0,0,0,,,,,,,,,,,,,,,,,,,,,,,,,,,0,,,,,,,,,,,,,,,,,,,,,,,,,,,,,,,,,,,,,,,,,,,,,,,,,1,0
zgrab_UK_587.json:61,zgrab_real,zgrab_UK_587.json,61,UK,SMTP_PROBE_FAILED,STARTTLS_NOT_OBSERVED,TLS_NOT_OBSERVED,CERTIFICATE_NOT_OBSERVED_NO_TLS,587,protocol-error,smtp,0,0,0,0,0,,,,,,,,,,,,,,,,,,,,,,,,,,,0,,,,,,,,,,,,,,,,,,,,,,,,,,,,,,,,,,,,,,,,,,,,,,,,,0,0
zgrab_UK_587.json:62,zgrab_real,zgrab_UK_587.json,62,UK,SMTP_PROBE_FAILED,STARTTLS_NOT_OBSERVED,TLS_NOT_OBSERVED,CERTIFICATE_NOT_OBSERVED_NO_TLS,587,protocol-error,smtp,0,0,0,0,0,,,,,,,,,,,,,,,,,,,,,,,,,,,0,,,,,,,,,,,,,,,,,,,,,,,,,,,,,,,,,,,,,,,,,,,,,,,,,0,0
zgrab_UK_587.json:63,zgrab_real,zgrab_UK_587.json,63,UK,SMTP_PROBE_FAILED,STARTTLS_NOT_OBSERVED,TLS_NOT_OBSERVED,CERTIFICATE_NOT_OBSERVED_NO_TLS,587,connection-timeout,smtp,0,0,0,0,0,,,,,,,,,,,,,,,,,,,,,,,,,,,0,,,,,,,,,,,,,,,,,,,,,,,,,,,,,,,,,,,,,,,,,,,,,,,,,0,0
zgrab_UK_587.json:64,zgrab_real,zgrab_UK_587.json,64,UK,SMTP_RESPONSE_OBSERVED,STARTTLS_NOT_OBSERVED,TLS_NOT_OBSERVED,CERTIFICATE_NOT_OBSERVED_NO_TLS,587,success,smtp,1,1,0,0,0,,,,,,,,,,,,,,,,,,,,,,,,,,,0,,,,,,,,,,,,,,,,,,,,,,,,,,,,,,,,,,,,,,,,,,,,,,,,,1,0
zgrab_UK_587.json:65,zgrab_real,zgrab_UK_587.json,65,UK,SMTP_RESPONSE_OBSERVED,STARTTLS_NOT_OBSERVED,TLS_NOT_OBSERVED,CERTIFICATE_NOT_OBSERVED_NO_TLS,587,success,smtp,1,1,0,0,0,,,,,,,,,,,,,,,,,,,,,,,,,,,0,,,,,,,,,,,,,,,,,,,,,,,,,,,,,,,,,,,,,,,,,,,,,,,,,1,0
zgrab_UK_587.json:66,zgrab_real,zgrab_UK_587.json,66,UK,SMTP_RESPONSE_OBSERVED,STARTTLS_NOT_OBSERVED,TLS_NOT_OBSERVED,CERTIFICATE_NOT_OBSERVED_NO_TLS,587,success,smtp,1,1,0,0,0,,,,,,,,,,,,,,,,,,,,,,,,,,,0,,,,,,,,,,,,,,,,,,,,,,,,,,,,,,,,,,,,,,,,,,,,,,,,,1,0
zgrab_UK_587.json:67,zgrab_real,zgrab_UK_587.json,67,UK,SMTP_RESPONSE_OBSERVED,STARTTLS_NOT_OBSERVED,TLS_NOT_OBSERVED,CERTIFICATE_NOT_OBSERVED_NO_TLS,587,success,smtp,1,1,0,0,0,,,,,,,,,,,,,,,,,,,,,,,,,,,0,,,,,,,,,,,,,,,,,,,,,,,,,,,,,,,,,,,,,,,,,,,,,,,,,1,0
zgrab_UK_587.json:68,zgrab_real,zgrab_UK_587.json,68,UK,SMTP_RESPONSE_OBSERVED,TLS_HANDSHAKE_SUCCEEDED,HANDSHAKE_SUCCEEDED,CERTIFICATE_OBSERVED,587,success,smtp,1,1,1,1,1,TLSv1.2,,TLS_ECDHE_RSA_WITH_AES_256_GCM_SHA384,,1,0,0,1,0,0,0,0,0,0,0,1,1,0,0,1,1,0,0,1,0,0,1,False,RSA,2048,65537,,,SHA512-RSA,0,0,0,1,unknown,False,7,0,30,7,,True,,True,True,,2,7,730.0,103.43274305555556,0,0,0,0,1,0,0,0,0,0,1,1,1,1,0,0,0,0,0,0,0,0,1
zgrab_UK_587.json:69,zgrab_real,zgrab_UK_587.json,69,UK,SMTP_RESPONSE_OBSERVED,TLS_HANDSHAKE_SUCCEEDED,HANDSHAKE_SUCCEEDED,CERTIFICATE_OBSERVED,587,success,smtp,1,1,1,1,1,TLSv1.2,,TLS_ECDHE_RSA_WITH_AES_128_GCM_SHA256,,2,0,0,1,1,0,0,0,0,0,0,1,1,0,0,1,1,0,0,1,0,0,1,True,RSA,2048,65537,,,SHA256-RSA,0,1,0,0,DV,False,12,0,34,12,False,True,,True,True,,2,10,89.99998842592592,40.24503472222222,0,0,2,0,1,0,1,1,2,1,1,1,1,1,0,0,0,0,0,0,0,0,1
zgrab_UK_587.json:70,zgrab_real,zgrab_UK_587.json,70,UK,SMTP_RESPONSE_OBSERVED,STARTTLS_NOT_OBSERVED,TLS_NOT_OBSERVED,CERTIFICATE_NOT_OBSERVED_NO_TLS,587,success,smtp,1,1,0,0,0,,,,,,,,,,,,,,,,,,,,,,,,,,,0,,,,,,,,,,,,,,,,,,,,,,,,,,,,,,,,,,,,,,,,,,,,,,,,,1,0
zgrab_UK_587.json:71,zgrab_real,zgrab_UK_587.json,71,UK,SMTP_RESPONSE_OBSERVED,TLS_HANDSHAKE_SUCCEEDED,HANDSHAKE_SUCCEEDED,CERTIFICATE_OBSERVED,587,success,smtp,1,1,1,1,1,TLSv1.2,,TLS_ECDHE_RSA_WITH_AES_128_GCM_SHA256,,2,0,0,1,1,0,0,0,0,0,0,1,1,0,0,1,1,0,0,1,0,0,1,True,RSA,2048,65537,,,SHA256-RSA,0,1,0,0,DV,False,12,0,34,12,False,True,,True,True,,2,10,89.99998842592592,40.24502314814815,0,0,2,0,1,0,1,1,2,1,1,1,1,1,0,0,0,0,0,0,0,0,1
zgrab_UK_587.json:72,zgrab_real,zgrab_UK_587.json,72,UK,SMTP_RESPONSE_OBSERVED,TLS_HANDSHAKE_SUCCEEDED,HANDSHAKE_SUCCEEDED,CERTIFICATE_OBSERVED,587,success,smtp,1,1,1,1,1,TLSv1.2,,TLS_ECDHE_RSA_WITH_AES_128_GCM_SHA256,,2,0,0,1,1,0,0,0,0,0,0,1,1,0,0,1,1,0,0,1,0,0,1,True,RSA,2048,65537,,,SHA256-RSA,0,1,0,0,DV,False,12,0,34,12,False,True,,True,True,,2,10,89.99998842592592,40.24502314814815,0,0,2,0,1,0,1,1,2,1,1,1,1,1,0,0,0,0,0,0,0,0,1
zgrab_UK_587.json:73,zgrab_real,zgrab_UK_587.json,73,UK,SMTP_RESPONSE_OBSERVED,STARTTLS_NOT_OBSERVED,TLS_NOT_OBSERVED,CERTIFICATE_NOT_OBSERVED_NO_TLS,587,success,smtp,1,1,0,0,0,,,,,,,,,,,,,,,,,,,,,,,,,,,0,,,,,,,,,,,,,,,,,,,,,,,,,,,,,,,,,,,,,,,,,,,,,,,,,1,0
zgrab_UK_587.json:74,zgrab_real,zgrab_UK_587.json,74,UK,SMTP_RESPONSE_OBSERVED,STARTTLS_NOT_OBSERVED,TLS_NOT_OBSERVED,CERTIFICATE_NOT_OBSERVED_NO_TLS,587,success,smtp,1,1,0,0,0,,,,,,,,,,,,,,,,,,,,,,,,,,,0,,,,,,,,,,,,,,,,,,,,,,,,,,,,,,,,,,,,,,,,,,,,,,,,,1,0
zgrab_UK_587.json:75,zgrab_real,zgrab_UK_587.json,75,UK,SMTP_RESPONSE_OBSERVED,TLS_HANDSHAKE_SUCCEEDED,HANDSHAKE_SUCCEEDED,CERTIFICATE_OBSERVED,587,success,smtp,1,1,1,1,1,TLSv1.2,,TLS_ECDHE_RSA_WITH_AES_128_GCM_SHA256,,2,0,0,1,1,0,0,0,0,0,0,1,1,0,0,1,1,0,0,1,0,0,1,True,RSA,2048,65537,,,SHA256-RSA,0,1,0,0,DV,False,12,0,34,12,False,True,,True,True,,2,10,89.99998842592592,40.244988425925925,0,0,2,0,1,0,1,1,2,1,1,1,1,1,0,0,0,0,0,0,0,0,1
zgrab_UK_587.json:76,zgrab_real,zgrab_UK_587.json,76,UK,SMTP_PROBE_FAILED,STARTTLS_NOT_OBSERVED,TLS_NOT_OBSERVED,CERTIFICATE_NOT_OBSERVED_NO_TLS,587,protocol-error,smtp,0,0,0,0,0,,,,,,,,,,,,,,,,,,,,,,,,,,,0,,,,,,,,,,,,,,,,,,,,,,,,,,,,,,,,,,,,,,,,,,,,,,,,,0,0
zgrab_UK_587.json:77,zgrab_real,zgrab_UK_587.json,77,UK,SMTP_RESPONSE_OBSERVED,TLS_HANDSHAKE_SUCCEEDED,HANDSHAKE_SUCCEEDED,CERTIFICATE_OBSERVED,587,success,smtp,1,1,1,1,1,TLSv1.2,,TLS_ECDHE_RSA_WITH_AES_128_GCM_SHA256,,2,0,0,1,1,0,0,0,0,0,0,1,1,0,0,1,1,0,0,1,0,0,1,True,RSA,2048,65537,,,SHA256-RSA,0,1,0,0,DV,False,12,0,34,12,False,True,,True,True,,2,10,89.99998842592592,40.24496527777778,0,0,2,0,1,0,1,1,2,1,1,1,1,1,0,0,0,0,0,0,0,0,1
zgrab_UK_587.json:78,zgrab_real,zgrab_UK_587.json,78,UK,SMTP_RESPONSE_OBSERVED,STARTTLS_NOT_OBSERVED,TLS_NOT_OBSERVED,CERTIFICATE_NOT_OBSERVED_NO_TLS,587,success,smtp,1,1,0,0,0,,,,,,,,,,,,,,,,,,,,,,,,,,,0,,,,,,,,,,,,,,,,,,,,,,,,,,,,,,,,,,,,,,,,,,,,,,,,,1,0
zgrab_UK_587.json:79,zgrab_real,zgrab_UK_587.json,79,UK,SMTP_RESPONSE_OBSERVED,STARTTLS_NOT_OBSERVED,TLS_NOT_OBSERVED,CERTIFICATE_NOT_OBSERVED_NO_TLS,587,success,smtp,1,1,0,0,0,,,,,,,,,,,,,,,,,,,,,,,,,,,0,,,,,,,,,,,,,,,,,,,,,,,,,,,,,,,,,,,,,,,,,,,,,,,,,1,0
zgrab_UK_587.json:80,zgrab_real,zgrab_UK_587.json,80,UK,SMTP_RESPONSE_OBSERVED,STARTTLS_NOT_OBSERVED,TLS_NOT_OBSERVED,CERTIFICATE_NOT_OBSERVED_NO_TLS,587,success,smtp,1,1,0,0,0,,,,,,,,,,,,,,,,,,,,,,,,,,,0,,,,,,,,,,,,,,,,,,,,,,,,,,,,,,,,,,,,,,,,,,,,,,,,,1,0
zgrab_UK_587.json:81,zgrab_real,zgrab_UK_587.json,81,UK,SMTP_RESPONSE_OBSERVED,STARTTLS_NOT_OBSERVED,TLS_NOT_OBSERVED,CERTIFICATE_NOT_OBSERVED_NO_TLS,587,success,smtp,1,1,0,0,0,,,,,,,,,,,,,,,,,,,,,,,,,,,0,,,,,,,,,,,,,,,,,,,,,,,,,,,,,,,,,,,,,,,,,,,,,,,,,1,0
zgrab_UK_587.json:82,zgrab_real,zgrab_UK_587.json,82,UK,SMTP_RESPONSE_OBSERVED,TLS_HANDSHAKE_SUCCEEDED,HANDSHAKE_SUCCEEDED,CERTIFICATE_OBSERVED,587,success,smtp,1,1,1,1,1,TLSv1.2,,TLS_ECDHE_RSA_WITH_AES_128_GCM_SHA256,,2,0,0,1,1,0,0,0,0,0,0,1,1,0,0,1,1,0,0,1,0,0,1,True,RSA,2048,65537,,,SHA256-RSA,0,1,0,0,DV,False,12,0,34,12,False,True,,True,True,,2,10,89.99998842592592,40.24491898148148,0,0,2,0,1,0,1,1,2,1,1,1,1,1,0,0,0,0,0,0,0,0,1
zgrab_UK_587.json:83,zgrab_real,zgrab_UK_587.json,83,UK,SMTP_RESPONSE_OBSERVED,TLS_HANDSHAKE_SUCCEEDED,HANDSHAKE_SUCCEEDED,CERTIFICATE_OBSERVED,587,success,smtp,1,1,1,1,1,TLSv1.2,,TLS_ECDHE_RSA_WITH_AES_128_GCM_SHA256,,2,0,0,1,1,0,0,0,0,0,0,1,1,0,0,1,1,0,0,1,0,0,1,True,RSA,2048,65537,,,SHA256-RSA,0,1,0,0,DV,False,12,0,34,12,False,True,,True,True,,2,10,89.99998842592592,40.24490740740741,0,0,2,0,1,0,1,1,2,1,1,1,1,1,0,0,0,0,0,0,0,0,1
zgrab_UK_587.json:84,zgrab_real,zgrab_UK_587.json,84,UK,SMTP_RESPONSE_OBSERVED,TLS_HANDSHAKE_SUCCEEDED,HANDSHAKE_SUCCEEDED,CERTIFICATE_OBSERVED,587,success,smtp,1,1,1,1,1,TLSv1.2,,TLS_ECDHE_RSA_WITH_AES_128_GCM_SHA256,,2,0,0,1,1,0,0,0,0,0,0,1,1,0,0,1,1,0,0,1,0,0,1,True,RSA,2048,65537,,,SHA256-RSA,0,1,0,0,DV,False,12,0,34,12,False,True,,True,True,,2,10,89.99998842592592,40.24490740740741,0,0,2,0,1,0,1,1,2,1,1,1,1,1,0,0,0,0,0,0,0,0,1
zgrab_UK_587.json:85,zgrab_real,zgrab_UK_587.json,85,UK,SMTP_RESPONSE_OBSERVED,TLS_HANDSHAKE_SUCCEEDED,HANDSHAKE_SUCCEEDED,CERTIFICATE_OBSERVED,587,success,smtp,1,1,1,1,1,TLSv1.2,,TLS_RSA_WITH_AES_128_CBC_SHA,,1,0,0,1,0,0,0,0,0,0,0,1,0,1,1,0,0,0,0,1,0,0,1,False,RSA,4096,65537,,,SHA1-RSA,1,0,0,0,unknown,True,0,0,0,0,True,,,,,,0,3,3650.0,-678.490613425926,1,0,0,0,0,0,0,0,0,0,0,0,1,1,0,1,1,1,1,0,1,0,1
zgrab_UK_587.json:86,zgrab_real,zgrab_UK_587.json,86,UK,SMTP_RESPONSE_OBSERVED,STARTTLS_NOT_OBSERVED,TLS_NOT_OBSERVED,CERTIFICATE_NOT_OBSERVED_NO_TLS,587,success,smtp,1,1,0,0,0,,,,,,,,,,,,,,,,,,,,,,,,,,,0,,,,,,,,,,,,,,,,,,,,,,,,,,,,,,,,,,,,,,,,,,,,,,,,,1,0
zgrab_UK_587.json:87,zgrab_real,zgrab_UK_587.json,87,UK,SMTP_RESPONSE_OBSERVED,TLS_HANDSHAKE_SUCCEEDED,HANDSHAKE_SUCCEEDED,CERTIFICATE_OBSERVED,587,success,smtp,1,1,1,1,1,TLSv1.2,,TLS_ECDHE_RSA_WITH_AES_128_GCM_SHA256,,2,0,0,1,1,0,0,0,0,0,0,1,1,0,0,1,1,0,0,1,0,0,1,True,RSA,2048,65537,,,SHA256-RSA,0,1,0,0,DV,False,12,0,34,12,False,True,,True,True,,2,10,89.99998842592592,40.24486111111111,0,0,2,0,1,0,1,1,2,1,1,1,1,1,0,0,0,0,0,0,0,0,1
zgrab_UK_587.json:88,zgrab_real,zgrab_UK_587.json,88,UK,SMTP_RESPONSE_OBSERVED,TLS_HANDSHAKE_SUCCEEDED,HANDSHAKE_SUCCEEDED,CERTIFICATE_OBSERVED,587,success,smtp,1,1,1,1,1,TLSv1.2,,TLS_ECDHE_RSA_WITH_AES_256_GCM_SHA384,,2,0,0,1,1,0,0,0,0,0,0,1,1,0,0,1,1,0,0,1,0,0,1,False,RSA,4096,65537,,,SHA1-RSA,1,0,0,0,unknown,True,0,0,0,0,True,,,,,,0,3,3650.0,-678.4906481481481,1,0,0,0,0,0,0,0,0,0,0,0,1,1,0,0,0,0,1,0,1,0,1
zgrab_UK_587.json:89,zgrab_real,zgrab_UK_587.json,89,UK,SMTP_RESPONSE_OBSERVED,TLS_HANDSHAKE_SUCCEEDED,HANDSHAKE_SUCCEEDED,CERTIFICATE_OBSERVED,587,success,smtp,1,1,1,1,1,TLSv1.2,,TLS_ECDHE_RSA_WITH_AES_128_GCM_SHA256,,2,0,0,1,1,0,0,0,0,0,0,1,1,0,0,1,1,0,0,1,0,0,1,True,RSA,2048,65537,,,SHA256-RSA,0,1,0,0,DV,False,12,0,34,12,False,True,,True,True,,2,10,89.99998842592592,40.24486111111111,0,0,2,0,1,0,1,1,2,1,1,1,1,1,0,0,0,0,0,0,0,0,1
zgrab_UK_587.json:90,zgrab_real,zgrab_UK_587.json,90,UK,SMTP_RESPONSE_OBSERVED,TLS_HANDSHAKE_SUCCEEDED,HANDSHAKE_SUCCEEDED,CERTIFICATE_OBSERVED,587,success,smtp,1,1,1,1,1,TLSv1.2,,TLS_ECDHE_RSA_WITH_AES_128_GCM_SHA256,,2,0,0,1,1,0,0,0,0,0,0,1,1,0,0,1,1,0,0,1,0,0,1,True,RSA,2048,65537,,,SHA256-RSA,0,1,0,0,DV,False,12,0,34,12,False,True,,True,True,,2,10,89.99998842592592,40.24483796296296,0,0,2,0,1,0,1,1,2,1,1,1,1,1,0,0,0,0,0,0,0,0,1
zgrab_UK_587.json:91,zgrab_real,zgrab_UK_587.json,91,UK,SMTP_RESPONSE_OBSERVED,TLS_HANDSHAKE_SUCCEEDED,HANDSHAKE_SUCCEEDED,CERTIFICATE_OBSERVED,587,success,smtp,1,1,1,1,1,TLSv1.2,,TLS_ECDHE_RSA_WITH_AES_128_GCM_SHA256,,2,0,0,1,1,0,0,0,0,0,0,1,1,0,0,1,1,0,0,1,0,0,1,True,RSA,2048,65537,,,SHA256-RSA,0,1,0,0,DV,False,12,0,34,12,False,True,,True,True,,2,10,89.99998842592592,40.244814814814816,0,0,2,0,1,0,1,1,2,1,1,1,1,1,0,0,0,0,0,0,0,0,1
zgrab_UK_587.json:92,zgrab_real,zgrab_UK_587.json,92,UK,SMTP_RESPONSE_OBSERVED,TLS_HANDSHAKE_SUCCEEDED,HANDSHAKE_SUCCEEDED,CERTIFICATE_OBSERVED,587,success,smtp,1,1,1,1,1,TLSv1.2,,TLS_ECDHE_RSA_WITH_AES_128_GCM_SHA256,,2,0,0,1,1,0,0,0,0,0,0,1,1,0,0,1,1,0,0,1,0,0,1,True,RSA,2048,65537,,,SHA256-RSA,0,1,0,0,DV,False,12,0,34,12,False,True,,True,True,,2,10,89.99998842592592,40.244814814814816,0,0,2,0,1,0,1,1,2,1,1,1,1,1,0,0,0,0,0,0,0,0,1
zgrab_UK_587.json:93,zgrab_real,zgrab_UK_587.json,93,UK,SMTP_RESPONSE_OBSERVED,TLS_HANDSHAKE_SUCCEEDED,HANDSHAKE_SUCCEEDED,CERTIFICATE_OBSERVED,587,success,smtp,1,1,1,1,1,TLSv1.2,,TLS_ECDHE_RSA_WITH_AES_128_GCM_SHA256,,2,0,0,1,1,0,0,0,0,0,0,1,1,0,0,1,1,0,0,1,0,0,1,True,RSA,2048,65537,,,SHA256-RSA,0,1,0,0,DV,False,12,0,34,12,False,True,,True,True,,2,10,89.99998842592592,40.244814814814816,0,0,2,0,1,0,1,1,2,1,1,1,1,1,0,0,0,0,0,0,0,0,1
zgrab_UK_587.json:94,zgrab_real,zgrab_UK_587.json,94,UK,SMTP_RESPONSE_OBSERVED,TLS_HANDSHAKE_SUCCEEDED,HANDSHAKE_SUCCEEDED,CERTIFICATE_OBSERVED,587,success,smtp,1,1,1,1,1,TLSv1.2,,TLS_ECDHE_RSA_WITH_AES_128_GCM_SHA256,,2,0,0,1,1,0,0,0,0,0,0,1,1,0,0,1,1,0,0,1,0,0,1,True,RSA,2048,65537,,,SHA256-RSA,0,1,0,0,DV,False,12,0,34,12,False,True,,True,True,,2,10,89.99998842592592,40.244814814814816,0,0,2,0,1,0,1,1,2,1,1,1,1,1,0,0,0,0,0,0,0,0,1
zgrab_UK_587.json:95,zgrab_real,zgrab_UK_587.json,95,UK,SMTP_RESPONSE_OBSERVED,STARTTLS_NOT_OBSERVED,TLS_NOT_OBSERVED,CERTIFICATE_NOT_OBSERVED_NO_TLS,587,success,smtp,1,1,0,0,0,,,,,,,,,,,,,,,,,,,,,,,,,,,0,,,,,,,,,,,,,,,,,,,,,,,,,,,,,,,,,,,,,,,,,,,,,,,,,1,0
zgrab_UK_587.json:96,zgrab_real,zgrab_UK_587.json,96,UK,SMTP_RESPONSE_OBSERVED,STARTTLS_NOT_OBSERVED,TLS_NOT_OBSERVED,CERTIFICATE_NOT_OBSERVED_NO_TLS,587,success,smtp,1,1,0,0,0,,,,,,,,,,,,,,,,,,,,,,,,,,,0,,,,,,,,,,,,,,,,,,,,,,,,,,,,,,,,,,,,,,,,,,,,,,,,,1,0
zgrab_UK_587.json:97,zgrab_real,zgrab_UK_587.json,97,UK,SMTP_RESPONSE_OBSERVED,TLS_HANDSHAKE_SUCCEEDED,HANDSHAKE_SUCCEEDED,CERTIFICATE_OBSERVED,587,success,smtp,1,1,1,1,1,TLSv1.2,TLSv1.3,TLS_AES_256_GCM_SHA384,secp384r1,2,1,1,0,0,0,0,0,0,0,0,1,1,0,0,0,1,0,0,1,0,0,1,True,RSA,2048,65537,,,SHA256-RSA,0,1,0,0,OV,False,20,1,32,20,False,True,,True,True,,2,10,198.99998842592592,104.99766203703703,0,0,1,1,1,1,1,1,3,1,2,1,1,1,0,0,0,0,0,0,0,0,1
zgrab_UK_587.json:98,zgrab_real,zgrab_UK_587.json,98,UK,SMTP_RESPONSE_OBSERVED,TLS_HANDSHAKE_SUCCEEDED,HANDSHAKE_SUCCEEDED,CERTIFICATE_OBSERVED,587,success,smtp,1,1,1,1,1,TLSv1.2,TLSv1.3,TLS_AES_256_GCM_SHA384,secp384r1,2,1,1,0,0,0,0,0,0,0,0,1,1,0,0,0,1,0,0,1,0,0,1,True,RSA,2048,65537,,,SHA256-RSA,0,1,0,0,OV,False,20,1,32,20,False,True,,True,True,,2,10,198.99998842592592,104.99766203703703,0,0,1,1,1,1,1,1,3,1,2,1,1,1,0,0,0,0,0,0,0,0,1
zgrab_UK_587.json:99,zgrab_real,zgrab_UK_587.json,99,UK,SMTP_RESPONSE_OBSERVED,TLS_HANDSHAKE_SUCCEEDED,HANDSHAKE_SUCCEEDED,CERTIFICATE_OBSERVED,587,success,smtp,1,1,1,1,1,TLSv1.2,,TLS_ECDHE_RSA_WITH_AES_128_GCM_SHA256,,2,0,0,1,1,0,0,0,0,0,0,1,1,0,0,1,1,0,0,1,0,0,1,True,RSA,2048,65537,,,SHA256-RSA,0,1,0,0,DV,False,12,0,34,12,False,True,,True,True,,2,10,89.99998842592592,40.244791666666664,0,0,2,0,1,0,1,1,2,1,1,1,1,1,0,0,0,0,0,0,0,0,1
zgrab_UK_587.json:100,zgrab_real,zgrab_UK_587.json,100,UK,SMTP_RESPONSE_OBSERVED,TLS_HANDSHAKE_SUCCEEDED,HANDSHAKE_SUCCEEDED,CERTIFICATE_OBSERVED,587,success,smtp,1,1,1,1,1,TLSv1.2,,TLS_ECDHE_RSA_WITH_AES_128_GCM_SHA256,,2,0,0,1,1,0,0,0,0,0,0,1,1,0,0,1,1,0,0,1,0,0,1,True,RSA,2048,65537,,,SHA256-RSA,0,1,0,0,DV,False,12,0,34,12,False,True,,True,True,,2,10,89.99998842592592,40.24476851851852,0,0,2,0,1,0,1,1,2,1,1,1,1,1,0,0,0,0,0,0,0,0,1
zgrab_US_587.json:1,zgrab_real,zgrab_US_587.json,1,US,SMTP_RESPONSE_OBSERVED,TLS_HANDSHAKE_SUCCEEDED,HANDSHAKE_SUCCEEDED,CERTIFICATE_OBSERVED,587,success,smtp,1,1,1,1,1,TLSv1.2,TLSv1.3,TLS_CHACHA20_POLY1305_SHA256,x25519,2,1,1,0,0,0,0,0,0,0,0,1,1,0,0,0,1,0,0,1,0,0,1,True,RSA,2048,65537,,,SHA256-RSA,0,1,0,0,DV,False,2,1,28,2,False,True,,True,True,,2,10,198.0,187.48450231481482,0,0,3,1,1,1,2,1,3,1,1,1,1,1,0,0,0,0,0,0,0,0,1
zgrab_US_587.json:2,zgrab_real,zgrab_US_587.json,2,US,SMTP_RESPONSE_OBSERVED,TLS_HANDSHAKE_SUCCEEDED,HANDSHAKE_SUCCEEDED,CERTIFICATE_OBSERVED,587,success,smtp,1,1,1,1,1,TLSv1.2,TLSv1.3,TLS_CHACHA20_POLY1305_SHA256,x25519,2,1,1,0,0,0,0,0,0,0,0,1,1,0,0,0,1,0,0,1,0,0,1,True,RSA,2048,65537,,,SHA256-RSA,0,1,0,0,DV,False,2,1,28,2,False,True,,True,True,,2,10,198.0,187.48449074074074,0,0,3,1,1,1,2,1,3,1,1,1,1,1,0,0,0,0,0,0,0,0,1
zgrab_US_587.json:3,zgrab_real,zgrab_US_587.json,3,US,SMTP_RESPONSE_OBSERVED,TLS_HANDSHAKE_SUCCEEDED,HANDSHAKE_SUCCEEDED,CERTIFICATE_OBSERVED,587,success,smtp,1,1,1,1,1,TLSv1.2,TLSv1.3,TLS_CHACHA20_POLY1305_SHA256,x25519,2,1,1,0,0,0,0,0,0,0,0,1,1,0,0,0,1,0,0,1,0,0,1,True,RSA,2048,65537,,,SHA256-RSA,0,1,0,0,DV,False,2,1,28,2,False,True,,True,True,,2,10,198.0,187.48449074074074,0,0,3,1,1,1,2,1,3,1,1,1,1,1,0,0,0,0,0,0,0,0,1
zgrab_US_587.json:4,zgrab_real,zgrab_US_587.json,4,US,SMTP_RESPONSE_OBSERVED,TLS_HANDSHAKE_SUCCEEDED,HANDSHAKE_SUCCEEDED,CERTIFICATE_OBSERVED,587,success,smtp,1,1,1,1,1,TLSv1.2,TLSv1.3,TLS_CHACHA20_POLY1305_SHA256,x25519,2,1,1,0,0,0,0,0,0,0,0,1,1,0,0,0,1,0,0,1,0,0,1,True,RSA,2048,65537,,,SHA256-RSA,0,1,0,0,DV,False,2,1,28,2,False,True,,True,True,,2,10,198.0,187.48446759259258,0,0,3,1,1,1,2,1,3,1,1,1,1,1,0,0,0,0,0,0,0,0,1
zgrab_US_587.json:5,zgrab_real,zgrab_US_587.json,5,US,SMTP_PROBE_FAILED,STARTTLS_NOT_OBSERVED,TLS_NOT_OBSERVED,CERTIFICATE_NOT_OBSERVED_NO_TLS,587,application-error,smtp,1,0,0,0,0,,,,,,,,,,,,,,,,,,,,,,,,,,,0,,,,,,,,,,,,,,,,,,,,,,,,,,,,,,,,,,,,,,,,,,,,,,,,,1,0
zgrab_US_587.json:6,zgrab_real,zgrab_US_587.json,6,US,SMTP_RESPONSE_OBSERVED,TLS_HANDSHAKE_SUCCEEDED,HANDSHAKE_SUCCEEDED,CERTIFICATE_OBSERVED,587,success,smtp,1,1,1,1,1,TLSv1.2,TLSv1.3,TLS_CHACHA20_POLY1305_SHA256,x25519,2,1,1,0,0,0,0,0,0,0,0,1,1,0,0,0,1,0,0,1,0,0,1,True,RSA,2048,65537,,,SHA256-RSA,0,1,0,0,DV,False,2,1,28,2,False,True,,True,True,,2,10,198.0,187.48444444444445,0,0,3,1,1,1,2,1,3,1,1,1,1,1,0,0,0,0,0,0,0,0,1
zgrab_US_587.json:7,zgrab_real,zgrab_US_587.json,7,US,SMTP_RESPONSE_OBSERVED,STARTTLS_NOT_OBSERVED,TLS_NOT_OBSERVED,CERTIFICATE_NOT_OBSERVED_NO_TLS,587,success,smtp,1,1,0,0,0,,,,,,,,,,,,,,,,,,,,,,,,,,,0,,,,,,,,,,,,,,,,,,,,,,,,,,,,,,,,,,,,,,,,,,,,,,,,,1,0
zgrab_US_587.json:8,zgrab_real,zgrab_US_587.json,8,US,SMTP_RESPONSE_OBSERVED,TLS_HANDSHAKE_SUCCEEDED,HANDSHAKE_SUCCEEDED,CERTIFICATE_OBSERVED,587,success,smtp,1,1,1,1,1,TLSv1.2,TLSv1.3,TLS_CHACHA20_POLY1305_SHA256,x25519,2,1,1,0,0,0,0,0,0,0,0,1,1,0,0,0,1,0,0,1,0,0,1,True,RSA,2048,65537,,,SHA256-RSA,0,1,0,0,DV,False,2,1,28,2,False,True,,True,True,,2,10,198.0,187.48438657407408,0,0,3,1,1,1,2,1,3,1,1,1,1,1,0,0,0,0,0,0,0,0,1
zgrab_US_587.json:9,zgrab_real,zgrab_US_587.json,9,US,SMTP_RESPONSE_OBSERVED,TLS_HANDSHAKE_SUCCEEDED,HANDSHAKE_SUCCEEDED,CERTIFICATE_OBSERVED,587,success,smtp,1,1,1,1,1,TLSv1.2,TLSv1.3,TLS_CHACHA20_POLY1305_SHA256,x25519,2,1,1,0,0,0,0,0,0,0,0,1,1,0,0,0,1,0,0,1,0,0,1,True,RSA,2048,65537,,,SHA256-RSA,0,1,0,0,DV,False,2,0,26,2,False,True,,True,True,,2,10,89.99998842592592,59.83336805555555,0,0,2,0,1,0,1,1,2,1,1,1,1,1,0,0,0,0,0,0,0,0,1
zgrab_US_587.json:10,zgrab_real,zgrab_US_587.json,10,US,SMTP_RESPONSE_OBSERVED,TLS_HANDSHAKE_SUCCEEDED,HANDSHAKE_SUCCEEDED,CERTIFICATE_OBSERVED,587,success,smtp,1,1,1,1,1,TLSv1.2,TLSv1.3,TLS_CHACHA20_POLY1305_SHA256,x25519,2,1,1,0,0,0,0,0,0,0,0,1,1,0,0,0,1,0,0,1,0,0,1,True,RSA,2048,65537,,,SHA256-RSA,0,1,0,0,DV,False,2,1,28,2,False,True,,True,True,,2,10,198.0,187.48435185185184,0,0,3,1,1,1,2,1,3,1,1,1,1,1,0,0,0,0,0,0,0,0,1
zgrab_US_587.json:11,zgrab_real,zgrab_US_587.json,11,US,SMTP_RESPONSE_OBSERVED,TLS_HANDSHAKE_SUCCEEDED,HANDSHAKE_SUCCEEDED,CERTIFICATE_OBSERVED,587,success,smtp,1,1,1,1,1,TLSv1.2,TLSv1.3,TLS_CHACHA20_POLY1305_SHA256,x25519,2,1,1,0,0,0,0,0,0,0,0,1,1,0,0,0,1,0,0,1,0,0,1,True,RSA,2048,65537,,,SHA256-RSA,0,1,0,0,DV,False,2,1,28,2,False,True,,True,True,,2,10,198.0,187.48431712962963,0,0,3,1,1,1,2,1,3,1,1,1,1,1,0,0,0,0,0,0,0,0,1
zgrab_US_587.json:12,zgrab_real,zgrab_US_587.json,12,US,SMTP_RESPONSE_OBSERVED,TLS_HANDSHAKE_SUCCEEDED,HANDSHAKE_SUCCEEDED,CERTIFICATE_OBSERVED,587,success,smtp,1,1,1,1,1,TLSv1.2,TLSv1.3,TLS_CHACHA20_POLY1305_SHA256,x25519,2,1,1,0,0,0,0,0,0,0,0,1,1,0,0,0,1,0,0,1,0,0,1,True,RSA,2048,65537,,,SHA256-RSA,0,1,0,0,DV,False,2,1,28,2,False,True,,True,True,,2,10,198.0,187.48430555555555,0,0,3,1,1,1,2,1,3,1,1,1,1,1,0,0,0,0,0,0,0,0,1
zgrab_US_587.json:13,zgrab_real,zgrab_US_587.json,13,US,SMTP_RESPONSE_OBSERVED,TLS_HANDSHAKE_SUCCEEDED,HANDSHAKE_SUCCEEDED,CERTIFICATE_OBSERVED,587,success,smtp,1,1,1,1,1,TLSv1.2,TLSv1.3,TLS_CHACHA20_POLY1305_SHA256,x25519,2,1,1,0,0,0,0,0,0,0,0,1,1,0,0,0,1,0,0,1,0,0,1,True,RSA,2048,65537,,,SHA256-RSA,0,1,0,0,DV,False,2,1,28,2,False,True,,True,True,,2,10,198.0,187.48427083333334,0,0,3,1,1,1,2,1,3,1,1,1,1,1,0,0,0,0,0,0,0,0,1
zgrab_US_587.json:14,zgrab_real,zgrab_US_587.json,14,US,SMTP_RESPONSE_OBSERVED,TLS_HANDSHAKE_SUCCEEDED,HANDSHAKE_SUCCEEDED,CERTIFICATE_OBSERVED,587,success,smtp,1,1,1,1,1,TLSv1.2,TLSv1.3,TLS_CHACHA20_POLY1305_SHA256,x25519,2,1,1,0,0,0,0,0,0,0,0,1,1,0,0,0,1,0,0,1,0,0,1,True,RSA,2048,65537,,,SHA256-RSA,0,1,0,0,DV,False,2,1,28,2,False,True,,True,True,,2,10,198.0,187.48425925925926,0,0,3,1,1,1,2,1,3,1,1,1,1,1,0,0,0,0,0,0,0,0,1
zgrab_US_587.json:15,zgrab_real,zgrab_US_587.json,15,US,SMTP_RESPONSE_OBSERVED,TLS_HANDSHAKE_SUCCEEDED,HANDSHAKE_SUCCEEDED,CERTIFICATE_OBSERVED,587,success,smtp,1,1,1,1,1,TLSv1.2,TLSv1.3,TLS_CHACHA20_POLY1305_SHA256,x25519,2,1,1,0,0,0,0,0,0,0,0,1,1,0,0,0,1,0,0,1,0,0,1,True,RSA,2048,65537,,,SHA256-RSA,0,1,0,0,DV,False,2,1,28,2,False,True,,True,True,,2,10,198.0,187.48422453703705,0,0,3,1,1,1,2,1,3,1,1,1,1,1,0,0,0,0,0,0,0,0,1
zgrab_US_587.json:16,zgrab_real,zgrab_US_587.json,16,US,SMTP_RESPONSE_OBSERVED,TLS_HANDSHAKE_SUCCEEDED,HANDSHAKE_SUCCEEDED,CERTIFICATE_OBSERVED,587,success,smtp,1,1,1,1,1,TLSv1.2,TLSv1.3,TLS_CHACHA20_POLY1305_SHA256,x25519,2,1,1,0,0,0,0,0,0,0,0,1,1,0,0,0,1,0,0,1,0,0,1,True,RSA,2048,65537,,,SHA256-RSA,0,1,0,0,DV,False,2,1,28,2,False,True,,True,True,,2,10,198.0,187.48422453703705,0,0,3,1,1,1,2,1,3,1,1,1,1,1,0,0,0,0,0,0,0,0,1
zgrab_US_587.json:17,zgrab_real,zgrab_US_587.json,17,US,SMTP_RESPONSE_OBSERVED,TLS_HANDSHAKE_SUCCEEDED,HANDSHAKE_SUCCEEDED,CERTIFICATE_OBSERVED,587,success,smtp,1,1,1,1,1,TLSv1.2,TLSv1.3,TLS_CHACHA20_POLY1305_SHA256,x25519,2,1,1,0,0,0,0,0,0,0,0,1,1,0,0,0,1,0,0,1,0,0,1,True,RSA,2048,65537,,,SHA256-RSA,0,1,0,0,DV,False,2,1,28,2,False,True,,True,True,,2,10,198.0,187.48422453703705,0,0,3,1,1,1,2,1,3,1,1,1,1,1,0,0,0,0,0,0,0,0,1
zgrab_US_587.json:18,zgrab_real,zgrab_US_587.json,18,US,SMTP_RESPONSE_OBSERVED,STARTTLS_NOT_OBSERVED,TLS_NOT_OBSERVED,CERTIFICATE_NOT_OBSERVED_NO_TLS,587,success,smtp,1,1,0,0,0,,,,,,,,,,,,,,,,,,,,,,,,,,,0,,,,,,,,,,,,,,,,,,,,,,,,,,,,,,,,,,,,,,,,,,,,,,,,,1,0
zgrab_US_587.json:19,zgrab_real,zgrab_US_587.json,19,US,SMTP_RESPONSE_OBSERVED,STARTTLS_NOT_OBSERVED,TLS_NOT_OBSERVED,CERTIFICATE_NOT_OBSERVED_NO_TLS,587,success,smtp,1,1,0,0,0,,,,,,,,,,,,,,,,,,,,,,,,,,,0,,,,,,,,,,,,,,,,,,,,,,,,,,,,,,,,,,,,,,,,,,,,,,,,,1,0
zgrab_US_587.json:20,zgrab_real,zgrab_US_587.json,20,US,SMTP_RESPONSE_OBSERVED,STARTTLS_NOT_OBSERVED,TLS_NOT_OBSERVED,CERTIFICATE_NOT_OBSERVED_NO_TLS,587,success,smtp,1,1,0,0,0,,,,,,,,,,,,,,,,,,,,,,,,,,,0,,,,,,,,,,,,,,,,,,,,,,,,,,,,,,,,,,,,,,,,,,,,,,,,,1,0
zgrab_US_587.json:21,zgrab_real,zgrab_US_587.json,21,US,SMTP_RESPONSE_OBSERVED,TLS_HANDSHAKE_SUCCEEDED,HANDSHAKE_SUCCEEDED,CERTIFICATE_OBSERVED,587,success,smtp,1,1,1,1,1,TLSv1.2,,TLS_ECDHE_RSA_WITH_AES_128_GCM_SHA256,,2,0,0,1,1,0,0,0,0,0,0,1,1,0,0,1,1,0,0,1,0,0,1,False,RSA,2048,65537,,,SHA256-RSA,0,1,0,0,unknown,True,1,0,28,1,False,True,True,,,,0,5,365.0,-96.22576388888889,1,0,0,0,0,0,0,0,0,0,0,0,1,1,0,0,0,0,0,0,1,0,1
zgrab_US_587.json:22,zgrab_real,zgrab_US_587.json,22,US,SMTP_RESPONSE_OBSERVED,STARTTLS_NOT_OBSERVED,TLS_NOT_OBSERVED,CERTIFICATE_NOT_OBSERVED_NO_TLS,587,success,smtp,1,1,0,0,0,,,,,,,,,,,,,,,,,,,,,,,,,,,0,,,,,,,,,,,,,,,,,,,,,,,,,,,,,,,,,,,,,,,,,,,,,,,,,1,0
zgrab_US_587.json:23,zgrab_real,zgrab_US_587.json,23,US,SMTP_RESPONSE_OBSERVED,STARTTLS_NOT_OBSERVED,TLS_NOT_OBSERVED,CERTIFICATE_NOT_OBSERVED_NO_TLS,587,success,smtp,1,1,0,0,0,,,,,,,,,,,,,,,,,,,,,,,,,,,0,,,,,,,,,,,,,,,,,,,,,,,,,,,,,,,,,,,,,,,,,,,,,,,,,1,0
zgrab_US_587.json:24,zgrab_real,zgrab_US_587.json,24,US,SMTP_RESPONSE_OBSERVED,STARTTLS_NOT_OBSERVED,TLS_NOT_OBSERVED,CERTIFICATE_NOT_OBSERVED_NO_TLS,587,success,smtp,1,1,0,0,0,,,,,,,,,,,,,,,,,,,,,,,,,,,0,,,,,,,,,,,,,,,,,,,,,,,,,,,,,,,,,,,,,,,,,,,,,,,,,1,0
zgrab_US_587.json:25,zgrab_real,zgrab_US_587.json,25,US,SMTP_RESPONSE_OBSERVED,STARTTLS_NOT_OBSERVED,TLS_NOT_OBSERVED,CERTIFICATE_NOT_OBSERVED_NO_TLS,587,success,smtp,1,1,0,0,0,,,,,,,,,,,,,,,,,,,,,,,,,,,0,,,,,,,,,,,,,,,,,,,,,,,,,,,,,,,,,,,,,,,,,,,,,,,,,1,0
zgrab_US_587.json:26,zgrab_real,zgrab_US_587.json,26,US,SMTP_RESPONSE_OBSERVED,STARTTLS_NOT_OBSERVED,TLS_NOT_OBSERVED,CERTIFICATE_NOT_OBSERVED_NO_TLS,587,success,smtp,1,1,0,0,0,,,,,,,,,,,,,,,,,,,,,,,,,,,0,,,,,,,,,,,,,,,,,,,,,,,,,,,,,,,,,,,,,,,,,,,,,,,,,1,0
zgrab_US_587.json:27,zgrab_real,zgrab_US_587.json,27,US,SMTP_RESPONSE_OBSERVED,STARTTLS_NOT_OBSERVED,TLS_NOT_OBSERVED,CERTIFICATE_NOT_OBSERVED_NO_TLS,587,success,smtp,1,1,0,0,0,,,,,,,,,,,,,,,,,,,,,,,,,,,0,,,,,,,,,,,,,,,,,,,,,,,,,,,,,,,,,,,,,,,,,,,,,,,,,1,0
zgrab_US_587.json:28,zgrab_real,zgrab_US_587.json,28,US,SMTP_RESPONSE_OBSERVED,STARTTLS_NOT_OBSERVED,TLS_NOT_OBSERVED,CERTIFICATE_NOT_OBSERVED_NO_TLS,587,success,smtp,1,1,0,0,0,,,,,,,,,,,,,,,,,,,,,,,,,,,0,,,,,,,,,,,,,,,,,,,,,,,,,,,,,,,,,,,,,,,,,,,,,,,,,1,0
zgrab_US_587.json:29,zgrab_real,zgrab_US_587.json,29,US,SMTP_RESPONSE_OBSERVED,STARTTLS_NOT_OBSERVED,TLS_NOT_OBSERVED,CERTIFICATE_NOT_OBSERVED_NO_TLS,587,success,smtp,1,1,0,0,0,,,,,,,,,,,,,,,,,,,,,,,,,,,0,,,,,,,,,,,,,,,,,,,,,,,,,,,,,,,,,,,,,,,,,,,,,,,,,1,0
zgrab_US_587.json:30,zgrab_real,zgrab_US_587.json,30,US,SMTP_RESPONSE_OBSERVED,TLS_HANDSHAKE_SUCCEEDED,HANDSHAKE_SUCCEEDED,CERTIFICATE_OBSERVED,587,success,smtp,1,1,1,1,1,TLSv1.2,TLSv1.3,TLS_CHACHA20_POLY1305_SHA256,x25519,2,1,1,0,0,0,0,0,0,0,0,1,1,0,0,0,1,0,0,1,0,0,1,True,RSA,2048,65537,,,SHA256-RSA,0,1,0,0,DV,False,2,1,28,2,False,True,,True,True,,2,10,198.0,187.48409722222223,0,0,3,1,1,1,2,1,3,1,1,1,1,1,0,0,0,0,0,0,0,0,1
zgrab_US_587.json:31,zgrab_real,zgrab_US_587.json,31,US,SMTP_RESPONSE_OBSERVED,STARTTLS_NOT_OBSERVED,TLS_NOT_OBSERVED,CERTIFICATE_NOT_OBSERVED_NO_TLS,587,success,smtp,1,1,0,0,0,,,,,,,,,,,,,,,,,,,,,,,,,,,0,,,,,,,,,,,,,,,,,,,,,,,,,,,,,,,,,,,,,,,,,,,,,,,,,1,0
zgrab_US_587.json:32,zgrab_real,zgrab_US_587.json,32,US,SMTP_RESPONSE_OBSERVED,STARTTLS_NOT_OBSERVED,TLS_NOT_OBSERVED,CERTIFICATE_NOT_OBSERVED_NO_TLS,587,success,smtp,1,1,0,0,0,,,,,,,,,,,,,,,,,,,,,,,,,,,0,,,,,,,,,,,,,,,,,,,,,,,,,,,,,,,,,,,,,,,,,,,,,,,,,1,0
zgrab_US_587.json:33,zgrab_real,zgrab_US_587.json,33,US,SMTP_RESPONSE_OBSERVED,STARTTLS_NOT_OBSERVED,TLS_NOT_OBSERVED,CERTIFICATE_NOT_OBSERVED_NO_TLS,587,success,smtp,1,1,0,0,0,,,,,,,,,,,,,,,,,,,,,,,,,,,0,,,,,,,,,,,,,,,,,,,,,,,,,,,,,,,,,,,,,,,,,,,,,,,,,1,0
zgrab_US_587.json:34,zgrab_real,zgrab_US_587.json,34,US,SMTP_RESPONSE_OBSERVED,STARTTLS_NOT_OBSERVED,TLS_NOT_OBSERVED,CERTIFICATE_NOT_OBSERVED_NO_TLS,587,success,smtp,1,1,0,0,0,,,,,,,,,,,,,,,,,,,,,,,,,,,0,,,,,,,,,,,,,,,,,,,,,,,,,,,,,,,,,,,,,,,,,,,,,,,,,1,0
zgrab_US_587.json:35,zgrab_real,zgrab_US_587.json,35,US,SMTP_RESPONSE_OBSERVED,STARTTLS_NOT_OBSERVED,TLS_NOT_OBSERVED,CERTIFICATE_NOT_OBSERVED_NO_TLS,587,success,smtp,1,1,0,0,0,,,,,,,,,,,,,,,,,,,,,,,,,,,0,,,,,,,,,,,,,,,,,,,,,,,,,,,,,,,,,,,,,,,,,,,,,,,,,1,0
zgrab_US_587.json:36,zgrab_real,zgrab_US_587.json,36,US,SMTP_RESPONSE_OBSERVED,STARTTLS_NOT_OBSERVED,TLS_NOT_OBSERVED,CERTIFICATE_NOT_OBSERVED_NO_TLS,587,success,smtp,1,1,0,0,0,,,,,,,,,,,,,,,,,,,,,,,,,,,0,,,,,,,,,,,,,,,,,,,,,,,,,,,,,,,,,,,,,,,,,,,,,,,,,1,0
zgrab_US_587.json:37,zgrab_real,zgrab_US_587.json,37,US,SMTP_RESPONSE_OBSERVED,TLS_HANDSHAKE_SUCCEEDED,HANDSHAKE_SUCCEEDED,CERTIFICATE_OBSERVED,587,success,smtp,1,1,1,1,1,TLSv1.2,,TLS_ECDHE_RSA_WITH_AES_128_GCM_SHA256,,2,0,0,1,1,0,0,0,0,0,0,1,1,0,0,1,1,0,0,1,0,0,1,False,RSA,2048,65537,,,SHA256-RSA,0,1,0,0,unknown,True,1,0,21,1,False,True,True,,,,0,5,365.0,206.20278935185186,0,0,0,0,0,0,0,0,0,0,0,0,1,1,0,0,0,0,0,0,1,0,1
zgrab_US_587.json:38,zgrab_real,zgrab_US_587.json,38,US,SMTP_RESPONSE_OBSERVED,TLS_HANDSHAKE_SUCCEEDED,HANDSHAKE_SUCCEEDED,CERTIFICATE_OBSERVED,587,success,smtp,1,1,1,1,1,TLSv1.2,TLSv1.3,TLS_CHACHA20_POLY1305_SHA256,x25519,2,1,1,0,0,0,0,0,0,0,0,1,1,0,0,0,1,0,0,1,0,0,1,True,RSA,2048,65537,,,SHA256-RSA,0,1,0,0,DV,False,1,0,14,1,False,True,,True,True,,2,10,89.99998842592592,59.16041666666667,0,0,2,0,1,0,1,1,2,1,1,1,1,1,0,0,0,0,0,0,0,0,1
zgrab_US_587.json:39,zgrab_real,zgrab_US_587.json,39,US,SMTP_RESPONSE_OBSERVED,TLS_HANDSHAKE_SUCCEEDED,HANDSHAKE_SUCCEEDED,CERTIFICATE_OBSERVED,587,success,smtp,1,1,1,1,1,TLSv1.2,TLSv1.3,TLS_CHACHA20_POLY1305_SHA256,x25519,2,1,1,0,0,0,0,0,0,0,0,1,1,0,0,0,1,0,0,1,0,0,1,True,RSA,2048,65537,,,SHA256-RSA,0,1,0,0,DV,False,1,0,24,1,False,True,,True,True,,2,10,89.99998842592592,38.322430555555556,0,0,2,0,1,0,1,1,2,1,1,1,1,1,0,0,0,0,0,0,0,0,1
zgrab_US_587.json:40,zgrab_real,zgrab_US_587.json,40,US,SMTP_RESPONSE_OBSERVED,STARTTLS_NOT_OBSERVED,TLS_NOT_OBSERVED,CERTIFICATE_NOT_OBSERVED_NO_TLS,587,success,smtp,1,1,0,0,0,,,,,,,,,,,,,,,,,,,,,,,,,,,0,,,,,,,,,,,,,,,,,,,,,,,,,,,,,,,,,,,,,,,,,,,,,,,,,1,0
zgrab_US_587.json:41,zgrab_real,zgrab_US_587.json,41,US,SMTP_RESPONSE_OBSERVED,STARTTLS_NOT_OBSERVED,TLS_NOT_OBSERVED,CERTIFICATE_NOT_OBSERVED_NO_TLS,587,success,smtp,1,1,0,0,0,,,,,,,,,,,,,,,,,,,,,,,,,,,0,,,,,,,,,,,,,,,,,,,,,,,,,,,,,,,,,,,,,,,,,,,,,,,,,1,0
zgrab_US_587.json:42,zgrab_real,zgrab_US_587.json,42,US,SMTP_RESPONSE_OBSERVED,STARTTLS_NOT_OBSERVED,TLS_NOT_OBSERVED,CERTIFICATE_NOT_OBSERVED_NO_TLS,587,success,smtp,1,1,0,0,0,,,,,,,,,,,,,,,,,,,,,,,,,,,0,,,,,,,,,,,,,,,,,,,,,,,,,,,,,,,,,,,,,,,,,,,,,,,,,1,0
zgrab_US_587.json:43,zgrab_real,zgrab_US_587.json,43,US,SMTP_RESPONSE_OBSERVED,STARTTLS_NOT_OBSERVED,TLS_NOT_OBSERVED,CERTIFICATE_NOT_OBSERVED_NO_TLS,587,success,smtp,1,1,0,0,0,,,,,,,,,,,,,,,,,,,,,,,,,,,0,,,,,,,,,,,,,,,,,,,,,,,,,,,,,,,,,,,,,,,,,,,,,,,,,1,0
zgrab_US_587.json:44,zgrab_real,zgrab_US_587.json,44,US,SMTP_RESPONSE_OBSERVED,STARTTLS_NOT_OBSERVED,TLS_NOT_OBSERVED,CERTIFICATE_NOT_OBSERVED_NO_TLS,587,success,smtp,1,1,0,0,0,,,,,,,,,,,,,,,,,,,,,,,,,,,0,,,,,,,,,,,,,,,,,,,,,,,,,,,,,,,,,,,,,,,,,,,,,,,,,1,0
zgrab_US_587.json:45,zgrab_real,zgrab_US_587.json,45,US,SMTP_RESPONSE_OBSERVED,TLS_HANDSHAKE_SUCCEEDED,HANDSHAKE_SUCCEEDED,CERTIFICATE_OBSERVED,587,success,smtp,1,1,1,1,1,TLSv1.2,TLSv1.3,TLS_CHACHA20_POLY1305_SHA256,secp256r1,2,1,1,0,0,0,0,0,0,0,0,1,1,0,0,0,1,0,0,1,0,0,1,True,RSA,4096,65537,,,SHA256-RSA,0,1,0,0,DV,False,52,0,17,52,False,True,,True,True,,2,10,89.99998842592592,83.60127314814815,0,0,3,0,1,0,1,1,2,1,1,1,1,1,0,0,0,0,0,0,0,0,1
zgrab_US_587.json:46,zgrab_real,zgrab_US_587.json,46,US,SMTP_RESPONSE_OBSERVED,TLS_HANDSHAKE_SUCCEEDED,HANDSHAKE_SUCCEEDED,CERTIFICATE_OBSERVED,587,success,smtp,1,1,1,1,1,TLSv1.2,TLSv1.3,TLS_CHACHA20_POLY1305_SHA256,secp256r1,2,1,1,0,0,0,0,0,0,0,0,1,1,0,0,0,1,0,0,1,0,0,1,True,RSA,4096,65537,,,SHA256-RSA,0,1,0,0,DV,False,52,0,17,52,False,True,,True,True,,2,10,89.99998842592592,83.60127314814815,0,0,3,0,1,0,1,1,2,1,1,1,1,1,0,0,0,0,0,0,0,0,1
zgrab_US_587.json:47,zgrab_real,zgrab_US_587.json,47,US,SMTP_RESPONSE_OBSERVED,TLS_HANDSHAKE_SUCCEEDED,HANDSHAKE_SUCCEEDED,CERTIFICATE_OBSERVED,587,success,smtp,1,1,1,1,1,TLSv1.2,TLSv1.3,TLS_CHACHA20_POLY1305_SHA256,secp256r1,2,1,1,0,0,0,0,0,0,0,0,1,1,0,0,0,1,0,0,1,0,0,1,True,RSA,2048,65537,,,SHA256-RSA,0,1,0,0,DV,False,11,0,26,11,False,True,,True,True,,2,10,89.99998842592592,66.451875,0,0,3,0,1,0,1,1,2,1,1,1,1,1,0,0,0,0,0,0,0,0,1
zgrab_US_587.json:48,zgrab_real,zgrab_US_587.json,48,US,SMTP_RESPONSE_OBSERVED,STARTTLS_NOT_OBSERVED,TLS_NOT_OBSERVED,CERTIFICATE_NOT_OBSERVED_NO_TLS,587,success,smtp,1,0,0,0,0,,,,,,,,,,,,,,,,,,,,,,,,,,,0,,,,,,,,,,,,,,,,,,,,,,,,,,,,,,,,,,,,,,,,,,,,,,,,,1,0
zgrab_US_587.json:49,zgrab_real,zgrab_US_587.json,49,US,SMTP_RESPONSE_OBSERVED,TLS_HANDSHAKE_SUCCEEDED,HANDSHAKE_SUCCEEDED,CERTIFICATE_OBSERVED,587,success,smtp,1,1,1,1,1,TLSv1.2,TLSv1.3,TLS_CHACHA20_POLY1305_SHA256,x25519,2,1,1,0,0,0,0,0,0,0,0,1,1,0,0,0,1,0,0,1,0,0,1,True,RSA,3072,65537,,,SHA256-RSA,0,1,0,0,DV,False,3,0,28,3,False,True,,True,True,,2,10,89.99998842592592,82.55048611111111,0,0,2,0,1,0,1,1,2,1,1,1,1,1,0,0,0,0,0,0,0,0,1
zgrab_US_587.json:50,zgrab_real,zgrab_US_587.json,50,US,SMTP_RESPONSE_OBSERVED,STARTTLS_NOT_OBSERVED,TLS_NOT_OBSERVED,CERTIFICATE_NOT_OBSERVED_NO_TLS,587,success,smtp,1,1,0,0,0,,,,,,,,,,,,,,,,,,,,,,,,,,,0,,,,,,,,,,,,,,,,,,,,,,,,,,,,,,,,,,,,,,,,,,,,,,,,,1,0
zgrab_US_587.json:51,zgrab_real,zgrab_US_587.json,51,US,SMTP_RESPONSE_OBSERVED,TLS_HANDSHAKE_SUCCEEDED,HANDSHAKE_SUCCEEDED,CERTIFICATE_OBSERVED,587,success,smtp,1,1,1,1,1,TLSv1.2,TLSv1.3,TLS_CHACHA20_POLY1305_SHA256,x25519,2,1,1,0,0,0,0,0,0,0,0,1,1,0,0,0,1,0,0,1,0,0,1,True,RSA,3072,65537,,,SHA256-RSA,0,1,0,0,DV,False,3,0,28,3,False,True,,True,True,,2,10,89.99998842592592,82.55045138888889,0,0,2,0,1,0,1,1,2,1,1,1,1,1,0,0,0,0,0,0,0,0,1
zgrab_US_587.json:52,zgrab_real,zgrab_US_587.json,52,US,SMTP_RESPONSE_OBSERVED,TLS_HANDSHAKE_SUCCEEDED,HANDSHAKE_SUCCEEDED,CERTIFICATE_OBSERVED,587,success,smtp,1,1,1,1,1,TLSv1.2,TLSv1.3,TLS_CHACHA20_POLY1305_SHA256,x25519,2,1,1,0,0,0,0,0,0,0,0,1,1,0,0,0,1,0,0,1,0,0,1,True,RSA,3072,65537,,,SHA256-RSA,0,1,0,0,DV,False,3,0,28,3,False,True,,True,True,,2,10,89.99998842592592,82.55042824074074,0,0,2,0,1,0,1,1,2,1,1,1,1,1,0,0,0,0,0,0,0,0,1
zgrab_US_587.json:53,zgrab_real,zgrab_US_587.json,53,US,SMTP_RESPONSE_OBSERVED,TLS_HANDSHAKE_SUCCEEDED,HANDSHAKE_SUCCEEDED,CERTIFICATE_OBSERVED,587,success,smtp,1,1,1,1,1,TLSv1.2,TLSv1.3,TLS_CHACHA20_POLY1305_SHA256,x25519,2,1,1,0,0,0,0,0,0,0,0,1,1,0,0,0,1,0,0,1,0,0,1,True,RSA,3072,65537,,,SHA256-RSA,0,1,0,0,DV,False,3,0,28,3,False,True,,True,True,,2,10,89.99998842592592,82.55042824074074,0,0,2,0,1,0,1,1,2,1,1,1,1,1,0,0,0,0,0,0,0,0,1
zgrab_US_587.json:54,zgrab_real,zgrab_US_587.json,54,US,SMTP_RESPONSE_OBSERVED,STARTTLS_NOT_OBSERVED,TLS_NOT_OBSERVED,CERTIFICATE_NOT_OBSERVED_NO_TLS,587,success,smtp,1,1,0,0,0,,,,,,,,,,,,,,,,,,,,,,,,,,,0,,,,,,,,,,,,,,,,,,,,,,,,,,,,,,,,,,,,,,,,,,,,,,,,,1,0
zgrab_US_587.json:55,zgrab_real,zgrab_US_587.json,55,US,SMTP_RESPONSE_OBSERVED,TLS_HANDSHAKE_SUCCEEDED,HANDSHAKE_SUCCEEDED,CERTIFICATE_OBSERVED,587,success,smtp,1,1,1,1,1,TLSv1.2,TLSv1.3,TLS_CHACHA20_POLY1305_SHA256,x25519,2,1,1,0,0,0,0,0,0,0,0,1,1,0,0,0,1,0,0,1,0,0,1,True,RSA,3072,65537,,,SHA256-RSA,0,1,0,0,DV,False,3,0,28,3,False,True,,True,True,,2,10,89.99998842592592,82.5504050925926,0,0,2,0,1,0,1,1,2,1,1,1,1,1,0,0,0,0,0,0,0,0,1
zgrab_US_587.json:56,zgrab_real,zgrab_US_587.json,56,US,SMTP_RESPONSE_OBSERVED,TLS_HANDSHAKE_SUCCEEDED,HANDSHAKE_SUCCEEDED,CERTIFICATE_OBSERVED,587,success,smtp,1,1,1,1,1,TLSv1.2,TLSv1.3,TLS_CHACHA20_POLY1305_SHA256,x25519,2,1,1,0,0,0,0,0,0,0,0,1,1,0,0,0,1,0,0,1,0,0,1,True,RSA,3072,65537,,,SHA256-RSA,0,1,0,0,DV,False,3,0,28,3,False,True,,True,True,,2,10,89.99998842592592,82.5504050925926,0,0,2,0,1,0,1,1,2,1,1,1,1,1,0,0,0,0,0,0,0,0,1
zgrab_US_587.json:57,zgrab_real,zgrab_US_587.json,57,US,SMTP_RESPONSE_OBSERVED,TLS_HANDSHAKE_SUCCEEDED,HANDSHAKE_SUCCEEDED,CERTIFICATE_OBSERVED,587,success,smtp,1,1,1,1,1,TLSv1.2,TLSv1.3,TLS_CHACHA20_POLY1305_SHA256,x25519,2,1,1,0,0,0,0,0,0,0,0,1,1,0,0,0,1,0,0,1,0,0,1,True,RSA,3072,65537,,,SHA256-RSA,0,1,0,0,DV,False,3,0,28,3,False,True,,True,True,,2,10,89.99998842592592,82.55038194444444,0,0,2,0,1,0,1,1,2,1,1,1,1,1,0,0,0,0,0,0,0,0,1
zgrab_US_587.json:58,zgrab_real,zgrab_US_587.json,58,US,SMTP_RESPONSE_OBSERVED,TLS_HANDSHAKE_SUCCEEDED,HANDSHAKE_SUCCEEDED,CERTIFICATE_OBSERVED,587,success,smtp,1,1,1,1,1,TLSv1.2,TLSv1.3,TLS_CHACHA20_POLY1305_SHA256,x25519,2,1,1,0,0,0,0,0,0,0,0,1,1,0,0,0,1,0,0,1,0,0,1,True,RSA,3072,65537,,,SHA256-RSA,0,1,0,0,DV,False,3,0,28,3,False,True,,True,True,,2,10,89.99998842592592,82.55037037037037,0,0,2,0,1,0,1,1,2,1,1,1,1,1,0,0,0,0,0,0,0,0,1
zgrab_US_587.json:59,zgrab_real,zgrab_US_587.json,59,US,SMTP_RESPONSE_OBSERVED,TLS_HANDSHAKE_SUCCEEDED,HANDSHAKE_SUCCEEDED,CERTIFICATE_OBSERVED,587,success,smtp,1,1,1,1,1,TLSv1.2,TLSv1.3,TLS_CHACHA20_POLY1305_SHA256,x25519,2,1,1,0,0,0,0,0,0,0,0,1,1,0,0,0,1,0,0,1,0,0,1,True,RSA,3072,65537,,,SHA256-RSA,0,1,0,0,DV,False,3,0,28,3,False,True,,True,True,,2,10,89.99998842592592,82.55037037037037,0,0,2,0,1,0,1,1,2,1,1,1,1,1,0,0,0,0,0,0,0,0,1
zgrab_US_587.json:60,zgrab_real,zgrab_US_587.json,60,US,SMTP_RESPONSE_OBSERVED,TLS_HANDSHAKE_SUCCEEDED,HANDSHAKE_SUCCEEDED,CERTIFICATE_OBSERVED,587,success,smtp,1,1,1,1,1,TLSv1.2,TLSv1.3,TLS_CHACHA20_POLY1305_SHA256,x25519,2,1,1,0,0,0,0,0,0,0,0,1,1,0,0,0,1,0,0,1,0,0,1,True,RSA,3072,65537,,,SHA256-RSA,0,1,0,0,DV,False,3,0,28,3,False,True,,True,True,,2,10,89.99998842592592,82.5503587962963,0,0,2,0,1,0,1,1,2,1,1,1,1,1,0,0,0,0,0,0,0,0,1
zgrab_US_587.json:61,zgrab_real,zgrab_US_587.json,61,US,SMTP_RESPONSE_OBSERVED,TLS_HANDSHAKE_SUCCEEDED,HANDSHAKE_SUCCEEDED,CERTIFICATE_OBSERVED,587,success,smtp,1,1,1,1,1,TLSv1.2,,TLS_ECDHE_RSA_WITH_AES_128_GCM_SHA256,,2,0,0,1,1,0,0,0,0,0,0,1,1,0,0,1,1,0,0,1,0,0,1,False,RSA,2048,65537,,,SHA256-RSA,0,1,0,0,unknown,True,1,0,22,1,False,True,True,,,,0,5,365.0,-75.73931712962963,1,0,0,0,0,0,0,0,0,0,0,0,1,1,0,0,0,0,0,0,1,0,1
zgrab_US_587.json:62,zgrab_real,zgrab_US_587.json,62,US,SMTP_RESPONSE_OBSERVED,TLS_HANDSHAKE_SUCCEEDED,HANDSHAKE_SUCCEEDED,CERTIFICATE_OBSERVED,587,success,smtp,1,1,1,1,1,TLSv1.2,TLSv1.3,TLS_CHACHA20_POLY1305_SHA256,x25519,2,1,1,0,0,0,0,0,0,0,0,1,1,0,0,0,1,0,0,1,0,0,1,True,RSA,2048,65537,,,SHA256-RSA,0,1,0,0,DV,False,2,1,28,2,False,True,,True,True,,2,10,198.0,187.48377314814815,0,0,3,1,1,1,2,1,3,1,1,1,1,1,0,0,0,0,0,0,0,0,1
zgrab_US_587.json:63,zgrab_real,zgrab_US_587.json,63,US,SMTP_RESPONSE_OBSERVED,TLS_HANDSHAKE_SUCCEEDED,HANDSHAKE_SUCCEEDED,CERTIFICATE_OBSERVED,587,success,smtp,1,1,1,1,1,TLSv1.2,TLSv1.3,TLS_CHACHA20_POLY1305_SHA256,x25519,2,1,1,0,0,0,0,0,0,0,0,1,1,0,0,0,1,0,0,1,0,0,1,True,RSA,2048,65537,,,SHA256-RSA,0,1,0,0,DV,False,2,1,28,2,False,True,,True,True,,2,10,198.0,187.48369212962962,0,0,3,1,1,1,2,1,3,1,1,1,1,1,0,0,0,0,0,0,0,0,1
zgrab_US_587.json:64,zgrab_real,zgrab_US_587.json,64,US,SMTP_RESPONSE_OBSERVED,TLS_HANDSHAKE_SUCCEEDED,HANDSHAKE_SUCCEEDED,CERTIFICATE_OBSERVED,587,success,smtp,1,1,1,1,1,TLSv1.2,TLSv1.3,TLS_CHACHA20_POLY1305_SHA256,x25519,2,1,1,0,0,0,0,0,0,0,0,1,1,0,0,0,1,0,0,1,0,0,1,True,RSA,2048,65537,,,SHA256-RSA,0,1,0,0,DV,False,2,1,28,2,False,True,,True,True,,2,10,198.0,187.48368055555557,0,0,3,1,1,1,2,1,3,1,1,1,1,1,0,0,0,0,0,0,0,0,1
zgrab_US_587.json:65,zgrab_real,zgrab_US_587.json,65,US,SMTP_RESPONSE_OBSERVED,TLS_HANDSHAKE_SUCCEEDED,HANDSHAKE_SUCCEEDED,CERTIFICATE_OBSERVED,587,success,smtp,1,1,1,1,1,TLSv1.2,TLSv1.3,TLS_CHACHA20_POLY1305_SHA256,x25519,2,1,1,0,0,0,0,0,0,0,0,1,1,0,0,0,1,0,0,1,0,0,1,True,RSA,2048,65537,,,SHA256-RSA,0,1,0,0,DV,False,2,1,28,2,False,True,,True,True,,2,10,198.0,187.48364583333333,0,0,3,1,1,1,2,1,3,1,1,1,1,1,0,0,0,0,0,0,0,0,1
zgrab_US_587.json:66,zgrab_real,zgrab_US_587.json,66,US,SMTP_PROBE_FAILED,STARTTLS_NOT_OBSERVED,TLS_NOT_OBSERVED,CERTIFICATE_NOT_OBSERVED_NO_TLS,587,protocol-error,smtp,0,0,0,0,0,,,,,,,,,,,,,,,,,,,,,,,,,,,0,,,,,,,,,,,,,,,,,,,,,,,,,,,,,,,,,,,,,,,,,,,,,,,,,0,0
zgrab_US_587.json:67,zgrab_real,zgrab_US_587.json,67,US,SMTP_RESPONSE_OBSERVED,TLS_HANDSHAKE_SUCCEEDED,HANDSHAKE_SUCCEEDED,CERTIFICATE_OBSERVED,587,success,smtp,1,1,1,1,1,TLSv1.2,TLSv1.3,TLS_CHACHA20_POLY1305_SHA256,x25519,2,1,1,0,0,0,0,0,0,0,0,1,1,0,0,0,1,0,0,1,0,0,1,True,RSA,2048,65537,,,SHA256-RSA,0,1,0,0,DV,False,2,1,28,2,False,True,,True,True,,2,10,198.0,187.48358796296296,0,0,3,1,1,1,2,1,3,1,1,1,1,1,0,0,0,0,0,0,0,0,1
zgrab_US_587.json:68,zgrab_real,zgrab_US_587.json,68,US,SMTP_RESPONSE_OBSERVED,TLS_HANDSHAKE_SUCCEEDED,HANDSHAKE_SUCCEEDED,CERTIFICATE_OBSERVED,587,success,smtp,1,1,1,1,1,TLSv1.2,TLSv1.3,TLS_CHACHA20_POLY1305_SHA256,x25519,2,1,1,0,0,0,0,0,0,0,0,1,1,0,0,0,1,0,0,1,0,0,1,True,RSA,2048,65537,,,SHA256-RSA,0,1,0,0,DV,False,2,1,28,2,False,True,,True,True,,2,10,198.0,187.48357638888888,0,0,3,1,1,1,2,1,3,1,1,1,1,1,0,0,0,0,0,0,0,0,1
zgrab_US_587.json:69,zgrab_real,zgrab_US_587.json,69,US,SMTP_RESPONSE_OBSERVED,TLS_HANDSHAKE_SUCCEEDED,HANDSHAKE_SUCCEEDED,CERTIFICATE_OBSERVED,587,success,smtp,1,1,1,1,1,TLSv1.2,,TLS_ECDHE_RSA_WITH_AES_128_GCM_SHA256,,2,0,0,1,1,0,0,0,0,0,0,1,1,0,0,1,1,0,0,1,0,0,1,True,RSA,2048,65537,,,SHA256-RSA,0,1,0,0,DV,False,12,0,30,12,False,True,,True,True,,2,10,89.99998842592592,27.041435185185186,0,0,2,0,1,0,1,1,2,1,1,1,1,1,0,0,0,0,0,0,0,0,1
zgrab_US_587.json:70,zgrab_real,zgrab_US_587.json,70,US,SMTP_RESPONSE_OBSERVED,TLS_HANDSHAKE_SUCCEEDED,HANDSHAKE_SUCCEEDED,CERTIFICATE_OBSERVED,587,success,smtp,1,1,1,1,1,TLSv1.2,,TLS_ECDHE_RSA_WITH_AES_128_GCM_SHA256,,2,0,0,1,1,0,0,0,0,0,0,1,1,0,0,1,1,0,0,1,0,0,1,True,RSA,2048,65537,,,SHA256-RSA,0,1,0,0,DV,False,12,0,28,12,False,True,,True,True,,2,10,89.99998842592592,71.25171296296297,0,0,2,0,1,0,1,1,2,1,1,1,1,1,0,0,0,0,0,0,0,0,1
zgrab_US_587.json:71,zgrab_real,zgrab_US_587.json,71,US,SMTP_RESPONSE_OBSERVED,STARTTLS_NOT_OBSERVED,TLS_NOT_OBSERVED,CERTIFICATE_NOT_OBSERVED_NO_TLS,587,success,smtp,1,1,0,0,0,,,,,,,,,,,,,,,,,,,,,,,,,,,0,,,,,,,,,,,,,,,,,,,,,,,,,,,,,,,,,,,,,,,,,,,,,,,,,1,0
zgrab_US_587.json:72,zgrab_real,zgrab_US_587.json,72,US,SMTP_RESPONSE_OBSERVED,TLS_HANDSHAKE_SUCCEEDED,HANDSHAKE_SUCCEEDED,CERTIFICATE_OBSERVED,587,success,smtp,1,1,1,1,1,TLSv1.2,TLSv1.3,TLS_CHACHA20_POLY1305_SHA256,x25519,2,1,1,0,0,0,0,0,0,0,0,1,1,0,0,0,1,0,0,1,0,0,1,True,RSA,2048,65537,,,SHA256-RSA,0,1,0,0,DV,False,2,1,28,2,False,True,,True,True,,2,10,198.0,187.4835185185185,0,0,3,1,1,1,2,1,3,1,1,1,1,1,0,0,0,0,0,0,0,0,1
zgrab_US_587.json:73,zgrab_real,zgrab_US_587.json,73,US,SMTP_RESPONSE_OBSERVED,TLS_HANDSHAKE_SUCCEEDED,HANDSHAKE_SUCCEEDED,CERTIFICATE_OBSERVED,587,success,smtp,1,1,1,1,1,TLSv1.2,,TLS_ECDHE_RSA_WITH_AES_128_GCM_SHA256,,2,0,0,1,1,0,0,0,0,0,0,1,1,0,0,1,1,0,0,1,0,0,1,True,RSA,2048,65537,,,SHA256-RSA,0,1,0,0,DV,False,3,0,33,3,False,True,,True,True,,2,10,89.99998842592592,77.96763888888889,0,0,2,0,1,0,1,1,2,1,1,1,1,1,0,0,0,0,0,0,0,0,1
zgrab_US_587.json:74,zgrab_real,zgrab_US_587.json,74,US,SMTP_RESPONSE_OBSERVED,TLS_HANDSHAKE_SUCCEEDED,HANDSHAKE_SUCCEEDED,CERTIFICATE_OBSERVED,587,success,smtp,1,1,1,1,1,TLSv1.2,TLSv1.3,TLS_CHACHA20_POLY1305_SHA256,x25519,2,1,1,0,0,0,0,0,0,0,0,1,1,0,0,0,1,0,0,1,0,0,1,True,RSA,2048,65537,,,SHA256-RSA,0,1,0,0,DV,False,3,0,33,3,False,True,,True,True,,2,10,89.99998842592592,33.62512731481481,0,0,2,0,1,0,1,1,2,1,1,1,1,1,0,0,0,0,0,0,0,0,1
zgrab_US_587.json:75,zgrab_real,zgrab_US_587.json,75,US,SMTP_RESPONSE_OBSERVED,STARTTLS_NOT_OBSERVED,TLS_NOT_OBSERVED,CERTIFICATE_NOT_OBSERVED_NO_TLS,587,success,smtp,1,1,0,0,0,,,,,,,,,,,,,,,,,,,,,,,,,,,0,,,,,,,,,,,,,,,,,,,,,,,,,,,,,,,,,,,,,,,,,,,,,,,,,1,0
zgrab_US_587.json:76,zgrab_real,zgrab_US_587.json,76,US,SMTP_RESPONSE_OBSERVED,STARTTLS_NOT_OBSERVED,TLS_NOT_OBSERVED,CERTIFICATE_NOT_OBSERVED_NO_TLS,587,success,smtp,1,1,0,0,0,,,,,,,,,,,,,,,,,,,,,,,,,,,0,,,,,,,,,,,,,,,,,,,,,,,,,,,,,,,,,,,,,,,,,,,,,,,,,1,0
zgrab_US_587.json:77,zgrab_real,zgrab_US_587.json,77,US,SMTP_RESPONSE_OBSERVED,STARTTLS_NOT_OBSERVED,TLS_NOT_OBSERVED,CERTIFICATE_NOT_OBSERVED_NO_TLS,587,success,smtp,1,1,0,0,0,,,,,,,,,,,,,,,,,,,,,,,,,,,0,,,,,,,,,,,,,,,,,,,,,,,,,,,,,,,,,,,,,,,,,,,,,,,,,1,0
zgrab_US_587.json:78,zgrab_real,zgrab_US_587.json,78,US,SMTP_RESPONSE_OBSERVED,STARTTLS_NOT_OBSERVED,TLS_NOT_OBSERVED,CERTIFICATE_NOT_OBSERVED_NO_TLS,587,success,smtp,1,1,0,0,0,,,,,,,,,,,,,,,,,,,,,,,,,,,0,,,,,,,,,,,,,,,,,,,,,,,,,,,,,,,,,,,,,,,,,,,,,,,,,1,0
zgrab_US_587.json:79,zgrab_real,zgrab_US_587.json,79,US,SMTP_RESPONSE_OBSERVED,STARTTLS_NOT_OBSERVED,TLS_NOT_OBSERVED,CERTIFICATE_NOT_OBSERVED_NO_TLS,587,success,smtp,1,1,0,0,0,,,,,,,,,,,,,,,,,,,,,,,,,,,0,,,,,,,,,,,,,,,,,,,,,,,,,,,,,,,,,,,,,,,,,,,,,,,,,1,0
zgrab_US_587.json:80,zgrab_real,zgrab_US_587.json,80,US,SMTP_RESPONSE_OBSERVED,STARTTLS_NOT_OBSERVED,TLS_NOT_OBSERVED,CERTIFICATE_NOT_OBSERVED_NO_TLS,587,success,smtp,1,1,0,0,0,,,,,,,,,,,,,,,,,,,,,,,,,,,0,,,,,,,,,,,,,,,,,,,,,,,,,,,,,,,,,,,,,,,,,,,,,,,,,1,0
zgrab_US_587.json:81,zgrab_real,zgrab_US_587.json,81,US,SMTP_RESPONSE_OBSERVED,STARTTLS_NOT_OBSERVED,TLS_NOT_OBSERVED,CERTIFICATE_NOT_OBSERVED_NO_TLS,587,success,smtp,1,1,0,0,0,,,,,,,,,,,,,,,,,,,,,,,,,,,0,,,,,,,,,,,,,,,,,,,,,,,,,,,,,,,,,,,,,,,,,,,,,,,,,1,0
zgrab_US_587.json:82,zgrab_real,zgrab_US_587.json,82,US,SMTP_RESPONSE_OBSERVED,STARTTLS_NOT_OBSERVED,TLS_NOT_OBSERVED,CERTIFICATE_NOT_OBSERVED_NO_TLS,587,success,smtp,1,1,0,0,0,,,,,,,,,,,,,,,,,,,,,,,,,,,0,,,,,,,,,,,,,,,,,,,,,,,,,,,,,,,,,,,,,,,,,,,,,,,,,1,0
zgrab_US_587.json:83,zgrab_real,zgrab_US_587.json,83,US,SMTP_RESPONSE_OBSERVED,STARTTLS_NOT_OBSERVED,TLS_NOT_OBSERVED,CERTIFICATE_NOT_OBSERVED_NO_TLS,587,success,smtp,1,1,0,0,0,,,,,,,,,,,,,,,,,,,,,,,,,,,0,,,,,,,,,,,,,,,,,,,,,,,,,,,,,,,,,,,,,,,,,,,,,,,,,1,0
zgrab_US_587.json:84,zgrab_real,zgrab_US_587.json,84,US,SMTP_RESPONSE_OBSERVED,STARTTLS_NOT_OBSERVED,TLS_NOT_OBSERVED,CERTIFICATE_NOT_OBSERVED_NO_TLS,587,success,smtp,1,1,0,0,0,,,,,,,,,,,,,,,,,,,,,,,,,,,0,,,,,,,,,,,,,,,,,,,,,,,,,,,,,,,,,,,,,,,,,,,,,,,,,1,0
zgrab_US_587.json:85,zgrab_real,zgrab_US_587.json,85,US,SMTP_PROBE_FAILED,STARTTLS_NOT_OBSERVED,TLS_NOT_OBSERVED,CERTIFICATE_NOT_OBSERVED_NO_TLS,587,application-error,smtp,1,0,0,0,0,,,,,,,,,,,,,,,,,,,,,,,,,,,0,,,,,,,,,,,,,,,,,,,,,,,,,,,,,,,,,,,,,,,,,,,,,,,,,1,0
zgrab_US_587.json:86,zgrab_real,zgrab_US_587.json,86,US,SMTP_RESPONSE_OBSERVED,STARTTLS_NOT_OBSERVED,TLS_NOT_OBSERVED,CERTIFICATE_NOT_OBSERVED_NO_TLS,587,success,smtp,1,1,0,0,0,,,,,,,,,,,,,,,,,,,,,,,,,,,0,,,,,,,,,,,,,,,,,,,,,,,,,,,,,,,,,,,,,,,,,,,,,,,,,1,0
zgrab_US_587.json:87,zgrab_real,zgrab_US_587.json,87,US,SMTP_RESPONSE_OBSERVED,STARTTLS_NOT_OBSERVED,TLS_NOT_OBSERVED,CERTIFICATE_NOT_OBSERVED_NO_TLS,587,success,smtp,1,1,0,0,0,,,,,,,,,,,,,,,,,,,,,,,,,,,0,,,,,,,,,,,,,,,,,,,,,,,,,,,,,,,,,,,,,,,,,,,,,,,,,1,0
zgrab_US_587.json:88,zgrab_real,zgrab_US_587.json,88,US,SMTP_RESPONSE_OBSERVED,STARTTLS_NOT_OBSERVED,TLS_NOT_OBSERVED,CERTIFICATE_NOT_OBSERVED_NO_TLS,587,success,smtp,1,0,0,0,0,,,,,,,,,,,,,,,,,,,,,,,,,,,0,,,,,,,,,,,,,,,,,,,,,,,,,,,,,,,,,,,,,,,,,,,,,,,,,1,0
zgrab_US_587.json:89,zgrab_real,zgrab_US_587.json,89,US,SMTP_RESPONSE_OBSERVED,TLS_HANDSHAKE_SUCCEEDED,HANDSHAKE_SUCCEEDED,CERTIFICATE_OBSERVED,587,success,smtp,1,1,1,1,1,TLSv1.2,TLSv1.3,TLS_CHACHA20_POLY1305_SHA256,x25519,2,1,1,0,0,0,0,0,0,0,0,1,1,0,0,0,1,0,0,1,0,0,1,True,RSA,2048,65537,,,SHA256-RSA,0,1,0,0,DV,False,2,0,28,2,False,True,,True,True,,2,10,89.99998842592592,30.712465277777778,0,0,2,0,1,0,1,1,2,1,1,1,1,1,0,0,0,0,0,0,0,0,1
zgrab_US_587.json:90,zgrab_real,zgrab_US_587.json,90,US,SMTP_RESPONSE_OBSERVED,TLS_HANDSHAKE_SUCCEEDED,HANDSHAKE_SUCCEEDED,CERTIFICATE_OBSERVED,587,success,smtp,1,1,1,1,1,TLSv1.2,TLSv1.3,TLS_CHACHA20_POLY1305_SHA256,x25519,2,1,1,0,0,0,0,0,0,0,0,1,1,0,0,0,1,0,0,1,0,0,1,True,RSA,2048,65537,,,SHA256-RSA,0,1,0,0,DV,False,2,0,27,2,False,True,,True,True,,2,10,89.99998842592592,10.408217592592592,0,0,2,0,1,0,1,1,2,1,1,1,1,1,0,0,0,0,0,0,0,0,1
zgrab_US_587.json:91,zgrab_real,zgrab_US_587.json,91,US,SMTP_RESPONSE_OBSERVED,TLS_HANDSHAKE_SUCCEEDED,HANDSHAKE_SUCCEEDED,CERTIFICATE_OBSERVED,587,success,smtp,1,1,1,1,1,TLSv1.2,TLSv1.3,TLS_CHACHA20_POLY1305_SHA256,x25519,2,1,1,0,0,0,0,0,0,0,0,1,1,0,0,0,1,0,0,1,0,0,1,False,RSA,2048,65537,,,SHA256-RSA,0,1,0,0,unknown,True,1,0,22,1,False,True,True,,,,0,5,365.0,34.417800925925924,0,0,0,0,0,0,0,0,0,0,0,0,1,1,0,0,0,0,0,0,1,0,1
zgrab_US_587.json:92,zgrab_real,zgrab_US_587.json,92,US,SMTP_RESPONSE_OBSERVED,TLS_HANDSHAKE_SUCCEEDED,HANDSHAKE_SUCCEEDED,CERTIFICATE_OBSERVED,587,success,smtp,1,1,1,1,1,TLSv1.2,,TLS_ECDHE_RSA_WITH_AES_128_GCM_SHA256,,2,0,0,1,1,0,0,0,0,0,0,1,1,0,0,1,1,0,0,1,0,0,1,True,RSA,2048,65537,,,SHA256-RSA,0,1,0,0,DV,False,1,0,18,1,False,True,,True,True,,2,10,89.99998842592592,69.39120370370371,0,0,2,0,1,0,1,1,2,1,1,1,1,1,0,0,0,0,0,0,0,0,1
zgrab_US_587.json:93,zgrab_real,zgrab_US_587.json,93,US,SMTP_RESPONSE_OBSERVED,STARTTLS_NOT_OBSERVED,TLS_NOT_OBSERVED,CERTIFICATE_NOT_OBSERVED_NO_TLS,587,success,smtp,1,1,0,0,0,,,,,,,,,,,,,,,,,,,,,,,,,,,0,,,,,,,,,,,,,,,,,,,,,,,,,,,,,,,,,,,,,,,,,,,,,,,,,1,0
zgrab_US_587.json:94,zgrab_real,zgrab_US_587.json,94,US,SMTP_RESPONSE_OBSERVED,TLS_HANDSHAKE_SUCCEEDED,HANDSHAKE_SUCCEEDED,CERTIFICATE_OBSERVED,587,success,smtp,1,1,1,1,1,TLSv1.2,,TLS_ECDHE_RSA_WITH_AES_128_GCM_SHA256,,2,0,0,1,1,0,0,0,0,0,0,1,1,0,0,1,1,0,0,1,0,0,1,True,RSA,2048,65537,,,SHA256-RSA,0,1,0,0,DV,False,1,0,18,1,False,True,,True,True,,2,10,89.99998842592592,69.39120370370371,0,0,2,0,1,0,1,1,2,1,1,1,1,1,0,0,0,0,0,0,0,0,1
zgrab_US_587.json:95,zgrab_real,zgrab_US_587.json,95,US,SMTP_RESPONSE_OBSERVED,TLS_HANDSHAKE_SUCCEEDED,HANDSHAKE_SUCCEEDED,CERTIFICATE_OBSERVED,587,success,smtp,1,1,1,1,1,TLSv1.2,TLSv1.3,TLS_CHACHA20_POLY1305_SHA256,x25519,2,1,1,0,0,0,0,0,0,0,0,1,1,0,0,0,1,0,0,1,0,0,1,True,RSA,2048,65537,,,SHA256-RSA,0,1,0,0,DV,False,1,0,20,1,False,True,,True,True,,2,10,89.99998842592592,45.846550925925925,0,0,2,0,1,0,1,1,2,1,1,1,1,1,0,0,0,0,0,0,0,0,1
zgrab_US_587.json:96,zgrab_real,zgrab_US_587.json,96,US,SMTP_RESPONSE_OBSERVED,TLS_HANDSHAKE_SUCCEEDED,HANDSHAKE_SUCCEEDED,CERTIFICATE_OBSERVED,587,success,smtp,1,1,1,1,1,TLSv1.2,,TLS_ECDHE_RSA_WITH_AES_128_GCM_SHA256,,2,0,0,1,1,0,0,0,0,0,0,1,1,0,0,1,1,0,0,1,0,0,1,True,RSA,2048,65537,,,SHA256-RSA,0,1,0,0,DV,False,1,0,18,1,False,True,,True,True,,2,10,89.99998842592592,69.39116898148148,0,0,2,0,1,0,1,1,2,1,1,1,1,1,0,0,0,0,0,0,0,0,1
zgrab_US_587.json:97,zgrab_real,zgrab_US_587.json,97,US,SMTP_RESPONSE_OBSERVED,TLS_HANDSHAKE_SUCCEEDED,HANDSHAKE_SUCCEEDED,CERTIFICATE_OBSERVED,587,success,smtp,1,1,1,1,1,TLSv1.2,TLSv1.3,TLS_CHACHA20_POLY1305_SHA256,secp256r1,2,1,1,0,0,0,0,0,0,0,0,1,1,0,0,0,1,0,0,1,0,0,1,True,RSA,4096,65537,,,SHA256-RSA,0,1,0,0,DV,False,52,0,17,52,False,True,,True,True,,2,10,89.99998842592592,83.60048611111111,0,0,3,0,1,0,1,1,2,1,1,1,1,1,0,0,0,0,0,0,0,0,1
zgrab_US_587.json:98,zgrab_real,zgrab_US_587.json,98,US,SMTP_RESPONSE_OBSERVED,TLS_HANDSHAKE_SUCCEEDED,HANDSHAKE_SUCCEEDED,CERTIFICATE_OBSERVED,587,success,smtp,1,1,1,1,1,TLSv1.2,TLSv1.3,TLS_CHACHA20_POLY1305_SHA256,secp256r1,2,1,1,0,0,0,0,0,0,0,0,1,1,0,0,0,1,0,0,1,0,0,1,True,RSA,4096,65537,,,SHA256-RSA,0,1,0,0,DV,False,52,0,17,52,False,True,,True,True,,2,10,89.99998842592592,83.60048611111111,0,0,3,0,1,0,1,1,2,1,1,1,1,1,0,0,0,0,0,0,0,0,1
zgrab_US_587.json:99,zgrab_real,zgrab_US_587.json,99,US,SMTP_RESPONSE_OBSERVED,STARTTLS_NOT_OBSERVED,TLS_NOT_OBSERVED,CERTIFICATE_NOT_OBSERVED_NO_TLS,587,success,smtp,1,1,0,0,0,,,,,,,,,,,,,,,,,,,,,,,,,,,0,,,,,,,,,,,,,,,,,,,,,,,,,,,,,,,,,,,,,,,,,,,,,,,,,1,0
zgrab_US_587.json:100,zgrab_real,zgrab_US_587.json,100,US,SMTP_RESPONSE_OBSERVED,TLS_HANDSHAKE_SUCCEEDED,HANDSHAKE_SUCCEEDED,CERTIFICATE_OBSERVED,587,success,smtp,1,1,1,1,1,TLSv1.2,TLSv1.3,TLS_CHACHA20_POLY1305_SHA256,secp256r1,2,1,1,0,0,0,0,0,0,0,0,1,1,0,0,0,1,0,0,1,0,0,1,True,RSA,4096,65537,,,SHA256-RSA,0,1,0,0,DV,False,52,0,17,52,False,True,,True,True,,2,10,89.99998842592592,83.60042824074074,0,0,3,0,1,0,1,1,2,1,1,1,1,1,0,0,0,0,0,0,0,0,1
