server_id,configuration_group_id,profile_family,data_source,target,tls_enabled,starttls_enabled,minimum_version,supported_versions_json,supported_ciphers_json,certificate_key_algorithm,certificate_key_size,certificate_signature_algorithm,certificate_trust,certificate_hostname_match,certificate_validity_days
sim-low-0000,29052fa4a23262cd260c,modern_aead,synthetic_simulation,LOW,True,True,TLSv1.2,"[""TLSv1.2""]","[""TLS_CHACHA20_POLY1305_SHA256"",""TLS_ECDHE_ECDSA_WITH_AES_128_GCM_SHA256"",""TLS_ECDHE_RSA_WITH_AES_128_GCM_SHA256""]",Ed25519,256,ecdsa-with-SHA256,TRUSTED,MATCH,398
sim-low-0001,2abef25f661533350a80,modern_tls13,synthetic_simulation,LOW,True,True,TLSv1.3,"[""TLSv1.3""]","[""TLS_AES_256_GCM_SHA384"",""TLS_CHACHA20_POLY1305_SHA256""]",EC,256,ecdsa-with-SHA256,TRUSTED,MATCH,180
sim-low-0002,2d4ab21125f0cff2fe6f,modern_aead,synthetic_simulation,LOW,True,True,TLSv1.3,"[""TLSv1.3""]","[""TLS_ECDHE_RSA_WITH_AES_128_GCM_SHA256"",""TLS_AES_128_GCM_SHA256"",""TLS_ECDHE_ECDSA_WITH_AES_128_GCM_SHA256""]",Ed25519,256,ecdsa-with-SHA256,TRUSTED,MATCH,398
sim-low-0003,2f25d638711a0f85d23b,modern_tls13,synthetic_simulation,LOW,True,True,TLSv1.3,"[""TLSv1.3""]","[""TLS_CHACHA20_POLY1305_SHA256"",""TLS_AES_256_GCM_SHA384""]",EC,256,ecdsa-with-SHA256,TRUSTED,MATCH,180
sim-low-0004,c63b74757c9bcd50cc8c,modern_aead,synthetic_simulation,LOW,True,True,TLSv1.2,"[""TLSv1.2"",""TLSv1.3""]","[""TLS_CHACHA20_POLY1305_SHA256"",""TLS_AES_128_GCM_SHA256"",""TLS_ECDHE_RSA_WITH_AES_128_GCM_SHA256""]",EC,256,ecdsa-with-SHA256,TRUSTED,MATCH,398
sim-low-0005,d5df4b0b29ec118da409,modern_tls13,synthetic_simulation,LOW,True,True,TLSv1.3,"[""TLSv1.3""]","[""TLS_CHACHA20_POLY1305_SHA256"",""TLS_AES_128_GCM_SHA256""]",Ed25519,256,ED25519,TRUSTED,MATCH,180
sim-low-0006,f47d130165e60b2d5417,modern_aead,synthetic_simulation,LOW,True,True,TLSv1.2,"[""TLSv1.2"",""TLSv1.3""]","[""TLS_ECDHE_ECDSA_WITH_AES_128_GCM_SHA256"",""TLS_AES_256_GCM_SHA384"",""TLS_CHACHA20_POLY1305_SHA256""]",RSA,4096,sha256WithRSAEncryption,TRUSTED,MATCH,365
sim-low-0007,2479a587fa54cb04486a,modern_tls13,synthetic_simulation,LOW,True,True,TLSv1.3,"[""TLSv1.3""]","[""TLS_CHACHA20_POLY1305_SHA256"",""TLS_AES_128_GCM_SHA256""]",EC,256,ecdsa-with-SHA256,TRUSTED,MATCH,90
sim-low-0008,e1001135f478af022b3e,modern_aead,synthetic_simulation,LOW,True,True,TLSv1.2,"[""TLSv1.2"",""TLSv1.3""]","[""TLS_AES_128_GCM_SHA256"",""TLS_CHACHA20_POLY1305_SHA256"",""TLS_AES_256_GCM_SHA384""]",EC,256,ecdsa-with-SHA256,TRUSTED,MATCH,365
sim-low-0009,dfd186ab42a2c7d33402,modern_tls13,synthetic_simulation,LOW,True,True,TLSv1.3,"[""TLSv1.3""]","[""TLS_CHACHA20_POLY1305_SHA256"",""TLS_AES_128_GCM_SHA256""]",Ed25519,256,ED25519,TRUSTED,MATCH,365
sim-low-0010,85a679ab8dbce9237087,modern_aead,synthetic_simulation,LOW,True,True,TLSv1.3,"[""TLSv1.3""]","[""TLS_ECDHE_ECDSA_WITH_AES_128_GCM_SHA256"",""TLS_AES_256_GCM_SHA384"",""TLS_AES_128_GCM_SHA256""]",Ed25519,256,ecdsa-with-SHA256,TRUSTED,MATCH,365
sim-low-0011,ef3ba3dd4793d65534a7,modern_tls13,synthetic_simulation,LOW,True,True,TLSv1.3,"[""TLSv1.3""]","[""TLS_CHACHA20_POLY1305_SHA256"",""TLS_AES_256_GCM_SHA384""]",Ed25519,256,ED25519,TRUSTED,MATCH,90
sim-low-0012,abfccdbe1d6934e0991f,modern_aead,synthetic_simulation,LOW,True,True,TLSv1.2,"[""TLSv1.2"",""TLSv1.3""]","[""TLS_ECDHE_RSA_WITH_AES_128_GCM_SHA256"",""TLS_AES_256_GCM_SHA384"",""TLS_AES_128_GCM_SHA256""]",EC,256,ecdsa-with-SHA256,TRUSTED,MATCH,180
sim-low-0013,2479a587fa54cb04486a,modern_tls13,synthetic_simulation,LOW,True,True,TLSv1.3,"[""TLSv1.3""]","[""TLS_CHACHA20_POLY1305_SHA256"",""TLS_AES_128_GCM_SHA256""]",EC,256,ecdsa-with-SHA256,TRUSTED,MATCH,90
sim-low-0014,31a209cea38e3c299bea,modern_aead,synthetic_simulation,LOW,True,True,TLSv1.3,"[""TLSv1.3""]","[""TLS_AES_256_GCM_SHA384"",""TLS_CHACHA20_POLY1305_SHA256"",""TLS_ECDHE_ECDSA_WITH_AES_128_GCM_SHA256""]",EC,256,ecdsa-with-SHA256,TRUSTED,MATCH,365
sim-low-0015,3f03f29f5d5c6618c988,modern_tls13,synthetic_simulation,LOW,True,True,TLSv1.3,"[""TLSv1.3""]","[""TLS_AES_256_GCM_SHA384"",""TLS_AES_128_GCM_SHA256""]",EC,256,ecdsa-with-SHA256,TRUSTED,MATCH,365
sim-low-0016,91c9f085eeaa281fd117,modern_aead,synthetic_simulation,LOW,True,True,TLSv1.2,"[""TLSv1.2"",""TLSv1.3""]","[""TLS_AES_128_GCM_SHA256"",""TLS_ECDHE_ECDSA_WITH_AES_128_GCM_SHA256"",""TLS_AES_256_GCM_SHA384""]",Ed25519,256,ecdsa-with-SHA256,TRUSTED,MATCH,90
sim-low-0017,c2a47181c6f08aa7ad1e,modern_tls13,synthetic_simulation,LOW,True,True,TLSv1.3,"[""TLSv1.3""]","[""TLS_AES_256_GCM_SHA384"",""TLS_CHACHA20_POLY1305_SHA256""]",EC,256,ecdsa-with-SHA256,TRUSTED,MATCH,365
sim-low-0018,ec5089e18c336abc9300,modern_aead,synthetic_simulation,LOW,True,True,TLSv1.2,"[""TLSv1.2""]","[""TLS_CHACHA20_POLY1305_SHA256"",""TLS_AES_128_GCM_SHA256"",""TLS_ECDHE_ECDSA_WITH_AES_128_GCM_SHA256""]",Ed25519,256,ecdsa-with-SHA256,TRUSTED,MATCH,365
sim-low-0019,ee956becb3546d969081,modern_tls13,synthetic_simulation,LOW,True,True,TLSv1.3,"[""TLSv1.3""]","[""TLS_AES_128_GCM_SHA256"",""TLS_AES_256_GCM_SHA384""]",EC,256,ecdsa-with-SHA256,TRUSTED,MATCH,180
sim-low-0020,371158d4c289baf581d3,modern_aead,synthetic_simulation,LOW,True,True,TLSv1.3,"[""TLSv1.3""]","[""TLS_AES_128_GCM_SHA256"",""TLS_ECDHE_RSA_WITH_AES_128_GCM_SHA256"",""TLS_CHACHA20_POLY1305_SHA256""]",Ed25519,256,ecdsa-with-SHA256,TRUSTED,MATCH,180
sim-low-0021,cbab9b45c46c708958a5,modern_tls13,synthetic_simulation,LOW,True,True,TLSv1.3,"[""TLSv1.3""]","[""TLS_CHACHA20_POLY1305_SHA256"",""TLS_AES_128_GCM_SHA256""]",EC,256,ecdsa-with-SHA256,TRUSTED,MATCH,180
sim-low-0022,683e38dcbaad91da0d18,modern_aead,synthetic_simulation,LOW,True,True,TLSv1.3,"[""TLSv1.3""]","[""TLS_ECDHE_ECDSA_WITH_AES_128_GCM_SHA256"",""TLS_ECDHE_RSA_WITH_AES_128_GCM_SHA256"",""TLS_AES_256_GCM_SHA384""]",EC,256,ecdsa-with-SHA256,TRUSTED,MATCH,90
sim-low-0023,dbd60ac46c26cb9ec09a,modern_tls13,synthetic_simulation,LOW,True,True,TLSv1.3,"[""TLSv1.3""]","[""TLS_AES_128_GCM_SHA256"",""TLS_AES_256_GCM_SHA384""]",EC,256,ecdsa-with-SHA256,TRUSTED,MATCH,365
sim-low-0024,44fff3a3d9f0ed9b6831,modern_aead,synthetic_simulation,LOW,True,True,TLSv1.2,"[""TLSv1.2"",""TLSv1.3""]","[""TLS_ECDHE_RSA_WITH_AES_128_GCM_SHA256"",""TLS_CHACHA20_POLY1305_SHA256"",""TLS_AES_256_GCM_SHA384""]",RSA,3072,sha256WithRSAEncryption,TRUSTED,MATCH,398
sim-low-0025,368e4e3860fb7a2dde21,modern_tls13,synthetic_simulation,LOW,True,True,TLSv1.3,"[""TLSv1.3""]","[""TLS_CHACHA20_POLY1305_SHA256"",""TLS_AES_128_GCM_SHA256""]",EC,256,ecdsa-with-SHA256,TRUSTED,MATCH,365
sim-low-0026,52ee0bd78a2028297520,modern_aead,synthetic_simulation,LOW,True,True,TLSv1.3,"[""TLSv1.3""]","[""TLS_AES_128_GCM_SHA256"",""TLS_CHACHA20_POLY1305_SHA256"",""TLS_ECDHE_RSA_WITH_AES_128_GCM_SHA256""]",RSA,4096,sha256WithRSAEncryption,TRUSTED,MATCH,90
sim-low-0027,efee0d3a55c16134c05c,modern_tls13,synthetic_simulation,LOW,True,True,TLSv1.3,"[""TLSv1.3""]","[""TLS_AES_256_GCM_SHA384"",""TLS_AES_128_GCM_SHA256""]",Ed25519,256,ED25519,TRUSTED,MATCH,90
sim-low-0028,6886b91bfba657528085,modern_aead,synthetic_simulation,LOW,True,True,TLSv1.2,"[""TLSv1.2""]","[""TLS_CHACHA20_POLY1305_SHA256"",""TLS_AES_256_GCM_SHA384"",""TLS_ECDHE_RSA_WITH_AES_128_GCM_SHA256""]",EC,256,ecdsa-with-SHA256,TRUSTED,MATCH,90
sim-low-0029,504a982c775d820d67ef,modern_tls13,synthetic_simulation,LOW,True,True,TLSv1.3,"[""TLSv1.3""]","[""TLS_AES_128_GCM_SHA256"",""TLS_AES_256_GCM_SHA384""]",Ed25519,256,ED25519,TRUSTED,MATCH,365
sim-low-0030,9901d6a841973070ad03,modern_aead,synthetic_simulation,LOW,True,True,TLSv1.2,"[""TLSv1.2""]","[""TLS_CHACHA20_POLY1305_SHA256"",""TLS_ECDHE_ECDSA_WITH_AES_128_GCM_SHA256"",""TLS_ECDHE_RSA_WITH_AES_128_GCM_SHA256""]",Ed25519,256,ecdsa-with-SHA256,TRUSTED,MATCH,90
sim-low-0031,6bfa38233c74b992a4c2,modern_tls13,synthetic_simulation,LOW,True,True,TLSv1.3,"[""TLSv1.3""]","[""TLS_AES_128_GCM_SHA256"",""TLS_AES_256_GCM_SHA384""]",Ed25519,256,ED25519,TRUSTED,MATCH,180
sim-low-0032,c5e0c8bd5d5f1857b27c,modern_aead,synthetic_simulation,LOW,True,True,TLSv1.2,"[""TLSv1.2""]","[""TLS_AES_128_GCM_SHA256"",""TLS_ECDHE_RSA_WITH_AES_128_GCM_SHA256"",""TLS_ECDHE_ECDSA_WITH_AES_128_GCM_SHA256""]",Ed25519,256,ecdsa-with-SHA256,TRUSTED,MATCH,398
sim-low-0033,26a31350cf04e577326c,modern_tls13,synthetic_simulation,LOW,True,True,TLSv1.3,"[""TLSv1.3""]","[""TLS_AES_256_GCM_SHA384"",""TLS_AES_128_GCM_SHA256""]",Ed25519,256,ED25519,TRUSTED,MATCH,365
sim-low-0034,f71ebf08a9da41e400db,modern_aead,synthetic_simulation,LOW,True,True,TLSv1.3,"[""TLSv1.3""]","[""TLS_ECDHE_RSA_WITH_AES_128_GCM_SHA256"",""TLS_CHACHA20_POLY1305_SHA256"",""TLS_AES_256_GCM_SHA384""]",EC,256,ecdsa-with-SHA256,TRUSTED,MATCH,90
sim-low-0035,eab2f9145b2667244065,modern_tls13,synthetic_simulation,LOW,True,True,TLSv1.3,"[""TLSv1.3""]","[""TLS_AES_256_GCM_SHA384"",""TLS_CHACHA20_POLY1305_SHA256""]",Ed25519,256,ED25519,TRUSTED,MATCH,90
sim-low-0036,80e271b1e21dd8e4d80c,modern_aead,synthetic_simulation,LOW,True,True,TLSv1.2,"[""TLSv1.2"",""TLSv1.3""]","[""TLS_ECDHE_ECDSA_WITH_AES_128_GCM_SHA256"",""TLS_AES_256_GCM_SHA384"",""TLS_AES_128_GCM_SHA256""]",EC,256,ecdsa-with-SHA256,TRUSTED,MATCH,90
sim-low-0037,c8d553513d7ae8379a45,modern_tls13,synthetic_simulation,LOW,True,True,TLSv1.3,"[""TLSv1.3""]","[""TLS_AES_256_GCM_SHA384"",""TLS_AES_128_GCM_SHA256""]",Ed25519,256,ED25519,TRUSTED,MATCH,180
sim-low-0038,b51d916a0bb4822f12d1,modern_aead,synthetic_simulation,LOW,True,True,TLSv1.2,"[""TLSv1.2""]","[""TLS_CHACHA20_POLY1305_SHA256"",""TLS_AES_256_GCM_SHA384"",""TLS_ECDHE_ECDSA_WITH_AES_128_GCM_SHA256""]",EC,256,ecdsa-with-SHA256,TRUSTED,MATCH,90
sim-low-0039,c8a9143b497b06d79910,modern_tls13,synthetic_simulation,LOW,True,True,TLSv1.3,"[""TLSv1.3""]","[""TLS_CHACHA20_POLY1305_SHA256"",""TLS_AES_256_GCM_SHA384""]",EC,256,ecdsa-with-SHA256,TRUSTED,MATCH,365
sim-low-0040,d537e6c3d4427c196a88,modern_aead,synthetic_simulation,LOW,True,True,TLSv1.3,"[""TLSv1.3""]","[""TLS_AES_128_GCM_SHA256"",""TLS_ECDHE_ECDSA_WITH_AES_128_GCM_SHA256"",""TLS_ECDHE_RSA_WITH_AES_128_GCM_SHA256""]",EC,256,ecdsa-with-SHA256,TRUSTED,MATCH,398
sim-low-0041,2479a587fa54cb04486a,modern_tls13,synthetic_simulation,LOW,True,True,TLSv1.3,"[""TLSv1.3""]","[""TLS_CHACHA20_POLY1305_SHA256"",""TLS_AES_128_GCM_SHA256""]",EC,256,ecdsa-with-SHA256,TRUSTED,MATCH,90
sim-low-0042,dcfe13c76421393180ea,modern_aead,synthetic_simulation,LOW,True,True,TLSv1.2,"[""TLSv1.2""]","[""TLS_AES_128_GCM_SHA256"",""TLS_CHACHA20_POLY1305_SHA256"",""TLS_ECDHE_RSA_WITH_AES_128_GCM_SHA256""]",RSA,4096,sha256WithRSAEncryption,TRUSTED,MATCH,398
sim-low-0043,ef3ba3dd4793d65534a7,modern_tls13,synthetic_simulation,LOW,True,True,TLSv1.3,"[""TLSv1.3""]","[""TLS_CHACHA20_POLY1305_SHA256"",""TLS_AES_256_GCM_SHA384""]",Ed25519,256,ED25519,TRUSTED,MATCH,90
sim-low-0044,8b36fedb4159b9975095,modern_aead,synthetic_simulation,LOW,True,True,TLSv1.3,"[""TLSv1.3""]","[""TLS_CHACHA20_POLY1305_SHA256"",""TLS_ECDHE_RSA_WITH_AES_128_GCM_SHA256"",""TLS_AES_256_GCM_SHA384""]",RSA,3072,sha256WithRSAEncryption,TRUSTED,MATCH,365
sim-low-0045,e5d60fbcfc987a61abfb,modern_tls13,synthetic_simulation,LOW,True,True,TLSv1.3,"[""TLSv1.3""]","[""TLS_AES_128_GCM_SHA256"",""TLS_CHACHA20_POLY1305_SHA256""]",EC,256,ecdsa-with-SHA256,TRUSTED,MATCH,180
sim-low-0046,0d6edbac05ee2d35196a,modern_aead,synthetic_simulation,LOW,True,True,TLSv1.2,"[""TLSv1.2""]","[""TLS_AES_128_GCM_SHA256"",""TLS_ECDHE_RSA_WITH_AES_128_GCM_SHA256"",""TLS_CHACHA20_POLY1305_SHA256""]",EC,256,ecdsa-with-SHA256,TRUSTED,MATCH,365
sim-low-0047,414b8e5d567dfee4d93b,modern_tls13,synthetic_simulation,LOW,True,True,TLSv1.3,"[""TLSv1.3""]","[""TLS_AES_128_GCM_SHA256"",""TLS_CHACHA20_POLY1305_SHA256""]",Ed25519,256,ED25519,TRUSTED,MATCH,90
sim-low-0048,d1071a24d49d334ce480,modern_aead,synthetic_simulation,LOW,True,True,TLSv1.3,"[""TLSv1.3""]","[""TLS_AES_128_GCM_SHA256"",""TLS_AES_256_GCM_SHA384"",""TLS_ECDHE_RSA_WITH_AES_128_GCM_SHA256""]",Ed25519,256,ecdsa-with-SHA256,TRUSTED,MATCH,398
sim-low-0049,f0f423018acaefd16f00,modern_tls13,synthetic_simulation,LOW,True,True,TLSv1.3,"[""TLSv1.3""]","[""TLS_AES_128_GCM_SHA256"",""TLS_CHACHA20_POLY1305_SHA256""]",Ed25519,256,ED25519,TRUSTED,MATCH,365
sim-low-0050,71469afc6af47acd0075,modern_aead,synthetic_simulation,LOW,True,True,TLSv1.3,"[""TLSv1.3""]","[""TLS_ECDHE_ECDSA_WITH_AES_128_GCM_SHA256"",""TLS_AES_256_GCM_SHA384"",""TLS_CHACHA20_POLY1305_SHA256""]",EC,256,ecdsa-with-SHA256,TRUSTED,MATCH,90
sim-low-0051,fec672b8a21445fced54,modern_tls13,synthetic_simulation,LOW,True,True,TLSv1.3,"[""TLSv1.3""]","[""TLS_AES_128_GCM_SHA256"",""TLS_CHACHA20_POLY1305_SHA256""]",EC,256,ecdsa-with-SHA256,TRUSTED,MATCH,90
sim-low-0052,10cf5dead420c456a8c9,modern_aead,synthetic_simulation,LOW,True,True,TLSv1.2,"[""TLSv1.2"",""TLSv1.3""]","[""TLS_ECDHE_RSA_WITH_AES_128_GCM_SHA256"",""TLS_AES_128_GCM_SHA256"",""TLS_AES_256_GCM_SHA384""]",RSA,3072,sha256WithRSAEncryption,TRUSTED,MATCH,398
sim-low-0053,c2a47181c6f08aa7ad1e,modern_tls13,synthetic_simulation,LOW,True,True,TLSv1.3,"[""TLSv1.3""]","[""TLS_AES_256_GCM_SHA384"",""TLS_CHACHA20_POLY1305_SHA256""]",EC,256,ecdsa-with-SHA256,TRUSTED,MATCH,365
sim-low-0054,3800713eec7a47378f61,modern_aead,synthetic_simulation,LOW,True,True,TLSv1.2,"[""TLSv1.2"",""TLSv1.3""]","[""TLS_AES_128_GCM_SHA256"",""TLS_AES_256_GCM_SHA384"",""TLS_ECDHE_RSA_WITH_AES_128_GCM_SHA256""]",Ed25519,256,ecdsa-with-SHA256,TRUSTED,MATCH,398
sim-low-0055,2abef25f661533350a80,modern_tls13,synthetic_simulation,LOW,True,True,TLSv1.3,"[""TLSv1.3""]","[""TLS_AES_256_GCM_SHA384"",""TLS_CHACHA20_POLY1305_SHA256""]",EC,256,ecdsa-with-SHA256,TRUSTED,MATCH,180
sim-low-0056,2e1abc1058618c8b72b5,modern_aead,synthetic_simulation,LOW,True,True,TLSv1.2,"[""TLSv1.2"",""TLSv1.3""]","[""TLS_CHACHA20_POLY1305_SHA256"",""TLS_AES_256_GCM_SHA384"",""TLS_ECDHE_ECDSA_WITH_AES_128_GCM_SHA256""]",EC,256,ecdsa-with-SHA256,TRUSTED,MATCH,90
sim-low-0057,fec672b8a21445fced54,modern_tls13,synthetic_simulation,LOW,True,True,TLSv1.3,"[""TLSv1.3""]","[""TLS_AES_128_GCM_SHA256"",""TLS_CHACHA20_POLY1305_SHA256""]",EC,256,ecdsa-with-SHA256,TRUSTED,MATCH,90
sim-low-0058,9db43b4347f4b73bb7f6,modern_aead,synthetic_simulation,LOW,True,True,TLSv1.3,"[""TLSv1.3""]","[""TLS_AES_256_GCM_SHA384"",""TLS_ECDHE_RSA_WITH_AES_128_GCM_SHA256"",""TLS_ECDHE_ECDSA_WITH_AES_128_GCM_SHA256""]",RSA,2048,sha256WithRSAEncryption,TRUSTED,MATCH,365
sim-low-0059,504a982c775d820d67ef,modern_tls13,synthetic_simulation,LOW,True,True,TLSv1.3,"[""TLSv1.3""]","[""TLS_AES_128_GCM_SHA256"",""TLS_AES_256_GCM_SHA384""]",Ed25519,256,ED25519,TRUSTED,MATCH,365
sim-low-0060,36ed375e7be63e2bc48a,modern_aead,synthetic_simulation,LOW,True,True,TLSv1.3,"[""TLSv1.3""]","[""TLS_AES_256_GCM_SHA384"",""TLS_ECDHE_ECDSA_WITH_AES_128_GCM_SHA256"",""TLS_CHACHA20_POLY1305_SHA256""]",RSA,2048,sha256WithRSAEncryption,TRUSTED,MATCH,90
sim-low-0061,cb59454a4eab6232e984,modern_tls13,synthetic_simulation,LOW,True,True,TLSv1.3,"[""TLSv1.3""]","[""TLS_AES_128_GCM_SHA256"",""TLS_AES_256_GCM_SHA384""]",Ed25519,256,ED25519,TRUSTED,MATCH,90
sim-low-0062,10142045fd71ffa794f3,modern_aead,synthetic_simulation,LOW,True,True,TLSv1.2,"[""TLSv1.2"",""TLSv1.3""]","[""TLS_CHACHA20_POLY1305_SHA256"",""TLS_AES_256_GCM_SHA384"",""TLS_ECDHE_RSA_WITH_AES_128_GCM_SHA256""]",RSA,4096,sha256WithRSAEncryption,TRUSTED,MATCH,90
sim-low-0063,ef3ba3dd4793d65534a7,modern_tls13,synthetic_simulation,LOW,True,True,TLSv1.3,"[""TLSv1.3""]","[""TLS_CHACHA20_POLY1305_SHA256"",""TLS_AES_256_GCM_SHA384""]",Ed25519,256,ED25519,TRUSTED,MATCH,90
sim-low-0064,7c500de686a7197da026,modern_aead,synthetic_simulation,LOW,True,True,TLSv1.2,"[""TLSv1.2"",""TLSv1.3""]","[""TLS_AES_256_GCM_SHA384"",""TLS_AES_128_GCM_SHA256"",""TLS_ECDHE_RSA_WITH_AES_128_GCM_SHA256""]",Ed25519,256,ecdsa-with-SHA256,TRUSTED,MATCH,180
sim-low-0065,20fc607db7de4d03bf2e,modern_tls13,synthetic_simulation,LOW,True,True,TLSv1.3,"[""TLSv1.3""]","[""TLS_AES_256_GCM_SHA384"",""TLS_AES_128_GCM_SHA256""]",EC,256,ecdsa-with-SHA256,TRUSTED,MATCH,90
sim-low-0066,bab0b1570cbd5c555467,modern_aead,synthetic_simulation,LOW,True,True,TLSv1.2,"[""TLSv1.2""]","[""TLS_CHACHA20_POLY1305_SHA256"",""TLS_AES_128_GCM_SHA256"",""TLS_ECDHE_RSA_WITH_AES_128_GCM_SHA256""]",Ed25519,256,ecdsa-with-SHA256,TRUSTED,MATCH,398
sim-low-0067,2abef25f661533350a80,modern_tls13,synthetic_simulation,LOW,True,True,TLSv1.3,"[""TLSv1.3""]","[""TLS_AES_256_GCM_SHA384"",""TLS_CHACHA20_POLY1305_SHA256""]",EC,256,ecdsa-with-SHA256,TRUSTED,MATCH,180
sim-low-0068,4198982c99c098e88eed,modern_aead,synthetic_simulation,LOW,True,True,TLSv1.2,"[""TLSv1.2""]","[""TLS_AES_256_GCM_SHA384"",""TLS_ECDHE_ECDSA_WITH_AES_128_GCM_SHA256"",""TLS_CHACHA20_POLY1305_SHA256""]",RSA,4096,sha256WithRSAEncryption,TRUSTED,MATCH,365
sim-low-0069,dfd186ab42a2c7d33402,modern_tls13,synthetic_simulation,LOW,True,True,TLSv1.3,"[""TLSv1.3""]","[""TLS_CHACHA20_POLY1305_SHA256"",""TLS_AES_128_GCM_SHA256""]",Ed25519,256,ED25519,TRUSTED,MATCH,365
sim-low-0070,8dde037594dc64a6a503,modern_aead,synthetic_simulation,LOW,True,True,TLSv1.2,"[""TLSv1.2"",""TLSv1.3""]","[""TLS_CHACHA20_POLY1305_SHA256"",""TLS_AES_256_GCM_SHA384"",""TLS_ECDHE_ECDSA_WITH_AES_128_GCM_SHA256""]",RSA,2048,sha256WithRSAEncryption,TRUSTED,MATCH,180
sim-low-0071,842e5062bc5675626c48,modern_tls13,synthetic_simulation,LOW,True,True,TLSv1.3,"[""TLSv1.3""]","[""TLS_CHACHA20_POLY1305_SHA256"",""TLS_AES_256_GCM_SHA384""]",Ed25519,256,ED25519,TRUSTED,MATCH,180
sim-low-0072,f579c731a6c7269c72d8,modern_aead,synthetic_simulation,LOW,True,True,TLSv1.2,"[""TLSv1.2"",""TLSv1.3""]","[""TLS_AES_128_GCM_SHA256"",""TLS_ECDHE_ECDSA_WITH_AES_128_GCM_SHA256"",""TLS_AES_256_GCM_SHA384""]",EC,256,ecdsa-with-SHA256,TRUSTED,MATCH,180
sim-low-0073,c8d553513d7ae8379a45,modern_tls13,synthetic_simulation,LOW,True,True,TLSv1.3,"[""TLSv1.3""]","[""TLS_AES_256_GCM_SHA384"",""TLS_AES_128_GCM_SHA256""]",Ed25519,256,ED25519,TRUSTED,MATCH,180
sim-low-0074,6202fb97627ba39ff92e,modern_aead,synthetic_simulation,LOW,True,True,TLSv1.2,"[""TLSv1.2""]","[""TLS_AES_128_GCM_SHA256"",""TLS_CHACHA20_POLY1305_SHA256"",""TLS_AES_256_GCM_SHA384""]",Ed25519,256,ecdsa-with-SHA256,TRUSTED,MATCH,90
sim-low-0075,f0f423018acaefd16f00,modern_tls13,synthetic_simulation,LOW,True,True,TLSv1.3,"[""TLSv1.3""]","[""TLS_AES_128_GCM_SHA256"",""TLS_CHACHA20_POLY1305_SHA256""]",Ed25519,256,ED25519,TRUSTED,MATCH,365
sim-low-0076,72d07eb0c6193344a3a1,modern_aead,synthetic_simulation,LOW,True,True,TLSv1.2,"[""TLSv1.2"",""TLSv1.3""]","[""TLS_ECDHE_ECDSA_WITH_AES_128_GCM_SHA256"",""TLS_CHACHA20_POLY1305_SHA256"",""TLS_AES_256_GCM_SHA384""]",RSA,3072,sha256WithRSAEncryption,TRUSTED,MATCH,365
sim-low-0077,cbab9b45c46c708958a5,modern_tls13,synthetic_simulation,LOW,True,True,TLSv1.3,"[""TLSv1.3""]","[""TLS_CHACHA20_POLY1305_SHA256"",""TLS_AES_128_GCM_SHA256""]",EC,256,ecdsa-with-SHA256,TRUSTED,MATCH,180
sim-low-0078,b77492a861dee67fe83a,modern_aead,synthetic_simulation,LOW,True,True,TLSv1.3,"[""TLSv1.3""]","[""TLS_CHACHA20_POLY1305_SHA256"",""TLS_AES_128_GCM_SHA256"",""TLS_AES_256_GCM_SHA384""]",EC,256,ecdsa-with-SHA256,TRUSTED,MATCH,365
sim-low-0079,2f25d638711a0f85d23b,modern_tls13,synthetic_simulation,LOW,True,True,TLSv1.3,"[""TLSv1.3""]","[""TLS_CHACHA20_POLY1305_SHA256"",""TLS_AES_256_GCM_SHA384""]",EC,256,ecdsa-with-SHA256,TRUSTED,MATCH,180
sim-low-0080,1af7f0bb4e61c4c8868a,modern_aead,synthetic_simulation,LOW,True,True,TLSv1.2,"[""TLSv1.2""]","[""TLS_ECDHE_RSA_WITH_AES_128_GCM_SHA256"",""TLS_CHACHA20_POLY1305_SHA256"",""TLS_ECDHE_ECDSA_WITH_AES_128_GCM_SHA256""]",RSA,2048,sha256WithRSAEncryption,TRUSTED,MATCH,180
sim-low-0081,7f2e7ca80ff2da5af12f,modern_tls13,synthetic_simulation,LOW,True,True,TLSv1.3,"[""TLSv1.3""]","[""TLS_CHACHA20_POLY1305_SHA256"",""TLS_AES_256_GCM_SHA384""]",EC,256,ecdsa-with-SHA256,TRUSTED,MATCH,90
sim-low-0082,9068660f432261eca2e5,modern_aead,synthetic_simulation,LOW,True,True,TLSv1.2,"[""TLSv1.2"",""TLSv1.3""]","[""TLS_ECDHE_RSA_WITH_AES_128_GCM_SHA256"",""TLS_CHACHA20_POLY1305_SHA256"",""TLS_AES_128_GCM_SHA256""]",Ed25519,256,ecdsa-with-SHA256,TRUSTED,MATCH,398
sim-low-0083,c8a9143b497b06d79910,modern_tls13,synthetic_simulation,LOW,True,True,TLSv1.3,"[""TLSv1.3""]","[""TLS_CHACHA20_POLY1305_SHA256"",""TLS_AES_256_GCM_SHA384""]",EC,256,ecdsa-with-SHA256,TRUSTED,MATCH,365
sim-low-0084,a1ef94e35f630fd439c9,modern_aead,synthetic_simulation,LOW,True,True,TLSv1.2,"[""TLSv1.2""]","[""TLS_ECDHE_RSA_WITH_AES_128_GCM_SHA256"",""TLS_CHACHA20_POLY1305_SHA256"",""TLS_AES_128_GCM_SHA256""]",RSA,4096,sha256WithRSAEncryption,TRUSTED,MATCH,398
sim-low-0085,64e54f6d2057489659f8,modern_tls13,synthetic_simulation,LOW,True,True,TLSv1.3,"[""TLSv1.3""]","[""TLS_AES_128_GCM_SHA256"",""TLS_AES_256_GCM_SHA384""]",EC,256,ecdsa-with-SHA256,TRUSTED,MATCH,90
sim-low-0086,d240ae62b1fe5dd6480b,modern_aead,synthetic_simulation,LOW,True,True,TLSv1.2,"[""TLSv1.2""]","[""TLS_ECDHE_ECDSA_WITH_AES_128_GCM_SHA256"",""TLS_AES_256_GCM_SHA384"",""TLS_ECDHE_RSA_WITH_AES_128_GCM_SHA256""]",EC,256,ecdsa-with-SHA256,TRUSTED,MATCH,90
sim-low-0087,20fc607db7de4d03bf2e,modern_tls13,synthetic_simulation,LOW,True,True,TLSv1.3,"[""TLSv1.3""]","[""TLS_AES_256_GCM_SHA384"",""TLS_AES_128_GCM_SHA256""]",EC,256,ecdsa-with-SHA256,TRUSTED,MATCH,90
sim-low-0088,2987156c0ae518a7424d,modern_aead,synthetic_simulation,LOW,True,True,TLSv1.2,"[""TLSv1.2"",""TLSv1.3""]","[""TLS_AES_128_GCM_SHA256"",""TLS_AES_256_GCM_SHA384"",""TLS_ECDHE_ECDSA_WITH_AES_128_GCM_SHA256""]",EC,256,ecdsa-with-SHA256,TRUSTED,MATCH,90
sim-low-0089,6bfa38233c74b992a4c2,modern_tls13,synthetic_simulation,LOW,True,True,TLSv1.3,"[""TLSv1.3""]","[""TLS_AES_128_GCM_SHA256"",""TLS_AES_256_GCM_SHA384""]",Ed25519,256,ED25519,TRUSTED,MATCH,180
sim-low-0090,c723f304b4d5c91171eb,modern_aead,synthetic_simulation,LOW,True,True,TLSv1.2,"[""TLSv1.2""]","[""TLS_AES_256_GCM_SHA384"",""TLS_ECDHE_ECDSA_WITH_AES_128_GCM_SHA256"",""TLS_ECDHE_RSA_WITH_AES_128_GCM_SHA256""]",RSA,4096,sha256WithRSAEncryption,TRUSTED,MATCH,180
sim-low-0091,64e54f6d2057489659f8,modern_tls13,synthetic_simulation,LOW,True,True,TLSv1.3,"[""TLSv1.3""]","[""TLS_AES_128_GCM_SHA256"",""TLS_AES_256_GCM_SHA384""]",EC,256,ecdsa-with-SHA256,TRUSTED,MATCH,90
sim-low-0092,8516ec724780dbea8a1b,modern_aead,synthetic_simulation,LOW,True,True,TLSv1.3,"[""TLSv1.3""]","[""TLS_AES_256_GCM_SHA384"",""TLS_CHACHA20_POLY1305_SHA256"",""TLS_ECDHE_ECDSA_WITH_AES_128_GCM_SHA256""]",EC,256,ecdsa-with-SHA256,TRUSTED,MATCH,398
sim-low-0093,cbab9b45c46c708958a5,modern_tls13,synthetic_simulation,LOW,True,True,TLSv1.3,"[""TLSv1.3""]","[""TLS_CHACHA20_POLY1305_SHA256"",""TLS_AES_128_GCM_SHA256""]",EC,256,ecdsa-with-SHA256,TRUSTED,MATCH,180
sim-low-0094,bbacb2f4d420e79d6177,modern_aead,synthetic_simulation,LOW,True,True,TLSv1.2,"[""TLSv1.2"",""TLSv1.3""]","[""TLS_ECDHE_RSA_WITH_AES_128_GCM_SHA256"",""TLS_ECDHE_ECDSA_WITH_AES_128_GCM_SHA256"",""TLS_AES_256_GCM_SHA384""]",Ed25519,256,ecdsa-with-SHA256,TRUSTED,MATCH,180
sim-low-0095,504a982c775d820d67ef,modern_tls13,synthetic_simulation,LOW,True,True,TLSv1.3,"[""TLSv1.3""]","[""TLS_AES_128_GCM_SHA256"",""TLS_AES_256_GCM_SHA384""]",Ed25519,256,ED25519,TRUSTED,MATCH,365
sim-low-0096,21c99ffd556f48200159,modern_aead,synthetic_simulation,LOW,True,True,TLSv1.3,"[""TLSv1.3""]","[""TLS_AES_256_GCM_SHA384"",""TLS_ECDHE_RSA_WITH_AES_128_GCM_SHA256"",""TLS_CHACHA20_POLY1305_SHA256""]",RSA,3072,sha256WithRSAEncryption,TRUSTED,MATCH,365
sim-low-0097,26a31350cf04e577326c,modern_tls13,synthetic_simulation,LOW,True,True,TLSv1.3,"[""TLSv1.3""]","[""TLS_AES_256_GCM_SHA384"",""TLS_AES_128_GCM_SHA256""]",Ed25519,256,ED25519,TRUSTED,MATCH,365
sim-low-0098,3a01f7626bf918f3d9e0,modern_aead,synthetic_simulation,LOW,True,True,TLSv1.2,"[""TLSv1.2""]","[""TLS_AES_128_GCM_SHA256"",""TLS_ECDHE_RSA_WITH_AES_128_GCM_SHA256"",""TLS_CHACHA20_POLY1305_SHA256""]",RSA,2048,sha256WithRSAEncryption,TRUSTED,MATCH,90
sim-low-0099,c8a9143b497b06d79910,modern_tls13,synthetic_simulation,LOW,True,True,TLSv1.3,"[""TLSv1.3""]","[""TLS_CHACHA20_POLY1305_SHA256"",""TLS_AES_256_GCM_SHA384""]",EC,256,ecdsa-with-SHA256,TRUSTED,MATCH,365
sim-low-0100,cc7a885afa0b52c8ec2b,modern_aead,synthetic_simulation,LOW,True,True,TLSv1.3,"[""TLSv1.3""]","[""TLS_AES_256_GCM_SHA384"",""TLS_AES_128_GCM_SHA256"",""TLS_CHACHA20_POLY1305_SHA256""]",Ed25519,256,ecdsa-with-SHA256,TRUSTED,MATCH,90
sim-low-0101,414b8e5d567dfee4d93b,modern_tls13,synthetic_simulation,LOW,True,True,TLSv1.3,"[""TLSv1.3""]","[""TLS_AES_128_GCM_SHA256"",""TLS_CHACHA20_POLY1305_SHA256""]",Ed25519,256,ED25519,TRUSTED,MATCH,90
sim-low-0102,588876a916e8a4aee340,modern_aead,synthetic_simulation,LOW,True,True,TLSv1.2,"[""TLSv1.2"",""TLSv1.3""]","[""TLS_ECDHE_RSA_WITH_AES_128_GCM_SHA256"",""TLS_CHACHA20_POLY1305_SHA256"",""TLS_ECDHE_ECDSA_WITH_AES_128_GCM_SHA256""]",EC,256,ecdsa-with-SHA256,TRUSTED,MATCH,365
sim-low-0103,411c265851d17e936383,modern_tls13,synthetic_simulation,LOW,True,True,TLSv1.3,"[""TLSv1.3""]","[""TLS_AES_256_GCM_SHA384"",""TLS_CHACHA20_POLY1305_SHA256""]",EC,256,ecdsa-with-SHA256,TRUSTED,MATCH,90
sim-low-0104,edf0e30e383ac052d953,modern_aead,synthetic_simulation,LOW,True,True,TLSv1.2,"[""TLSv1.2"",""TLSv1.3""]","[""TLS_AES_128_GCM_SHA256"",""TLS_AES_256_GCM_SHA384"",""TLS_ECDHE_ECDSA_WITH_AES_128_GCM_SHA256""]",EC,256,ecdsa-with-SHA256,TRUSTED,MATCH,365
sim-low-0105,cd82c11b27ddde5df9a3,modern_tls13,synthetic_simulation,LOW,True,True,TLSv1.3,"[""TLSv1.3""]","[""TLS_AES_256_GCM_SHA384"",""TLS_CHACHA20_POLY1305_SHA256""]",Ed25519,256,ED25519,TRUSTED,MATCH,365
sim-low-0106,cf1c9d0f30969121f0bb,modern_aead,synthetic_simulation,LOW,True,True,TLSv1.2,"[""TLSv1.2"",""TLSv1.3""]","[""TLS_AES_128_GCM_SHA256"",""TLS_CHACHA20_POLY1305_SHA256"",""TLS_ECDHE_ECDSA_WITH_AES_128_GCM_SHA256""]",RSA,2048,sha256WithRSAEncryption,TRUSTED,MATCH,398
sim-low-0107,c5693ab21511ef347475,modern_tls13,synthetic_simulation,LOW,True,True,TLSv1.3,"[""TLSv1.3""]","[""TLS_CHACHA20_POLY1305_SHA256"",""TLS_AES_128_GCM_SHA256""]",Ed25519,256,ED25519,TRUSTED,MATCH,90
sim-low-0108,90084b230a5ec49eb4d5,modern_aead,synthetic_simulation,LOW,True,True,TLSv1.2,"[""TLSv1.2""]","[""TLS_ECDHE_RSA_WITH_AES_128_GCM_SHA256"",""TLS_ECDHE_ECDSA_WITH_AES_128_GCM_SHA256"",""TLS_AES_128_GCM_SHA256""]",Ed25519,256,ecdsa-with-SHA256,TRUSTED,MATCH,398
sim-low-0109,3f03f29f5d5c6618c988,modern_tls13,synthetic_simulation,LOW,True,True,TLSv1.3,"[""TLSv1.3""]","[""TLS_AES_256_GCM_SHA384"",""TLS_AES_128_GCM_SHA256""]",EC,256,ecdsa-with-SHA256,TRUSTED,MATCH,365
sim-low-0110,38ad32ad8663bd60c4d5,modern_aead,synthetic_simulation,LOW,True,True,TLSv1.2,"[""TLSv1.2"",""TLSv1.3""]","[""TLS_AES_128_GCM_SHA256"",""TLS_CHACHA20_POLY1305_SHA256"",""TLS_ECDHE_ECDSA_WITH_AES_128_GCM_SHA256""]",Ed25519,256,ecdsa-with-SHA256,TRUSTED,MATCH,398
sim-low-0111,64e54f6d2057489659f8,modern_tls13,synthetic_simulation,LOW,True,True,TLSv1.3,"[""TLSv1.3""]","[""TLS_AES_128_GCM_SHA256"",""TLS_AES_256_GCM_SHA384""]",EC,256,ecdsa-with-SHA256,TRUSTED,MATCH,90
sim-low-0112,d128e9753c6773405230,modern_aead,synthetic_simulation,LOW,True,True,TLSv1.2,"[""TLSv1.2""]","[""TLS_ECDHE_RSA_WITH_AES_128_GCM_SHA256"",""TLS_ECDHE_ECDSA_WITH_AES_128_GCM_SHA256"",""TLS_AES_128_GCM_SHA256""]",Ed25519,256,ecdsa-with-SHA256,TRUSTED,MATCH,180
sim-low-0113,6bfa38233c74b992a4c2,modern_tls13,synthetic_simulation,LOW,True,True,TLSv1.3,"[""TLSv1.3""]","[""TLS_AES_128_GCM_SHA256"",""TLS_AES_256_GCM_SHA384""]",Ed25519,256,ED25519,TRUSTED,MATCH,180
sim-low-0114,258813277428f9191aad,modern_aead,synthetic_simulation,LOW,True,True,TLSv1.2,"[""TLSv1.2"",""TLSv1.3""]","[""TLS_AES_256_GCM_SHA384"",""TLS_ECDHE_RSA_WITH_AES_128_GCM_SHA256"",""TLS_ECDHE_ECDSA_WITH_AES_128_GCM_SHA256""]",EC,256,ecdsa-with-SHA256,TRUSTED,MATCH,90
sim-low-0115,2f25d638711a0f85d23b,modern_tls13,synthetic_simulation,LOW,True,True,TLSv1.3,"[""TLSv1.3""]","[""TLS_CHACHA20_POLY1305_SHA256"",""TLS_AES_256_GCM_SHA384""]",EC,256,ecdsa-with-SHA256,TRUSTED,MATCH,180
sim-low-0116,a44294636732b2b8ffd5,modern_aead,synthetic_simulation,LOW,True,True,TLSv1.3,"[""TLSv1.3""]","[""TLS_AES_128_GCM_SHA256"",""TLS_AES_256_GCM_SHA384"",""TLS_ECDHE_ECDSA_WITH_AES_128_GCM_SHA256""]",EC,256,ecdsa-with-SHA256,TRUSTED,MATCH,398
sim-low-0117,eab2f9145b2667244065,modern_tls13,synthetic_simulation,LOW,True,True,TLSv1.3,"[""TLSv1.3""]","[""TLS_AES_256_GCM_SHA384"",""TLS_CHACHA20_POLY1305_SHA256""]",Ed25519,256,ED25519,TRUSTED,MATCH,90
sim-low-0118,8f6f62a4cad492e93c24,modern_aead,synthetic_simulation,LOW,True,True,TLSv1.2,"[""TLSv1.2"",""TLSv1.3""]","[""TLS_ECDHE_ECDSA_WITH_AES_128_GCM_SHA256"",""TLS_AES_256_GCM_SHA384"",""TLS_AES_128_GCM_SHA256""]",RSA,3072,sha256WithRSAEncryption,TRUSTED,MATCH,365
sim-low-0119,841839f01da9ebfd8cbc,modern_tls13,synthetic_simulation,LOW,True,True,TLSv1.3,"[""TLSv1.3""]","[""TLS_AES_128_GCM_SHA256"",""TLS_CHACHA20_POLY1305_SHA256""]",EC,256,ecdsa-with-SHA256,TRUSTED,MATCH,365
sim-low-0120,4ebd7b6c8a5b21114ba5,modern_aead,synthetic_simulation,LOW,True,True,TLSv1.3,"[""TLSv1.3""]","[""TLS_ECDHE_ECDSA_WITH_AES_128_GCM_SHA256"",""TLS_AES_128_GCM_SHA256"",""TLS_CHACHA20_POLY1305_SHA256""]",Ed25519,256,ecdsa-with-SHA256,TRUSTED,MATCH,180
sim-low-0121,cd82c11b27ddde5df9a3,modern_tls13,synthetic_simulation,LOW,True,True,TLSv1.3,"[""TLSv1.3""]","[""TLS_AES_256_GCM_SHA384"",""TLS_CHACHA20_POLY1305_SHA256""]",Ed25519,256,ED25519,TRUSTED,MATCH,365
sim-low-0122,f0ebc8f0747f01d3387c,modern_aead,synthetic_simulation,LOW,True,True,TLSv1.2,"[""TLSv1.2"",""TLSv1.3""]","[""TLS_ECDHE_ECDSA_WITH_AES_128_GCM_SHA256"",""TLS_ECDHE_RSA_WITH_AES_128_GCM_SHA256"",""TLS_CHACHA20_POLY1305_SHA256""]",Ed25519,256,ecdsa-with-SHA256,TRUSTED,MATCH,180
sim-low-0123,64de0091fa9e32a53aec,modern_tls13,synthetic_simulation,LOW,True,True,TLSv1.3,"[""TLSv1.3""]","[""TLS_AES_256_GCM_SHA384"",""TLS_CHACHA20_POLY1305_SHA256""]",Ed25519,256,ED25519,TRUSTED,MATCH,180
sim-low-0124,06e214aef7a4fa608ddc,modern_aead,synthetic_simulation,LOW,True,True,TLSv1.2,"[""TLSv1.2""]","[""TLS_AES_128_GCM_SHA256"",""TLS_ECDHE_ECDSA_WITH_AES_128_GCM_SHA256"",""TLS_AES_256_GCM_SHA384""]",Ed25519,256,ecdsa-with-SHA256,TRUSTED,MATCH,90
sim-low-0125,c5693ab21511ef347475,modern_tls13,synthetic_simulation,LOW,True,True,TLSv1.3,"[""TLSv1.3""]","[""TLS_CHACHA20_POLY1305_SHA256"",""TLS_AES_128_GCM_SHA256""]",Ed25519,256,ED25519,TRUSTED,MATCH,90
sim-low-0126,1f7fcbcb167bb6691915,modern_aead,synthetic_simulation,LOW,True,True,TLSv1.2,"[""TLSv1.2""]","[""TLS_AES_256_GCM_SHA384"",""TLS_ECDHE_ECDSA_WITH_AES_128_GCM_SHA256"",""TLS_AES_128_GCM_SHA256""]",Ed25519,256,ecdsa-with-SHA256,TRUSTED,MATCH,90
sim-low-0127,dbd60ac46c26cb9ec09a,modern_tls13,synthetic_simulation,LOW,True,True,TLSv1.3,"[""TLSv1.3""]","[""TLS_AES_128_GCM_SHA256"",""TLS_AES_256_GCM_SHA384""]",EC,256,ecdsa-with-SHA256,TRUSTED,MATCH,365
sim-low-0128,91783cf838b53e501a39,modern_aead,synthetic_simulation,LOW,True,True,TLSv1.2,"[""TLSv1.2"",""TLSv1.3""]","[""TLS_CHACHA20_POLY1305_SHA256"",""TLS_ECDHE_RSA_WITH_AES_128_GCM_SHA256"",""TLS_ECDHE_ECDSA_WITH_AES_128_GCM_SHA256""]",EC,256,ecdsa-with-SHA256,TRUSTED,MATCH,398
sim-low-0129,f0f423018acaefd16f00,modern_tls13,synthetic_simulation,LOW,True,True,TLSv1.3,"[""TLSv1.3""]","[""TLS_AES_128_GCM_SHA256"",""TLS_CHACHA20_POLY1305_SHA256""]",Ed25519,256,ED25519,TRUSTED,MATCH,365
sim-low-0130,eee6490b23c1c52b2a86,modern_aead,synthetic_simulation,LOW,True,True,TLSv1.3,"[""TLSv1.3""]","[""TLS_CHACHA20_POLY1305_SHA256"",""TLS_AES_256_GCM_SHA384"",""TLS_ECDHE_RSA_WITH_AES_128_GCM_SHA256""]",EC,256,ecdsa-with-SHA256,TRUSTED,MATCH,398
sim-low-0131,cb59454a4eab6232e984,modern_tls13,synthetic_simulation,LOW,True,True,TLSv1.3,"[""TLSv1.3""]","[""TLS_AES_128_GCM_SHA256"",""TLS_AES_256_GCM_SHA384""]",Ed25519,256,ED25519,TRUSTED,MATCH,90
sim-low-0132,3b16997e4c1c51c9eb3d,modern_aead,synthetic_simulation,LOW,True,True,TLSv1.2,"[""TLSv1.2""]","[""TLS_CHACHA20_POLY1305_SHA256"",""TLS_ECDHE_RSA_WITH_AES_128_GCM_SHA256"",""TLS_AES_256_GCM_SHA384""]",EC,256,ecdsa-with-SHA256,TRUSTED,MATCH,180
sim-low-0133,c8d553513d7ae8379a45,modern_tls13,synthetic_simulation,LOW,True,True,TLSv1.3,"[""TLSv1.3""]","[""TLS_AES_256_GCM_SHA384"",""TLS_AES_128_GCM_SHA256""]",Ed25519,256,ED25519,TRUSTED,MATCH,180
sim-low-0134,21ce0c8f6edf3399436e,modern_aead,synthetic_simulation,LOW,True,True,TLSv1.2,"[""TLSv1.2""]","[""TLS_CHACHA20_POLY1305_SHA256"",""TLS_AES_256_GCM_SHA384"",""TLS_AES_128_GCM_SHA256""]",Ed25519,256,ecdsa-with-SHA256,TRUSTED,MATCH,90
sim-low-0135,c2a47181c6f08aa7ad1e,modern_tls13,synthetic_simulation,LOW,True,True,TLSv1.3,"[""TLSv1.3""]","[""TLS_AES_256_GCM_SHA384"",""TLS_CHACHA20_POLY1305_SHA256""]",EC,256,ecdsa-with-SHA256,TRUSTED,MATCH,365
sim-low-0136,598faa7fcddb6f73916e,modern_aead,synthetic_simulation,LOW,True,True,TLSv1.2,"[""TLSv1.2"",""TLSv1.3""]","[""TLS_ECDHE_ECDSA_WITH_AES_128_GCM_SHA256"",""TLS_AES_128_GCM_SHA256"",""TLS_CHACHA20_POLY1305_SHA256""]",RSA,3072,sha256WithRSAEncryption,TRUSTED,MATCH,90
sim-low-0137,c5693ab21511ef347475,modern_tls13,synthetic_simulation,LOW,True,True,TLSv1.3,"[""TLSv1.3""]","[""TLS_CHACHA20_POLY1305_SHA256"",""TLS_AES_128_GCM_SHA256""]",Ed25519,256,ED25519,TRUSTED,MATCH,90
sim-low-0138,34ec0fa8242098bd0b8e,modern_aead,synthetic_simulation,LOW,True,True,TLSv1.2,"[""TLSv1.2""]","[""TLS_AES_256_GCM_SHA384"",""TLS_CHACHA20_POLY1305_SHA256"",""TLS_ECDHE_RSA_WITH_AES_128_GCM_SHA256""]",EC,256,ecdsa-with-SHA256,TRUSTED,MATCH,398
sim-low-0139,e5d60fbcfc987a61abfb,modern_tls13,synthetic_simulation,LOW,True,True,TLSv1.3,"[""TLSv1.3""]","[""TLS_AES_128_GCM_SHA256"",""TLS_CHACHA20_POLY1305_SHA256""]",EC,256,ecdsa-with-SHA256,TRUSTED,MATCH,180
sim-low-0140,c1548c4ac67b982df00d,modern_aead,synthetic_simulation,LOW,True,True,TLSv1.2,"[""TLSv1.2"",""TLSv1.3""]","[""TLS_ECDHE_ECDSA_WITH_AES_128_GCM_SHA256"",""TLS_ECDHE_RSA_WITH_AES_128_GCM_SHA256"",""TLS_CHACHA20_POLY1305_SHA256""]",EC,256,ecdsa-with-SHA256,TRUSTED,MATCH,365
sim-low-0141,c8a9143b497b06d79910,modern_tls13,synthetic_simulation,LOW,True,True,TLSv1.3,"[""TLSv1.3""]","[""TLS_CHACHA20_POLY1305_SHA256"",""TLS_AES_256_GCM_SHA384""]",EC,256,ecdsa-with-SHA256,TRUSTED,MATCH,365
sim-low-0142,87d1cd08bc934944a624,modern_aead,synthetic_simulation,LOW,True,True,TLSv1.2,"[""TLSv1.2"",""TLSv1.3""]","[""TLS_AES_256_GCM_SHA384"",""TLS_ECDHE_ECDSA_WITH_AES_128_GCM_SHA256"",""TLS_CHACHA20_POLY1305_SHA256""]",RSA,2048,sha256WithRSAEncryption,TRUSTED,MATCH,365
sim-low-0143,8c974084d47324403608,modern_tls13,synthetic_simulation,LOW,True,True,TLSv1.3,"[""TLSv1.3""]","[""TLS_AES_128_GCM_SHA256"",""TLS_CHACHA20_POLY1305_SHA256""]",Ed25519,256,ED25519,TRUSTED,MATCH,180
sim-low-0144,3b2cfbf9cf837b0f5a7a,modern_aead,synthetic_simulation,LOW,True,True,TLSv1.3,"[""TLSv1.3""]","[""TLS_CHACHA20_POLY1305_SHA256"",""TLS_AES_128_GCM_SHA256"",""TLS_ECDHE_RSA_WITH_AES_128_GCM_SHA256""]",EC,256,ecdsa-with-SHA256,TRUSTED,MATCH,398
sim-low-0145,dbd60ac46c26cb9ec09a,modern_tls13,synthetic_simulation,LOW,True,True,TLSv1.3,"[""TLSv1.3""]","[""TLS_AES_128_GCM_SHA256"",""TLS_AES_256_GCM_SHA384""]",EC,256,ecdsa-with-SHA256,TRUSTED,MATCH,365
sim-low-0146,52deeaf4ecdf647847c6,modern_aead,synthetic_simulation,LOW,True,True,TLSv1.3,"[""TLSv1.3""]","[""TLS_ECDHE_RSA_WITH_AES_128_GCM_SHA256"",""TLS_AES_256_GCM_SHA384"",""TLS_CHACHA20_POLY1305_SHA256""]",RSA,2048,sha256WithRSAEncryption,TRUSTED,MATCH,398
sim-low-0147,2f25d638711a0f85d23b,modern_tls13,synthetic_simulation,LOW,True,True,TLSv1.3,"[""TLSv1.3""]","[""TLS_CHACHA20_POLY1305_SHA256"",""TLS_AES_256_GCM_SHA384""]",EC,256,ecdsa-with-SHA256,TRUSTED,MATCH,180
sim-low-0148,8a3ed6a0e61f9d7692ac,modern_aead,synthetic_simulation,LOW,True,True,TLSv1.2,"[""TLSv1.2""]","[""TLS_AES_256_GCM_SHA384"",""TLS_ECDHE_RSA_WITH_AES_128_GCM_SHA256"",""TLS_AES_128_GCM_SHA256""]",Ed25519,256,ecdsa-with-SHA256,TRUSTED,MATCH,90
sim-low-0149,3f03f29f5d5c6618c988,modern_tls13,synthetic_simulation,LOW,True,True,TLSv1.3,"[""TLSv1.3""]","[""TLS_AES_256_GCM_SHA384"",""TLS_AES_128_GCM_SHA256""]",EC,256,ecdsa-with-SHA256,TRUSTED,MATCH,365
sim-low-0150,cb901fd63b1519d749e1,modern_aead,synthetic_simulation,LOW,True,True,TLSv1.3,"[""TLSv1.3""]","[""TLS_AES_256_GCM_SHA384"",""TLS_ECDHE_RSA_WITH_AES_128_GCM_SHA256"",""TLS_CHACHA20_POLY1305_SHA256""]",RSA,3072,sha256WithRSAEncryption,TRUSTED,MATCH,180
sim-low-0151,d5df4b0b29ec118da409,modern_tls13,synthetic_simulation,LOW,True,True,TLSv1.3,"[""TLSv1.3""]","[""TLS_CHACHA20_POLY1305_SHA256"",""TLS_AES_128_GCM_SHA256""]",Ed25519,256,ED25519,TRUSTED,MATCH,180
sim-low-0152,f00938f18892d62f4852,modern_aead,synthetic_simulation,LOW,True,True,TLSv1.2,"[""TLSv1.2""]","[""TLS_ECDHE_RSA_WITH_AES_128_GCM_SHA256"",""TLS_CHACHA20_POLY1305_SHA256"",""TLS_AES_128_GCM_SHA256""]",Ed25519,256,ecdsa-with-SHA256,TRUSTED,MATCH,398
sim-low-0153,504a982c775d820d67ef,modern_tls13,synthetic_simulation,LOW,True,True,TLSv1.3,"[""TLSv1.3""]","[""TLS_AES_128_GCM_SHA256"",""TLS_AES_256_GCM_SHA384""]",Ed25519,256,ED25519,TRUSTED,MATCH,365
sim-low-0154,bc96d7c073254df8e3b8,modern_aead,synthetic_simulation,LOW,True,True,TLSv1.3,"[""TLSv1.3""]","[""TLS_ECDHE_RSA_WITH_AES_128_GCM_SHA256"",""TLS_ECDHE_ECDSA_WITH_AES_128_GCM_SHA256"",""TLS_CHACHA20_POLY1305_SHA256""]",RSA,4096,sha256WithRSAEncryption,TRUSTED,MATCH,90
sim-low-0155,368e4e3860fb7a2dde21,modern_tls13,synthetic_simulation,LOW,True,True,TLSv1.3,"[""TLSv1.3""]","[""TLS_CHACHA20_POLY1305_SHA256"",""TLS_AES_128_GCM_SHA256""]",EC,256,ecdsa-with-SHA256,TRUSTED,MATCH,365
sim-low-0156,9454552d63db390f68dc,modern_aead,synthetic_simulation,LOW,True,True,TLSv1.2,"[""TLSv1.2""]","[""TLS_AES_256_GCM_SHA384"",""TLS_ECDHE_ECDSA_WITH_AES_128_GCM_SHA256"",""TLS_AES_128_GCM_SHA256""]",EC,256,ecdsa-with-SHA256,TRUSTED,MATCH,180
sim-low-0157,2479a587fa54cb04486a,modern_tls13,synthetic_simulation,LOW,True,True,TLSv1.3,"[""TLSv1.3""]","[""TLS_CHACHA20_POLY1305_SHA256"",""TLS_AES_128_GCM_SHA256""]",EC,256,ecdsa-with-SHA256,TRUSTED,MATCH,90
sim-low-0158,c79bd5e33706f34c7461,modern_aead,synthetic_simulation,LOW,True,True,TLSv1.2,"[""TLSv1.2"",""TLSv1.3""]","[""TLS_AES_128_GCM_SHA256"",""TLS_ECDHE_RSA_WITH_AES_128_GCM_SHA256"",""TLS_CHACHA20_POLY1305_SHA256""]",Ed25519,256,ecdsa-with-SHA256,TRUSTED,MATCH,365
sim-low-0159,cb59454a4eab6232e984,modern_tls13,synthetic_simulation,LOW,True,True,TLSv1.3,"[""TLSv1.3""]","[""TLS_AES_128_GCM_SHA256"",""TLS_AES_256_GCM_SHA384""]",Ed25519,256,ED25519,TRUSTED,MATCH,90
sim-low-0160,6767d826575eb52335e2,modern_aead,synthetic_simulation,LOW,True,True,TLSv1.2,"[""TLSv1.2"",""TLSv1.3""]","[""TLS_CHACHA20_POLY1305_SHA256"",""TLS_AES_128_GCM_SHA256"",""TLS_AES_256_GCM_SHA384""]",RSA,4096,sha256WithRSAEncryption,TRUSTED,MATCH,90
sim-low-0161,64de0091fa9e32a53aec,modern_tls13,synthetic_simulation,LOW,True,True,TLSv1.3,"[""TLSv1.3""]","[""TLS_AES_256_GCM_SHA384"",""TLS_CHACHA20_POLY1305_SHA256""]",Ed25519,256,ED25519,TRUSTED,MATCH,180
sim-low-0162,38ad32ad8663bd60c4d5,modern_aead,synthetic_simulation,LOW,True,True,TLSv1.2,"[""TLSv1.2"",""TLSv1.3""]","[""TLS_AES_128_GCM_SHA256"",""TLS_CHACHA20_POLY1305_SHA256"",""TLS_ECDHE_ECDSA_WITH_AES_128_GCM_SHA256""]",Ed25519,256,ecdsa-with-SHA256,TRUSTED,MATCH,398
sim-low-0163,ee956becb3546d969081,modern_tls13,synthetic_simulation,LOW,True,True,TLSv1.3,"[""TLSv1.3""]","[""TLS_AES_128_GCM_SHA256"",""TLS_AES_256_GCM_SHA384""]",EC,256,ecdsa-with-SHA256,TRUSTED,MATCH,180
sim-low-0164,01c612a551bdbb0f8ebd,modern_aead,synthetic_simulation,LOW,True,True,TLSv1.2,"[""TLSv1.2""]","[""TLS_CHACHA20_POLY1305_SHA256"",""TLS_AES_128_GCM_SHA256"",""TLS_ECDHE_ECDSA_WITH_AES_128_GCM_SHA256""]",Ed25519,256,ecdsa-with-SHA256,TRUSTED,MATCH,180
sim-low-0165,d5df4b0b29ec118da409,modern_tls13,synthetic_simulation,LOW,True,True,TLSv1.3,"[""TLSv1.3""]","[""TLS_CHACHA20_POLY1305_SHA256"",""TLS_AES_128_GCM_SHA256""]",Ed25519,256,ED25519,TRUSTED,MATCH,180
sim-low-0166,fc3f9b74d7b45619c0b6,modern_aead,synthetic_simulation,LOW,True,True,TLSv1.3,"[""TLSv1.3""]","[""TLS_ECDHE_RSA_WITH_AES_128_GCM_SHA256"",""TLS_CHACHA20_POLY1305_SHA256"",""TLS_AES_256_GCM_SHA384""]",RSA,2048,sha256WithRSAEncryption,TRUSTED,MATCH,398
sim-low-0167,8c974084d47324403608,modern_tls13,synthetic_simulation,LOW,True,True,TLSv1.3,"[""TLSv1.3""]","[""TLS_AES_128_GCM_SHA256"",""TLS_CHACHA20_POLY1305_SHA256""]",Ed25519,256,ED25519,TRUSTED,MATCH,180
sim-low-0168,99ae6872bc2169fa2f79,modern_aead,synthetic_simulation,LOW,True,True,TLSv1.2,"[""TLSv1.2""]","[""TLS_ECDHE_ECDSA_WITH_AES_128_GCM_SHA256"",""TLS_AES_128_GCM_SHA256"",""TLS_CHACHA20_POLY1305_SHA256""]",EC,256,ecdsa-with-SHA256,TRUSTED,MATCH,180
sim-low-0169,6bfa38233c74b992a4c2,modern_tls13,synthetic_simulation,LOW,True,True,TLSv1.3,"[""TLSv1.3""]","[""TLS_AES_128_GCM_SHA256"",""TLS_AES_256_GCM_SHA384""]",Ed25519,256,ED25519,TRUSTED,MATCH,180
sim-low-0170,b72939efd4d65fe5a11d,modern_aead,synthetic_simulation,LOW,True,True,TLSv1.2,"[""TLSv1.2""]","[""TLS_ECDHE_ECDSA_WITH_AES_128_GCM_SHA256"",""TLS_ECDHE_RSA_WITH_AES_128_GCM_SHA256"",""TLS_AES_128_GCM_SHA256""]",Ed25519,256,ecdsa-with-SHA256,TRUSTED,MATCH,90
sim-low-0171,841839f01da9ebfd8cbc,modern_tls13,synthetic_simulation,LOW,True,True,TLSv1.3,"[""TLSv1.3""]","[""TLS_AES_128_GCM_SHA256"",""TLS_CHACHA20_POLY1305_SHA256""]",EC,256,ecdsa-with-SHA256,TRUSTED,MATCH,365
sim-low-0172,71b11c636a24dbb795c1,modern_aead,synthetic_simulation,LOW,True,True,TLSv1.2,"[""TLSv1.2"",""TLSv1.3""]","[""TLS_ECDHE_ECDSA_WITH_AES_128_GCM_SHA256"",""TLS_AES_128_GCM_SHA256"",""TLS_CHACHA20_POLY1305_SHA256""]",EC,256,ecdsa-with-SHA256,TRUSTED,MATCH,90
sim-low-0173,2f25d638711a0f85d23b,modern_tls13,synthetic_simulation,LOW,True,True,TLSv1.3,"[""TLSv1.3""]","[""TLS_CHACHA20_POLY1305_SHA256"",""TLS_AES_256_GCM_SHA384""]",EC,256,ecdsa-with-SHA256,TRUSTED,MATCH,180
sim-low-0174,b4b02e1527020b8de1d9,modern_aead,synthetic_simulation,LOW,True,True,TLSv1.2,"[""TLSv1.2"",""TLSv1.3""]","[""TLS_AES_256_GCM_SHA384"",""TLS_CHACHA20_POLY1305_SHA256"",""TLS_ECDHE_ECDSA_WITH_AES_128_GCM_SHA256""]",EC,256,ecdsa-with-SHA256,TRUSTED,MATCH,180
sim-low-0175,64de0091fa9e32a53aec,modern_tls13,synthetic_simulation,LOW,True,True,TLSv1.3,"[""TLSv1.3""]","[""TLS_AES_256_GCM_SHA384"",""TLS_CHACHA20_POLY1305_SHA256""]",Ed25519,256,ED25519,TRUSTED,MATCH,180
sim-low-0176,cc2f673499c295e88fb1,modern_aead,synthetic_simulation,LOW,True,True,TLSv1.2,"[""TLSv1.2""]","[""TLS_AES_256_GCM_SHA384"",""TLS_CHACHA20_POLY1305_SHA256"",""TLS_ECDHE_RSA_WITH_AES_128_GCM_SHA256""]",Ed25519,256,ecdsa-with-SHA256,TRUSTED,MATCH,90
sim-low-0177,26a31350cf04e577326c,modern_tls13,synthetic_simulation,LOW,True,True,TLSv1.3,"[""TLSv1.3""]","[""TLS_AES_256_GCM_SHA384"",""TLS_AES_128_GCM_SHA256""]",Ed25519,256,ED25519,TRUSTED,MATCH,365
sim-low-0178,b918364c19027b357de1,modern_aead,synthetic_simulation,LOW,True,True,TLSv1.2,"[""TLSv1.2"",""TLSv1.3""]","[""TLS_CHACHA20_POLY1305_SHA256"",""TLS_ECDHE_RSA_WITH_AES_128_GCM_SHA256"",""TLS_AES_128_GCM_SHA256""]",RSA,2048,sha256WithRSAEncryption,TRUSTED,MATCH,398
sim-low-0179,841839f01da9ebfd8cbc,modern_tls13,synthetic_simulation,LOW,True,True,TLSv1.3,"[""TLSv1.3""]","[""TLS_AES_128_GCM_SHA256"",""TLS_CHACHA20_POLY1305_SHA256""]",EC,256,ecdsa-with-SHA256,TRUSTED,MATCH,365
sim-low-0180,1129e2dafe6dcf6160c0,modern_aead,synthetic_simulation,LOW,True,True,TLSv1.2,"[""TLSv1.2""]","[""TLS_ECDHE_ECDSA_WITH_AES_128_GCM_SHA256"",""TLS_AES_256_GCM_SHA384"",""TLS_CHACHA20_POLY1305_SHA256""]",RSA,2048,sha256WithRSAEncryption,TRUSTED,MATCH,365
sim-low-0181,d5df4b0b29ec118da409,modern_tls13,synthetic_simulation,LOW,True,True,TLSv1.3,"[""TLSv1.3""]","[""TLS_CHACHA20_POLY1305_SHA256"",""TLS_AES_128_GCM_SHA256""]",Ed25519,256,ED25519,TRUSTED,MATCH,180
sim-low-0182,a34add780ab9ffe5c607,modern_aead,synthetic_simulation,LOW,True,True,TLSv1.2,"[""TLSv1.2""]","[""TLS_ECDHE_ECDSA_WITH_AES_128_GCM_SHA256"",""TLS_AES_128_GCM_SHA256"",""TLS_CHACHA20_POLY1305_SHA256""]",RSA,3072,sha256WithRSAEncryption,TRUSTED,MATCH,398
sim-low-0183,cd82c11b27ddde5df9a3,modern_tls13,synthetic_simulation,LOW,True,True,TLSv1.3,"[""TLSv1.3""]","[""TLS_AES_256_GCM_SHA384"",""TLS_CHACHA20_POLY1305_SHA256""]",Ed25519,256,ED25519,TRUSTED,MATCH,365
sim-low-0184,b1b283c346ceede2defb,modern_aead,synthetic_simulation,LOW,True,True,TLSv1.3,"[""TLSv1.3""]","[""TLS_ECDHE_RSA_WITH_AES_128_GCM_SHA256"",""TLS_AES_256_GCM_SHA384"",""TLS_CHACHA20_POLY1305_SHA256""]",Ed25519,256,ecdsa-with-SHA256,TRUSTED,MATCH,365
sim-low-0185,504a982c775d820d67ef,modern_tls13,synthetic_simulation,LOW,True,True,TLSv1.3,"[""TLSv1.3""]","[""TLS_AES_128_GCM_SHA256"",""TLS_AES_256_GCM_SHA384""]",Ed25519,256,ED25519,TRUSTED,MATCH,365
sim-low-0186,972d182efa7ec6c8cd34,modern_aead,synthetic_simulation,LOW,True,True,TLSv1.2,"[""TLSv1.2""]","[""TLS_AES_256_GCM_SHA384"",""TLS_ECDHE_RSA_WITH_AES_128_GCM_SHA256"",""TLS_ECDHE_ECDSA_WITH_AES_128_GCM_SHA256""]",RSA,4096,sha256WithRSAEncryption,TRUSTED,MATCH,398
sim-low-0187,c8a9143b497b06d79910,modern_tls13,synthetic_simulation,LOW,True,True,TLSv1.3,"[""TLSv1.3""]","[""TLS_CHACHA20_POLY1305_SHA256"",""TLS_AES_256_GCM_SHA384""]",EC,256,ecdsa-with-SHA256,TRUSTED,MATCH,365
sim-low-0188,5d624c9cfa21bc0f8e86,modern_aead,synthetic_simulation,LOW,True,True,TLSv1.3,"[""TLSv1.3""]","[""TLS_ECDHE_RSA_WITH_AES_128_GCM_SHA256"",""TLS_AES_128_GCM_SHA256"",""TLS_CHACHA20_POLY1305_SHA256""]",EC,256,ecdsa-with-SHA256,TRUSTED,MATCH,180
sim-low-0189,c8a9143b497b06d79910,modern_tls13,synthetic_simulation,LOW,True,True,TLSv1.3,"[""TLSv1.3""]","[""TLS_CHACHA20_POLY1305_SHA256"",""TLS_AES_256_GCM_SHA384""]",EC,256,ecdsa-with-SHA256,TRUSTED,MATCH,365
sim-low-0190,b2762cefc9a06d5770cb,modern_aead,synthetic_simulation,LOW,True,True,TLSv1.2,"[""TLSv1.2"",""TLSv1.3""]","[""TLS_ECDHE_ECDSA_WITH_AES_128_GCM_SHA256"",""TLS_AES_256_GCM_SHA384"",""TLS_CHACHA20_POLY1305_SHA256""]",EC,256,ecdsa-with-SHA256,TRUSTED,MATCH,180
sim-low-0191,842e5062bc5675626c48,modern_tls13,synthetic_simulation,LOW,True,True,TLSv1.3,"[""TLSv1.3""]","[""TLS_CHACHA20_POLY1305_SHA256"",""TLS_AES_256_GCM_SHA384""]",Ed25519,256,ED25519,TRUSTED,MATCH,180
sim-low-0192,7540efd0d1fb810a0ec7,modern_aead,synthetic_simulation,LOW,True,True,TLSv1.2,"[""TLSv1.2""]","[""TLS_ECDHE_RSA_WITH_AES_128_GCM_SHA256"",""TLS_ECDHE_ECDSA_WITH_AES_128_GCM_SHA256"",""TLS_AES_128_GCM_SHA256""]",EC,256,ecdsa-with-SHA256,TRUSTED,MATCH,90
sim-low-0193,64e54f6d2057489659f8,modern_tls13,synthetic_simulation,LOW,True,True,TLSv1.3,"[""TLSv1.3""]","[""TLS_AES_128_GCM_SHA256"",""TLS_AES_256_GCM_SHA384""]",EC,256,ecdsa-with-SHA256,TRUSTED,MATCH,90
sim-low-0194,7ef99a91ea15de761906,modern_aead,synthetic_simulation,LOW,True,True,TLSv1.2,"[""TLSv1.2""]","[""TLS_AES_128_GCM_SHA256"",""TLS_AES_256_GCM_SHA384"",""TLS_ECDHE_ECDSA_WITH_AES_128_GCM_SHA256""]",EC,256,ecdsa-with-SHA256,TRUSTED,MATCH,365
sim-low-0195,3f03f29f5d5c6618c988,modern_tls13,synthetic_simulation,LOW,True,True,TLSv1.3,"[""TLSv1.3""]","[""TLS_AES_256_GCM_SHA384"",""TLS_AES_128_GCM_SHA256""]",EC,256,ecdsa-with-SHA256,TRUSTED,MATCH,365
sim-low-0196,968190c540976c520cbe,modern_aead,synthetic_simulation,LOW,True,True,TLSv1.2,"[""TLSv1.2""]","[""TLS_AES_256_GCM_SHA384"",""TLS_ECDHE_RSA_WITH_AES_128_GCM_SHA256"",""TLS_CHACHA20_POLY1305_SHA256""]",EC,256,ecdsa-with-SHA256,TRUSTED,MATCH,365
sim-low-0197,f0f423018acaefd16f00,modern_tls13,synthetic_simulation,LOW,True,True,TLSv1.3,"[""TLSv1.3""]","[""TLS_AES_128_GCM_SHA256"",""TLS_CHACHA20_POLY1305_SHA256""]",Ed25519,256,ED25519,TRUSTED,MATCH,365
sim-low-0198,d240ae62b1fe5dd6480b,modern_aead,synthetic_simulation,LOW,True,True,TLSv1.2,"[""TLSv1.2""]","[""TLS_ECDHE_ECDSA_WITH_AES_128_GCM_SHA256"",""TLS_AES_256_GCM_SHA384"",""TLS_ECDHE_RSA_WITH_AES_128_GCM_SHA256""]",EC,256,ecdsa-with-SHA256,TRUSTED,MATCH,90
sim-low-0199,ef3ba3dd4793d65534a7,modern_tls13,synthetic_simulation,LOW,True,True,TLSv1.3,"[""TLSv1.3""]","[""TLS_CHACHA20_POLY1305_SHA256"",""TLS_AES_256_GCM_SHA384""]",Ed25519,256,ED25519,TRUSTED,MATCH,90
sim-low-0200,1dcf5a1b17a1f2b82f9c,modern_aead,synthetic_simulation,LOW,True,True,TLSv1.2,"[""TLSv1.2"",""TLSv1.3""]","[""TLS_ECDHE_ECDSA_WITH_AES_128_GCM_SHA256"",""TLS_AES_256_GCM_SHA384"",""TLS_ECDHE_RSA_WITH_AES_128_GCM_SHA256""]",RSA,4096,sha256WithRSAEncryption,TRUSTED,MATCH,180
sim-low-0201,c5693ab21511ef347475,modern_tls13,synthetic_simulation,LOW,True,True,TLSv1.3,"[""TLSv1.3""]","[""TLS_CHACHA20_POLY1305_SHA256"",""TLS_AES_128_GCM_SHA256""]",Ed25519,256,ED25519,TRUSTED,MATCH,90
sim-low-0202,aaa9a89b9566072199d2,modern_aead,synthetic_simulation,LOW,True,True,TLSv1.2,"[""TLSv1.2""]","[""TLS_CHACHA20_POLY1305_SHA256"",""TLS_AES_256_GCM_SHA384"",""TLS_ECDHE_RSA_WITH_AES_128_GCM_SHA256""]",EC,256,ecdsa-with-SHA256,TRUSTED,MATCH,398
sim-low-0203,3f03f29f5d5c6618c988,modern_tls13,synthetic_simulation,LOW,True,True,TLSv1.3,"[""TLSv1.3""]","[""TLS_AES_256_GCM_SHA384"",""TLS_AES_128_GCM_SHA256""]",EC,256,ecdsa-with-SHA256,TRUSTED,MATCH,365
sim-low-0204,f96ea3cff9fffd96b7aa,modern_aead,synthetic_simulation,LOW,True,True,TLSv1.2,"[""TLSv1.2"",""TLSv1.3""]","[""TLS_AES_256_GCM_SHA384"",""TLS_ECDHE_RSA_WITH_AES_128_GCM_SHA256"",""TLS_AES_128_GCM_SHA256""]",EC,256,ecdsa-with-SHA256,TRUSTED,MATCH,90
sim-low-0205,411c265851d17e936383,modern_tls13,synthetic_simulation,LOW,True,True,TLSv1.3,"[""TLSv1.3""]","[""TLS_AES_256_GCM_SHA384"",""TLS_CHACHA20_POLY1305_SHA256""]",EC,256,ecdsa-with-SHA256,TRUSTED,MATCH,90
sim-low-0206,7db3c3fdaa00a5708047,modern_aead,synthetic_simulation,LOW,True,True,TLSv1.2,"[""TLSv1.2"",""TLSv1.3""]","[""TLS_AES_256_GCM_SHA384"",""TLS_CHACHA20_POLY1305_SHA256"",""TLS_AES_128_GCM_SHA256""]",RSA,4096,sha256WithRSAEncryption,TRUSTED,MATCH,180
sim-low-0207,efee0d3a55c16134c05c,modern_tls13,synthetic_simulation,LOW,True,True,TLSv1.3,"[""TLSv1.3""]","[""TLS_AES_256_GCM_SHA384"",""TLS_AES_128_GCM_SHA256""]",Ed25519,256,ED25519,TRUSTED,MATCH,90
sim-low-0208,5298c768cb569bdebb32,modern_aead,synthetic_simulation,LOW,True,True,TLSv1.2,"[""TLSv1.2"",""TLSv1.3""]","[""TLS_ECDHE_ECDSA_WITH_AES_128_GCM_SHA256"",""TLS_AES_256_GCM_SHA384"",""TLS_ECDHE_RSA_WITH_AES_128_GCM_SHA256""]",RSA,3072,sha256WithRSAEncryption,TRUSTED,MATCH,90
sim-low-0209,efee0d3a55c16134c05c,modern_tls13,synthetic_simulation,LOW,True,True,TLSv1.3,"[""TLSv1.3""]","[""TLS_AES_256_GCM_SHA384"",""TLS_AES_128_GCM_SHA256""]",Ed25519,256,ED25519,TRUSTED,MATCH,90
sim-low-0210,9427dff9b0f5806a5b99,modern_aead,synthetic_simulation,LOW,True,True,TLSv1.2,"[""TLSv1.2""]","[""TLS_ECDHE_RSA_WITH_AES_128_GCM_SHA256"",""TLS_AES_256_GCM_SHA384"",""TLS_CHACHA20_POLY1305_SHA256""]",RSA,3072,sha256WithRSAEncryption,TRUSTED,MATCH,398
sim-low-0211,3f03f29f5d5c6618c988,modern_tls13,synthetic_simulation,LOW,True,True,TLSv1.3,"[""TLSv1.3""]","[""TLS_AES_256_GCM_SHA384"",""TLS_AES_128_GCM_SHA256""]",EC,256,ecdsa-with-SHA256,TRUSTED,MATCH,365
sim-low-0212,ce66beb5ef18297e8337,modern_aead,synthetic_simulation,LOW,True,True,TLSv1.2,"[""TLSv1.2"",""TLSv1.3""]","[""TLS_AES_128_GCM_SHA256"",""TLS_ECDHE_ECDSA_WITH_AES_128_GCM_SHA256"",""TLS_ECDHE_RSA_WITH_AES_128_GCM_SHA256""]",EC,256,ecdsa-with-SHA256,TRUSTED,MATCH,398
sim-low-0213,c5693ab21511ef347475,modern_tls13,synthetic_simulation,LOW,True,True,TLSv1.3,"[""TLSv1.3""]","[""TLS_CHACHA20_POLY1305_SHA256"",""TLS_AES_128_GCM_SHA256""]",Ed25519,256,ED25519,TRUSTED,MATCH,90
sim-low-0214,b64304260bd851843af4,modern_aead,synthetic_simulation,LOW,True,True,TLSv1.2,"[""TLSv1.2"",""TLSv1.3""]","[""TLS_AES_128_GCM_SHA256"",""TLS_ECDHE_ECDSA_WITH_AES_128_GCM_SHA256"",""TLS_CHACHA20_POLY1305_SHA256""]",Ed25519,256,ecdsa-with-SHA256,TRUSTED,MATCH,365
sim-low-0215,d5df4b0b29ec118da409,modern_tls13,synthetic_simulation,LOW,True,True,TLSv1.3,"[""TLSv1.3""]","[""TLS_CHACHA20_POLY1305_SHA256"",""TLS_AES_128_GCM_SHA256""]",Ed25519,256,ED25519,TRUSTED,MATCH,180
sim-low-0216,eb7140d17a1dd4b7a110,modern_aead,synthetic_simulation,LOW,True,True,TLSv1.2,"[""TLSv1.2""]","[""TLS_AES_128_GCM_SHA256"",""TLS_ECDHE_RSA_WITH_AES_128_GCM_SHA256"",""TLS_ECDHE_ECDSA_WITH_AES_128_GCM_SHA256""]",RSA,3072,sha256WithRSAEncryption,TRUSTED,MATCH,180
sim-low-0217,2abef25f661533350a80,modern_tls13,synthetic_simulation,LOW,True,True,TLSv1.3,"[""TLSv1.3""]","[""TLS_AES_256_GCM_SHA384"",""TLS_CHACHA20_POLY1305_SHA256""]",EC,256,ecdsa-with-SHA256,TRUSTED,MATCH,180
sim-low-0218,22846fdcfaf360aeba4e,modern_aead,synthetic_simulation,LOW,True,True,TLSv1.2,"[""TLSv1.2"",""TLSv1.3""]","[""TLS_ECDHE_ECDSA_WITH_AES_128_GCM_SHA256"",""TLS_AES_128_GCM_SHA256"",""TLS_AES_256_GCM_SHA384""]",EC,256,ecdsa-with-SHA256,TRUSTED,MATCH,180
sim-low-0219,dbd60ac46c26cb9ec09a,modern_tls13,synthetic_simulation,LOW,True,True,TLSv1.3,"[""TLSv1.3""]","[""TLS_AES_128_GCM_SHA256"",""TLS_AES_256_GCM_SHA384""]",EC,256,ecdsa-with-SHA256,TRUSTED,MATCH,365
sim-low-0220,83f432ddd72d4dcfb76b,modern_aead,synthetic_simulation,LOW,True,True,TLSv1.3,"[""TLSv1.3""]","[""TLS_ECDHE_RSA_WITH_AES_128_GCM_SHA256"",""TLS_CHACHA20_POLY1305_SHA256"",""TLS_AES_256_GCM_SHA384""]",Ed25519,256,ecdsa-with-SHA256,TRUSTED,MATCH,365
sim-low-0221,cbab9b45c46c708958a5,modern_tls13,synthetic_simulation,LOW,True,True,TLSv1.3,"[""TLSv1.3""]","[""TLS_CHACHA20_POLY1305_SHA256"",""TLS_AES_128_GCM_SHA256""]",EC,256,ecdsa-with-SHA256,TRUSTED,MATCH,180
sim-low-0222,c840b9e16674e0fef768,modern_aead,synthetic_simulation,LOW,True,True,TLSv1.2,"[""TLSv1.2"",""TLSv1.3""]","[""TLS_ECDHE_ECDSA_WITH_AES_128_GCM_SHA256"",""TLS_AES_128_GCM_SHA256"",""TLS_AES_256_GCM_SHA384""]",RSA,3072,sha256WithRSAEncryption,TRUSTED,MATCH,365
sim-low-0223,cb59454a4eab6232e984,modern_tls13,synthetic_simulation,LOW,True,True,TLSv1.3,"[""TLSv1.3""]","[""TLS_AES_128_GCM_SHA256"",""TLS_AES_256_GCM_SHA384""]",Ed25519,256,ED25519,TRUSTED,MATCH,90
sim-low-0224,1a427c19335aad9e7277,modern_aead,synthetic_simulation,LOW,True,True,TLSv1.3,"[""TLSv1.3""]","[""TLS_ECDHE_ECDSA_WITH_AES_128_GCM_SHA256"",""TLS_AES_128_GCM_SHA256"",""TLS_AES_256_GCM_SHA384""]",Ed25519,256,ecdsa-with-SHA256,TRUSTED,MATCH,365
sim-low-0225,cbab9b45c46c708958a5,modern_tls13,synthetic_simulation,LOW,True,True,TLSv1.3,"[""TLSv1.3""]","[""TLS_CHACHA20_POLY1305_SHA256"",""TLS_AES_128_GCM_SHA256""]",EC,256,ecdsa-with-SHA256,TRUSTED,MATCH,180
sim-low-0226,ed035f7af4b812ff94a9,modern_aead,synthetic_simulation,LOW,True,True,TLSv1.3,"[""TLSv1.3""]","[""TLS_AES_128_GCM_SHA256"",""TLS_ECDHE_ECDSA_WITH_AES_128_GCM_SHA256"",""TLS_CHACHA20_POLY1305_SHA256""]",RSA,3072,sha256WithRSAEncryption,TRUSTED,MATCH,365
sim-low-0227,c8a9143b497b06d79910,modern_tls13,synthetic_simulation,LOW,True,True,TLSv1.3,"[""TLSv1.3""]","[""TLS_CHACHA20_POLY1305_SHA256"",""TLS_AES_256_GCM_SHA384""]",EC,256,ecdsa-with-SHA256,TRUSTED,MATCH,365
sim-low-0228,e81e9b2500bd9ede8f0e,modern_aead,synthetic_simulation,LOW,True,True,TLSv1.2,"[""TLSv1.2"",""TLSv1.3""]","[""TLS_ECDHE_ECDSA_WITH_AES_128_GCM_SHA256"",""TLS_CHACHA20_POLY1305_SHA256"",""TLS_ECDHE_RSA_WITH_AES_128_GCM_SHA256""]",RSA,2048,sha256WithRSAEncryption,TRUSTED,MATCH,365
sim-low-0229,c2a47181c6f08aa7ad1e,modern_tls13,synthetic_simulation,LOW,True,True,TLSv1.3,"[""TLSv1.3""]","[""TLS_AES_256_GCM_SHA384"",""TLS_CHACHA20_POLY1305_SHA256""]",EC,256,ecdsa-with-SHA256,TRUSTED,MATCH,365
sim-low-0230,1925e76b05a80f129452,modern_aead,synthetic_simulation,LOW,True,True,TLSv1.2,"[""TLSv1.2""]","[""TLS_AES_128_GCM_SHA256"",""TLS_CHACHA20_POLY1305_SHA256"",""TLS_ECDHE_RSA_WITH_AES_128_GCM_SHA256""]",RSA,4096,sha256WithRSAEncryption,TRUSTED,MATCH,90
sim-low-0231,dbd60ac46c26cb9ec09a,modern_tls13,synthetic_simulation,LOW,True,True,TLSv1.3,"[""TLSv1.3""]","[""TLS_AES_128_GCM_SHA256"",""TLS_AES_256_GCM_SHA384""]",EC,256,ecdsa-with-SHA256,TRUSTED,MATCH,365
sim-low-0232,38a95f2bdeb4b26bcc3f,modern_aead,synthetic_simulation,LOW,True,True,TLSv1.2,"[""TLSv1.2""]","[""TLS_ECDHE_ECDSA_WITH_AES_128_GCM_SHA256"",""TLS_ECDHE_RSA_WITH_AES_128_GCM_SHA256"",""TLS_AES_128_GCM_SHA256""]",EC,256,ecdsa-with-SHA256,TRUSTED,MATCH,180
sim-low-0233,c8d553513d7ae8379a45,modern_tls13,synthetic_simulation,LOW,True,True,TLSv1.3,"[""TLSv1.3""]","[""TLS_AES_256_GCM_SHA384"",""TLS_AES_128_GCM_SHA256""]",Ed25519,256,ED25519,TRUSTED,MATCH,180
sim-low-0234,85a679ab8dbce9237087,modern_aead,synthetic_simulation,LOW,True,True,TLSv1.3,"[""TLSv1.3""]","[""TLS_ECDHE_ECDSA_WITH_AES_128_GCM_SHA256"",""TLS_AES_256_GCM_SHA384"",""TLS_AES_128_GCM_SHA256""]",Ed25519,256,ecdsa-with-SHA256,TRUSTED,MATCH,365
sim-low-0235,cbab9b45c46c708958a5,modern_tls13,synthetic_simulation,LOW,True,True,TLSv1.3,"[""TLSv1.3""]","[""TLS_CHACHA20_POLY1305_SHA256"",""TLS_AES_128_GCM_SHA256""]",EC,256,ecdsa-with-SHA256,TRUSTED,MATCH,180
sim-low-0236,bb17df6d872c52638595,modern_aead,synthetic_simulation,LOW,True,True,TLSv1.3,"[""TLSv1.3""]","[""TLS_ECDHE_RSA_WITH_AES_128_GCM_SHA256"",""TLS_AES_128_GCM_SHA256"",""TLS_ECDHE_ECDSA_WITH_AES_128_GCM_SHA256""]",Ed25519,256,ecdsa-with-SHA256,TRUSTED,MATCH,90
sim-low-0237,9f2517be74652d7df2fb,modern_tls13,synthetic_simulation,LOW,True,True,TLSv1.3,"[""TLSv1.3""]","[""TLS_AES_256_GCM_SHA384"",""TLS_AES_128_GCM_SHA256""]",EC,256,ecdsa-with-SHA256,TRUSTED,MATCH,180
sim-low-0238,2673f305f2a288ee8560,modern_aead,synthetic_simulation,LOW,True,True,TLSv1.3,"[""TLSv1.3""]","[""TLS_ECDHE_RSA_WITH_AES_128_GCM_SHA256"",""TLS_ECDHE_ECDSA_WITH_AES_128_GCM_SHA256"",""TLS_AES_128_GCM_SHA256""]",RSA,3072,sha256WithRSAEncryption,TRUSTED,MATCH,365
sim-low-0239,c8a9143b497b06d79910,modern_tls13,synthetic_simulation,LOW,True,True,TLSv1.3,"[""TLSv1.3""]","[""TLS_CHACHA20_POLY1305_SHA256"",""TLS_AES_256_GCM_SHA384""]",EC,256,ecdsa-with-SHA256,TRUSTED,MATCH,365
sim-low-0240,3b16997e4c1c51c9eb3d,modern_aead,synthetic_simulation,LOW,True,True,TLSv1.2,"[""TLSv1.2""]","[""TLS_CHACHA20_POLY1305_SHA256"",""TLS_ECDHE_RSA_WITH_AES_128_GCM_SHA256"",""TLS_AES_256_GCM_SHA384""]",EC,256,ecdsa-with-SHA256,TRUSTED,MATCH,180
sim-low-0241,6bfa38233c74b992a4c2,modern_tls13,synthetic_simulation,LOW,True,True,TLSv1.3,"[""TLSv1.3""]","[""TLS_AES_128_GCM_SHA256"",""TLS_AES_256_GCM_SHA384""]",Ed25519,256,ED25519,TRUSTED,MATCH,180
sim-low-0242,395035a84a840ead4e54,modern_aead,synthetic_simulation,LOW,True,True,TLSv1.2,"[""TLSv1.2"",""TLSv1.3""]","[""TLS_AES_256_GCM_SHA384"",""TLS_CHACHA20_POLY1305_SHA256"",""TLS_AES_128_GCM_SHA256""]",Ed25519,256,ecdsa-with-SHA256,TRUSTED,MATCH,365
sim-low-0243,64de0091fa9e32a53aec,modern_tls13,synthetic_simulation,LOW,True,True,TLSv1.3,"[""TLSv1.3""]","[""TLS_AES_256_GCM_SHA384"",""TLS_CHACHA20_POLY1305_SHA256""]",Ed25519,256,ED25519,TRUSTED,MATCH,180
sim-low-0244,8ce69b7742f36b6adf52,modern_aead,synthetic_simulation,LOW,True,True,TLSv1.2,"[""TLSv1.2"",""TLSv1.3""]","[""TLS_ECDHE_RSA_WITH_AES_128_GCM_SHA256"",""TLS_AES_128_GCM_SHA256"",""TLS_ECDHE_ECDSA_WITH_AES_128_GCM_SHA256""]",RSA,3072,sha256WithRSAEncryption,TRUSTED,MATCH,90
sim-low-0245,64e54f6d2057489659f8,modern_tls13,synthetic_simulation,LOW,True,True,TLSv1.3,"[""TLSv1.3""]","[""TLS_AES_128_GCM_SHA256"",""TLS_AES_256_GCM_SHA384""]",EC,256,ecdsa-with-SHA256,TRUSTED,MATCH,90
sim-low-0246,da6955878b0eab244954,modern_aead,synthetic_simulation,LOW,True,True,TLSv1.2,"[""TLSv1.2"",""TLSv1.3""]","[""TLS_CHACHA20_POLY1305_SHA256"",""TLS_ECDHE_RSA_WITH_AES_128_GCM_SHA256"",""TLS_ECDHE_ECDSA_WITH_AES_128_GCM_SHA256""]",RSA,4096,sha256WithRSAEncryption,TRUSTED,MATCH,398
sim-low-0247,cb59454a4eab6232e984,modern_tls13,synthetic_simulation,LOW,True,True,TLSv1.3,"[""TLSv1.3""]","[""TLS_AES_128_GCM_SHA256"",""TLS_AES_256_GCM_SHA384""]",Ed25519,256,ED25519,TRUSTED,MATCH,90
sim-low-0248,1a358dc70f9ef0ccc8ec,modern_aead,synthetic_simulation,LOW,True,True,TLSv1.2,"[""TLSv1.2""]","[""TLS_AES_256_GCM_SHA384"",""TLS_CHACHA20_POLY1305_SHA256"",""TLS_ECDHE_RSA_WITH_AES_128_GCM_SHA256""]",Ed25519,256,ecdsa-with-SHA256,TRUSTED,MATCH,365
sim-low-0249,cb59454a4eab6232e984,modern_tls13,synthetic_simulation,LOW,True,True,TLSv1.3,"[""TLSv1.3""]","[""TLS_AES_128_GCM_SHA256"",""TLS_AES_256_GCM_SHA384""]",Ed25519,256,ED25519,TRUSTED,MATCH,90
sim-low-0250,7423215438fdca226e73,modern_aead,synthetic_simulation,LOW,True,True,TLSv1.2,"[""TLSv1.2"",""TLSv1.3""]","[""TLS_AES_256_GCM_SHA384"",""TLS_ECDHE_ECDSA_WITH_AES_128_GCM_SHA256"",""TLS_AES_128_GCM_SHA256""]",Ed25519,256,ecdsa-with-SHA256,TRUSTED,MATCH,90
sim-low-0251,7f2e7ca80ff2da5af12f,modern_tls13,synthetic_simulation,LOW,True,True,TLSv1.3,"[""TLSv1.3""]","[""TLS_CHACHA20_POLY1305_SHA256"",""TLS_AES_256_GCM_SHA384""]",EC,256,ecdsa-with-SHA256,TRUSTED,MATCH,90
sim-low-0252,6518b2a007aab1625a1f,modern_aead,synthetic_simulation,LOW,True,True,TLSv1.2,"[""TLSv1.2"",""TLSv1.3""]","[""TLS_CHACHA20_POLY1305_SHA256"",""TLS_ECDHE_RSA_WITH_AES_128_GCM_SHA256"",""TLS_AES_128_GCM_SHA256""]",RSA,4096,sha256WithRSAEncryption,TRUSTED,MATCH,180
sim-low-0253,c5693ab21511ef347475,modern_tls13,synthetic_simulation,LOW,True,True,TLSv1.3,"[""TLSv1.3""]","[""TLS_CHACHA20_POLY1305_SHA256"",""TLS_AES_128_GCM_SHA256""]",Ed25519,256,ED25519,TRUSTED,MATCH,90
sim-low-0254,b7a051944d4cfb30aa33,modern_aead,synthetic_simulation,LOW,True,True,TLSv1.2,"[""TLSv1.2""]","[""TLS_AES_128_GCM_SHA256"",""TLS_ECDHE_RSA_WITH_AES_128_GCM_SHA256"",""TLS_CHACHA20_POLY1305_SHA256""]",Ed25519,256,ecdsa-with-SHA256,TRUSTED,MATCH,180
sim-low-0255,cbab9b45c46c708958a5,modern_tls13,synthetic_simulation,LOW,True,True,TLSv1.3,"[""TLSv1.3""]","[""TLS_CHACHA20_POLY1305_SHA256"",""TLS_AES_128_GCM_SHA256""]",EC,256,ecdsa-with-SHA256,TRUSTED,MATCH,180
sim-low-0256,04f824a231d56898ed6b,modern_aead,synthetic_simulation,LOW,True,True,TLSv1.3,"[""TLSv1.3""]","[""TLS_AES_128_GCM_SHA256"",""TLS_ECDHE_RSA_WITH_AES_128_GCM_SHA256"",""TLS_AES_256_GCM_SHA384""]",EC,256,ecdsa-with-SHA256,TRUSTED,MATCH,398
sim-low-0257,64e54f6d2057489659f8,modern_tls13,synthetic_simulation,LOW,True,True,TLSv1.3,"[""TLSv1.3""]","[""TLS_AES_128_GCM_SHA256"",""TLS_AES_256_GCM_SHA384""]",EC,256,ecdsa-with-SHA256,TRUSTED,MATCH,90
sim-low-0258,4e87ae2aca218a21e5d0,modern_aead,synthetic_simulation,LOW,True,True,TLSv1.3,"[""TLSv1.3""]","[""TLS_AES_128_GCM_SHA256"",""TLS_CHACHA20_POLY1305_SHA256"",""TLS_ECDHE_ECDSA_WITH_AES_128_GCM_SHA256""]",RSA,2048,sha256WithRSAEncryption,TRUSTED,MATCH,398
sim-low-0259,842e5062bc5675626c48,modern_tls13,synthetic_simulation,LOW,True,True,TLSv1.3,"[""TLSv1.3""]","[""TLS_CHACHA20_POLY1305_SHA256"",""TLS_AES_256_GCM_SHA384""]",Ed25519,256,ED25519,TRUSTED,MATCH,180
sim-low-0260,fef2c63b34d428cd67be,modern_aead,synthetic_simulation,LOW,True,True,TLSv1.2,"[""TLSv1.2"",""TLSv1.3""]","[""TLS_AES_256_GCM_SHA384"",""TLS_ECDHE_ECDSA_WITH_AES_128_GCM_SHA256"",""TLS_ECDHE_RSA_WITH_AES_128_GCM_SHA256""]",Ed25519,256,ecdsa-with-SHA256,TRUSTED,MATCH,398
sim-low-0261,cb59454a4eab6232e984,modern_tls13,synthetic_simulation,LOW,True,True,TLSv1.3,"[""TLSv1.3""]","[""TLS_AES_128_GCM_SHA256"",""TLS_AES_256_GCM_SHA384""]",Ed25519,256,ED25519,TRUSTED,MATCH,90
sim-low-0262,94278a0d66e5d740a3e5,modern_aead,synthetic_simulation,LOW,True,True,TLSv1.3,"[""TLSv1.3""]","[""TLS_AES_128_GCM_SHA256"",""TLS_ECDHE_RSA_WITH_AES_128_GCM_SHA256"",""TLS_CHACHA20_POLY1305_SHA256""]",RSA,3072,sha256WithRSAEncryption,TRUSTED,MATCH,398
sim-low-0263,cd82c11b27ddde5df9a3,modern_tls13,synthetic_simulation,LOW,True,True,TLSv1.3,"[""TLSv1.3""]","[""TLS_AES_256_GCM_SHA384"",""TLS_CHACHA20_POLY1305_SHA256""]",Ed25519,256,ED25519,TRUSTED,MATCH,365
sim-low-0264,3be8ecbd48462e4b9abf,modern_aead,synthetic_simulation,LOW,True,True,TLSv1.2,"[""TLSv1.2""]","[""TLS_ECDHE_RSA_WITH_AES_128_GCM_SHA256"",""TLS_AES_256_GCM_SHA384"",""TLS_ECDHE_ECDSA_WITH_AES_128_GCM_SHA256""]",Ed25519,256,ecdsa-with-SHA256,TRUSTED,MATCH,90
sim-low-0265,2f25d638711a0f85d23b,modern_tls13,synthetic_simulation,LOW,True,True,TLSv1.3,"[""TLSv1.3""]","[""TLS_CHACHA20_POLY1305_SHA256"",""TLS_AES_256_GCM_SHA384""]",EC,256,ecdsa-with-SHA256,TRUSTED,MATCH,180
sim-low-0266,93210afa57d50339a6a2,modern_aead,synthetic_simulation,LOW,True,True,TLSv1.2,"[""TLSv1.2"",""TLSv1.3""]","[""TLS_CHACHA20_POLY1305_SHA256"",""TLS_ECDHE_ECDSA_WITH_AES_128_GCM_SHA256"",""TLS_AES_256_GCM_SHA384""]",RSA,2048,sha256WithRSAEncryption,TRUSTED,MATCH,398
sim-low-0267,cd82c11b27ddde5df9a3,modern_tls13,synthetic_simulation,LOW,True,True,TLSv1.3,"[""TLSv1.3""]","[""TLS_AES_256_GCM_SHA384"",""TLS_CHACHA20_POLY1305_SHA256""]",Ed25519,256,ED25519,TRUSTED,MATCH,365
sim-low-0268,cd914d1b6689d841427b,modern_aead,synthetic_simulation,LOW,True,True,TLSv1.2,"[""TLSv1.2"",""TLSv1.3""]","[""TLS_CHACHA20_POLY1305_SHA256"",""TLS_AES_128_GCM_SHA256"",""TLS_AES_256_GCM_SHA384""]",RSA,3072,sha256WithRSAEncryption,TRUSTED,MATCH,180
sim-low-0269,9f2517be74652d7df2fb,modern_tls13,synthetic_simulation,LOW,True,True,TLSv1.3,"[""TLSv1.3""]","[""TLS_AES_256_GCM_SHA384"",""TLS_AES_128_GCM_SHA256""]",EC,256,ecdsa-with-SHA256,TRUSTED,MATCH,180
sim-low-0270,1532b62c6a5463c31f68,modern_aead,synthetic_simulation,LOW,True,True,TLSv1.3,"[""TLSv1.3""]","[""TLS_AES_256_GCM_SHA384"",""TLS_CHACHA20_POLY1305_SHA256"",""TLS_ECDHE_RSA_WITH_AES_128_GCM_SHA256""]",Ed25519,256,ecdsa-with-SHA256,TRUSTED,MATCH,365
sim-low-0271,f0f423018acaefd16f00,modern_tls13,synthetic_simulation,LOW,True,True,TLSv1.3,"[""TLSv1.3""]","[""TLS_AES_128_GCM_SHA256"",""TLS_CHACHA20_POLY1305_SHA256""]",Ed25519,256,ED25519,TRUSTED,MATCH,365
sim-low-0272,6bc3f0ea08249e32b98d,modern_aead,synthetic_simulation,LOW,True,True,TLSv1.2,"[""TLSv1.2""]","[""TLS_AES_128_GCM_SHA256"",""TLS_ECDHE_RSA_WITH_AES_128_GCM_SHA256"",""TLS_AES_256_GCM_SHA384""]",RSA,2048,sha256WithRSAEncryption,TRUSTED,MATCH,365
sim-low-0273,c2a47181c6f08aa7ad1e,modern_tls13,synthetic_simulation,LOW,True,True,TLSv1.3,"[""TLSv1.3""]","[""TLS_AES_256_GCM_SHA384"",""TLS_CHACHA20_POLY1305_SHA256""]",EC,256,ecdsa-with-SHA256,TRUSTED,MATCH,365
sim-low-0274,29db56cf437c1945c03f,modern_aead,synthetic_simulation,LOW,True,True,TLSv1.2,"[""TLSv1.2"",""TLSv1.3""]","[""TLS_AES_256_GCM_SHA384"",""TLS_ECDHE_RSA_WITH_AES_128_GCM_SHA256"",""TLS_AES_128_GCM_SHA256""]",RSA,4096,sha256WithRSAEncryption,TRUSTED,MATCH,90
sim-low-0275,2f25d638711a0f85d23b,modern_tls13,synthetic_simulation,LOW,True,True,TLSv1.3,"[""TLSv1.3""]","[""TLS_CHACHA20_POLY1305_SHA256"",""TLS_AES_256_GCM_SHA384""]",EC,256,ecdsa-with-SHA256,TRUSTED,MATCH,180
sim-low-0276,f02b1cc6016fc389ea3b,modern_aead,synthetic_simulation,LOW,True,True,TLSv1.3,"[""TLSv1.3""]","[""TLS_ECDHE_RSA_WITH_AES_128_GCM_SHA256"",""TLS_ECDHE_ECDSA_WITH_AES_128_GCM_SHA256"",""TLS_CHACHA20_POLY1305_SHA256""]",Ed25519,256,ecdsa-with-SHA256,TRUSTED,MATCH,180
sim-low-0277,e5d60fbcfc987a61abfb,modern_tls13,synthetic_simulation,LOW,True,True,TLSv1.3,"[""TLSv1.3""]","[""TLS_AES_128_GCM_SHA256"",""TLS_CHACHA20_POLY1305_SHA256""]",EC,256,ecdsa-with-SHA256,TRUSTED,MATCH,180
sim-low-0278,2dc26234891d4f4e65ea,modern_aead,synthetic_simulation,LOW,True,True,TLSv1.2,"[""TLSv1.2"",""TLSv1.3""]","[""TLS_ECDHE_RSA_WITH_AES_128_GCM_SHA256"",""TLS_AES_128_GCM_SHA256"",""TLS_CHACHA20_POLY1305_SHA256""]",Ed25519,256,ecdsa-with-SHA256,TRUSTED,MATCH,398
sim-low-0279,dfd186ab42a2c7d33402,modern_tls13,synthetic_simulation,LOW,True,True,TLSv1.3,"[""TLSv1.3""]","[""TLS_CHACHA20_POLY1305_SHA256"",""TLS_AES_128_GCM_SHA256""]",Ed25519,256,ED25519,TRUSTED,MATCH,365
sim-low-0280,4641c4bffd5b6074ac89,modern_aead,synthetic_simulation,LOW,True,True,TLSv1.3,"[""TLSv1.3""]","[""TLS_AES_128_GCM_SHA256"",""TLS_AES_256_GCM_SHA384"",""TLS_ECDHE_ECDSA_WITH_AES_128_GCM_SHA256""]",RSA,4096,sha256WithRSAEncryption,TRUSTED,MATCH,90
sim-low-0281,c8a9143b497b06d79910,modern_tls13,synthetic_simulation,LOW,True,True,TLSv1.3,"[""TLSv1.3""]","[""TLS_CHACHA20_POLY1305_SHA256"",""TLS_AES_256_GCM_SHA384""]",EC,256,ecdsa-with-SHA256,TRUSTED,MATCH,365
sim-low-0282,c4313ed0966d40da6890,modern_aead,synthetic_simulation,LOW,True,True,TLSv1.3,"[""TLSv1.3""]","[""TLS_AES_256_GCM_SHA384"",""TLS_AES_128_GCM_SHA256"",""TLS_ECDHE_ECDSA_WITH_AES_128_GCM_SHA256""]",EC,256,ecdsa-with-SHA256,TRUSTED,MATCH,365
sim-low-0283,2abef25f661533350a80,modern_tls13,synthetic_simulation,LOW,True,True,TLSv1.3,"[""TLSv1.3""]","[""TLS_AES_256_GCM_SHA384"",""TLS_CHACHA20_POLY1305_SHA256""]",EC,256,ecdsa-with-SHA256,TRUSTED,MATCH,180
sim-low-0284,1a427c19335aad9e7277,modern_aead,synthetic_simulation,LOW,True,True,TLSv1.3,"[""TLSv1.3""]","[""TLS_ECDHE_ECDSA_WITH_AES_128_GCM_SHA256"",""TLS_AES_128_GCM_SHA256"",""TLS_AES_256_GCM_SHA384""]",Ed25519,256,ecdsa-with-SHA256,TRUSTED,MATCH,365
sim-low-0285,3f03f29f5d5c6618c988,modern_tls13,synthetic_simulation,LOW,True,True,TLSv1.3,"[""TLSv1.3""]","[""TLS_AES_256_GCM_SHA384"",""TLS_AES_128_GCM_SHA256""]",EC,256,ecdsa-with-SHA256,TRUSTED,MATCH,365
sim-low-0286,8369c29f22907d2b35d2,modern_aead,synthetic_simulation,LOW,True,True,TLSv1.2,"[""TLSv1.2""]","[""TLS_CHACHA20_POLY1305_SHA256"",""TLS_ECDHE_ECDSA_WITH_AES_128_GCM_SHA256"",""TLS_ECDHE_RSA_WITH_AES_128_GCM_SHA256""]",EC,256,ecdsa-with-SHA256,TRUSTED,MATCH,398
sim-low-0287,64de0091fa9e32a53aec,modern_tls13,synthetic_simulation,LOW,True,True,TLSv1.3,"[""TLSv1.3""]","[""TLS_AES_256_GCM_SHA384"",""TLS_CHACHA20_POLY1305_SHA256""]",Ed25519,256,ED25519,TRUSTED,MATCH,180
sim-low-0288,d6ef99457048b37a1bdd,modern_aead,synthetic_simulation,LOW,True,True,TLSv1.2,"[""TLSv1.2""]","[""TLS_ECDHE_ECDSA_WITH_AES_128_GCM_SHA256"",""TLS_AES_128_GCM_SHA256"",""TLS_ECDHE_RSA_WITH_AES_128_GCM_SHA256""]",Ed25519,256,ecdsa-with-SHA256,TRUSTED,MATCH,90
sim-low-0289,f0f423018acaefd16f00,modern_tls13,synthetic_simulation,LOW,True,True,TLSv1.3,"[""TLSv1.3""]","[""TLS_AES_128_GCM_SHA256"",""TLS_CHACHA20_POLY1305_SHA256""]",Ed25519,256,ED25519,TRUSTED,MATCH,365
sim-low-0290,e61218d72a9f774aa2f6,modern_aead,synthetic_simulation,LOW,True,True,TLSv1.2,"[""TLSv1.2""]","[""TLS_CHACHA20_POLY1305_SHA256"",""TLS_ECDHE_RSA_WITH_AES_128_GCM_SHA256"",""TLS_AES_256_GCM_SHA384""]",EC,256,ecdsa-with-SHA256,TRUSTED,MATCH,398
sim-low-0291,411c265851d17e936383,modern_tls13,synthetic_simulation,LOW,True,True,TLSv1.3,"[""TLSv1.3""]","[""TLS_AES_256_GCM_SHA384"",""TLS_CHACHA20_POLY1305_SHA256""]",EC,256,ecdsa-with-SHA256,TRUSTED,MATCH,90
sim-low-0292,90aa9490a34bd68ccfc8,modern_aead,synthetic_simulation,LOW,True,True,TLSv1.2,"[""TLSv1.2""]","[""TLS_AES_256_GCM_SHA384"",""TLS_ECDHE_ECDSA_WITH_AES_128_GCM_SHA256"",""TLS_ECDHE_RSA_WITH_AES_128_GCM_SHA256""]",RSA,3072,sha256WithRSAEncryption,TRUSTED,MATCH,90
sim-low-0293,842e5062bc5675626c48,modern_tls13,synthetic_simulation,LOW,True,True,TLSv1.3,"[""TLSv1.3""]","[""TLS_CHACHA20_POLY1305_SHA256"",""TLS_AES_256_GCM_SHA384""]",Ed25519,256,ED25519,TRUSTED,MATCH,180
sim-low-0294,e33ab763c22fd5a23344,modern_aead,synthetic_simulation,LOW,True,True,TLSv1.2,"[""TLSv1.2""]","[""TLS_ECDHE_ECDSA_WITH_AES_128_GCM_SHA256"",""TLS_AES_128_GCM_SHA256"",""TLS_CHACHA20_POLY1305_SHA256""]",Ed25519,256,ecdsa-with-SHA256,TRUSTED,MATCH,180
sim-low-0295,d5df4b0b29ec118da409,modern_tls13,synthetic_simulation,LOW,True,True,TLSv1.3,"[""TLSv1.3""]","[""TLS_CHACHA20_POLY1305_SHA256"",""TLS_AES_128_GCM_SHA256""]",Ed25519,256,ED25519,TRUSTED,MATCH,180
sim-low-0296,cb60c6d0df34a6b54465,modern_aead,synthetic_simulation,LOW,True,True,TLSv1.2,"[""TLSv1.2"",""TLSv1.3""]","[""TLS_AES_128_GCM_SHA256"",""TLS_ECDHE_RSA_WITH_AES_128_GCM_SHA256"",""TLS_CHACHA20_POLY1305_SHA256""]",RSA,2048,sha256WithRSAEncryption,TRUSTED,MATCH,90
sim-low-0297,eab2f9145b2667244065,modern_tls13,synthetic_simulation,LOW,True,True,TLSv1.3,"[""TLSv1.3""]","[""TLS_AES_256_GCM_SHA384"",""TLS_CHACHA20_POLY1305_SHA256""]",Ed25519,256,ED25519,TRUSTED,MATCH,90
sim-low-0298,05c7dc693fe83679439e,modern_aead,synthetic_simulation,LOW,True,True,TLSv1.2,"[""TLSv1.2"",""TLSv1.3""]","[""TLS_AES_256_GCM_SHA384"",""TLS_AES_128_GCM_SHA256"",""TLS_ECDHE_RSA_WITH_AES_128_GCM_SHA256""]",RSA,2048,sha256WithRSAEncryption,TRUSTED,MATCH,180
sim-low-0299,2479a587fa54cb04486a,modern_tls13,synthetic_simulation,LOW,True,True,TLSv1.3,"[""TLSv1.3""]","[""TLS_CHACHA20_POLY1305_SHA256"",""TLS_AES_128_GCM_SHA256""]",EC,256,ecdsa-with-SHA256,TRUSTED,MATCH,90
sim-low-0300,fb9da5ef7307dc865d0a,modern_aead,synthetic_simulation,LOW,True,True,TLSv1.2,"[""TLSv1.2"",""TLSv1.3""]","[""TLS_AES_256_GCM_SHA384"",""TLS_AES_128_GCM_SHA256"",""TLS_ECDHE_RSA_WITH_AES_128_GCM_SHA256""]",EC,256,ecdsa-with-SHA256,TRUSTED,MATCH,398
sim-low-0301,64de0091fa9e32a53aec,modern_tls13,synthetic_simulation,LOW,True,True,TLSv1.3,"[""TLSv1.3""]","[""TLS_AES_256_GCM_SHA384"",""TLS_CHACHA20_POLY1305_SHA256""]",Ed25519,256,ED25519,TRUSTED,MATCH,180
sim-low-0302,0a6f678a3cf0eccaf20b,modern_aead,synthetic_simulation,LOW,True,True,TLSv1.2,"[""TLSv1.2""]","[""TLS_CHACHA20_POLY1305_SHA256"",""TLS_ECDHE_ECDSA_WITH_AES_128_GCM_SHA256"",""TLS_AES_128_GCM_SHA256""]",Ed25519,256,ecdsa-with-SHA256,TRUSTED,MATCH,90
sim-low-0303,2abef25f661533350a80,modern_tls13,synthetic_simulation,LOW,True,True,TLSv1.3,"[""TLSv1.3""]","[""TLS_AES_256_GCM_SHA384"",""TLS_CHACHA20_POLY1305_SHA256""]",EC,256,ecdsa-with-SHA256,TRUSTED,MATCH,180
sim-low-0304,fef2c63b34d428cd67be,modern_aead,synthetic_simulation,LOW,True,True,TLSv1.2,"[""TLSv1.2"",""TLSv1.3""]","[""TLS_AES_256_GCM_SHA384"",""TLS_ECDHE_ECDSA_WITH_AES_128_GCM_SHA256"",""TLS_ECDHE_RSA_WITH_AES_128_GCM_SHA256""]",Ed25519,256,ecdsa-with-SHA256,TRUSTED,MATCH,398
sim-low-0305,c5693ab21511ef347475,modern_tls13,synthetic_simulation,LOW,True,True,TLSv1.3,"[""TLSv1.3""]","[""TLS_CHACHA20_POLY1305_SHA256"",""TLS_AES_128_GCM_SHA256""]",Ed25519,256,ED25519,TRUSTED,MATCH,90
sim-low-0306,7e9b4e8cd7b3adfa54f6,modern_aead,synthetic_simulation,LOW,True,True,TLSv1.3,"[""TLSv1.3""]","[""TLS_CHACHA20_POLY1305_SHA256"",""TLS_AES_128_GCM_SHA256"",""TLS_AES_256_GCM_SHA384""]",RSA,2048,sha256WithRSAEncryption,TRUSTED,MATCH,90
sim-low-0307,2abef25f661533350a80,modern_tls13,synthetic_simulation,LOW,True,True,TLSv1.3,"[""TLSv1.3""]","[""TLS_AES_256_GCM_SHA384"",""TLS_CHACHA20_POLY1305_SHA256""]",EC,256,ecdsa-with-SHA256,TRUSTED,MATCH,180
sim-low-0308,10cf5dead420c456a8c9,modern_aead,synthetic_simulation,LOW,True,True,TLSv1.2,"[""TLSv1.2"",""TLSv1.3""]","[""TLS_ECDHE_RSA_WITH_AES_128_GCM_SHA256"",""TLS_AES_128_GCM_SHA256"",""TLS_AES_256_GCM_SHA384""]",RSA,3072,sha256WithRSAEncryption,TRUSTED,MATCH,398
sim-low-0309,cb59454a4eab6232e984,modern_tls13,synthetic_simulation,LOW,True,True,TLSv1.3,"[""TLSv1.3""]","[""TLS_AES_128_GCM_SHA256"",""TLS_AES_256_GCM_SHA384""]",Ed25519,256,ED25519,TRUSTED,MATCH,90
sim-low-0310,80497316a986e347c1a2,modern_aead,synthetic_simulation,LOW,True,True,TLSv1.2,"[""TLSv1.2"",""TLSv1.3""]","[""TLS_AES_256_GCM_SHA384"",""TLS_ECDHE_RSA_WITH_AES_128_GCM_SHA256"",""TLS_CHACHA20_POLY1305_SHA256""]",RSA,3072,sha256WithRSAEncryption,TRUSTED,MATCH,180
sim-low-0311,dfd186ab42a2c7d33402,modern_tls13,synthetic_simulation,LOW,True,True,TLSv1.3,"[""TLSv1.3""]","[""TLS_CHACHA20_POLY1305_SHA256"",""TLS_AES_128_GCM_SHA256""]",Ed25519,256,ED25519,TRUSTED,MATCH,365
sim-low-0312,c208ead28dc4c6fe4411,modern_aead,synthetic_simulation,LOW,True,True,TLSv1.3,"[""TLSv1.3""]","[""TLS_AES_128_GCM_SHA256"",""TLS_AES_256_GCM_SHA384"",""TLS_CHACHA20_POLY1305_SHA256""]",Ed25519,256,ecdsa-with-SHA256,TRUSTED,MATCH,90
sim-low-0313,cd82c11b27ddde5df9a3,modern_tls13,synthetic_simulation,LOW,True,True,TLSv1.3,"[""TLSv1.3""]","[""TLS_AES_256_GCM_SHA384"",""TLS_CHACHA20_POLY1305_SHA256""]",Ed25519,256,ED25519,TRUSTED,MATCH,365
sim-low-0314,543e21ee9b97e81a1592,modern_aead,synthetic_simulation,LOW,True,True,TLSv1.3,"[""TLSv1.3""]","[""TLS_CHACHA20_POLY1305_SHA256"",""TLS_AES_128_GCM_SHA256"",""TLS_ECDHE_RSA_WITH_AES_128_GCM_SHA256""]",RSA,4096,sha256WithRSAEncryption,TRUSTED,MATCH,180
sim-low-0315,ef3ba3dd4793d65534a7,modern_tls13,synthetic_simulation,LOW,True,True,TLSv1.3,"[""TLSv1.3""]","[""TLS_CHACHA20_POLY1305_SHA256"",""TLS_AES_256_GCM_SHA384""]",Ed25519,256,ED25519,TRUSTED,MATCH,90
sim-low-0316,b67040170428c8fe73d7,modern_aead,synthetic_simulation,LOW,True,True,TLSv1.2,"[""TLSv1.2""]","[""TLS_ECDHE_ECDSA_WITH_AES_128_GCM_SHA256"",""TLS_AES_256_GCM_SHA384"",""TLS_AES_128_GCM_SHA256""]",EC,256,ecdsa-with-SHA256,TRUSTED,MATCH,365
sim-low-0317,7f2e7ca80ff2da5af12f,modern_tls13,synthetic_simulation,LOW,True,True,TLSv1.3,"[""TLSv1.3""]","[""TLS_CHACHA20_POLY1305_SHA256"",""TLS_AES_256_GCM_SHA384""]",EC,256,ecdsa-with-SHA256,TRUSTED,MATCH,90
sim-low-0318,70d70cfa5759d2522c51,modern_aead,synthetic_simulation,LOW,True,True,TLSv1.2,"[""TLSv1.2""]","[""TLS_ECDHE_ECDSA_WITH_AES_128_GCM_SHA256"",""TLS_ECDHE_RSA_WITH_AES_128_GCM_SHA256"",""TLS_CHACHA20_POLY1305_SHA256""]",EC,256,ecdsa-with-SHA256,TRUSTED,MATCH,398
sim-low-0319,c2a47181c6f08aa7ad1e,modern_tls13,synthetic_simulation,LOW,True,True,TLSv1.3,"[""TLSv1.3""]","[""TLS_AES_256_GCM_SHA384"",""TLS_CHACHA20_POLY1305_SHA256""]",EC,256,ecdsa-with-SHA256,TRUSTED,MATCH,365
sim-low-0320,f47dfa8bfbbba236d8ef,modern_aead,synthetic_simulation,LOW,True,True,TLSv1.2,"[""TLSv1.2"",""TLSv1.3""]","[""TLS_AES_256_GCM_SHA384"",""TLS_CHACHA20_POLY1305_SHA256"",""TLS_AES_128_GCM_SHA256""]",Ed25519,256,ecdsa-with-SHA256,TRUSTED,MATCH,90
sim-low-0321,2f25d638711a0f85d23b,modern_tls13,synthetic_simulation,LOW,True,True,TLSv1.3,"[""TLSv1.3""]","[""TLS_CHACHA20_POLY1305_SHA256"",""TLS_AES_256_GCM_SHA384""]",EC,256,ecdsa-with-SHA256,TRUSTED,MATCH,180
sim-low-0322,f96ea3cff9fffd96b7aa,modern_aead,synthetic_simulation,LOW,True,True,TLSv1.2,"[""TLSv1.2"",""TLSv1.3""]","[""TLS_AES_256_GCM_SHA384"",""TLS_ECDHE_RSA_WITH_AES_128_GCM_SHA256"",""TLS_AES_128_GCM_SHA256""]",EC,256,ecdsa-with-SHA256,TRUSTED,MATCH,90
sim-low-0323,6bfa38233c74b992a4c2,modern_tls13,synthetic_simulation,LOW,True,True,TLSv1.3,"[""TLSv1.3""]","[""TLS_AES_128_GCM_SHA256"",""TLS_AES_256_GCM_SHA384""]",Ed25519,256,ED25519,TRUSTED,MATCH,180
sim-low-0324,6eaed4f2e990521ee63d,modern_aead,synthetic_simulation,LOW,True,True,TLSv1.2,"[""TLSv1.2"",""TLSv1.3""]","[""TLS_AES_128_GCM_SHA256"",""TLS_ECDHE_RSA_WITH_AES_128_GCM_SHA256"",""TLS_AES_256_GCM_SHA384""]",EC,256,ecdsa-with-SHA256,TRUSTED,MATCH,398
sim-low-0325,9f2517be74652d7df2fb,modern_tls13,synthetic_simulation,LOW,True,True,TLSv1.3,"[""TLSv1.3""]","[""TLS_AES_256_GCM_SHA384"",""TLS_AES_128_GCM_SHA256""]",EC,256,ecdsa-with-SHA256,TRUSTED,MATCH,180
sim-low-0326,9f22db3bc9e8dd696d79,modern_aead,synthetic_simulation,LOW,True,True,TLSv1.3,"[""TLSv1.3""]","[""TLS_ECDHE_RSA_WITH_AES_128_GCM_SHA256"",""TLS_AES_128_GCM_SHA256"",""TLS_ECDHE_ECDSA_WITH_AES_128_GCM_SHA256""]",RSA,4096,sha256WithRSAEncryption,TRUSTED,MATCH,398
sim-low-0327,fec672b8a21445fced54,modern_tls13,synthetic_simulation,LOW,True,True,TLSv1.3,"[""TLSv1.3""]","[""TLS_AES_128_GCM_SHA256"",""TLS_CHACHA20_POLY1305_SHA256""]",EC,256,ecdsa-with-SHA256,TRUSTED,MATCH,90
sim-low-0328,3df016f5a50217260e4b,modern_aead,synthetic_simulation,LOW,True,True,TLSv1.2,"[""TLSv1.2"",""TLSv1.3""]","[""TLS_AES_128_GCM_SHA256"",""TLS_CHACHA20_POLY1305_SHA256"",""TLS_ECDHE_RSA_WITH_AES_128_GCM_SHA256""]",EC,256,ecdsa-with-SHA256,TRUSTED,MATCH,365
sim-low-0329,c8a9143b497b06d79910,modern_tls13,synthetic_simulation,LOW,True,True,TLSv1.3,"[""TLSv1.3""]","[""TLS_CHACHA20_POLY1305_SHA256"",""TLS_AES_256_GCM_SHA384""]",EC,256,ecdsa-with-SHA256,TRUSTED,MATCH,365
sim-low-0330,953b19b72af722ff52d3,modern_aead,synthetic_simulation,LOW,True,True,TLSv1.3,"[""TLSv1.3""]","[""TLS_AES_256_GCM_SHA384"",""TLS_AES_128_GCM_SHA256"",""TLS_CHACHA20_POLY1305_SHA256""]",EC,256,ecdsa-with-SHA256,TRUSTED,MATCH,90
sim-low-0331,e5d60fbcfc987a61abfb,modern_tls13,synthetic_simulation,LOW,True,True,TLSv1.3,"[""TLSv1.3""]","[""TLS_AES_128_GCM_SHA256"",""TLS_CHACHA20_POLY1305_SHA256""]",EC,256,ecdsa-with-SHA256,TRUSTED,MATCH,180
sim-low-0332,dccab2943119a210adb7,modern_aead,synthetic_simulation,LOW,True,True,TLSv1.2,"[""TLSv1.2""]","[""TLS_AES_256_GCM_SHA384"",""TLS_ECDHE_RSA_WITH_AES_128_GCM_SHA256"",""TLS_AES_128_GCM_SHA256""]",RSA,2048,sha256WithRSAEncryption,TRUSTED,MATCH,90
sim-low-0333,7f2e7ca80ff2da5af12f,modern_tls13,synthetic_simulation,LOW,True,True,TLSv1.3,"[""TLSv1.3""]","[""TLS_CHACHA20_POLY1305_SHA256"",""TLS_AES_256_GCM_SHA384""]",EC,256,ecdsa-with-SHA256,TRUSTED,MATCH,90
sim-low-0334,90db5ccd4758d66eb0c0,modern_aead,synthetic_simulation,LOW,True,True,TLSv1.2,"[""TLSv1.2"",""TLSv1.3""]","[""TLS_AES_128_GCM_SHA256"",""TLS_AES_256_GCM_SHA384"",""TLS_ECDHE_RSA_WITH_AES_128_GCM_SHA256""]",Ed25519,256,ecdsa-with-SHA256,TRUSTED,MATCH,90
sim-low-0335,c2a47181c6f08aa7ad1e,modern_tls13,synthetic_simulation,LOW,True,True,TLSv1.3,"[""TLSv1.3""]","[""TLS_AES_256_GCM_SHA384"",""TLS_CHACHA20_POLY1305_SHA256""]",EC,256,ecdsa-with-SHA256,TRUSTED,MATCH,365
sim-low-0336,672e1b06227321836cca,modern_aead,synthetic_simulation,LOW,True,True,TLSv1.2,"[""TLSv1.2"",""TLSv1.3""]","[""TLS_AES_128_GCM_SHA256"",""TLS_ECDHE_ECDSA_WITH_AES_128_GCM_SHA256"",""TLS_CHACHA20_POLY1305_SHA256""]",RSA,3072,sha256WithRSAEncryption,TRUSTED,MATCH,398
sim-low-0337,efee0d3a55c16134c05c,modern_tls13,synthetic_simulation,LOW,True,True,TLSv1.3,"[""TLSv1.3""]","[""TLS_AES_256_GCM_SHA384"",""TLS_AES_128_GCM_SHA256""]",Ed25519,256,ED25519,TRUSTED,MATCH,90
sim-low-0338,49e8027c76ac28fc38a4,modern_aead,synthetic_simulation,LOW,True,True,TLSv1.3,"[""TLSv1.3""]","[""TLS_ECDHE_ECDSA_WITH_AES_128_GCM_SHA256"",""TLS_ECDHE_RSA_WITH_AES_128_GCM_SHA256"",""TLS_AES_256_GCM_SHA384""]",EC,256,ecdsa-with-SHA256,TRUSTED,MATCH,398
sim-low-0339,368e4e3860fb7a2dde21,modern_tls13,synthetic_simulation,LOW,True,True,TLSv1.3,"[""TLSv1.3""]","[""TLS_CHACHA20_POLY1305_SHA256"",""TLS_AES_128_GCM_SHA256""]",EC,256,ecdsa-with-SHA256,TRUSTED,MATCH,365
sim-low-0340,9c3d45c1161591d011cd,modern_aead,synthetic_simulation,LOW,True,True,TLSv1.2,"[""TLSv1.2"",""TLSv1.3""]","[""TLS_CHACHA20_POLY1305_SHA256"",""TLS_ECDHE_RSA_WITH_AES_128_GCM_SHA256"",""TLS_AES_128_GCM_SHA256""]",RSA,4096,sha256WithRSAEncryption,TRUSTED,MATCH,365
sim-low-0341,ef3ba3dd4793d65534a7,modern_tls13,synthetic_simulation,LOW,True,True,TLSv1.3,"[""TLSv1.3""]","[""TLS_CHACHA20_POLY1305_SHA256"",""TLS_AES_256_GCM_SHA384""]",Ed25519,256,ED25519,TRUSTED,MATCH,90
sim-low-0342,c21cf19c470ec887a701,modern_aead,synthetic_simulation,LOW,True,True,TLSv1.2,"[""TLSv1.2""]","[""TLS_AES_256_GCM_SHA384"",""TLS_ECDHE_ECDSA_WITH_AES_128_GCM_SHA256"",""TLS_CHACHA20_POLY1305_SHA256""]",EC,256,ecdsa-with-SHA256,TRUSTED,MATCH,398
sim-low-0343,368e4e3860fb7a2dde21,modern_tls13,synthetic_simulation,LOW,True,True,TLSv1.3,"[""TLSv1.3""]","[""TLS_CHACHA20_POLY1305_SHA256"",""TLS_AES_128_GCM_SHA256""]",EC,256,ecdsa-with-SHA256,TRUSTED,MATCH,365
sim-low-0344,8f6f62a4cad492e93c24,modern_aead,synthetic_simulation,LOW,True,True,TLSv1.2,"[""TLSv1.2"",""TLSv1.3""]","[""TLS_ECDHE_ECDSA_WITH_AES_128_GCM_SHA256"",""TLS_AES_256_GCM_SHA384"",""TLS_AES_128_GCM_SHA256""]",RSA,3072,sha256WithRSAEncryption,TRUSTED,MATCH,365
sim-low-0345,d5df4b0b29ec118da409,modern_tls13,synthetic_simulation,LOW,True,True,TLSv1.3,"[""TLSv1.3""]","[""TLS_CHACHA20_POLY1305_SHA256"",""TLS_AES_128_GCM_SHA256""]",Ed25519,256,ED25519,TRUSTED,MATCH,180
sim-low-0346,833305b00faedbd87dcc,modern_aead,synthetic_simulation,LOW,True,True,TLSv1.2,"[""TLSv1.2""]","[""TLS_CHACHA20_POLY1305_SHA256"",""TLS_AES_256_GCM_SHA384"",""TLS_AES_128_GCM_SHA256""]",RSA,4096,sha256WithRSAEncryption,TRUSTED,MATCH,398
sim-low-0347,64e54f6d2057489659f8,modern_tls13,synthetic_simulation,LOW,True,True,TLSv1.3,"[""TLSv1.3""]","[""TLS_AES_128_GCM_SHA256"",""TLS_AES_256_GCM_SHA384""]",EC,256,ecdsa-with-SHA256,TRUSTED,MATCH,90
sim-low-0348,6f107a14259fac26e7ef,modern_aead,synthetic_simulation,LOW,True,True,TLSv1.2,"[""TLSv1.2""]","[""TLS_AES_128_GCM_SHA256"",""TLS_AES_256_GCM_SHA384"",""TLS_CHACHA20_POLY1305_SHA256""]",EC,256,ecdsa-with-SHA256,TRUSTED,MATCH,365
sim-low-0349,2479a587fa54cb04486a,modern_tls13,synthetic_simulation,LOW,True,True,TLSv1.3,"[""TLSv1.3""]","[""TLS_CHACHA20_POLY1305_SHA256"",""TLS_AES_128_GCM_SHA256""]",EC,256,ecdsa-with-SHA256,TRUSTED,MATCH,90
sim-low-0350,49e8027c76ac28fc38a4,modern_aead,synthetic_simulation,LOW,True,True,TLSv1.3,"[""TLSv1.3""]","[""TLS_ECDHE_ECDSA_WITH_AES_128_GCM_SHA256"",""TLS_ECDHE_RSA_WITH_AES_128_GCM_SHA256"",""TLS_AES_256_GCM_SHA384""]",EC,256,ecdsa-with-SHA256,TRUSTED,MATCH,398
sim-low-0351,cb59454a4eab6232e984,modern_tls13,synthetic_simulation,LOW,True,True,TLSv1.3,"[""TLSv1.3""]","[""TLS_AES_128_GCM_SHA256"",""TLS_AES_256_GCM_SHA384""]",Ed25519,256,ED25519,TRUSTED,MATCH,90
sim-low-0352,6e44e1c1bffd7bb19622,modern_aead,synthetic_simulation,LOW,True,True,TLSv1.2,"[""TLSv1.2""]","[""TLS_AES_128_GCM_SHA256"",""TLS_ECDHE_RSA_WITH_AES_128_GCM_SHA256"",""TLS_CHACHA20_POLY1305_SHA256""]",RSA,3072,sha256WithRSAEncryption,TRUSTED,MATCH,90
sim-low-0353,dfd186ab42a2c7d33402,modern_tls13,synthetic_simulation,LOW,True,True,TLSv1.3,"[""TLSv1.3""]","[""TLS_CHACHA20_POLY1305_SHA256"",""TLS_AES_128_GCM_SHA256""]",Ed25519,256,ED25519,TRUSTED,MATCH,365
sim-low-0354,94c85b76b0a8090d6579,modern_aead,synthetic_simulation,LOW,True,True,TLSv1.2,"[""TLSv1.2""]","[""TLS_AES_256_GCM_SHA384"",""TLS_AES_128_GCM_SHA256"",""TLS_ECDHE_RSA_WITH_AES_128_GCM_SHA256""]",EC,256,ecdsa-with-SHA256,TRUSTED,MATCH,90
sim-low-0355,9f2517be74652d7df2fb,modern_tls13,synthetic_simulation,LOW,True,True,TLSv1.3,"[""TLSv1.3""]","[""TLS_AES_256_GCM_SHA384"",""TLS_AES_128_GCM_SHA256""]",EC,256,ecdsa-with-SHA256,TRUSTED,MATCH,180
sim-low-0356,9ae40d61ebaa7a02630f,modern_aead,synthetic_simulation,LOW,True,True,TLSv1.2,"[""TLSv1.2""]","[""TLS_ECDHE_RSA_WITH_AES_128_GCM_SHA256"",""TLS_AES_256_GCM_SHA384"",""TLS_CHACHA20_POLY1305_SHA256""]",Ed25519,256,ecdsa-with-SHA256,TRUSTED,MATCH,180
sim-low-0357,20fc607db7de4d03bf2e,modern_tls13,synthetic_simulation,LOW,True,True,TLSv1.3,"[""TLSv1.3""]","[""TLS_AES_256_GCM_SHA384"",""TLS_AES_128_GCM_SHA256""]",EC,256,ecdsa-with-SHA256,TRUSTED,MATCH,90
sim-low-0358,c208d19607ca64160888,modern_aead,synthetic_simulation,LOW,True,True,TLSv1.3,"[""TLSv1.3""]","[""TLS_AES_256_GCM_SHA384"",""TLS_AES_128_GCM_SHA256"",""TLS_ECDHE_RSA_WITH_AES_128_GCM_SHA256""]",Ed25519,256,ecdsa-with-SHA256,TRUSTED,MATCH,90
sim-low-0359,414b8e5d567dfee4d93b,modern_tls13,synthetic_simulation,LOW,True,True,TLSv1.3,"[""TLSv1.3""]","[""TLS_AES_128_GCM_SHA256"",""TLS_CHACHA20_POLY1305_SHA256""]",Ed25519,256,ED25519,TRUSTED,MATCH,90
sim-low-0360,25c974dcd2c5ba359a7a,modern_aead,synthetic_simulation,LOW,True,True,TLSv1.2,"[""TLSv1.2""]","[""TLS_ECDHE_ECDSA_WITH_AES_128_GCM_SHA256"",""TLS_ECDHE_RSA_WITH_AES_128_GCM_SHA256"",""TLS_AES_128_GCM_SHA256""]",EC,256,ecdsa-with-SHA256,TRUSTED,MATCH,398
sim-low-0361,efee0d3a55c16134c05c,modern_tls13,synthetic_simulation,LOW,True,True,TLSv1.3,"[""TLSv1.3""]","[""TLS_AES_256_GCM_SHA384"",""TLS_AES_128_GCM_SHA256""]",Ed25519,256,ED25519,TRUSTED,MATCH,90
sim-low-0362,74075a026d83505e5e1f,modern_aead,synthetic_simulation,LOW,True,True,TLSv1.2,"[""TLSv1.2"",""TLSv1.3""]","[""TLS_CHACHA20_POLY1305_SHA256"",""TLS_ECDHE_ECDSA_WITH_AES_128_GCM_SHA256"",""TLS_AES_256_GCM_SHA384""]",EC,256,ecdsa-with-SHA256,TRUSTED,MATCH,398
sim-low-0363,f0f423018acaefd16f00,modern_tls13,synthetic_simulation,LOW,True,True,TLSv1.3,"[""TLSv1.3""]","[""TLS_AES_128_GCM_SHA256"",""TLS_CHACHA20_POLY1305_SHA256""]",Ed25519,256,ED25519,TRUSTED,MATCH,365
sim-low-0364,6d50e147d9649179e142,modern_aead,synthetic_simulation,LOW,True,True,TLSv1.2,"[""TLSv1.2"",""TLSv1.3""]","[""TLS_ECDHE_RSA_WITH_AES_128_GCM_SHA256"",""TLS_AES_128_GCM_SHA256"",""TLS_CHACHA20_POLY1305_SHA256""]",Ed25519,256,ecdsa-with-SHA256,TRUSTED,MATCH,90
sim-low-0365,ef3ba3dd4793d65534a7,modern_tls13,synthetic_simulation,LOW,True,True,TLSv1.3,"[""TLSv1.3""]","[""TLS_CHACHA20_POLY1305_SHA256"",""TLS_AES_256_GCM_SHA384""]",Ed25519,256,ED25519,TRUSTED,MATCH,90
sim-low-0366,11da5227e6355574bffa,modern_aead,synthetic_simulation,LOW,True,True,TLSv1.2,"[""TLSv1.2""]","[""TLS_CHACHA20_POLY1305_SHA256"",""TLS_AES_256_GCM_SHA384"",""TLS_ECDHE_ECDSA_WITH_AES_128_GCM_SHA256""]",Ed25519,256,ecdsa-with-SHA256,TRUSTED,MATCH,90
sim-low-0367,ee956becb3546d969081,modern_tls13,synthetic_simulation,LOW,True,True,TLSv1.3,"[""TLSv1.3""]","[""TLS_AES_128_GCM_SHA256"",""TLS_AES_256_GCM_SHA384""]",EC,256,ecdsa-with-SHA256,TRUSTED,MATCH,180
sim-low-0368,72f4ab87896a28b4bd2b,modern_aead,synthetic_simulation,LOW,True,True,TLSv1.2,"[""TLSv1.2""]","[""TLS_AES_128_GCM_SHA256"",""TLS_ECDHE_ECDSA_WITH_AES_128_GCM_SHA256"",""TLS_AES_256_GCM_SHA384""]",EC,256,ecdsa-with-SHA256,TRUSTED,MATCH,90
sim-low-0369,2f25d638711a0f85d23b,modern_tls13,synthetic_simulation,LOW,True,True,TLSv1.3,"[""TLSv1.3""]","[""TLS_CHACHA20_POLY1305_SHA256"",""TLS_AES_256_GCM_SHA384""]",EC,256,ecdsa-with-SHA256,TRUSTED,MATCH,180
sim-low-0370,d9ef8bd15468f76d49f4,modern_aead,synthetic_simulation,LOW,True,True,TLSv1.2,"[""TLSv1.2"",""TLSv1.3""]","[""TLS_AES_256_GCM_SHA384"",""TLS_ECDHE_ECDSA_WITH_AES_128_GCM_SHA256"",""TLS_ECDHE_RSA_WITH_AES_128_GCM_SHA256""]",Ed25519,256,ecdsa-with-SHA256,TRUSTED,MATCH,365
sim-low-0371,8c974084d47324403608,modern_tls13,synthetic_simulation,LOW,True,True,TLSv1.3,"[""TLSv1.3""]","[""TLS_AES_128_GCM_SHA256"",""TLS_CHACHA20_POLY1305_SHA256""]",Ed25519,256,ED25519,TRUSTED,MATCH,180
sim-low-0372,cc97efa6e26e4cc996bb,modern_aead,synthetic_simulation,LOW,True,True,TLSv1.3,"[""TLSv1.3""]","[""TLS_AES_128_GCM_SHA256"",""TLS_AES_256_GCM_SHA384"",""TLS_ECDHE_ECDSA_WITH_AES_128_GCM_SHA256""]",Ed25519,256,ecdsa-with-SHA256,TRUSTED,MATCH,180
sim-low-0373,c5693ab21511ef347475,modern_tls13,synthetic_simulation,LOW,True,True,TLSv1.3,"[""TLSv1.3""]","[""TLS_CHACHA20_POLY1305_SHA256"",""TLS_AES_128_GCM_SHA256""]",Ed25519,256,ED25519,TRUSTED,MATCH,90
sim-low-0374,e0aa20664cb2d501306d,modern_aead,synthetic_simulation,LOW,True,True,TLSv1.2,"[""TLSv1.2"",""TLSv1.3""]","[""TLS_ECDHE_RSA_WITH_AES_128_GCM_SHA256"",""TLS_AES_128_GCM_SHA256"",""TLS_CHACHA20_POLY1305_SHA256""]",RSA,3072,sha256WithRSAEncryption,TRUSTED,MATCH,90
sim-low-0375,26a31350cf04e577326c,modern_tls13,synthetic_simulation,LOW,True,True,TLSv1.3,"[""TLSv1.3""]","[""TLS_AES_256_GCM_SHA384"",""TLS_AES_128_GCM_SHA256""]",Ed25519,256,ED25519,TRUSTED,MATCH,365
sim-low-0376,eba9ba479f83e701edcc,modern_aead,synthetic_simulation,LOW,True,True,TLSv1.2,"[""TLSv1.2""]","[""TLS_ECDHE_ECDSA_WITH_AES_128_GCM_SHA256"",""TLS_CHACHA20_POLY1305_SHA256"",""TLS_AES_128_GCM_SHA256""]",Ed25519,256,ecdsa-with-SHA256,TRUSTED,MATCH,180
sim-low-0377,368e4e3860fb7a2dde21,modern_tls13,synthetic_simulation,LOW,True,True,TLSv1.3,"[""TLSv1.3""]","[""TLS_CHACHA20_POLY1305_SHA256"",""TLS_AES_128_GCM_SHA256""]",EC,256,ecdsa-with-SHA256,TRUSTED,MATCH,365
sim-low-0378,421fe7ede973b5494e5d,modern_aead,synthetic_simulation,LOW,True,True,TLSv1.2,"[""TLSv1.2"",""TLSv1.3""]","[""TLS_ECDHE_ECDSA_WITH_AES_128_GCM_SHA256"",""TLS_CHACHA20_POLY1305_SHA256"",""TLS_ECDHE_RSA_WITH_AES_128_GCM_SHA256""]",Ed25519,256,ecdsa-with-SHA256,TRUSTED,MATCH,365
sim-low-0379,2abef25f661533350a80,modern_tls13,synthetic_simulation,LOW,True,True,TLSv1.3,"[""TLSv1.3""]","[""TLS_AES_256_GCM_SHA384"",""TLS_CHACHA20_POLY1305_SHA256""]",EC,256,ecdsa-with-SHA256,TRUSTED,MATCH,180
sim-low-0380,65aee48e3dbe0c9b8fc8,modern_aead,synthetic_simulation,LOW,True,True,TLSv1.3,"[""TLSv1.3""]","[""TLS_AES_256_GCM_SHA384"",""TLS_ECDHE_RSA_WITH_AES_128_GCM_SHA256"",""TLS_CHACHA20_POLY1305_SHA256""]",EC,256,ecdsa-with-SHA256,TRUSTED,MATCH,398
sim-low-0381,26a31350cf04e577326c,modern_tls13,synthetic_simulation,LOW,True,True,TLSv1.3,"[""TLSv1.3""]","[""TLS_AES_256_GCM_SHA384"",""TLS_AES_128_GCM_SHA256""]",Ed25519,256,ED25519,TRUSTED,MATCH,365
sim-low-0382,3055fde82efd8f322ca9,modern_aead,synthetic_simulation,LOW,True,True,TLSv1.2,"[""TLSv1.2"",""TLSv1.3""]","[""TLS_ECDHE_ECDSA_WITH_AES_128_GCM_SHA256"",""TLS_AES_128_GCM_SHA256"",""TLS_AES_256_GCM_SHA384""]",EC,256,ecdsa-with-SHA256,TRUSTED,MATCH,365
sim-low-0383,414b8e5d567dfee4d93b,modern_tls13,synthetic_simulation,LOW,True,True,TLSv1.3,"[""TLSv1.3""]","[""TLS_AES_128_GCM_SHA256"",""TLS_CHACHA20_POLY1305_SHA256""]",Ed25519,256,ED25519,TRUSTED,MATCH,90
sim-low-0384,85a679ab8dbce9237087,modern_aead,synthetic_simulation,LOW,True,True,TLSv1.3,"[""TLSv1.3""]","[""TLS_ECDHE_ECDSA_WITH_AES_128_GCM_SHA256"",""TLS_AES_256_GCM_SHA384"",""TLS_AES_128_GCM_SHA256""]",Ed25519,256,ecdsa-with-SHA256,TRUSTED,MATCH,365
sim-low-0385,cd82c11b27ddde5df9a3,modern_tls13,synthetic_simulation,LOW,True,True,TLSv1.3,"[""TLSv1.3""]","[""TLS_AES_256_GCM_SHA384"",""TLS_CHACHA20_POLY1305_SHA256""]",Ed25519,256,ED25519,TRUSTED,MATCH,365
sim-low-0386,cd22ac745424f91af933,modern_aead,synthetic_simulation,LOW,True,True,TLSv1.3,"[""TLSv1.3""]","[""TLS_AES_256_GCM_SHA384"",""TLS_AES_128_GCM_SHA256"",""TLS_ECDHE_RSA_WITH_AES_128_GCM_SHA256""]",Ed25519,256,ecdsa-with-SHA256,TRUSTED,MATCH,398
sim-low-0387,eab2f9145b2667244065,modern_tls13,synthetic_simulation,LOW,True,True,TLSv1.3,"[""TLSv1.3""]","[""TLS_AES_256_GCM_SHA384"",""TLS_CHACHA20_POLY1305_SHA256""]",Ed25519,256,ED25519,TRUSTED,MATCH,90
sim-low-0388,eeb66e1722777cb581fc,modern_aead,synthetic_simulation,LOW,True,True,TLSv1.2,"[""TLSv1.2"",""TLSv1.3""]","[""TLS_ECDHE_RSA_WITH_AES_128_GCM_SHA256"",""TLS_AES_128_GCM_SHA256"",""TLS_CHACHA20_POLY1305_SHA256""]",EC,256,ecdsa-with-SHA256,TRUSTED,MATCH,365
sim-low-0389,c8a9143b497b06d79910,modern_tls13,synthetic_simulation,LOW,True,True,TLSv1.3,"[""TLSv1.3""]","[""TLS_CHACHA20_POLY1305_SHA256"",""TLS_AES_256_GCM_SHA384""]",EC,256,ecdsa-with-SHA256,TRUSTED,MATCH,365
sim-low-0390,0b1c77c11e1f2dbdd346,modern_aead,synthetic_simulation,LOW,True,True,TLSv1.2,"[""TLSv1.2""]","[""TLS_AES_128_GCM_SHA256"",""TLS_ECDHE_RSA_WITH_AES_128_GCM_SHA256"",""TLS_ECDHE_ECDSA_WITH_AES_128_GCM_SHA256""]",RSA,3072,sha256WithRSAEncryption,TRUSTED,MATCH,365
sim-low-0391,dbd60ac46c26cb9ec09a,modern_tls13,synthetic_simulation,LOW,True,True,TLSv1.3,"[""TLSv1.3""]","[""TLS_AES_128_GCM_SHA256"",""TLS_AES_256_GCM_SHA384""]",EC,256,ecdsa-with-SHA256,TRUSTED,MATCH,365
sim-low-0392,2b6cdfb360f54a81d372,modern_aead,synthetic_simulation,LOW,True,True,TLSv1.3,"[""TLSv1.3""]","[""TLS_ECDHE_RSA_WITH_AES_128_GCM_SHA256"",""TLS_ECDHE_ECDSA_WITH_AES_128_GCM_SHA256"",""TLS_CHACHA20_POLY1305_SHA256""]",Ed25519,256,ecdsa-with-SHA256,TRUSTED,MATCH,365
sim-low-0393,2479a587fa54cb04486a,modern_tls13,synthetic_simulation,LOW,True,True,TLSv1.3,"[""TLSv1.3""]","[""TLS_CHACHA20_POLY1305_SHA256"",""TLS_AES_128_GCM_SHA256""]",EC,256,ecdsa-with-SHA256,TRUSTED,MATCH,90
sim-low-0394,99ab602c1eae758d12de,modern_aead,synthetic_simulation,LOW,True,True,TLSv1.2,"[""TLSv1.2""]","[""TLS_ECDHE_RSA_WITH_AES_128_GCM_SHA256"",""TLS_AES_256_GCM_SHA384"",""TLS_ECDHE_ECDSA_WITH_AES_128_GCM_SHA256""]",EC,256,ecdsa-with-SHA256,TRUSTED,MATCH,180
sim-low-0395,2f25d638711a0f85d23b,modern_tls13,synthetic_simulation,LOW,True,True,TLSv1.3,"[""TLSv1.3""]","[""TLS_CHACHA20_POLY1305_SHA256"",""TLS_AES_256_GCM_SHA384""]",EC,256,ecdsa-with-SHA256,TRUSTED,MATCH,180
sim-low-0396,bec176fce2e015429aef,modern_aead,synthetic_simulation,LOW,True,True,TLSv1.2,"[""TLSv1.2"",""TLSv1.3""]","[""TLS_CHACHA20_POLY1305_SHA256"",""TLS_AES_256_GCM_SHA384"",""TLS_ECDHE_ECDSA_WITH_AES_128_GCM_SHA256""]",RSA,4096,sha256WithRSAEncryption,TRUSTED,MATCH,365
sim-low-0397,841839f01da9ebfd8cbc,modern_tls13,synthetic_simulation,LOW,True,True,TLSv1.3,"[""TLSv1.3""]","[""TLS_AES_128_GCM_SHA256"",""TLS_CHACHA20_POLY1305_SHA256""]",EC,256,ecdsa-with-SHA256,TRUSTED,MATCH,365
sim-low-0398,cf1c9d0f30969121f0bb,modern_aead,synthetic_simulation,LOW,True,True,TLSv1.2,"[""TLSv1.2"",""TLSv1.3""]","[""TLS_AES_128_GCM_SHA256"",""TLS_CHACHA20_POLY1305_SHA256"",""TLS_ECDHE_ECDSA_WITH_AES_128_GCM_SHA256""]",RSA,2048,sha256WithRSAEncryption,TRUSTED,MATCH,398
sim-low-0399,504a982c775d820d67ef,modern_tls13,synthetic_simulation,LOW,True,True,TLSv1.3,"[""TLSv1.3""]","[""TLS_AES_128_GCM_SHA256"",""TLS_AES_256_GCM_SHA384""]",Ed25519,256,ED25519,TRUSTED,MATCH,365
sim-low-0400,bebe61faca134367f313,modern_aead,synthetic_simulation,LOW,True,True,TLSv1.3,"[""TLSv1.3""]","[""TLS_ECDHE_ECDSA_WITH_AES_128_GCM_SHA256"",""TLS_AES_128_GCM_SHA256"",""TLS_AES_256_GCM_SHA384""]",Ed25519,256,ecdsa-with-SHA256,TRUSTED,MATCH,398
sim-low-0401,2479a587fa54cb04486a,modern_tls13,synthetic_simulation,LOW,True,True,TLSv1.3,"[""TLSv1.3""]","[""TLS_CHACHA20_POLY1305_SHA256"",""TLS_AES_128_GCM_SHA256""]",EC,256,ecdsa-with-SHA256,TRUSTED,MATCH,90
sim-low-0402,9f963827f0047ce85096,modern_aead,synthetic_simulation,LOW,True,True,TLSv1.3,"[""TLSv1.3""]","[""TLS_AES_256_GCM_SHA384"",""TLS_ECDHE_RSA_WITH_AES_128_GCM_SHA256"",""TLS_CHACHA20_POLY1305_SHA256""]",RSA,3072,sha256WithRSAEncryption,TRUSTED,MATCH,398
sim-low-0403,f0f423018acaefd16f00,modern_tls13,synthetic_simulation,LOW,True,True,TLSv1.3,"[""TLSv1.3""]","[""TLS_AES_128_GCM_SHA256"",""TLS_CHACHA20_POLY1305_SHA256""]",Ed25519,256,ED25519,TRUSTED,MATCH,365
sim-low-0404,37f97e5d4fc4197a6a88,modern_aead,synthetic_simulation,LOW,True,True,TLSv1.2,"[""TLSv1.2"",""TLSv1.3""]","[""TLS_ECDHE_ECDSA_WITH_AES_128_GCM_SHA256"",""TLS_ECDHE_RSA_WITH_AES_128_GCM_SHA256"",""TLS_AES_128_GCM_SHA256""]",EC,256,ecdsa-with-SHA256,TRUSTED,MATCH,180
sim-low-0405,e5d60fbcfc987a61abfb,modern_tls13,synthetic_simulation,LOW,True,True,TLSv1.3,"[""TLSv1.3""]","[""TLS_AES_128_GCM_SHA256"",""TLS_CHACHA20_POLY1305_SHA256""]",EC,256,ecdsa-with-SHA256,TRUSTED,MATCH,180
sim-low-0406,82e6369edfd3d265eadd,modern_aead,synthetic_simulation,LOW,True,True,TLSv1.2,"[""TLSv1.2"",""TLSv1.3""]","[""TLS_AES_128_GCM_SHA256"",""TLS_AES_256_GCM_SHA384"",""TLS_ECDHE_ECDSA_WITH_AES_128_GCM_SHA256""]",Ed25519,256,ecdsa-with-SHA256,TRUSTED,MATCH,180
sim-low-0407,368e4e3860fb7a2dde21,modern_tls13,synthetic_simulation,LOW,True,True,TLSv1.3,"[""TLSv1.3""]","[""TLS_CHACHA20_POLY1305_SHA256"",""TLS_AES_128_GCM_SHA256""]",EC,256,ecdsa-with-SHA256,TRUSTED,MATCH,365
sim-low-0408,8957e49e13103d7b2a72,modern_aead,synthetic_simulation,LOW,True,True,TLSv1.2,"[""TLSv1.2"",""TLSv1.3""]","[""TLS_CHACHA20_POLY1305_SHA256"",""TLS_ECDHE_ECDSA_WITH_AES_128_GCM_SHA256"",""TLS_ECDHE_RSA_WITH_AES_128_GCM_SHA256""]",EC,256,ecdsa-with-SHA256,TRUSTED,MATCH,365
sim-low-0409,c2a47181c6f08aa7ad1e,modern_tls13,synthetic_simulation,LOW,True,True,TLSv1.3,"[""TLSv1.3""]","[""TLS_AES_256_GCM_SHA384"",""TLS_CHACHA20_POLY1305_SHA256""]",EC,256,ecdsa-with-SHA256,TRUSTED,MATCH,365
sim-low-0410,02d3f8ec225ff8594c3f,modern_aead,synthetic_simulation,LOW,True,True,TLSv1.2,"[""TLSv1.2"",""TLSv1.3""]","[""TLS_CHACHA20_POLY1305_SHA256"",""TLS_AES_128_GCM_SHA256"",""TLS_ECDHE_ECDSA_WITH_AES_128_GCM_SHA256""]",EC,256,ecdsa-with-SHA256,TRUSTED,MATCH,398
sim-low-0411,d5df4b0b29ec118da409,modern_tls13,synthetic_simulation,LOW,True,True,TLSv1.3,"[""TLSv1.3""]","[""TLS_CHACHA20_POLY1305_SHA256"",""TLS_AES_128_GCM_SHA256""]",Ed25519,256,ED25519,TRUSTED,MATCH,180
sim-low-0412,60865f85b8367928b9e5,modern_aead,synthetic_simulation,LOW,True,True,TLSv1.2,"[""TLSv1.2""]","[""TLS_AES_128_GCM_SHA256"",""TLS_ECDHE_RSA_WITH_AES_128_GCM_SHA256"",""TLS_CHACHA20_POLY1305_SHA256""]",EC,256,ecdsa-with-SHA256,TRUSTED,MATCH,90
sim-low-0413,eab2f9145b2667244065,modern_tls13,synthetic_simulation,LOW,True,True,TLSv1.3,"[""TLSv1.3""]","[""TLS_AES_256_GCM_SHA384"",""TLS_CHACHA20_POLY1305_SHA256""]",Ed25519,256,ED25519,TRUSTED,MATCH,90
sim-low-0414,6755ba4f0c1b6fb328a5,modern_aead,synthetic_simulation,LOW,True,True,TLSv1.2,"[""TLSv1.2"",""TLSv1.3""]","[""TLS_ECDHE_RSA_WITH_AES_128_GCM_SHA256"",""TLS_ECDHE_ECDSA_WITH_AES_128_GCM_SHA256"",""TLS_AES_256_GCM_SHA384""]",Ed25519,256,ecdsa-with-SHA256,TRUSTED,MATCH,398
sim-low-0415,2f25d638711a0f85d23b,modern_tls13,synthetic_simulation,LOW,True,True,TLSv1.3,"[""TLSv1.3""]","[""TLS_CHACHA20_POLY1305_SHA256"",""TLS_AES_256_GCM_SHA384""]",EC,256,ecdsa-with-SHA256,TRUSTED,MATCH,180
sim-low-0416,2987156c0ae518a7424d,modern_aead,synthetic_simulation,LOW,True,True,TLSv1.2,"[""TLSv1.2"",""TLSv1.3""]","[""TLS_AES_128_GCM_SHA256"",""TLS_AES_256_GCM_SHA384"",""TLS_ECDHE_ECDSA_WITH_AES_128_GCM_SHA256""]",EC,256,ecdsa-with-SHA256,TRUSTED,MATCH,90
sim-low-0417,93adfc9f639ba211a4e1,modern_tls13,synthetic_simulation,LOW,True,True,TLSv1.3,"[""TLSv1.3""]","[""TLS_CHACHA20_POLY1305_SHA256"",""TLS_AES_256_GCM_SHA384""]",Ed25519,256,ED25519,TRUSTED,MATCH,365
sim-low-0418,d101dce38be3ef8978a5,modern_aead,synthetic_simulation,LOW,True,True,TLSv1.2,"[""TLSv1.2""]","[""TLS_ECDHE_ECDSA_WITH_AES_128_GCM_SHA256"",""TLS_AES_256_GCM_SHA384"",""TLS_CHACHA20_POLY1305_SHA256""]",EC,256,ecdsa-with-SHA256,TRUSTED,MATCH,90
sim-low-0419,20fc607db7de4d03bf2e,modern_tls13,synthetic_simulation,LOW,True,True,TLSv1.3,"[""TLSv1.3""]","[""TLS_AES_256_GCM_SHA384"",""TLS_AES_128_GCM_SHA256""]",EC,256,ecdsa-with-SHA256,TRUSTED,MATCH,90
sim-low-0420,41885ad29236823b749e,modern_aead,synthetic_simulation,LOW,True,True,TLSv1.2,"[""TLSv1.2""]","[""TLS_ECDHE_RSA_WITH_AES_128_GCM_SHA256"",""TLS_ECDHE_ECDSA_WITH_AES_128_GCM_SHA256"",""TLS_CHACHA20_POLY1305_SHA256""]",EC,256,ecdsa-with-SHA256,TRUSTED,MATCH,180
sim-low-0421,842e5062bc5675626c48,modern_tls13,synthetic_simulation,LOW,True,True,TLSv1.3,"[""TLSv1.3""]","[""TLS_CHACHA20_POLY1305_SHA256"",""TLS_AES_256_GCM_SHA384""]",Ed25519,256,ED25519,TRUSTED,MATCH,180
sim-low-0422,bbacb2f4d420e79d6177,modern_aead,synthetic_simulation,LOW,True,True,TLSv1.2,"[""TLSv1.2"",""TLSv1.3""]","[""TLS_ECDHE_RSA_WITH_AES_128_GCM_SHA256"",""TLS_ECDHE_ECDSA_WITH_AES_128_GCM_SHA256"",""TLS_AES_256_GCM_SHA384""]",Ed25519,256,ecdsa-with-SHA256,TRUSTED,MATCH,180
sim-low-0423,cbab9b45c46c708958a5,modern_tls13,synthetic_simulation,LOW,True,True,TLSv1.3,"[""TLSv1.3""]","[""TLS_CHACHA20_POLY1305_SHA256"",""TLS_AES_128_GCM_SHA256""]",EC,256,ecdsa-with-SHA256,TRUSTED,MATCH,180
sim-low-0424,2fa099f249ad1b977d2a,modern_aead,synthetic_simulation,LOW,True,True,TLSv1.2,"[""TLSv1.2""]","[""TLS_AES_256_GCM_SHA384"",""TLS_AES_128_GCM_SHA256"",""TLS_ECDHE_RSA_WITH_AES_128_GCM_SHA256""]",RSA,4096,sha256WithRSAEncryption,TRUSTED,MATCH,180
sim-low-0425,cb59454a4eab6232e984,modern_tls13,synthetic_simulation,LOW,True,True,TLSv1.3,"[""TLSv1.3""]","[""TLS_AES_128_GCM_SHA256"",""TLS_AES_256_GCM_SHA384""]",Ed25519,256,ED25519,TRUSTED,MATCH,90
sim-low-0426,70feabcd2aa5e793efc7,modern_aead,synthetic_simulation,LOW,True,True,TLSv1.3,"[""TLSv1.3""]","[""TLS_AES_128_GCM_SHA256"",""TLS_AES_256_GCM_SHA384"",""TLS_CHACHA20_POLY1305_SHA256""]",RSA,3072,sha256WithRSAEncryption,TRUSTED,MATCH,90
sim-low-0427,c5693ab21511ef347475,modern_tls13,synthetic_simulation,LOW,True,True,TLSv1.3,"[""TLSv1.3""]","[""TLS_CHACHA20_POLY1305_SHA256"",""TLS_AES_128_GCM_SHA256""]",Ed25519,256,ED25519,TRUSTED,MATCH,90
sim-low-0428,7fd5682f1df56f517c1c,modern_aead,synthetic_simulation,LOW,True,True,TLSv1.2,"[""TLSv1.2""]","[""TLS_ECDHE_ECDSA_WITH_AES_128_GCM_SHA256"",""TLS_ECDHE_RSA_WITH_AES_128_GCM_SHA256"",""TLS_AES_256_GCM_SHA384""]",RSA,3072,sha256WithRSAEncryption,TRUSTED,MATCH,180
sim-low-0429,dbd60ac46c26cb9ec09a,modern_tls13,synthetic_simulation,LOW,True,True,TLSv1.3,"[""TLSv1.3""]","[""TLS_AES_128_GCM_SHA256"",""TLS_AES_256_GCM_SHA384""]",EC,256,ecdsa-with-SHA256,TRUSTED,MATCH,365
sim-low-0430,116e66ba59810c929f9e,modern_aead,synthetic_simulation,LOW,True,True,TLSv1.2,"[""TLSv1.2""]","[""TLS_AES_256_GCM_SHA384"",""TLS_CHACHA20_POLY1305_SHA256"",""TLS_ECDHE_ECDSA_WITH_AES_128_GCM_SHA256""]",RSA,4096,sha256WithRSAEncryption,TRUSTED,MATCH,365
sim-low-0431,504a982c775d820d67ef,modern_tls13,synthetic_simulation,LOW,True,True,TLSv1.3,"[""TLSv1.3""]","[""TLS_AES_128_GCM_SHA256"",""TLS_AES_256_GCM_SHA384""]",Ed25519,256,ED25519,TRUSTED,MATCH,365
sim-low-0432,b64a8a25698162ca3041,modern_aead,synthetic_simulation,LOW,True,True,TLSv1.3,"[""TLSv1.3""]","[""TLS_ECDHE_ECDSA_WITH_AES_128_GCM_SHA256"",""TLS_ECDHE_RSA_WITH_AES_128_GCM_SHA256"",""TLS_AES_128_GCM_SHA256""]",EC,256,ecdsa-with-SHA256,TRUSTED,MATCH,180
sim-low-0433,2479a587fa54cb04486a,modern_tls13,synthetic_simulation,LOW,True,True,TLSv1.3,"[""TLSv1.3""]","[""TLS_CHACHA20_POLY1305_SHA256"",""TLS_AES_128_GCM_SHA256""]",EC,256,ecdsa-with-SHA256,TRUSTED,MATCH,90
sim-low-0434,23312f5b2d9643b72447,modern_aead,synthetic_simulation,LOW,True,True,TLSv1.2,"[""TLSv1.2""]","[""TLS_ECDHE_ECDSA_WITH_AES_128_GCM_SHA256"",""TLS_CHACHA20_POLY1305_SHA256"",""TLS_ECDHE_RSA_WITH_AES_128_GCM_SHA256""]",EC,256,ecdsa-with-SHA256,TRUSTED,MATCH,365
sim-low-0435,2abef25f661533350a80,modern_tls13,synthetic_simulation,LOW,True,True,TLSv1.3,"[""TLSv1.3""]","[""TLS_AES_256_GCM_SHA384"",""TLS_CHACHA20_POLY1305_SHA256""]",EC,256,ecdsa-with-SHA256,TRUSTED,MATCH,180
sim-low-0436,8523f7cc0bd1ce848e02,modern_aead,synthetic_simulation,LOW,True,True,TLSv1.2,"[""TLSv1.2"",""TLSv1.3""]","[""TLS_AES_128_GCM_SHA256"",""TLS_ECDHE_RSA_WITH_AES_128_GCM_SHA256"",""TLS_AES_256_GCM_SHA384""]",Ed25519,256,ecdsa-with-SHA256,TRUSTED,MATCH,180
sim-low-0437,dbd60ac46c26cb9ec09a,modern_tls13,synthetic_simulation,LOW,True,True,TLSv1.3,"[""TLSv1.3""]","[""TLS_AES_128_GCM_SHA256"",""TLS_AES_256_GCM_SHA384""]",EC,256,ecdsa-with-SHA256,TRUSTED,MATCH,365
sim-low-0438,f11ff8778f293c7557cd,modern_aead,synthetic_simulation,LOW,True,True,TLSv1.2,"[""TLSv1.2"",""TLSv1.3""]","[""TLS_CHACHA20_POLY1305_SHA256"",""TLS_AES_256_GCM_SHA384"",""TLS_AES_128_GCM_SHA256""]",EC,256,ecdsa-with-SHA256,TRUSTED,MATCH,398
sim-low-0439,ef3ba3dd4793d65534a7,modern_tls13,synthetic_simulation,LOW,True,True,TLSv1.3,"[""TLSv1.3""]","[""TLS_CHACHA20_POLY1305_SHA256"",""TLS_AES_256_GCM_SHA384""]",Ed25519,256,ED25519,TRUSTED,MATCH,90
sim-low-0440,f899ac4c7c975a32cf07,modern_aead,synthetic_simulation,LOW,True,True,TLSv1.2,"[""TLSv1.2""]","[""TLS_AES_256_GCM_SHA384"",""TLS_ECDHE_RSA_WITH_AES_128_GCM_SHA256"",""TLS_ECDHE_ECDSA_WITH_AES_128_GCM_SHA256""]",Ed25519,256,ecdsa-with-SHA256,TRUSTED,MATCH,398
sim-low-0441,d5df4b0b29ec118da409,modern_tls13,synthetic_simulation,LOW,True,True,TLSv1.3,"[""TLSv1.3""]","[""TLS_CHACHA20_POLY1305_SHA256"",""TLS_AES_128_GCM_SHA256""]",Ed25519,256,ED25519,TRUSTED,MATCH,180
sim-low-0442,c76ff5694ee303688ed2,modern_aead,synthetic_simulation,LOW,True,True,TLSv1.3,"[""TLSv1.3""]","[""TLS_ECDHE_ECDSA_WITH_AES_128_GCM_SHA256"",""TLS_AES_128_GCM_SHA256"",""TLS_CHACHA20_POLY1305_SHA256""]",EC,256,ecdsa-with-SHA256,TRUSTED,MATCH,398
sim-low-0443,fec672b8a21445fced54,modern_tls13,synthetic_simulation,LOW,True,True,TLSv1.3,"[""TLSv1.3""]","[""TLS_AES_128_GCM_SHA256"",""TLS_CHACHA20_POLY1305_SHA256""]",EC,256,ecdsa-with-SHA256,TRUSTED,MATCH,90
sim-low-0444,9454552d63db390f68dc,modern_aead,synthetic_simulation,LOW,True,True,TLSv1.2,"[""TLSv1.2""]","[""TLS_AES_256_GCM_SHA384"",""TLS_ECDHE_ECDSA_WITH_AES_128_GCM_SHA256"",""TLS_AES_128_GCM_SHA256""]",EC,256,ecdsa-with-SHA256,TRUSTED,MATCH,180
sim-low-0445,2479a587fa54cb04486a,modern_tls13,synthetic_simulation,LOW,True,True,TLSv1.3,"[""TLSv1.3""]","[""TLS_CHACHA20_POLY1305_SHA256"",""TLS_AES_128_GCM_SHA256""]",EC,256,ecdsa-with-SHA256,TRUSTED,MATCH,90
sim-low-0446,7157b96b33e81503854c,modern_aead,synthetic_simulation,LOW,True,True,TLSv1.2,"[""TLSv1.2""]","[""TLS_CHACHA20_POLY1305_SHA256"",""TLS_ECDHE_ECDSA_WITH_AES_128_GCM_SHA256"",""TLS_AES_256_GCM_SHA384""]",Ed25519,256,ecdsa-with-SHA256,TRUSTED,MATCH,180
sim-low-0447,842e5062bc5675626c48,modern_tls13,synthetic_simulation,LOW,True,True,TLSv1.3,"[""TLSv1.3""]","[""TLS_CHACHA20_POLY1305_SHA256"",""TLS_AES_256_GCM_SHA384""]",Ed25519,256,ED25519,TRUSTED,MATCH,180
sim-low-0448,2911ad1b34e4b3c46484,modern_aead,synthetic_simulation,LOW,True,True,TLSv1.2,"[""TLSv1.2""]","[""TLS_AES_128_GCM_SHA256"",""TLS_CHACHA20_POLY1305_SHA256"",""TLS_ECDHE_ECDSA_WITH_AES_128_GCM_SHA256""]",EC,256,ecdsa-with-SHA256,TRUSTED,MATCH,398
sim-low-0449,d5df4b0b29ec118da409,modern_tls13,synthetic_simulation,LOW,True,True,TLSv1.3,"[""TLSv1.3""]","[""TLS_CHACHA20_POLY1305_SHA256"",""TLS_AES_128_GCM_SHA256""]",Ed25519,256,ED25519,TRUSTED,MATCH,180
sim-low-0450,1af4807f1792c05319b0,modern_aead,synthetic_simulation,LOW,True,True,TLSv1.3,"[""TLSv1.3""]","[""TLS_AES_256_GCM_SHA384"",""TLS_ECDHE_ECDSA_WITH_AES_128_GCM_SHA256"",""TLS_CHACHA20_POLY1305_SHA256""]",EC,256,ecdsa-with-SHA256,TRUSTED,MATCH,365
sim-low-0451,f0f423018acaefd16f00,modern_tls13,synthetic_simulation,LOW,True,True,TLSv1.3,"[""TLSv1.3""]","[""TLS_AES_128_GCM_SHA256"",""TLS_CHACHA20_POLY1305_SHA256""]",Ed25519,256,ED25519,TRUSTED,MATCH,365
sim-low-0452,921057d34c09335eac52,modern_aead,synthetic_simulation,LOW,True,True,TLSv1.3,"[""TLSv1.3""]","[""TLS_AES_256_GCM_SHA384"",""TLS_AES_128_GCM_SHA256"",""TLS_ECDHE_RSA_WITH_AES_128_GCM_SHA256""]",RSA,4096,sha256WithRSAEncryption,TRUSTED,MATCH,365
sim-low-0453,2abef25f661533350a80,modern_tls13,synthetic_simulation,LOW,True,True,TLSv1.3,"[""TLSv1.3""]","[""TLS_AES_256_GCM_SHA384"",""TLS_CHACHA20_POLY1305_SHA256""]",EC,256,ecdsa-with-SHA256,TRUSTED,MATCH,180
sim-low-0454,f2488c3464c9edb8eb41,modern_aead,synthetic_simulation,LOW,True,True,TLSv1.3,"[""TLSv1.3""]","[""TLS_AES_256_GCM_SHA384"",""TLS_AES_128_GCM_SHA256"",""TLS_CHACHA20_POLY1305_SHA256""]",RSA,4096,sha256WithRSAEncryption,TRUSTED,MATCH,365
sim-low-0455,eab2f9145b2667244065,modern_tls13,synthetic_simulation,LOW,True,True,TLSv1.3,"[""TLSv1.3""]","[""TLS_AES_256_GCM_SHA384"",""TLS_CHACHA20_POLY1305_SHA256""]",Ed25519,256,ED25519,TRUSTED,MATCH,90
sim-low-0456,5bde8edd717d88a24c0c,modern_aead,synthetic_simulation,LOW,True,True,TLSv1.3,"[""TLSv1.3""]","[""TLS_ECDHE_RSA_WITH_AES_128_GCM_SHA256"",""TLS_ECDHE_ECDSA_WITH_AES_128_GCM_SHA256"",""TLS_AES_128_GCM_SHA256""]",RSA,2048,sha256WithRSAEncryption,TRUSTED,MATCH,365
sim-low-0457,9f2517be74652d7df2fb,modern_tls13,synthetic_simulation,LOW,True,True,TLSv1.3,"[""TLSv1.3""]","[""TLS_AES_256_GCM_SHA384"",""TLS_AES_128_GCM_SHA256""]",EC,256,ecdsa-with-SHA256,TRUSTED,MATCH,180
sim-low-0458,c79bd5e33706f34c7461,modern_aead,synthetic_simulation,LOW,True,True,TLSv1.2,"[""TLSv1.2"",""TLSv1.3""]","[""TLS_AES_128_GCM_SHA256"",""TLS_ECDHE_RSA_WITH_AES_128_GCM_SHA256"",""TLS_CHACHA20_POLY1305_SHA256""]",Ed25519,256,ecdsa-with-SHA256,TRUSTED,MATCH,365
sim-low-0459,64e54f6d2057489659f8,modern_tls13,synthetic_simulation,LOW,True,True,TLSv1.3,"[""TLSv1.3""]","[""TLS_AES_128_GCM_SHA256"",""TLS_AES_256_GCM_SHA384""]",EC,256,ecdsa-with-SHA256,TRUSTED,MATCH,90
sim-low-0460,e056fd055c9339467c41,modern_aead,synthetic_simulation,LOW,True,True,TLSv1.2,"[""TLSv1.2""]","[""TLS_CHACHA20_POLY1305_SHA256"",""TLS_ECDHE_ECDSA_WITH_AES_128_GCM_SHA256"",""TLS_AES_256_GCM_SHA384""]",RSA,3072,sha256WithRSAEncryption,TRUSTED,MATCH,365
sim-low-0461,3f03f29f5d5c6618c988,modern_tls13,synthetic_simulation,LOW,True,True,TLSv1.3,"[""TLSv1.3""]","[""TLS_AES_256_GCM_SHA384"",""TLS_AES_128_GCM_SHA256""]",EC,256,ecdsa-with-SHA256,TRUSTED,MATCH,365
sim-low-0462,bd8a19796c9c1859de81,modern_aead,synthetic_simulation,LOW,True,True,TLSv1.2,"[""TLSv1.2"",""TLSv1.3""]","[""TLS_AES_256_GCM_SHA384"",""TLS_ECDHE_RSA_WITH_AES_128_GCM_SHA256"",""TLS_AES_128_GCM_SHA256""]",Ed25519,256,ecdsa-with-SHA256,TRUSTED,MATCH,365
sim-low-0463,c8d553513d7ae8379a45,modern_tls13,synthetic_simulation,LOW,True,True,TLSv1.3,"[""TLSv1.3""]","[""TLS_AES_256_GCM_SHA384"",""TLS_AES_128_GCM_SHA256""]",Ed25519,256,ED25519,TRUSTED,MATCH,180
sim-low-0464,90db5ccd4758d66eb0c0,modern_aead,synthetic_simulation,LOW,True,True,TLSv1.2,"[""TLSv1.2"",""TLSv1.3""]","[""TLS_AES_128_GCM_SHA256"",""TLS_AES_256_GCM_SHA384"",""TLS_ECDHE_RSA_WITH_AES_128_GCM_SHA256""]",Ed25519,256,ecdsa-with-SHA256,TRUSTED,MATCH,90
sim-low-0465,c8d553513d7ae8379a45,modern_tls13,synthetic_simulation,LOW,True,True,TLSv1.3,"[""TLSv1.3""]","[""TLS_AES_256_GCM_SHA384"",""TLS_AES_128_GCM_SHA256""]",Ed25519,256,ED25519,TRUSTED,MATCH,180
sim-low-0466,1d3a0e999934d8cce18c,modern_aead,synthetic_simulation,LOW,True,True,TLSv1.3,"[""TLSv1.3""]","[""TLS_CHACHA20_POLY1305_SHA256"",""TLS_AES_128_GCM_SHA256"",""TLS_ECDHE_ECDSA_WITH_AES_128_GCM_SHA256""]",RSA,2048,sha256WithRSAEncryption,TRUSTED,MATCH,398
sim-low-0467,841839f01da9ebfd8cbc,modern_tls13,synthetic_simulation,LOW,True,True,TLSv1.3,"[""TLSv1.3""]","[""TLS_AES_128_GCM_SHA256"",""TLS_CHACHA20_POLY1305_SHA256""]",EC,256,ecdsa-with-SHA256,TRUSTED,MATCH,365
sim-low-0468,733c7383b31629c7a544,modern_aead,synthetic_simulation,LOW,True,True,TLSv1.3,"[""TLSv1.3""]","[""TLS_ECDHE_ECDSA_WITH_AES_128_GCM_SHA256"",""TLS_CHACHA20_POLY1305_SHA256"",""TLS_AES_256_GCM_SHA384""]",Ed25519,256,ecdsa-with-SHA256,TRUSTED,MATCH,398
sim-low-0469,841839f01da9ebfd8cbc,modern_tls13,synthetic_simulation,LOW,True,True,TLSv1.3,"[""TLSv1.3""]","[""TLS_AES_128_GCM_SHA256"",""TLS_CHACHA20_POLY1305_SHA256""]",EC,256,ecdsa-with-SHA256,TRUSTED,MATCH,365
sim-low-0470,2cd7479b769633cb8ec9,modern_aead,synthetic_simulation,LOW,True,True,TLSv1.2,"[""TLSv1.2"",""TLSv1.3""]","[""TLS_AES_256_GCM_SHA384"",""TLS_ECDHE_RSA_WITH_AES_128_GCM_SHA256"",""TLS_AES_128_GCM_SHA256""]",Ed25519,256,ecdsa-with-SHA256,TRUSTED,MATCH,180
sim-low-0471,c5693ab21511ef347475,modern_tls13,synthetic_simulation,LOW,True,True,TLSv1.3,"[""TLSv1.3""]","[""TLS_CHACHA20_POLY1305_SHA256"",""TLS_AES_128_GCM_SHA256""]",Ed25519,256,ED25519,TRUSTED,MATCH,90
sim-low-0472,87fdfb0a28f8d422ed20,modern_aead,synthetic_simulation,LOW,True,True,TLSv1.2,"[""TLSv1.2"",""TLSv1.3""]","[""TLS_AES_256_GCM_SHA384"",""TLS_AES_128_GCM_SHA256"",""TLS_CHACHA20_POLY1305_SHA256""]",EC,256,ecdsa-with-SHA256,TRUSTED,MATCH,180
sim-low-0473,efee0d3a55c16134c05c,modern_tls13,synthetic_simulation,LOW,True,True,TLSv1.3,"[""TLSv1.3""]","[""TLS_AES_256_GCM_SHA384"",""TLS_AES_128_GCM_SHA256""]",Ed25519,256,ED25519,TRUSTED,MATCH,90
sim-low-0474,68f701f751df274a2fc4,modern_aead,synthetic_simulation,LOW,True,True,TLSv1.2,"[""TLSv1.2"",""TLSv1.3""]","[""TLS_AES_256_GCM_SHA384"",""TLS_CHACHA20_POLY1305_SHA256"",""TLS_ECDHE_RSA_WITH_AES_128_GCM_SHA256""]",Ed25519,256,ecdsa-with-SHA256,TRUSTED,MATCH,398
sim-low-0475,64e54f6d2057489659f8,modern_tls13,synthetic_simulation,LOW,True,True,TLSv1.3,"[""TLSv1.3""]","[""TLS_AES_128_GCM_SHA256"",""TLS_AES_256_GCM_SHA384""]",EC,256,ecdsa-with-SHA256,TRUSTED,MATCH,90
sim-low-0476,701088420cb384f2c15a,modern_aead,synthetic_simulation,LOW,True,True,TLSv1.2,"[""TLSv1.2"",""TLSv1.3""]","[""TLS_AES_128_GCM_SHA256"",""TLS_AES_256_GCM_SHA384"",""TLS_CHACHA20_POLY1305_SHA256""]",EC,256,ecdsa-with-SHA256,TRUSTED,MATCH,398
sim-low-0477,64de0091fa9e32a53aec,modern_tls13,synthetic_simulation,LOW,True,True,TLSv1.3,"[""TLSv1.3""]","[""TLS_AES_256_GCM_SHA384"",""TLS_CHACHA20_POLY1305_SHA256""]",Ed25519,256,ED25519,TRUSTED,MATCH,180
sim-low-0478,25339bad59d01f34fe31,modern_aead,synthetic_simulation,LOW,True,True,TLSv1.2,"[""TLSv1.2"",""TLSv1.3""]","[""TLS_ECDHE_RSA_WITH_AES_128_GCM_SHA256"",""TLS_ECDHE_ECDSA_WITH_AES_128_GCM_SHA256"",""TLS_AES_256_GCM_SHA384""]",EC,256,ecdsa-with-SHA256,TRUSTED,MATCH,90
sim-low-0479,93adfc9f639ba211a4e1,modern_tls13,synthetic_simulation,LOW,True,True,TLSv1.3,"[""TLSv1.3""]","[""TLS_CHACHA20_POLY1305_SHA256"",""TLS_AES_256_GCM_SHA384""]",Ed25519,256,ED25519,TRUSTED,MATCH,365
sim-low-0480,e33ab763c22fd5a23344,modern_aead,synthetic_simulation,LOW,True,True,TLSv1.2,"[""TLSv1.2""]","[""TLS_ECDHE_ECDSA_WITH_AES_128_GCM_SHA256"",""TLS_AES_128_GCM_SHA256"",""TLS_CHACHA20_POLY1305_SHA256""]",Ed25519,256,ecdsa-with-SHA256,TRUSTED,MATCH,180
sim-low-0481,e5d60fbcfc987a61abfb,modern_tls13,synthetic_simulation,LOW,True,True,TLSv1.3,"[""TLSv1.3""]","[""TLS_AES_128_GCM_SHA256"",""TLS_CHACHA20_POLY1305_SHA256""]",EC,256,ecdsa-with-SHA256,TRUSTED,MATCH,180
sim-low-0482,000cd6748d22492a1468,modern_aead,synthetic_simulation,LOW,True,True,TLSv1.2,"[""TLSv1.2"",""TLSv1.3""]","[""TLS_ECDHE_ECDSA_WITH_AES_128_GCM_SHA256"",""TLS_AES_256_GCM_SHA384"",""TLS_CHACHA20_POLY1305_SHA256""]",Ed25519,256,ecdsa-with-SHA256,TRUSTED,MATCH,365
sim-low-0483,2abef25f661533350a80,modern_tls13,synthetic_simulation,LOW,True,True,TLSv1.3,"[""TLSv1.3""]","[""TLS_AES_256_GCM_SHA384"",""TLS_CHACHA20_POLY1305_SHA256""]",EC,256,ecdsa-with-SHA256,TRUSTED,MATCH,180
sim-low-0484,0fed2967b891564bae4c,modern_aead,synthetic_simulation,LOW,True,True,TLSv1.3,"[""TLSv1.3""]","[""TLS_ECDHE_RSA_WITH_AES_128_GCM_SHA256"",""TLS_ECDHE_ECDSA_WITH_AES_128_GCM_SHA256"",""TLS_CHACHA20_POLY1305_SHA256""]",EC,256,ecdsa-with-SHA256,TRUSTED,MATCH,398
sim-low-0485,e5d60fbcfc987a61abfb,modern_tls13,synthetic_simulation,LOW,True,True,TLSv1.3,"[""TLSv1.3""]","[""TLS_AES_128_GCM_SHA256"",""TLS_CHACHA20_POLY1305_SHA256""]",EC,256,ecdsa-with-SHA256,TRUSTED,MATCH,180
sim-low-0486,a15c6f7278ba4c4fee88,modern_aead,synthetic_simulation,LOW,True,True,TLSv1.2,"[""TLSv1.2"",""TLSv1.3""]","[""TLS_ECDHE_RSA_WITH_AES_128_GCM_SHA256"",""TLS_AES_128_GCM_SHA256"",""TLS_CHACHA20_POLY1305_SHA256""]",RSA,2048,sha256WithRSAEncryption,TRUSTED,MATCH,398
sim-low-0487,2479a587fa54cb04486a,modern_tls13,synthetic_simulation,LOW,True,True,TLSv1.3,"[""TLSv1.3""]","[""TLS_CHACHA20_POLY1305_SHA256"",""TLS_AES_128_GCM_SHA256""]",EC,256,ecdsa-with-SHA256,TRUSTED,MATCH,90
sim-low-0488,0e4c02b410c4f33b4f67,modern_aead,synthetic_simulation,LOW,True,True,TLSv1.2,"[""TLSv1.2""]","[""TLS_AES_256_GCM_SHA384"",""TLS_ECDHE_RSA_WITH_AES_128_GCM_SHA256"",""TLS_CHACHA20_POLY1305_SHA256""]",RSA,4096,sha256WithRSAEncryption,TRUSTED,MATCH,398
sim-low-0489,ef3ba3dd4793d65534a7,modern_tls13,synthetic_simulation,LOW,True,True,TLSv1.3,"[""TLSv1.3""]","[""TLS_CHACHA20_POLY1305_SHA256"",""TLS_AES_256_GCM_SHA384""]",Ed25519,256,ED25519,TRUSTED,MATCH,90
sim-low-0490,c13b6bbb10a449a49968,modern_aead,synthetic_simulation,LOW,True,True,TLSv1.2,"[""TLSv1.2""]","[""TLS_CHACHA20_POLY1305_SHA256"",""TLS_AES_128_GCM_SHA256"",""TLS_ECDHE_ECDSA_WITH_AES_128_GCM_SHA256""]",EC,256,ecdsa-with-SHA256,TRUSTED,MATCH,398
sim-low-0491,fec672b8a21445fced54,modern_tls13,synthetic_simulation,LOW,True,True,TLSv1.3,"[""TLSv1.3""]","[""TLS_AES_128_GCM_SHA256"",""TLS_CHACHA20_POLY1305_SHA256""]",EC,256,ecdsa-with-SHA256,TRUSTED,MATCH,90
sim-low-0492,712b44f09d3d642e0c9a,modern_aead,synthetic_simulation,LOW,True,True,TLSv1.3,"[""TLSv1.3""]","[""TLS_AES_128_GCM_SHA256"",""TLS_CHACHA20_POLY1305_SHA256"",""TLS_ECDHE_ECDSA_WITH_AES_128_GCM_SHA256""]",RSA,4096,sha256WithRSAEncryption,TRUSTED,MATCH,90
sim-low-0493,414b8e5d567dfee4d93b,modern_tls13,synthetic_simulation,LOW,True,True,TLSv1.3,"[""TLSv1.3""]","[""TLS_AES_128_GCM_SHA256"",""TLS_CHACHA20_POLY1305_SHA256""]",Ed25519,256,ED25519,TRUSTED,MATCH,90
sim-low-0494,cabc7cbcc80d20d87536,modern_aead,synthetic_simulation,LOW,True,True,TLSv1.2,"[""TLSv1.2""]","[""TLS_CHACHA20_POLY1305_SHA256"",""TLS_AES_256_GCM_SHA384"",""TLS_ECDHE_RSA_WITH_AES_128_GCM_SHA256""]",EC,256,ecdsa-with-SHA256,TRUSTED,MATCH,180
sim-low-0495,ee956becb3546d969081,modern_tls13,synthetic_simulation,LOW,True,True,TLSv1.3,"[""TLSv1.3""]","[""TLS_AES_128_GCM_SHA256"",""TLS_AES_256_GCM_SHA384""]",EC,256,ecdsa-with-SHA256,TRUSTED,MATCH,180
sim-low-0496,0e99f8700eb6e57518e8,modern_aead,synthetic_simulation,LOW,True,True,TLSv1.2,"[""TLSv1.2"",""TLSv1.3""]","[""TLS_ECDHE_RSA_WITH_AES_128_GCM_SHA256"",""TLS_AES_256_GCM_SHA384"",""TLS_AES_128_GCM_SHA256""]",RSA,2048,sha256WithRSAEncryption,TRUSTED,MATCH,398
sim-low-0497,e5d60fbcfc987a61abfb,modern_tls13,synthetic_simulation,LOW,True,True,TLSv1.3,"[""TLSv1.3""]","[""TLS_AES_128_GCM_SHA256"",""TLS_CHACHA20_POLY1305_SHA256""]",EC,256,ecdsa-with-SHA256,TRUSTED,MATCH,180
sim-low-0498,829845092185f94b6237,modern_aead,synthetic_simulation,LOW,True,True,TLSv1.2,"[""TLSv1.2""]","[""TLS_AES_128_GCM_SHA256"",""TLS_ECDHE_ECDSA_WITH_AES_128_GCM_SHA256"",""TLS_CHACHA20_POLY1305_SHA256""]",RSA,4096,sha256WithRSAEncryption,TRUSTED,MATCH,90
sim-low-0499,efee0d3a55c16134c05c,modern_tls13,synthetic_simulation,LOW,True,True,TLSv1.3,"[""TLSv1.3""]","[""TLS_AES_256_GCM_SHA384"",""TLS_AES_128_GCM_SHA256""]",Ed25519,256,ED25519,TRUSTED,MATCH,90
sim-medium-0000,fffb72917f2e7850d7a1,ecdhe_cbc_compatible,synthetic_simulation,MEDIUM,True,True,TLSv1.2,"[""TLSv1.2"",""TLSv1.3""]","[""TLS_ECDHE_RSA_WITH_AES_256_CBC_SHA"",""TLS_AES_128_GCM_SHA256"",""TLS_ECDHE_RSA_WITH_AES_128_CBC_SHA""]",RSA,2048,sha256WithRSAEncryption,TRUSTED,MATCH,365
sim-medium-0001,bd24430c224f61090c1a,long_lived_certificate,synthetic_simulation,MEDIUM,True,True,TLSv1.2,"[""TLSv1.2"",""TLSv1.3""]","[""TLS_ECDHE_RSA_WITH_AES_128_GCM_SHA256"",""TLS_CHACHA20_POLY1305_SHA256"",""TLS_AES_128_GCM_SHA256""]",RSA,2048,sha256WithRSAEncryption,TRUSTED,MATCH,1095
sim-medium-0002,063802fe44c1c611a413,ecdhe_cbc_compatible,synthetic_simulation,MEDIUM,True,True,TLSv1.2,"[""TLSv1.2"",""TLSv1.3""]","[""TLS_ECDHE_RSA_WITH_AES_128_CBC_SHA"",""TLS_AES_128_GCM_SHA256"",""TLS_ECDHE_RSA_WITH_AES_128_GCM_SHA256""]",RSA,2048,sha256WithRSAEncryption,TRUSTED,MATCH,365
sim-medium-0003,29d35fad4a1d4e2763d3,long_lived_certificate,synthetic_simulation,MEDIUM,True,True,TLSv1.2,"[""TLSv1.2"",""TLSv1.3""]","[""TLS_ECDHE_ECDSA_WITH_AES_128_GCM_SHA256"",""TLS_CHACHA20_POLY1305_SHA256"",""TLS_ECDHE_RSA_WITH_AES_128_GCM_SHA256""]",RSA,2048,sha256WithRSAEncryption,TRUSTED,MATCH,1825
sim-medium-0004,24bb90051ea24cd1f6ee,ecdhe_cbc_compatible,synthetic_simulation,MEDIUM,True,True,TLSv1.2,"[""TLSv1.2"",""TLSv1.3""]","[""TLS_ECDHE_RSA_WITH_AES_128_CBC_SHA"",""TLS_ECDHE_RSA_WITH_AES_256_CBC_SHA"",""TLS_ECDHE_RSA_WITH_AES_128_GCM_SHA256""]",RSA,2048,sha256WithRSAEncryption,TRUSTED,MATCH,730
sim-medium-0005,16bf1272be258dc6672e,long_lived_certificate,synthetic_simulation,MEDIUM,True,True,TLSv1.2,"[""TLSv1.2"",""TLSv1.3""]","[""TLS_ECDHE_RSA_WITH_AES_128_GCM_SHA256"",""TLS_CHACHA20_POLY1305_SHA256"",""TLS_ECDHE_ECDSA_WITH_AES_128_GCM_SHA256""]",RSA,2048,sha256WithRSAEncryption,TRUSTED,MATCH,1095
sim-medium-0006,c71a77d10e7c8418833c,ecdhe_cbc_compatible,synthetic_simulation,MEDIUM,True,True,TLSv1.2,"[""TLSv1.2"",""TLSv1.3""]","[""TLS_ECDHE_RSA_WITH_AES_256_CBC_SHA"",""TLS_ECDHE_RSA_WITH_AES_128_CBC_SHA"",""TLS_AES_128_GCM_SHA256""]",RSA,2048,sha256WithRSAEncryption,TRUSTED,MATCH,398
sim-medium-0007,dc629082b789adbb9fe3,long_lived_certificate,synthetic_simulation,MEDIUM,True,True,TLSv1.2,"[""TLSv1.2"",""TLSv1.3""]","[""TLS_CHACHA20_POLY1305_SHA256"",""TLS_AES_128_GCM_SHA256"",""TLS_ECDHE_RSA_WITH_AES_128_GCM_SHA256""]",RSA,2048,sha256WithRSAEncryption,TRUSTED,MATCH,1825
sim-medium-0008,a325730580bddc00ce37,ecdhe_cbc_compatible,synthetic_simulation,MEDIUM,True,True,TLSv1.2,"[""TLSv1.2"",""TLSv1.3""]","[""TLS_ECDHE_RSA_WITH_AES_128_GCM_SHA256"",""TLS_ECDHE_RSA_WITH_AES_128_CBC_SHA"",""TLS_AES_128_GCM_SHA256""]",RSA,2048,sha256WithRSAEncryption,TRUSTED,MATCH,365
sim-medium-0009,4bb870b8bf1dadcf4197,long_lived_certificate,synthetic_simulation,MEDIUM,True,True,TLSv1.2,"[""TLSv1.2"",""TLSv1.3""]","[""TLS_ECDHE_RSA_WITH_AES_128_GCM_SHA256"",""TLS_ECDHE_ECDSA_WITH_AES_128_GCM_SHA256"",""TLS_CHACHA20_POLY1305_SHA256""]",RSA,2048,sha256WithRSAEncryption,TRUSTED,MATCH,1825
sim-medium-0010,24bb90051ea24cd1f6ee,ecdhe_cbc_compatible,synthetic_simulation,MEDIUM,True,True,TLSv1.2,"[""TLSv1.2"",""TLSv1.3""]","[""TLS_ECDHE_RSA_WITH_AES_128_CBC_SHA"",""TLS_ECDHE_RSA_WITH_AES_256_CBC_SHA"",""TLS_ECDHE_RSA_WITH_AES_128_GCM_SHA256""]",RSA,2048,sha256WithRSAEncryption,TRUSTED,MATCH,730
sim-medium-0011,7f322b1d39b6195aa7d9,long_lived_certificate,synthetic_simulation,MEDIUM,True,True,TLSv1.2,"[""TLSv1.2"",""TLSv1.3""]","[""TLS_ECDHE_ECDSA_WITH_AES_128_GCM_SHA256"",""TLS_ECDHE_RSA_WITH_AES_128_GCM_SHA256"",""TLS_CHACHA20_POLY1305_SHA256""]",RSA,2048,sha256WithRSAEncryption,TRUSTED,MATCH,1825
sim-medium-0012,c1a2eba3bedd7d76bc13,ecdhe_cbc_compatible,synthetic_simulation,MEDIUM,True,True,TLSv1.2,"[""TLSv1.2"",""TLSv1.3""]","[""TLS_ECDHE_RSA_WITH_AES_128_CBC_SHA"",""TLS_AES_128_GCM_SHA256"",""TLS_ECDHE_RSA_WITH_AES_256_CBC_SHA""]",RSA,2048,sha256WithRSAEncryption,TRUSTED,MATCH,365
sim-medium-0013,713c382a3ff9893cbca6,long_lived_certificate,synthetic_simulation,MEDIUM,True,True,TLSv1.2,"[""TLSv1.2"",""TLSv1.3""]","[""TLS_AES_128_GCM_SHA256"",""TLS_CHACHA20_POLY1305_SHA256"",""TLS_ECDHE_RSA_WITH_AES_128_GCM_SHA256""]",RSA,2048,sha256WithRSAEncryption,TRUSTED,MATCH,1095
sim-medium-0014,e7ac4ec68ccd3e7130aa,ecdhe_cbc_compatible,synthetic_simulation,MEDIUM,True,True,TLSv1.2,"[""TLSv1.2"",""TLSv1.3""]","[""TLS_ECDHE_RSA_WITH_AES_128_CBC_SHA"",""TLS_ECDHE_RSA_WITH_AES_256_CBC_SHA"",""TLS_ECDHE_RSA_WITH_AES_128_GCM_SHA256""]",RSA,2048,sha256WithRSAEncryption,TRUSTED,MATCH,365
sim-medium-0015,94f474377b94ab7a36f2,long_lived_certificate,synthetic_simulation,MEDIUM,True,True,TLSv1.2,"[""TLSv1.2"",""TLSv1.3""]","[""TLS_CHACHA20_POLY1305_SHA256"",""TLS_ECDHE_ECDSA_WITH_AES_128_GCM_SHA256"",""TLS_AES_128_GCM_SHA256""]",RSA,2048,sha256WithRSAEncryption,TRUSTED,MATCH,1095
sim-medium-0016,fffb72917f2e7850d7a1,ecdhe_cbc_compatible,synthetic_simulation,MEDIUM,True,True,TLSv1.2,"[""TLSv1.2"",""TLSv1.3""]","[""TLS_ECDHE_RSA_WITH_AES_256_CBC_SHA"",""TLS_AES_128_GCM_SHA256"",""TLS_ECDHE_RSA_WITH_AES_128_CBC_SHA""]",RSA,2048,sha256WithRSAEncryption,TRUSTED,MATCH,365
sim-medium-0017,9ab91f3816bc4c5732df,long_lived_certificate,synthetic_simulation,MEDIUM,True,True,TLSv1.2,"[""TLSv1.2"",""TLSv1.3""]","[""TLS_AES_128_GCM_SHA256"",""TLS_CHACHA20_POLY1305_SHA256"",""TLS_ECDHE_RSA_WITH_AES_128_GCM_SHA256""]",RSA,2048,sha256WithRSAEncryption,TRUSTED,MATCH,3650
sim-medium-0018,7d251c96008745281d27,ecdhe_cbc_compatible,synthetic_simulation,MEDIUM,True,True,TLSv1.2,"[""TLSv1.2"",""TLSv1.3""]","[""TLS_AES_128_GCM_SHA256"",""TLS_ECDHE_RSA_WITH_AES_128_GCM_SHA256"",""TLS_ECDHE_RSA_WITH_AES_256_CBC_SHA""]",RSA,2048,sha256WithRSAEncryption,TRUSTED,MATCH,730
sim-medium-0019,6a4339fa83aaa2ca7e2a,long_lived_certificate,synthetic_simulation,MEDIUM,True,True,TLSv1.2,"[""TLSv1.2"",""TLSv1.3""]","[""TLS_ECDHE_RSA_WITH_AES_128_GCM_SHA256"",""TLS_AES_128_GCM_SHA256"",""TLS_CHACHA20_POLY1305_SHA256""]",RSA,2048,sha256WithRSAEncryption,TRUSTED,MATCH,1095
sim-medium-0020,7037bc2a0772baf18b2f,ecdhe_cbc_compatible,synthetic_simulation,MEDIUM,True,True,TLSv1.2,"[""TLSv1.2"",""TLSv1.3""]","[""TLS_ECDHE_RSA_WITH_AES_128_GCM_SHA256"",""TLS_AES_128_GCM_SHA256"",""TLS_ECDHE_RSA_WITH_AES_256_CBC_SHA""]",RSA,2048,sha256WithRSAEncryption,TRUSTED,MATCH,730
sim-medium-0021,85e7ed5beb6008640a6c,long_lived_certificate,synthetic_simulation,MEDIUM,True,True,TLSv1.2,"[""TLSv1.2"",""TLSv1.3""]","[""TLS_ECDHE_ECDSA_WITH_AES_128_GCM_SHA256"",""TLS_AES_128_GCM_SHA256"",""TLS_CHACHA20_POLY1305_SHA256""]",RSA,2048,sha256WithRSAEncryption,TRUSTED,MATCH,3650
sim-medium-0022,180e9ffc9098799c8ceb,ecdhe_cbc_compatible,synthetic_simulation,MEDIUM,True,True,TLSv1.2,"[""TLSv1.2"",""TLSv1.3""]","[""TLS_AES_128_GCM_SHA256"",""TLS_ECDHE_RSA_WITH_AES_128_CBC_SHA"",""TLS_ECDHE_RSA_WITH_AES_256_CBC_SHA""]",RSA,2048,sha256WithRSAEncryption,TRUSTED,MATCH,398
sim-medium-0023,858a0db2633118c17c95,long_lived_certificate,synthetic_simulation,MEDIUM,True,True,TLSv1.2,"[""TLSv1.2"",""TLSv1.3""]","[""TLS_ECDHE_RSA_WITH_AES_128_GCM_SHA256"",""TLS_ECDHE_ECDSA_WITH_AES_128_GCM_SHA256"",""TLS_AES_128_GCM_SHA256""]",RSA,2048,sha256WithRSAEncryption,TRUSTED,MATCH,3650
sim-medium-0024,64b7a2d33559d65329e2,ecdhe_cbc_compatible,synthetic_simulation,MEDIUM,True,True,TLSv1.2,"[""TLSv1.2"",""TLSv1.3""]","[""TLS_AES_128_GCM_SHA256"",""TLS_ECDHE_RSA_WITH_AES_128_GCM_SHA256"",""TLS_ECDHE_RSA_WITH_AES_128_CBC_SHA""]",RSA,2048,sha256WithRSAEncryption,TRUSTED,MATCH,730
sim-medium-0025,f54646b5e44c349276fe,long_lived_certificate,synthetic_simulation,MEDIUM,True,True,TLSv1.2,"[""TLSv1.2"",""TLSv1.3""]","[""TLS_ECDHE_RSA_WITH_AES_128_GCM_SHA256"",""TLS_ECDHE_ECDSA_WITH_AES_128_GCM_SHA256"",""TLS_AES_128_GCM_SHA256""]",RSA,2048,sha256WithRSAEncryption,TRUSTED,MATCH,1095
sim-medium-0026,af421ae4def111e40232,ecdhe_cbc_compatible,synthetic_simulation,MEDIUM,True,True,TLSv1.2,"[""TLSv1.2"",""TLSv1.3""]","[""TLS_ECDHE_RSA_WITH_AES_128_CBC_SHA"",""TLS_ECDHE_RSA_WITH_AES_128_GCM_SHA256"",""TLS_ECDHE_RSA_WITH_AES_256_CBC_SHA""]",RSA,2048,sha256WithRSAEncryption,TRUSTED,MATCH,365
sim-medium-0027,1ffe1dbcb5d8c9c03864,long_lived_certificate,synthetic_simulation,MEDIUM,True,True,TLSv1.2,"[""TLSv1.2"",""TLSv1.3""]","[""TLS_ECDHE_ECDSA_WITH_AES_128_GCM_SHA256"",""TLS_CHACHA20_POLY1305_SHA256"",""TLS_ECDHE_RSA_WITH_AES_128_GCM_SHA256""]",RSA,2048,sha256WithRSAEncryption,TRUSTED,MATCH,3650
sim-medium-0028,8a86531239fda5f9edf0,ecdhe_cbc_compatible,synthetic_simulation,MEDIUM,True,True,TLSv1.2,"[""TLSv1.2"",""TLSv1.3""]","[""TLS_ECDHE_RSA_WITH_AES_128_GCM_SHA256"",""TLS_AES_128_GCM_SHA256"",""TLS_ECDHE_RSA_WITH_AES_256_CBC_SHA""]",RSA,2048,sha256WithRSAEncryption,TRUSTED,MATCH,365
sim-medium-0029,81a5bae8ac8483f8c712,long_lived_certificate,synthetic_simulation,MEDIUM,True,True,TLSv1.2,"[""TLSv1.2"",""TLSv1.3""]","[""TLS_AES_128_GCM_SHA256"",""TLS_ECDHE_ECDSA_WITH_AES_128_GCM_SHA256"",""TLS_CHACHA20_POLY1305_SHA256""]",RSA,2048,sha256WithRSAEncryption,TRUSTED,MATCH,3650
sim-medium-0030,79e9ac9f89bcd871442e,ecdhe_cbc_compatible,synthetic_simulation,MEDIUM,True,True,TLSv1.2,"[""TLSv1.2"",""TLSv1.3""]","[""TLS_ECDHE_RSA_WITH_AES_256_CBC_SHA"",""TLS_ECDHE_RSA_WITH_AES_128_CBC_SHA"",""TLS_ECDHE_RSA_WITH_AES_128_GCM_SHA256""]",RSA,2048,sha256WithRSAEncryption,TRUSTED,MATCH,398
sim-medium-0031,e9d37410d5b34fa173a9,long_lived_certificate,synthetic_simulation,MEDIUM,True,True,TLSv1.2,"[""TLSv1.2"",""TLSv1.3""]","[""TLS_ECDHE_ECDSA_WITH_AES_128_GCM_SHA256"",""TLS_CHACHA20_POLY1305_SHA256"",""TLS_AES_128_GCM_SHA256""]",RSA,2048,sha256WithRSAEncryption,TRUSTED,MATCH,1825
sim-medium-0032,f52e6ecb3dcfe428f42b,ecdhe_cbc_compatible,synthetic_simulation,MEDIUM,True,True,TLSv1.2,"[""TLSv1.2"",""TLSv1.3""]","[""TLS_ECDHE_RSA_WITH_AES_128_CBC_SHA"",""TLS_ECDHE_RSA_WITH_AES_128_GCM_SHA256"",""TLS_AES_128_GCM_SHA256""]",RSA,2048,sha256WithRSAEncryption,TRUSTED,MATCH,730
sim-medium-0033,c47297d56d0002b07c27,long_lived_certificate,synthetic_simulation,MEDIUM,True,True,TLSv1.2,"[""TLSv1.2"",""TLSv1.3""]","[""TLS_ECDHE_ECDSA_WITH_AES_128_GCM_SHA256"",""TLS_ECDHE_RSA_WITH_AES_128_GCM_SHA256"",""TLS_AES_128_GCM_SHA256""]",RSA,2048,sha256WithRSAEncryption,TRUSTED,MATCH,1825
sim-medium-0034,9821ca09e996b3b1ec03,ecdhe_cbc_compatible,synthetic_simulation,MEDIUM,True,True,TLSv1.2,"[""TLSv1.2"",""TLSv1.3""]","[""TLS_ECDHE_RSA_WITH_AES_256_CBC_SHA"",""TLS_AES_128_GCM_SHA256"",""TLS_ECDHE_RSA_WITH_AES_128_CBC_SHA""]",RSA,2048,sha256WithRSAEncryption,TRUSTED,MATCH,398
sim-medium-0035,f54646b5e44c349276fe,long_lived_certificate,synthetic_simulation,MEDIUM,True,True,TLSv1.2,"[""TLSv1.2"",""TLSv1.3""]","[""TLS_ECDHE_RSA_WITH_AES_128_GCM_SHA256"",""TLS_ECDHE_ECDSA_WITH_AES_128_GCM_SHA256"",""TLS_AES_128_GCM_SHA256""]",RSA,2048,sha256WithRSAEncryption,TRUSTED,MATCH,1095
sim-medium-0036,3e45c145f84db1a57d8e,ecdhe_cbc_compatible,synthetic_simulation,MEDIUM,True,True,TLSv1.2,"[""TLSv1.2"",""TLSv1.3""]","[""TLS_AES_128_GCM_SHA256"",""TLS_ECDHE_RSA_WITH_AES_128_GCM_SHA256"",""TLS_ECDHE_RSA_WITH_AES_128_CBC_SHA""]",RSA,2048,sha256WithRSAEncryption,TRUSTED,MATCH,365
sim-medium-0037,663d62c0d8eae5a298aa,long_lived_certificate,synthetic_simulation,MEDIUM,True,True,TLSv1.2,"[""TLSv1.2"",""TLSv1.3""]","[""TLS_CHACHA20_POLY1305_SHA256"",""TLS_ECDHE_ECDSA_WITH_AES_128_GCM_SHA256"",""TLS_AES_128_GCM_SHA256""]",RSA,2048,sha256WithRSAEncryption,TRUSTED,MATCH,1825
sim-medium-0038,e1d6582994499f74c7a5,ecdhe_cbc_compatible,synthetic_simulation,MEDIUM,True,True,TLSv1.2,"[""TLSv1.2"",""TLSv1.3""]","[""TLS_ECDHE_RSA_WITH_AES_256_CBC_SHA"",""TLS_AES_128_GCM_SHA256"",""TLS_ECDHE_RSA_WITH_AES_128_CBC_SHA""]",RSA,2048,sha256WithRSAEncryption,TRUSTED,MATCH,730
sim-medium-0039,03bd59ae91cb78207de2,long_lived_certificate,synthetic_simulation,MEDIUM,True,True,TLSv1.2,"[""TLSv1.2"",""TLSv1.3""]","[""TLS_ECDHE_RSA_WITH_AES_128_GCM_SHA256"",""TLS_AES_128_GCM_SHA256"",""TLS_CHACHA20_POLY1305_SHA256""]",RSA,2048,sha256WithRSAEncryption,TRUSTED,MATCH,1825
sim-medium-0040,f7a5768a79c3670aed05,ecdhe_cbc_compatible,synthetic_simulation,MEDIUM,True,True,TLSv1.2,"[""TLSv1.2"",""TLSv1.3""]","[""TLS_AES_128_GCM_SHA256"",""TLS_ECDHE_RSA_WITH_AES_128_CBC_SHA"",""TLS_ECDHE_RSA_WITH_AES_256_CBC_SHA""]",RSA,2048,sha256WithRSAEncryption,TRUSTED,MATCH,730
sim-medium-0041,03bd59ae91cb78207de2,long_lived_certificate,synthetic_simulation,MEDIUM,True,True,TLSv1.2,"[""TLSv1.2"",""TLSv1.3""]","[""TLS_ECDHE_RSA_WITH_AES_128_GCM_SHA256"",""TLS_AES_128_GCM_SHA256"",""TLS_CHACHA20_POLY1305_SHA256""]",RSA,2048,sha256WithRSAEncryption,TRUSTED,MATCH,1825
sim-medium-0042,cbfdc6e96c9bd6fbfe24,ecdhe_cbc_compatible,synthetic_simulation,MEDIUM,True,True,TLSv1.2,"[""TLSv1.2"",""TLSv1.3""]","[""TLS_AES_128_GCM_SHA256"",""TLS_ECDHE_RSA_WITH_AES_256_CBC_SHA"",""TLS_ECDHE_RSA_WITH_AES_128_GCM_SHA256""]",RSA,2048,sha256WithRSAEncryption,TRUSTED,MATCH,365
sim-medium-0043,0d20f0a91894b229b1b3,long_lived_certificate,synthetic_simulation,MEDIUM,True,True,TLSv1.2,"[""TLSv1.2"",""TLSv1.3""]","[""TLS_AES_128_GCM_SHA256"",""TLS_ECDHE_RSA_WITH_AES_128_GCM_SHA256"",""TLS_CHACHA20_POLY1305_SHA256""]",RSA,2048,sha256WithRSAEncryption,TRUSTED,MATCH,3650
sim-medium-0044,2aa112658df1f8e32621,ecdhe_cbc_compatible,synthetic_simulation,MEDIUM,True,True,TLSv1.2,"[""TLSv1.2"",""TLSv1.3""]","[""TLS_ECDHE_RSA_WITH_AES_256_CBC_SHA"",""TLS_ECDHE_RSA_WITH_AES_128_CBC_SHA"",""TLS_AES_128_GCM_SHA256""]",RSA,2048,sha256WithRSAEncryption,TRUSTED,MATCH,730
sim-medium-0045,06cc33b5afe69a58de14,long_lived_certificate,synthetic_simulation,MEDIUM,True,True,TLSv1.2,"[""TLSv1.2"",""TLSv1.3""]","[""TLS_ECDHE_RSA_WITH_AES_128_GCM_SHA256"",""TLS_CHACHA20_POLY1305_SHA256"",""TLS_ECDHE_ECDSA_WITH_AES_128_GCM_SHA256""]",RSA,2048,sha256WithRSAEncryption,TRUSTED,MATCH,1825
sim-medium-0046,d37c2a83d7b50efd6282,ecdhe_cbc_compatible,synthetic_simulation,MEDIUM,True,True,TLSv1.2,"[""TLSv1.2"",""TLSv1.3""]","[""TLS_ECDHE_RSA_WITH_AES_256_CBC_SHA"",""TLS_ECDHE_RSA_WITH_AES_128_CBC_SHA"",""TLS_ECDHE_RSA_WITH_AES_128_GCM_SHA256""]",RSA,2048,sha256WithRSAEncryption,TRUSTED,MATCH,730
sim-medium-0047,16bf1272be258dc6672e,long_lived_certificate,synthetic_simulation,MEDIUM,True,True,TLSv1.2,"[""TLSv1.2"",""TLSv1.3""]","[""TLS_ECDHE_RSA_WITH_AES_128_GCM_SHA256"",""TLS_CHACHA20_POLY1305_SHA256"",""TLS_ECDHE_ECDSA_WITH_AES_128_GCM_SHA256""]",RSA,2048,sha256WithRSAEncryption,TRUSTED,MATCH,1095
sim-medium-0048,3fe22a5f481a406f382d,ecdhe_cbc_compatible,synthetic_simulation,MEDIUM,True,True,TLSv1.2,"[""TLSv1.2"",""TLSv1.3""]","[""TLS_ECDHE_RSA_WITH_AES_128_CBC_SHA"",""TLS_ECDHE_RSA_WITH_AES_128_GCM_SHA256"",""TLS_ECDHE_RSA_WITH_AES_256_CBC_SHA""]",RSA,2048,sha256WithRSAEncryption,TRUSTED,MATCH,398
sim-medium-0049,e9d37410d5b34fa173a9,long_lived_certificate,synthetic_simulation,MEDIUM,True,True,TLSv1.2,"[""TLSv1.2"",""TLSv1.3""]","[""TLS_ECDHE_ECDSA_WITH_AES_128_GCM_SHA256"",""TLS_CHACHA20_POLY1305_SHA256"",""TLS_AES_128_GCM_SHA256""]",RSA,2048,sha256WithRSAEncryption,TRUSTED,MATCH,1825
sim-medium-0050,f7a5768a79c3670aed05,ecdhe_cbc_compatible,synthetic_simulation,MEDIUM,True,True,TLSv1.2,"[""TLSv1.2"",""TLSv1.3""]","[""TLS_AES_128_GCM_SHA256"",""TLS_ECDHE_RSA_WITH_AES_128_CBC_SHA"",""TLS_ECDHE_RSA_WITH_AES_256_CBC_SHA""]",RSA,2048,sha256WithRSAEncryption,TRUSTED,MATCH,730
sim-medium-0051,858a0db2633118c17c95,long_lived_certificate,synthetic_simulation,MEDIUM,True,True,TLSv1.2,"[""TLSv1.2"",""TLSv1.3""]","[""TLS_ECDHE_RSA_WITH_AES_128_GCM_SHA256"",""TLS_ECDHE_ECDSA_WITH_AES_128_GCM_SHA256"",""TLS_AES_128_GCM_SHA256""]",RSA,2048,sha256WithRSAEncryption,TRUSTED,MATCH,3650
sim-medium-0052,18786cf87345246dcbf0,ecdhe_cbc_compatible,synthetic_simulation,MEDIUM,True,True,TLSv1.2,"[""TLSv1.2"",""TLSv1.3""]","[""TLS_AES_128_GCM_SHA256"",""TLS_ECDHE_RSA_WITH_AES_256_CBC_SHA"",""TLS_ECDHE_RSA_WITH_AES_128_GCM_SHA256""]",RSA,2048,sha256WithRSAEncryption,TRUSTED,MATCH,398
sim-medium-0053,e94c8ae9d84363e0f5f7,long_lived_certificate,synthetic_simulation,MEDIUM,True,True,TLSv1.2,"[""TLSv1.2"",""TLSv1.3""]","[""TLS_ECDHE_ECDSA_WITH_AES_128_GCM_SHA256"",""TLS_AES_128_GCM_SHA256"",""TLS_CHACHA20_POLY1305_SHA256""]",RSA,2048,sha256WithRSAEncryption,TRUSTED,MATCH,1095
sim-medium-0054,99ec420790cbbda7f6a9,ecdhe_cbc_compatible,synthetic_simulation,MEDIUM,True,True,TLSv1.2,"[""TLSv1.2"",""TLSv1.3""]","[""TLS_ECDHE_RSA_WITH_AES_128_CBC_SHA"",""TLS_ECDHE_RSA_WITH_AES_256_CBC_SHA"",""TLS_AES_128_GCM_SHA256""]",RSA,2048,sha256WithRSAEncryption,TRUSTED,MATCH,730
sim-medium-0055,b96bda7b42340c588eba,long_lived_certificate,synthetic_simulation,MEDIUM,True,True,TLSv1.2,"[""TLSv1.2"",""TLSv1.3""]","[""TLS_CHACHA20_POLY1305_SHA256"",""TLS_ECDHE_RSA_WITH_AES_128_GCM_SHA256"",""TLS_ECDHE_ECDSA_WITH_AES_128_GCM_SHA256""]",RSA,2048,sha256WithRSAEncryption,TRUSTED,MATCH,1095
sim-medium-0056,d95027d4f5d8ef173b33,ecdhe_cbc_compatible,synthetic_simulation,MEDIUM,True,True,TLSv1.2,"[""TLSv1.2"",""TLSv1.3""]","[""TLS_ECDHE_RSA_WITH_AES_128_CBC_SHA"",""TLS_AES_128_GCM_SHA256"",""TLS_ECDHE_RSA_WITH_AES_256_CBC_SHA""]",RSA,2048,sha256WithRSAEncryption,TRUSTED,MATCH,730
sim-medium-0057,ced8e2b87b4a2a9d2ba5,long_lived_certificate,synthetic_simulation,MEDIUM,True,True,TLSv1.2,"[""TLSv1.2"",""TLSv1.3""]","[""TLS_AES_128_GCM_SHA256"",""TLS_ECDHE_RSA_WITH_AES_128_GCM_SHA256"",""TLS_ECDHE_ECDSA_WITH_AES_128_GCM_SHA256""]",RSA,2048,sha256WithRSAEncryption,TRUSTED,MATCH,3650
sim-medium-0058,fffb72917f2e7850d7a1,ecdhe_cbc_compatible,synthetic_simulation,MEDIUM,True,True,TLSv1.2,"[""TLSv1.2"",""TLSv1.3""]","[""TLS_ECDHE_RSA_WITH_AES_256_CBC_SHA"",""TLS_AES_128_GCM_SHA256"",""TLS_ECDHE_RSA_WITH_AES_128_CBC_SHA""]",RSA,2048,sha256WithRSAEncryption,TRUSTED,MATCH,365
sim-medium-0059,6a4339fa83aaa2ca7e2a,long_lived_certificate,synthetic_simulation,MEDIUM,True,True,TLSv1.2,"[""TLSv1.2"",""TLSv1.3""]","[""TLS_ECDHE_RSA_WITH_AES_128_GCM_SHA256"",""TLS_AES_128_GCM_SHA256"",""TLS_CHACHA20_POLY1305_SHA256""]",RSA,2048,sha256WithRSAEncryption,TRUSTED,MATCH,1095
sim-medium-0060,fe0ab4872901dbfc8f75,ecdhe_cbc_compatible,synthetic_simulation,MEDIUM,True,True,TLSv1.2,"[""TLSv1.2"",""TLSv1.3""]","[""TLS_ECDHE_RSA_WITH_AES_256_CBC_SHA"",""TLS_ECDHE_RSA_WITH_AES_128_GCM_SHA256"",""TLS_ECDHE_RSA_WITH_AES_128_CBC_SHA""]",RSA,2048,sha256WithRSAEncryption,TRUSTED,MATCH,365
sim-medium-0061,29d35fad4a1d4e2763d3,long_lived_certificate,synthetic_simulation,MEDIUM,True,True,TLSv1.2,"[""TLSv1.2"",""TLSv1.3""]","[""TLS_ECDHE_ECDSA_WITH_AES_128_GCM_SHA256"",""TLS_CHACHA20_POLY1305_SHA256"",""TLS_ECDHE_RSA_WITH_AES_128_GCM_SHA256""]",RSA,2048,sha256WithRSAEncryption,TRUSTED,MATCH,1825
sim-medium-0062,af421ae4def111e40232,ecdhe_cbc_compatible,synthetic_simulation,MEDIUM,True,True,TLSv1.2,"[""TLSv1.2"",""TLSv1.3""]","[""TLS_ECDHE_RSA_WITH_AES_128_CBC_SHA"",""TLS_ECDHE_RSA_WITH_AES_128_GCM_SHA256"",""TLS_ECDHE_RSA_WITH_AES_256_CBC_SHA""]",RSA,2048,sha256WithRSAEncryption,TRUSTED,MATCH,365
sim-medium-0063,2d623342e1d7400e4baa,long_lived_certificate,synthetic_simulation,MEDIUM,True,True,TLSv1.2,"[""TLSv1.2"",""TLSv1.3""]","[""TLS_CHACHA20_POLY1305_SHA256"",""TLS_AES_128_GCM_SHA256"",""TLS_ECDHE_ECDSA_WITH_AES_128_GCM_SHA256""]",RSA,2048,sha256WithRSAEncryption,TRUSTED,MATCH,1825
sim-medium-0064,180e9ffc9098799c8ceb,ecdhe_cbc_compatible,synthetic_simulation,MEDIUM,True,True,TLSv1.2,"[""TLSv1.2"",""TLSv1.3""]","[""TLS_AES_128_GCM_SHA256"",""TLS_ECDHE_RSA_WITH_AES_128_CBC_SHA"",""TLS_ECDHE_RSA_WITH_AES_256_CBC_SHA""]",RSA,2048,sha256WithRSAEncryption,TRUSTED,MATCH,398
sim-medium-0065,dc629082b789adbb9fe3,long_lived_certificate,synthetic_simulation,MEDIUM,True,True,TLSv1.2,"[""TLSv1.2"",""TLSv1.3""]","[""TLS_CHACHA20_POLY1305_SHA256"",""TLS_AES_128_GCM_SHA256"",""TLS_ECDHE_RSA_WITH_AES_128_GCM_SHA256""]",RSA,2048,sha256WithRSAEncryption,TRUSTED,MATCH,1825
sim-medium-0066,d1f54a7daefddb6aac5f,ecdhe_cbc_compatible,synthetic_simulation,MEDIUM,True,True,TLSv1.2,"[""TLSv1.2"",""TLSv1.3""]","[""TLS_ECDHE_RSA_WITH_AES_128_CBC_SHA"",""TLS_AES_128_GCM_SHA256"",""TLS_ECDHE_RSA_WITH_AES_128_GCM_SHA256""]",RSA,2048,sha256WithRSAEncryption,TRUSTED,MATCH,398
sim-medium-0067,bea77be95704e5c548dd,long_lived_certificate,synthetic_simulation,MEDIUM,True,True,TLSv1.2,"[""TLSv1.2"",""TLSv1.3""]","[""TLS_AES_128_GCM_SHA256"",""TLS_ECDHE_RSA_WITH_AES_128_GCM_SHA256"",""TLS_CHACHA20_POLY1305_SHA256""]",RSA,2048,sha256WithRSAEncryption,TRUSTED,MATCH,1825
sim-medium-0068,533e2926b891615c5758,ecdhe_cbc_compatible,synthetic_simulation,MEDIUM,True,True,TLSv1.2,"[""TLSv1.2"",""TLSv1.3""]","[""TLS_AES_128_GCM_SHA256"",""TLS_ECDHE_RSA_WITH_AES_256_CBC_SHA"",""TLS_ECDHE_RSA_WITH_AES_128_GCM_SHA256""]",RSA,2048,sha256WithRSAEncryption,TRUSTED,MATCH,730
sim-medium-0069,01d447ef4c871a02b027,long_lived_certificate,synthetic_simulation,MEDIUM,True,True,TLSv1.2,"[""TLSv1.2"",""TLSv1.3""]","[""TLS_ECDHE_RSA_WITH_AES_128_GCM_SHA256"",""TLS_ECDHE_ECDSA_WITH_AES_128_GCM_SHA256"",""TLS_AES_128_GCM_SHA256""]",RSA,2048,sha256WithRSAEncryption,TRUSTED,MATCH,1825
sim-medium-0070,7037bc2a0772baf18b2f,ecdhe_cbc_compatible,synthetic_simulation,MEDIUM,True,True,TLSv1.2,"[""TLSv1.2"",""TLSv1.3""]","[""TLS_ECDHE_RSA_WITH_AES_128_GCM_SHA256"",""TLS_AES_128_GCM_SHA256"",""TLS_ECDHE_RSA_WITH_AES_256_CBC_SHA""]",RSA,2048,sha256WithRSAEncryption,TRUSTED,MATCH,730
sim-medium-0071,0d20f0a91894b229b1b3,long_lived_certificate,synthetic_simulation,MEDIUM,True,True,TLSv1.2,"[""TLSv1.2"",""TLSv1.3""]","[""TLS_AES_128_GCM_SHA256"",""TLS_ECDHE_RSA_WITH_AES_128_GCM_SHA256"",""TLS_CHACHA20_POLY1305_SHA256""]",RSA,2048,sha256WithRSAEncryption,TRUSTED,MATCH,3650
sim-medium-0072,d37c2a83d7b50efd6282,ecdhe_cbc_compatible,synthetic_simulation,MEDIUM,True,True,TLSv1.2,"[""TLSv1.2"",""TLSv1.3""]","[""TLS_ECDHE_RSA_WITH_AES_256_CBC_SHA"",""TLS_ECDHE_RSA_WITH_AES_128_CBC_SHA"",""TLS_ECDHE_RSA_WITH_AES_128_GCM_SHA256""]",RSA,2048,sha256WithRSAEncryption,TRUSTED,MATCH,730
sim-medium-0073,372e98c75e7531a2415b,long_lived_certificate,synthetic_simulation,MEDIUM,True,True,TLSv1.2,"[""TLSv1.2"",""TLSv1.3""]","[""TLS_CHACHA20_POLY1305_SHA256"",""TLS_ECDHE_ECDSA_WITH_AES_128_GCM_SHA256"",""TLS_ECDHE_RSA_WITH_AES_128_GCM_SHA256""]",RSA,2048,sha256WithRSAEncryption,TRUSTED,MATCH,1825
sim-medium-0074,a325730580bddc00ce37,ecdhe_cbc_compatible,synthetic_simulation,MEDIUM,True,True,TLSv1.2,"[""TLSv1.2"",""TLSv1.3""]","[""TLS_ECDHE_RSA_WITH_AES_128_GCM_SHA256"",""TLS_ECDHE_RSA_WITH_AES_128_CBC_SHA"",""TLS_AES_128_GCM_SHA256""]",RSA,2048,sha256WithRSAEncryption,TRUSTED,MATCH,365
sim-medium-0075,096990158a3c5826c7ab,long_lived_certificate,synthetic_simulation,MEDIUM,True,True,TLSv1.2,"[""TLSv1.2"",""TLSv1.3""]","[""TLS_ECDHE_RSA_WITH_AES_128_GCM_SHA256"",""TLS_AES_128_GCM_SHA256"",""TLS_CHACHA20_POLY1305_SHA256""]",RSA,2048,sha256WithRSAEncryption,TRUSTED,MATCH,3650
sim-medium-0076,3fe22a5f481a406f382d,ecdhe_cbc_compatible,synthetic_simulation,MEDIUM,True,True,TLSv1.2,"[""TLSv1.2"",""TLSv1.3""]","[""TLS_ECDHE_RSA_WITH_AES_128_CBC_SHA"",""TLS_ECDHE_RSA_WITH_AES_128_GCM_SHA256"",""TLS_ECDHE_RSA_WITH_AES_256_CBC_SHA""]",RSA,2048,sha256WithRSAEncryption,TRUSTED,MATCH,398
sim-medium-0077,06cc33b5afe69a58de14,long_lived_certificate,synthetic_simulation,MEDIUM,True,True,TLSv1.2,"[""TLSv1.2"",""TLSv1.3""]","[""TLS_ECDHE_RSA_WITH_AES_128_GCM_SHA256"",""TLS_CHACHA20_POLY1305_SHA256"",""TLS_ECDHE_ECDSA_WITH_AES_128_GCM_SHA256""]",RSA,2048,sha256WithRSAEncryption,TRUSTED,MATCH,1825
sim-medium-0078,e1a151487aa56bab9f68,ecdhe_cbc_compatible,synthetic_simulation,MEDIUM,True,True,TLSv1.2,"[""TLSv1.2"",""TLSv1.3""]","[""TLS_AES_128_GCM_SHA256"",""TLS_ECDHE_RSA_WITH_AES_128_GCM_SHA256"",""TLS_ECDHE_RSA_WITH_AES_256_CBC_SHA""]",RSA,2048,sha256WithRSAEncryption,TRUSTED,MATCH,398
sim-medium-0079,7f322b1d39b6195aa7d9,long_lived_certificate,synthetic_simulation,MEDIUM,True,True,TLSv1.2,"[""TLSv1.2"",""TLSv1.3""]","[""TLS_ECDHE_ECDSA_WITH_AES_128_GCM_SHA256"",""TLS_ECDHE_RSA_WITH_AES_128_GCM_SHA256"",""TLS_CHACHA20_POLY1305_SHA256""]",RSA,2048,sha256WithRSAEncryption,TRUSTED,MATCH,1825
sim-medium-0080,80ff64e45e6ff53a5ceb,ecdhe_cbc_compatible,synthetic_simulation,MEDIUM,True,True,TLSv1.2,"[""TLSv1.2"",""TLSv1.3""]","[""TLS_ECDHE_RSA_WITH_AES_256_CBC_SHA"",""TLS_ECDHE_RSA_WITH_AES_128_GCM_SHA256"",""TLS_AES_128_GCM_SHA256""]",RSA,2048,sha256WithRSAEncryption,TRUSTED,MATCH,730
sim-medium-0081,1c9f026b4cea72c92747,long_lived_certificate,synthetic_simulation,MEDIUM,True,True,TLSv1.2,"[""TLSv1.2"",""TLSv1.3""]","[""TLS_ECDHE_RSA_WITH_AES_128_GCM_SHA256"",""TLS_ECDHE_ECDSA_WITH_AES_128_GCM_SHA256"",""TLS_CHACHA20_POLY1305_SHA256""]",RSA,2048,sha256WithRSAEncryption,TRUSTED,MATCH,3650
sim-medium-0082,fffb72917f2e7850d7a1,ecdhe_cbc_compatible,synthetic_simulation,MEDIUM,True,True,TLSv1.2,"[""TLSv1.2"",""TLSv1.3""]","[""TLS_ECDHE_RSA_WITH_AES_256_CBC_SHA"",""TLS_AES_128_GCM_SHA256"",""TLS_ECDHE_RSA_WITH_AES_128_CBC_SHA""]",RSA,2048,sha256WithRSAEncryption,TRUSTED,MATCH,365
sim-medium-0083,0ea801198053e865cdf1,long_lived_certificate,synthetic_simulation,MEDIUM,True,True,TLSv1.2,"[""TLSv1.2"",""TLSv1.3""]","[""TLS_CHACHA20_POLY1305_SHA256"",""TLS_ECDHE_RSA_WITH_AES_128_GCM_SHA256"",""TLS_AES_128_GCM_SHA256""]",RSA,2048,sha256WithRSAEncryption,TRUSTED,MATCH,3650
sim-medium-0084,fd4bcdcbd59b6130f1de,ecdhe_cbc_compatible,synthetic_simulation,MEDIUM,True,True,TLSv1.2,"[""TLSv1.2"",""TLSv1.3""]","[""TLS_ECDHE_RSA_WITH_AES_128_GCM_SHA256"",""TLS_ECDHE_RSA_WITH_AES_128_CBC_SHA"",""TLS_ECDHE_RSA_WITH_AES_256_CBC_SHA""]",RSA,2048,sha256WithRSAEncryption,TRUSTED,MATCH,730
sim-medium-0085,8224b4ac347b43e711ea,long_lived_certificate,synthetic_simulation,MEDIUM,True,True,TLSv1.2,"[""TLSv1.2"",""TLSv1.3""]","[""TLS_AES_128_GCM_SHA256"",""TLS_ECDHE_ECDSA_WITH_AES_128_GCM_SHA256"",""TLS_CHACHA20_POLY1305_SHA256""]",RSA,2048,sha256WithRSAEncryption,TRUSTED,MATCH,1095
sim-medium-0086,de78055b0ce42637c3b7,ecdhe_cbc_compatible,synthetic_simulation,MEDIUM,True,True,TLSv1.2,"[""TLSv1.2"",""TLSv1.3""]","[""TLS_ECDHE_RSA_WITH_AES_128_CBC_SHA"",""TLS_ECDHE_RSA_WITH_AES_256_CBC_SHA"",""TLS_ECDHE_RSA_WITH_AES_128_GCM_SHA256""]",RSA,2048,sha256WithRSAEncryption,TRUSTED,MATCH,398
sim-medium-0087,16bf1272be258dc6672e,long_lived_certificate,synthetic_simulation,MEDIUM,True,True,TLSv1.2,"[""TLSv1.2"",""TLSv1.3""]","[""TLS_ECDHE_RSA_WITH_AES_128_GCM_SHA256"",""TLS_CHACHA20_POLY1305_SHA256"",""TLS_ECDHE_ECDSA_WITH_AES_128_GCM_SHA256""]",RSA,2048,sha256WithRSAEncryption,TRUSTED,MATCH,1095
sim-medium-0088,533e2926b891615c5758,ecdhe_cbc_compatible,synthetic_simulation,MEDIUM,True,True,TLSv1.2,"[""TLSv1.2"",""TLSv1.3""]","[""TLS_AES_128_GCM_SHA256"",""TLS_ECDHE_RSA_WITH_AES_256_CBC_SHA"",""TLS_ECDHE_RSA_WITH_AES_128_GCM_SHA256""]",RSA,2048,sha256WithRSAEncryption,TRUSTED,MATCH,730
sim-medium-0089,c4c9977863407f4a3578,long_lived_certificate,synthetic_simulation,MEDIUM,True,True,TLSv1.2,"[""TLSv1.2"",""TLSv1.3""]","[""TLS_CHACHA20_POLY1305_SHA256"",""TLS_ECDHE_ECDSA_WITH_AES_128_GCM_SHA256"",""TLS_ECDHE_RSA_WITH_AES_128_GCM_SHA256""]",RSA,2048,sha256WithRSAEncryption,TRUSTED,MATCH,3650
sim-medium-0090,e1d6582994499f74c7a5,ecdhe_cbc_compatible,synthetic_simulation,MEDIUM,True,True,TLSv1.2,"[""TLSv1.2"",""TLSv1.3""]","[""TLS_ECDHE_RSA_WITH_AES_256_CBC_SHA"",""TLS_AES_128_GCM_SHA256"",""TLS_ECDHE_RSA_WITH_AES_128_CBC_SHA""]",RSA,2048,sha256WithRSAEncryption,TRUSTED,MATCH,730
sim-medium-0091,7d4aff2e22ea68068d10,long_lived_certificate,synthetic_simulation,MEDIUM,True,True,TLSv1.2,"[""TLSv1.2"",""TLSv1.3""]","[""TLS_CHACHA20_POLY1305_SHA256"",""TLS_AES_128_GCM_SHA256"",""TLS_ECDHE_ECDSA_WITH_AES_128_GCM_SHA256""]",RSA,2048,sha256WithRSAEncryption,TRUSTED,MATCH,1095
sim-medium-0092,1b7c782008e9a0275b92,ecdhe_cbc_compatible,synthetic_simulation,MEDIUM,True,True,TLSv1.2,"[""TLSv1.2"",""TLSv1.3""]","[""TLS_ECDHE_RSA_WITH_AES_256_CBC_SHA"",""TLS_AES_128_GCM_SHA256"",""TLS_ECDHE_RSA_WITH_AES_128_GCM_SHA256""]",RSA,2048,sha256WithRSAEncryption,TRUSTED,MATCH,365
sim-medium-0093,2d623342e1d7400e4baa,long_lived_certificate,synthetic_simulation,MEDIUM,True,True,TLSv1.2,"[""TLSv1.2"",""TLSv1.3""]","[""TLS_CHACHA20_POLY1305_SHA256"",""TLS_AES_128_GCM_SHA256"",""TLS_ECDHE_ECDSA_WITH_AES_128_GCM_SHA256""]",RSA,2048,sha256WithRSAEncryption,TRUSTED,MATCH,1825
sim-medium-0094,04232677082392809ec1,ecdhe_cbc_compatible,synthetic_simulation,MEDIUM,True,True,TLSv1.2,"[""TLSv1.2"",""TLSv1.3""]","[""TLS_ECDHE_RSA_WITH_AES_128_GCM_SHA256"",""TLS_ECDHE_RSA_WITH_AES_128_CBC_SHA"",""TLS_ECDHE_RSA_WITH_AES_256_CBC_SHA""]",RSA,2048,sha256WithRSAEncryption,TRUSTED,MATCH,365
sim-medium-0095,35838d4011c240ee1de1,long_lived_certificate,synthetic_simulation,MEDIUM,True,True,TLSv1.2,"[""TLSv1.2"",""TLSv1.3""]","[""TLS_ECDHE_ECDSA_WITH_AES_128_GCM_SHA256"",""TLS_AES_128_GCM_SHA256"",""TLS_CHACHA20_POLY1305_SHA256""]",RSA,2048,sha256WithRSAEncryption,TRUSTED,MATCH,1825
sim-medium-0096,47e0d4e8d8aef4dba12c,ecdhe_cbc_compatible,synthetic_simulation,MEDIUM,True,True,TLSv1.2,"[""TLSv1.2"",""TLSv1.3""]","[""TLS_AES_128_GCM_SHA256"",""TLS_ECDHE_RSA_WITH_AES_128_CBC_SHA"",""TLS_ECDHE_RSA_WITH_AES_128_GCM_SHA256""]",RSA,2048,sha256WithRSAEncryption,TRUSTED,MATCH,730
sim-medium-0097,7e0f91a1e3a10b5f5f77,long_lived_certificate,synthetic_simulation,MEDIUM,True,True,TLSv1.2,"[""TLSv1.2"",""TLSv1.3""]","[""TLS_ECDHE_RSA_WITH_AES_128_GCM_SHA256"",""TLS_AES_128_GCM_SHA256"",""TLS_ECDHE_ECDSA_WITH_AES_128_GCM_SHA256""]",RSA,2048,sha256WithRSAEncryption,TRUSTED,MATCH,1095
sim-medium-0098,8a86531239fda5f9edf0,ecdhe_cbc_compatible,synthetic_simulation,MEDIUM,True,True,TLSv1.2,"[""TLSv1.2"",""TLSv1.3""]","[""TLS_ECDHE_RSA_WITH_AES_128_GCM_SHA256"",""TLS_AES_128_GCM_SHA256"",""TLS_ECDHE_RSA_WITH_AES_256_CBC_SHA""]",RSA,2048,sha256WithRSAEncryption,TRUSTED,MATCH,365
sim-medium-0099,29d35fad4a1d4e2763d3,long_lived_certificate,synthetic_simulation,MEDIUM,True,True,TLSv1.2,"[""TLSv1.2"",""TLSv1.3""]","[""TLS_ECDHE_ECDSA_WITH_AES_128_GCM_SHA256"",""TLS_CHACHA20_POLY1305_SHA256"",""TLS_ECDHE_RSA_WITH_AES_128_GCM_SHA256""]",RSA,2048,sha256WithRSAEncryption,TRUSTED,MATCH,1825
sim-medium-0100,a325730580bddc00ce37,ecdhe_cbc_compatible,synthetic_simulation,MEDIUM,True,True,TLSv1.2,"[""TLSv1.2"",""TLSv1.3""]","[""TLS_ECDHE_RSA_WITH_AES_128_GCM_SHA256"",""TLS_ECDHE_RSA_WITH_AES_128_CBC_SHA"",""TLS_AES_128_GCM_SHA256""]",RSA,2048,sha256WithRSAEncryption,TRUSTED,MATCH,365
sim-medium-0101,2f8bd02b2d4312ff8f23,long_lived_certificate,synthetic_simulation,MEDIUM,True,True,TLSv1.2,"[""TLSv1.2"",""TLSv1.3""]","[""TLS_CHACHA20_POLY1305_SHA256"",""TLS_ECDHE_RSA_WITH_AES_128_GCM_SHA256"",""TLS_AES_128_GCM_SHA256""]",RSA,2048,sha256WithRSAEncryption,TRUSTED,MATCH,1095
sim-medium-0102,4141dc12ffbee8aaf6a0,ecdhe_cbc_compatible,synthetic_simulation,MEDIUM,True,True,TLSv1.2,"[""TLSv1.2"",""TLSv1.3""]","[""TLS_ECDHE_RSA_WITH_AES_128_GCM_SHA256"",""TLS_ECDHE_RSA_WITH_AES_128_CBC_SHA"",""TLS_AES_128_GCM_SHA256""]",RSA,2048,sha256WithRSAEncryption,TRUSTED,MATCH,730
sim-medium-0103,ecd1c1554ece421e7dbe,long_lived_certificate,synthetic_simulation,MEDIUM,True,True,TLSv1.2,"[""TLSv1.2"",""TLSv1.3""]","[""TLS_ECDHE_ECDSA_WITH_AES_128_GCM_SHA256"",""TLS_ECDHE_RSA_WITH_AES_128_GCM_SHA256"",""TLS_CHACHA20_POLY1305_SHA256""]",RSA,2048,sha256WithRSAEncryption,TRUSTED,MATCH,3650
sim-medium-0104,d95027d4f5d8ef173b33,ecdhe_cbc_compatible,synthetic_simulation,MEDIUM,True,True,TLSv1.2,"[""TLSv1.2"",""TLSv1.3""]","[""TLS_ECDHE_RSA_WITH_AES_128_CBC_SHA"",""TLS_AES_128_GCM_SHA256"",""TLS_ECDHE_RSA_WITH_AES_256_CBC_SHA""]",RSA,2048,sha256WithRSAEncryption,TRUSTED,MATCH,730
sim-medium-0105,ced8e2b87b4a2a9d2ba5,long_lived_certificate,synthetic_simulation,MEDIUM,True,True,TLSv1.2,"[""TLSv1.2"",""TLSv1.3""]","[""TLS_AES_128_GCM_SHA256"",""TLS_ECDHE_RSA_WITH_AES_128_GCM_SHA256"",""TLS_ECDHE_ECDSA_WITH_AES_128_GCM_SHA256""]",RSA,2048,sha256WithRSAEncryption,TRUSTED,MATCH,3650
sim-medium-0106,d95027d4f5d8ef173b33,ecdhe_cbc_compatible,synthetic_simulation,MEDIUM,True,True,TLSv1.2,"[""TLSv1.2"",""TLSv1.3""]","[""TLS_ECDHE_RSA_WITH_AES_128_CBC_SHA"",""TLS_AES_128_GCM_SHA256"",""TLS_ECDHE_RSA_WITH_AES_256_CBC_SHA""]",RSA,2048,sha256WithRSAEncryption,TRUSTED,MATCH,730
sim-medium-0107,bea77be95704e5c548dd,long_lived_certificate,synthetic_simulation,MEDIUM,True,True,TLSv1.2,"[""TLSv1.2"",""TLSv1.3""]","[""TLS_AES_128_GCM_SHA256"",""TLS_ECDHE_RSA_WITH_AES_128_GCM_SHA256"",""TLS_CHACHA20_POLY1305_SHA256""]",RSA,2048,sha256WithRSAEncryption,TRUSTED,MATCH,1825
sim-medium-0108,6d088d5300309bb34203,ecdhe_cbc_compatible,synthetic_simulation,MEDIUM,True,True,TLSv1.2,"[""TLSv1.2"",""TLSv1.3""]","[""TLS_ECDHE_RSA_WITH_AES_128_GCM_SHA256"",""TLS_ECDHE_RSA_WITH_AES_256_CBC_SHA"",""TLS_AES_128_GCM_SHA256""]",RSA,2048,sha256WithRSAEncryption,TRUSTED,MATCH,730
sim-medium-0109,a4f663df1333feec73d2,long_lived_certificate,synthetic_simulation,MEDIUM,True,True,TLSv1.2,"[""TLSv1.2"",""TLSv1.3""]","[""TLS_ECDHE_RSA_WITH_AES_128_GCM_SHA256"",""TLS_AES_128_GCM_SHA256"",""TLS_ECDHE_ECDSA_WITH_AES_128_GCM_SHA256""]",RSA,2048,sha256WithRSAEncryption,TRUSTED,MATCH,1825
sim-medium-0110,af421ae4def111e40232,ecdhe_cbc_compatible,synthetic_simulation,MEDIUM,True,True,TLSv1.2,"[""TLSv1.2"",""TLSv1.3""]","[""TLS_ECDHE_RSA_WITH_AES_128_CBC_SHA"",""TLS_ECDHE_RSA_WITH_AES_128_GCM_SHA256"",""TLS_ECDHE_RSA_WITH_AES_256_CBC_SHA""]",RSA,2048,sha256WithRSAEncryption,TRUSTED,MATCH,365
sim-medium-0111,6528d628794faaa861ed,long_lived_certificate,synthetic_simulation,MEDIUM,True,True,TLSv1.2,"[""TLSv1.2"",""TLSv1.3""]","[""TLS_CHACHA20_POLY1305_SHA256"",""TLS_ECDHE_RSA_WITH_AES_128_GCM_SHA256"",""TLS_ECDHE_ECDSA_WITH_AES_128_GCM_SHA256""]",RSA,2048,sha256WithRSAEncryption,TRUSTED,MATCH,1825
sim-medium-0112,3e45c145f84db1a57d8e,ecdhe_cbc_compatible,synthetic_simulation,MEDIUM,True,True,TLSv1.2,"[""TLSv1.2"",""TLSv1.3""]","[""TLS_AES_128_GCM_SHA256"",""TLS_ECDHE_RSA_WITH_AES_128_GCM_SHA256"",""TLS_ECDHE_RSA_WITH_AES_128_CBC_SHA""]",RSA,2048,sha256WithRSAEncryption,TRUSTED,MATCH,365
sim-medium-0113,7651df76be3ee857cc37,long_lived_certificate,synthetic_simulation,MEDIUM,True,True,TLSv1.2,"[""TLSv1.2"",""TLSv1.3""]","[""TLS_CHACHA20_POLY1305_SHA256"",""TLS_AES_128_GCM_SHA256"",""TLS_ECDHE_RSA_WITH_AES_128_GCM_SHA256""]",RSA,2048,sha256WithRSAEncryption,TRUSTED,MATCH,3650
sim-medium-0114,55c147e418b4f8844c44,ecdhe_cbc_compatible,synthetic_simulation,MEDIUM,True,True,TLSv1.2,"[""TLSv1.2"",""TLSv1.3""]","[""TLS_ECDHE_RSA_WITH_AES_128_GCM_SHA256"",""TLS_AES_128_GCM_SHA256"",""TLS_ECDHE_RSA_WITH_AES_256_CBC_SHA""]",RSA,2048,sha256WithRSAEncryption,TRUSTED,MATCH,398
sim-medium-0115,c509af67e24add0aa789,long_lived_certificate,synthetic_simulation,MEDIUM,True,True,TLSv1.2,"[""TLSv1.2"",""TLSv1.3""]","[""TLS_ECDHE_RSA_WITH_AES_128_GCM_SHA256"",""TLS_CHACHA20_POLY1305_SHA256"",""TLS_ECDHE_ECDSA_WITH_AES_128_GCM_SHA256""]",RSA,2048,sha256WithRSAEncryption,TRUSTED,MATCH,3650
sim-medium-0116,18786cf87345246dcbf0,ecdhe_cbc_compatible,synthetic_simulation,MEDIUM,True,True,TLSv1.2,"[""TLSv1.2"",""TLSv1.3""]","[""TLS_AES_128_GCM_SHA256"",""TLS_ECDHE_RSA_WITH_AES_256_CBC_SHA"",""TLS_ECDHE_RSA_WITH_AES_128_GCM_SHA256""]",RSA,2048,sha256WithRSAEncryption,TRUSTED,MATCH,398
sim-medium-0117,01d447ef4c871a02b027,long_lived_certificate,synthetic_simulation,MEDIUM,True,True,TLSv1.2,"[""TLSv1.2"",""TLSv1.3""]","[""TLS_ECDHE_RSA_WITH_AES_128_GCM_SHA256"",""TLS_ECDHE_ECDSA_WITH_AES_128_GCM_SHA256"",""TLS_AES_128_GCM_SHA256""]",RSA,2048,sha256WithRSAEncryption,TRUSTED,MATCH,1825
sim-medium-0118,64b7a2d33559d65329e2,ecdhe_cbc_compatible,synthetic_simulation,MEDIUM,True,True,TLSv1.2,"[""TLSv1.2"",""TLSv1.3""]","[""TLS_AES_128_GCM_SHA256"",""TLS_ECDHE_RSA_WITH_AES_128_GCM_SHA256"",""TLS_ECDHE_RSA_WITH_AES_128_CBC_SHA""]",RSA,2048,sha256WithRSAEncryption,TRUSTED,MATCH,730
sim-medium-0119,81a5bae8ac8483f8c712,long_lived_certificate,synthetic_simulation,MEDIUM,True,True,TLSv1.2,"[""TLSv1.2"",""TLSv1.3""]","[""TLS_AES_128_GCM_SHA256"",""TLS_ECDHE_ECDSA_WITH_AES_128_GCM_SHA256"",""TLS_CHACHA20_POLY1305_SHA256""]",RSA,2048,sha256WithRSAEncryption,TRUSTED,MATCH,3650
sim-medium-0120,7ff580bf31e2e0886098,ecdhe_cbc_compatible,synthetic_simulation,MEDIUM,True,True,TLSv1.2,"[""TLSv1.2"",""TLSv1.3""]","[""TLS_ECDHE_RSA_WITH_AES_128_CBC_SHA"",""TLS_AES_128_GCM_SHA256"",""TLS_ECDHE_RSA_WITH_AES_128_GCM_SHA256""]",RSA,2048,sha256WithRSAEncryption,TRUSTED,MATCH,730
sim-medium-0121,663d62c0d8eae5a298aa,long_lived_certificate,synthetic_simulation,MEDIUM,True,True,TLSv1.2,"[""TLSv1.2"",""TLSv1.3""]","[""TLS_CHACHA20_POLY1305_SHA256"",""TLS_ECDHE_ECDSA_WITH_AES_128_GCM_SHA256"",""TLS_AES_128_GCM_SHA256""]",RSA,2048,sha256WithRSAEncryption,TRUSTED,MATCH,1825
sim-medium-0122,e577b8eed803c316d5ee,ecdhe_cbc_compatible,synthetic_simulation,MEDIUM,True,True,TLSv1.2,"[""TLSv1.2"",""TLSv1.3""]","[""TLS_ECDHE_RSA_WITH_AES_128_CBC_SHA"",""TLS_ECDHE_RSA_WITH_AES_128_GCM_SHA256"",""TLS_ECDHE_RSA_WITH_AES_256_CBC_SHA""]",RSA,2048,sha256WithRSAEncryption,TRUSTED,MATCH,730
sim-medium-0123,0ea801198053e865cdf1,long_lived_certificate,synthetic_simulation,MEDIUM,True,True,TLSv1.2,"[""TLSv1.2"",""TLSv1.3""]","[""TLS_CHACHA20_POLY1305_SHA256"",""TLS_ECDHE_RSA_WITH_AES_128_GCM_SHA256"",""TLS_AES_128_GCM_SHA256""]",RSA,2048,sha256WithRSAEncryption,TRUSTED,MATCH,3650
sim-medium-0124,3e45c145f84db1a57d8e,ecdhe_cbc_compatible,synthetic_simulation,MEDIUM,True,True,TLSv1.2,"[""TLSv1.2"",""TLSv1.3""]","[""TLS_AES_128_GCM_SHA256"",""TLS_ECDHE_RSA_WITH_AES_128_GCM_SHA256"",""TLS_ECDHE_RSA_WITH_AES_128_CBC_SHA""]",RSA,2048,sha256WithRSAEncryption,TRUSTED,MATCH,365
sim-medium-0125,80fd6f60c81f4d9deae4,long_lived_certificate,synthetic_simulation,MEDIUM,True,True,TLSv1.2,"[""TLSv1.2"",""TLSv1.3""]","[""TLS_AES_128_GCM_SHA256"",""TLS_ECDHE_ECDSA_WITH_AES_128_GCM_SHA256"",""TLS_ECDHE_RSA_WITH_AES_128_GCM_SHA256""]",RSA,2048,sha256WithRSAEncryption,TRUSTED,MATCH,3650
sim-medium-0126,a270d8c9430dba340685,ecdhe_cbc_compatible,synthetic_simulation,MEDIUM,True,True,TLSv1.2,"[""TLSv1.2"",""TLSv1.3""]","[""TLS_ECDHE_RSA_WITH_AES_128_CBC_SHA"",""TLS_AES_128_GCM_SHA256"",""TLS_ECDHE_RSA_WITH_AES_256_CBC_SHA""]",RSA,2048,sha256WithRSAEncryption,TRUSTED,MATCH,398
sim-medium-0127,4bb870b8bf1dadcf4197,long_lived_certificate,synthetic_simulation,MEDIUM,True,True,TLSv1.2,"[""TLSv1.2"",""TLSv1.3""]","[""TLS_ECDHE_RSA_WITH_AES_128_GCM_SHA256"",""TLS_ECDHE_ECDSA_WITH_AES_128_GCM_SHA256"",""TLS_CHACHA20_POLY1305_SHA256""]",RSA,2048,sha256WithRSAEncryption,TRUSTED,MATCH,1825
sim-medium-0128,b8dc866e551593dd5b8b,ecdhe_cbc_compatible,synthetic_simulation,MEDIUM,True,True,TLSv1.2,"[""TLSv1.2"",""TLSv1.3""]","[""TLS_AES_128_GCM_SHA256"",""TLS_ECDHE_RSA_WITH_AES_256_CBC_SHA"",""TLS_ECDHE_RSA_WITH_AES_128_CBC_SHA""]",RSA,2048,sha256WithRSAEncryption,TRUSTED,MATCH,730
sim-medium-0129,a4f663df1333feec73d2,long_lived_certificate,synthetic_simulation,MEDIUM,True,True,TLSv1.2,"[""TLSv1.2"",""TLSv1.3""]","[""TLS_ECDHE_RSA_WITH_AES_128_GCM_SHA256"",""TLS_AES_128_GCM_SHA256"",""TLS_ECDHE_ECDSA_WITH_AES_128_GCM_SHA256""]",RSA,2048,sha256WithRSAEncryption,TRUSTED,MATCH,1825
sim-medium-0130,117bcf6ea1f75f77b780,ecdhe_cbc_compatible,synthetic_simulation,MEDIUM,True,True,TLSv1.2,"[""TLSv1.2"",""TLSv1.3""]","[""TLS_AES_128_GCM_SHA256"",""TLS_ECDHE_RSA_WITH_AES_128_GCM_SHA256"",""TLS_ECDHE_RSA_WITH_AES_128_CBC_SHA""]",RSA,2048,sha256WithRSAEncryption,TRUSTED,MATCH,398
sim-medium-0131,001384782e09e3b8effd,long_lived_certificate,synthetic_simulation,MEDIUM,True,True,TLSv1.2,"[""TLSv1.2"",""TLSv1.3""]","[""TLS_ECDHE_ECDSA_WITH_AES_128_GCM_SHA256"",""TLS_AES_128_GCM_SHA256"",""TLS_ECDHE_RSA_WITH_AES_128_GCM_SHA256""]",RSA,2048,sha256WithRSAEncryption,TRUSTED,MATCH,1095
sim-medium-0132,8837e50e6bab5d8fe494,ecdhe_cbc_compatible,synthetic_simulation,MEDIUM,True,True,TLSv1.2,"[""TLSv1.2"",""TLSv1.3""]","[""TLS_AES_128_GCM_SHA256"",""TLS_ECDHE_RSA_WITH_AES_256_CBC_SHA"",""TLS_ECDHE_RSA_WITH_AES_128_CBC_SHA""]",RSA,2048,sha256WithRSAEncryption,TRUSTED,MATCH,365
sim-medium-0133,7f322b1d39b6195aa7d9,long_lived_certificate,synthetic_simulation,MEDIUM,True,True,TLSv1.2,"[""TLSv1.2"",""TLSv1.3""]","[""TLS_ECDHE_ECDSA_WITH_AES_128_GCM_SHA256"",""TLS_ECDHE_RSA_WITH_AES_128_GCM_SHA256"",""TLS_CHACHA20_POLY1305_SHA256""]",RSA,2048,sha256WithRSAEncryption,TRUSTED,MATCH,1825
sim-medium-0134,47e0d4e8d8aef4dba12c,ecdhe_cbc_compatible,synthetic_simulation,MEDIUM,True,True,TLSv1.2,"[""TLSv1.2"",""TLSv1.3""]","[""TLS_AES_128_GCM_SHA256"",""TLS_ECDHE_RSA_WITH_AES_128_CBC_SHA"",""TLS_ECDHE_RSA_WITH_AES_128_GCM_SHA256""]",RSA,2048,sha256WithRSAEncryption,TRUSTED,MATCH,730
sim-medium-0135,11b0335776ff3165f14a,long_lived_certificate,synthetic_simulation,MEDIUM,True,True,TLSv1.2,"[""TLSv1.2"",""TLSv1.3""]","[""TLS_ECDHE_RSA_WITH_AES_128_GCM_SHA256"",""TLS_ECDHE_ECDSA_WITH_AES_128_GCM_SHA256"",""TLS_CHACHA20_POLY1305_SHA256""]",RSA,2048,sha256WithRSAEncryption,TRUSTED,MATCH,1095
sim-medium-0136,821296d5fa178a13f58c,ecdhe_cbc_compatible,synthetic_simulation,MEDIUM,True,True,TLSv1.2,"[""TLSv1.2"",""TLSv1.3""]","[""TLS_ECDHE_RSA_WITH_AES_256_CBC_SHA"",""TLS_ECDHE_RSA_WITH_AES_128_GCM_SHA256"",""TLS_ECDHE_RSA_WITH_AES_128_CBC_SHA""]",RSA,2048,sha256WithRSAEncryption,TRUSTED,MATCH,398
sim-medium-0137,dde63a04061f08283a9d,long_lived_certificate,synthetic_simulation,MEDIUM,True,True,TLSv1.2,"[""TLSv1.2"",""TLSv1.3""]","[""TLS_ECDHE_ECDSA_WITH_AES_128_GCM_SHA256"",""TLS_ECDHE_RSA_WITH_AES_128_GCM_SHA256"",""TLS_CHACHA20_POLY1305_SHA256""]",RSA,2048,sha256WithRSAEncryption,TRUSTED,MATCH,1095
sim-medium-0138,cc612d31a473ea692154,ecdhe_cbc_compatible,synthetic_simulation,MEDIUM,True,True,TLSv1.2,"[""TLSv1.2"",""TLSv1.3""]","[""TLS_ECDHE_RSA_WITH_AES_128_GCM_SHA256"",""TLS_ECDHE_RSA_WITH_AES_256_CBC_SHA"",""TLS_ECDHE_RSA_WITH_AES_128_CBC_SHA""]",RSA,2048,sha256WithRSAEncryption,TRUSTED,MATCH,730
sim-medium-0139,8224b4ac347b43e711ea,long_lived_certificate,synthetic_simulation,MEDIUM,True,True,TLSv1.2,"[""TLSv1.2"",""TLSv1.3""]","[""TLS_AES_128_GCM_SHA256"",""TLS_ECDHE_ECDSA_WITH_AES_128_GCM_SHA256"",""TLS_CHACHA20_POLY1305_SHA256""]",RSA,2048,sha256WithRSAEncryption,TRUSTED,MATCH,1095
sim-medium-0140,2cf83adabe27ca4dbf38,ecdhe_cbc_compatible,synthetic_simulation,MEDIUM,True,True,TLSv1.2,"[""TLSv1.2"",""TLSv1.3""]","[""TLS_ECDHE_RSA_WITH_AES_128_GCM_SHA256"",""TLS_AES_128_GCM_SHA256"",""TLS_ECDHE_RSA_WITH_AES_128_CBC_SHA""]",RSA,2048,sha256WithRSAEncryption,TRUSTED,MATCH,365
sim-medium-0141,6a4339fa83aaa2ca7e2a,long_lived_certificate,synthetic_simulation,MEDIUM,True,True,TLSv1.2,"[""TLSv1.2"",""TLSv1.3""]","[""TLS_ECDHE_RSA_WITH_AES_128_GCM_SHA256"",""TLS_AES_128_GCM_SHA256"",""TLS_CHACHA20_POLY1305_SHA256""]",RSA,2048,sha256WithRSAEncryption,TRUSTED,MATCH,1095
sim-medium-0142,fe0ab4872901dbfc8f75,ecdhe_cbc_compatible,synthetic_simulation,MEDIUM,True,True,TLSv1.2,"[""TLSv1.2"",""TLSv1.3""]","[""TLS_ECDHE_RSA_WITH_AES_256_CBC_SHA"",""TLS_ECDHE_RSA_WITH_AES_128_GCM_SHA256"",""TLS_ECDHE_RSA_WITH_AES_128_CBC_SHA""]",RSA,2048,sha256WithRSAEncryption,TRUSTED,MATCH,365
sim-medium-0143,dc629082b789adbb9fe3,long_lived_certificate,synthetic_simulation,MEDIUM,True,True,TLSv1.2,"[""TLSv1.2"",""TLSv1.3""]","[""TLS_CHACHA20_POLY1305_SHA256"",""TLS_AES_128_GCM_SHA256"",""TLS_ECDHE_RSA_WITH_AES_128_GCM_SHA256""]",RSA,2048,sha256WithRSAEncryption,TRUSTED,MATCH,1825
sim-medium-0144,8837e50e6bab5d8fe494,ecdhe_cbc_compatible,synthetic_simulation,MEDIUM,True,True,TLSv1.2,"[""TLSv1.2"",""TLSv1.3""]","[""TLS_AES_128_GCM_SHA256"",""TLS_ECDHE_RSA_WITH_AES_256_CBC_SHA"",""TLS_ECDHE_RSA_WITH_AES_128_CBC_SHA""]",RSA,2048,sha256WithRSAEncryption,TRUSTED,MATCH,365
sim-medium-0145,b88c5aa36864d35cdfc6,long_lived_certificate,synthetic_simulation,MEDIUM,True,True,TLSv1.2,"[""TLSv1.2"",""TLSv1.3""]","[""TLS_AES_128_GCM_SHA256"",""TLS_CHACHA20_POLY1305_SHA256"",""TLS_ECDHE_ECDSA_WITH_AES_128_GCM_SHA256""]",RSA,2048,sha256WithRSAEncryption,TRUSTED,MATCH,1095
sim-medium-0146,41949498ef2d60324f01,ecdhe_cbc_compatible,synthetic_simulation,MEDIUM,True,True,TLSv1.2,"[""TLSv1.2"",""TLSv1.3""]","[""TLS_AES_128_GCM_SHA256"",""TLS_ECDHE_RSA_WITH_AES_128_CBC_SHA"",""TLS_ECDHE_RSA_WITH_AES_256_CBC_SHA""]",RSA,2048,sha256WithRSAEncryption,TRUSTED,MATCH,365
sim-medium-0147,e0aa6d97f8fb500bc120,long_lived_certificate,synthetic_simulation,MEDIUM,True,True,TLSv1.2,"[""TLSv1.2"",""TLSv1.3""]","[""TLS_CHACHA20_POLY1305_SHA256"",""TLS_ECDHE_RSA_WITH_AES_128_GCM_SHA256"",""TLS_ECDHE_ECDSA_WITH_AES_128_GCM_SHA256""]",RSA,2048,sha256WithRSAEncryption,TRUSTED,MATCH,3650
sim-medium-0148,d95027d4f5d8ef173b33,ecdhe_cbc_compatible,synthetic_simulation,MEDIUM,True,True,TLSv1.2,"[""TLSv1.2"",""TLSv1.3""]","[""TLS_ECDHE_RSA_WITH_AES_128_CBC_SHA"",""TLS_AES_128_GCM_SHA256"",""TLS_ECDHE_RSA_WITH_AES_256_CBC_SHA""]",RSA,2048,sha256WithRSAEncryption,TRUSTED,MATCH,730
sim-medium-0149,e60ad5627b2b695af7a8,long_lived_certificate,synthetic_simulation,MEDIUM,True,True,TLSv1.2,"[""TLSv1.2"",""TLSv1.3""]","[""TLS_ECDHE_ECDSA_WITH_AES_128_GCM_SHA256"",""TLS_AES_128_GCM_SHA256"",""TLS_ECDHE_RSA_WITH_AES_128_GCM_SHA256""]",RSA,2048,sha256WithRSAEncryption,TRUSTED,MATCH,3650
sim-medium-0150,af421ae4def111e40232,ecdhe_cbc_compatible,synthetic_simulation,MEDIUM,True,True,TLSv1.2,"[""TLSv1.2"",""TLSv1.3""]","[""TLS_ECDHE_RSA_WITH_AES_128_CBC_SHA"",""TLS_ECDHE_RSA_WITH_AES_128_GCM_SHA256"",""TLS_ECDHE_RSA_WITH_AES_256_CBC_SHA""]",RSA,2048,sha256WithRSAEncryption,TRUSTED,MATCH,365
sim-medium-0151,03bd59ae91cb78207de2,long_lived_certificate,synthetic_simulation,MEDIUM,True,True,TLSv1.2,"[""TLSv1.2"",""TLSv1.3""]","[""TLS_ECDHE_RSA_WITH_AES_128_GCM_SHA256"",""TLS_AES_128_GCM_SHA256"",""TLS_CHACHA20_POLY1305_SHA256""]",RSA,2048,sha256WithRSAEncryption,TRUSTED,MATCH,1825
sim-medium-0152,b03171588c88d46ed62b,ecdhe_cbc_compatible,synthetic_simulation,MEDIUM,True,True,TLSv1.2,"[""TLSv1.2"",""TLSv1.3""]","[""TLS_ECDHE_RSA_WITH_AES_128_CBC_SHA"",""TLS_ECDHE_RSA_WITH_AES_128_GCM_SHA256"",""TLS_AES_128_GCM_SHA256""]",RSA,2048,sha256WithRSAEncryption,TRUSTED,MATCH,365
sim-medium-0153,001384782e09e3b8effd,long_lived_certificate,synthetic_simulation,MEDIUM,True,True,TLSv1.2,"[""TLSv1.2"",""TLSv1.3""]","[""TLS_ECDHE_ECDSA_WITH_AES_128_GCM_SHA256"",""TLS_AES_128_GCM_SHA256"",""TLS_ECDHE_RSA_WITH_AES_128_GCM_SHA256""]",RSA,2048,sha256WithRSAEncryption,TRUSTED,MATCH,1095
sim-medium-0154,7d251c96008745281d27,ecdhe_cbc_compatible,synthetic_simulation,MEDIUM,True,True,TLSv1.2,"[""TLSv1.2"",""TLSv1.3""]","[""TLS_AES_128_GCM_SHA256"",""TLS_ECDHE_RSA_WITH_AES_128_GCM_SHA256"",""TLS_ECDHE_RSA_WITH_AES_256_CBC_SHA""]",RSA,2048,sha256WithRSAEncryption,TRUSTED,MATCH,730
sim-medium-0155,55e913807f1cf18085bb,long_lived_certificate,synthetic_simulation,MEDIUM,True,True,TLSv1.2,"[""TLSv1.2"",""TLSv1.3""]","[""TLS_CHACHA20_POLY1305_SHA256"",""TLS_ECDHE_RSA_WITH_AES_128_GCM_SHA256"",""TLS_AES_128_GCM_SHA256""]",RSA,2048,sha256WithRSAEncryption,TRUSTED,MATCH,1825
sim-medium-0156,99ec420790cbbda7f6a9,ecdhe_cbc_compatible,synthetic_simulation,MEDIUM,True,True,TLSv1.2,"[""TLSv1.2"",""TLSv1.3""]","[""TLS_ECDHE_RSA_WITH_AES_128_CBC_SHA"",""TLS_ECDHE_RSA_WITH_AES_256_CBC_SHA"",""TLS_AES_128_GCM_SHA256""]",RSA,2048,sha256WithRSAEncryption,TRUSTED,MATCH,730
sim-medium-0157,f9dd4249272a2c9ea8f7,long_lived_certificate,synthetic_simulation,MEDIUM,True,True,TLSv1.2,"[""TLSv1.2"",""TLSv1.3""]","[""TLS_ECDHE_RSA_WITH_AES_128_GCM_SHA256"",""TLS_CHACHA20_POLY1305_SHA256"",""TLS_AES_128_GCM_SHA256""]",RSA,2048,sha256WithRSAEncryption,TRUSTED,MATCH,3650
sim-medium-0158,18786cf87345246dcbf0,ecdhe_cbc_compatible,synthetic_simulation,MEDIUM,True,True,TLSv1.2,"[""TLSv1.2"",""TLSv1.3""]","[""TLS_AES_128_GCM_SHA256"",""TLS_ECDHE_RSA_WITH_AES_256_CBC_SHA"",""TLS_ECDHE_RSA_WITH_AES_128_GCM_SHA256""]",RSA,2048,sha256WithRSAEncryption,TRUSTED,MATCH,398
sim-medium-0159,1ffe1dbcb5d8c9c03864,long_lived_certificate,synthetic_simulation,MEDIUM,True,True,TLSv1.2,"[""TLSv1.2"",""TLSv1.3""]","[""TLS_ECDHE_ECDSA_WITH_AES_128_GCM_SHA256"",""TLS_CHACHA20_POLY1305_SHA256"",""TLS_ECDHE_RSA_WITH_AES_128_GCM_SHA256""]",RSA,2048,sha256WithRSAEncryption,TRUSTED,MATCH,3650
sim-medium-0160,52e84f8a9a59529d159f,ecdhe_cbc_compatible,synthetic_simulation,MEDIUM,True,True,TLSv1.2,"[""TLSv1.2"",""TLSv1.3""]","[""TLS_AES_128_GCM_SHA256"",""TLS_ECDHE_RSA_WITH_AES_128_GCM_SHA256"",""TLS_ECDHE_RSA_WITH_AES_256_CBC_SHA""]",RSA,2048,sha256WithRSAEncryption,TRUSTED,MATCH,365
sim-medium-0161,a9e42d297ec5836cda74,long_lived_certificate,synthetic_simulation,MEDIUM,True,True,TLSv1.2,"[""TLSv1.2"",""TLSv1.3""]","[""TLS_AES_128_GCM_SHA256"",""TLS_ECDHE_ECDSA_WITH_AES_128_GCM_SHA256"",""TLS_ECDHE_RSA_WITH_AES_128_GCM_SHA256""]",RSA,2048,sha256WithRSAEncryption,TRUSTED,MATCH,1095
sim-medium-0162,fd4bcdcbd59b6130f1de,ecdhe_cbc_compatible,synthetic_simulation,MEDIUM,True,True,TLSv1.2,"[""TLSv1.2"",""TLSv1.3""]","[""TLS_ECDHE_RSA_WITH_AES_128_GCM_SHA256"",""TLS_ECDHE_RSA_WITH_AES_128_CBC_SHA"",""TLS_ECDHE_RSA_WITH_AES_256_CBC_SHA""]",RSA,2048,sha256WithRSAEncryption,TRUSTED,MATCH,730
sim-medium-0163,e9d37410d5b34fa173a9,long_lived_certificate,synthetic_simulation,MEDIUM,True,True,TLSv1.2,"[""TLSv1.2"",""TLSv1.3""]","[""TLS_ECDHE_ECDSA_WITH_AES_128_GCM_SHA256"",""TLS_CHACHA20_POLY1305_SHA256"",""TLS_AES_128_GCM_SHA256""]",RSA,2048,sha256WithRSAEncryption,TRUSTED,MATCH,1825
sim-medium-0164,f52e6ecb3dcfe428f42b,ecdhe_cbc_compatible,synthetic_simulation,MEDIUM,True,True,TLSv1.2,"[""TLSv1.2"",""TLSv1.3""]","[""TLS_ECDHE_RSA_WITH_AES_128_CBC_SHA"",""TLS_ECDHE_RSA_WITH_AES_128_GCM_SHA256"",""TLS_AES_128_GCM_SHA256""]",RSA,2048,sha256WithRSAEncryption,TRUSTED,MATCH,730
sim-medium-0165,6528d628794faaa861ed,long_lived_certificate,synthetic_simulation,MEDIUM,True,True,TLSv1.2,"[""TLSv1.2"",""TLSv1.3""]","[""TLS_CHACHA20_POLY1305_SHA256"",""TLS_ECDHE_RSA_WITH_AES_128_GCM_SHA256"",""TLS_ECDHE_ECDSA_WITH_AES_128_GCM_SHA256""]",RSA,2048,sha256WithRSAEncryption,TRUSTED,MATCH,1825
sim-medium-0166,3fe22a5f481a406f382d,ecdhe_cbc_compatible,synthetic_simulation,MEDIUM,True,True,TLSv1.2,"[""TLSv1.2"",""TLSv1.3""]","[""TLS_ECDHE_RSA_WITH_AES_128_CBC_SHA"",""TLS_ECDHE_RSA_WITH_AES_128_GCM_SHA256"",""TLS_ECDHE_RSA_WITH_AES_256_CBC_SHA""]",RSA,2048,sha256WithRSAEncryption,TRUSTED,MATCH,398
sim-medium-0167,c6cde9617d69cb77033d,long_lived_certificate,synthetic_simulation,MEDIUM,True,True,TLSv1.2,"[""TLSv1.2"",""TLSv1.3""]","[""TLS_AES_128_GCM_SHA256"",""TLS_CHACHA20_POLY1305_SHA256"",""TLS_ECDHE_ECDSA_WITH_AES_128_GCM_SHA256""]",RSA,2048,sha256WithRSAEncryption,TRUSTED,MATCH,3650
sim-medium-0168,a270d8c9430dba340685,ecdhe_cbc_compatible,synthetic_simulation,MEDIUM,True,True,TLSv1.2,"[""TLSv1.2"",""TLSv1.3""]","[""TLS_ECDHE_RSA_WITH_AES_128_CBC_SHA"",""TLS_AES_128_GCM_SHA256"",""TLS_ECDHE_RSA_WITH_AES_256_CBC_SHA""]",RSA,2048,sha256WithRSAEncryption,TRUSTED,MATCH,398
sim-medium-0169,1dd44b58fcdf1bec3ed1,long_lived_certificate,synthetic_simulation,MEDIUM,True,True,TLSv1.2,"[""TLSv1.2"",""TLSv1.3""]","[""TLS_CHACHA20_POLY1305_SHA256"",""TLS_ECDHE_ECDSA_WITH_AES_128_GCM_SHA256"",""TLS_ECDHE_RSA_WITH_AES_128_GCM_SHA256""]",RSA,2048,sha256WithRSAEncryption,TRUSTED,MATCH,1095
sim-medium-0170,d95027d4f5d8ef173b33,ecdhe_cbc_compatible,synthetic_simulation,MEDIUM,True,True,TLSv1.2,"[""TLSv1.2"",""TLSv1.3""]","[""TLS_ECDHE_RSA_WITH_AES_128_CBC_SHA"",""TLS_AES_128_GCM_SHA256"",""TLS_ECDHE_RSA_WITH_AES_256_CBC_SHA""]",RSA,2048,sha256WithRSAEncryption,TRUSTED,MATCH,730
sim-medium-0171,1c9f026b4cea72c92747,long_lived_certificate,synthetic_simulation,MEDIUM,True,True,TLSv1.2,"[""TLSv1.2"",""TLSv1.3""]","[""TLS_ECDHE_RSA_WITH_AES_128_GCM_SHA256"",""TLS_ECDHE_ECDSA_WITH_AES_128_GCM_SHA256"",""TLS_CHACHA20_POLY1305_SHA256""]",RSA,2048,sha256WithRSAEncryption,TRUSTED,MATCH,3650
sim-medium-0172,301484425562c5c5837b,ecdhe_cbc_compatible,synthetic_simulation,MEDIUM,True,True,TLSv1.2,"[""TLSv1.2"",""TLSv1.3""]","[""TLS_ECDHE_RSA_WITH_AES_128_CBC_SHA"",""TLS_ECDHE_RSA_WITH_AES_256_CBC_SHA"",""TLS_AES_128_GCM_SHA256""]",RSA,2048,sha256WithRSAEncryption,TRUSTED,MATCH,365
sim-medium-0173,713c382a3ff9893cbca6,long_lived_certificate,synthetic_simulation,MEDIUM,True,True,TLSv1.2,"[""TLSv1.2"",""TLSv1.3""]","[""TLS_AES_128_GCM_SHA256"",""TLS_CHACHA20_POLY1305_SHA256"",""TLS_ECDHE_RSA_WITH_AES_128_GCM_SHA256""]",RSA,2048,sha256WithRSAEncryption,TRUSTED,MATCH,1095
sim-medium-0174,f52e6ecb3dcfe428f42b,ecdhe_cbc_compatible,synthetic_simulation,MEDIUM,True,True,TLSv1.2,"[""TLSv1.2"",""TLSv1.3""]","[""TLS_ECDHE_RSA_WITH_AES_128_CBC_SHA"",""TLS_ECDHE_RSA_WITH_AES_128_GCM_SHA256"",""TLS_AES_128_GCM_SHA256""]",RSA,2048,sha256WithRSAEncryption,TRUSTED,MATCH,730
sim-medium-0175,c6cde9617d69cb77033d,long_lived_certificate,synthetic_simulation,MEDIUM,True,True,TLSv1.2,"[""TLSv1.2"",""TLSv1.3""]","[""TLS_AES_128_GCM_SHA256"",""TLS_CHACHA20_POLY1305_SHA256"",""TLS_ECDHE_ECDSA_WITH_AES_128_GCM_SHA256""]",RSA,2048,sha256WithRSAEncryption,TRUSTED,MATCH,3650
sim-medium-0176,272c7eea129a0472a972,ecdhe_cbc_compatible,synthetic_simulation,MEDIUM,True,True,TLSv1.2,"[""TLSv1.2"",""TLSv1.3""]","[""TLS_ECDHE_RSA_WITH_AES_256_CBC_SHA"",""TLS_ECDHE_RSA_WITH_AES_128_CBC_SHA"",""TLS_AES_128_GCM_SHA256""]",RSA,2048,sha256WithRSAEncryption,TRUSTED,MATCH,365
sim-medium-0177,4bb870b8bf1dadcf4197,long_lived_certificate,synthetic_simulation,MEDIUM,True,True,TLSv1.2,"[""TLSv1.2"",""TLSv1.3""]","[""TLS_ECDHE_RSA_WITH_AES_128_GCM_SHA256"",""TLS_ECDHE_ECDSA_WITH_AES_128_GCM_SHA256"",""TLS_CHACHA20_POLY1305_SHA256""]",RSA,2048,sha256WithRSAEncryption,TRUSTED,MATCH,1825
sim-medium-0178,fe0ab4872901dbfc8f75,ecdhe_cbc_compatible,synthetic_simulation,MEDIUM,True,True,TLSv1.2,"[""TLSv1.2"",""TLSv1.3""]","[""TLS_ECDHE_RSA_WITH_AES_256_CBC_SHA"",""TLS_ECDHE_RSA_WITH_AES_128_GCM_SHA256"",""TLS_ECDHE_RSA_WITH_AES_128_CBC_SHA""]",RSA,2048,sha256WithRSAEncryption,TRUSTED,MATCH,365
sim-medium-0179,b8d3aaad859244544925,long_lived_certificate,synthetic_simulation,MEDIUM,True,True,TLSv1.2,"[""TLSv1.2"",""TLSv1.3""]","[""TLS_AES_128_GCM_SHA256"",""TLS_ECDHE_ECDSA_WITH_AES_128_GCM_SHA256"",""TLS_ECDHE_RSA_WITH_AES_128_GCM_SHA256""]",RSA,2048,sha256WithRSAEncryption,TRUSTED,MATCH,1825
sim-medium-0180,52e84f8a9a59529d159f,ecdhe_cbc_compatible,synthetic_simulation,MEDIUM,True,True,TLSv1.2,"[""TLSv1.2"",""TLSv1.3""]","[""TLS_AES_128_GCM_SHA256"",""TLS_ECDHE_RSA_WITH_AES_128_GCM_SHA256"",""TLS_ECDHE_RSA_WITH_AES_256_CBC_SHA""]",RSA,2048,sha256WithRSAEncryption,TRUSTED,MATCH,365
sim-medium-0181,7651df76be3ee857cc37,long_lived_certificate,synthetic_simulation,MEDIUM,True,True,TLSv1.2,"[""TLSv1.2"",""TLSv1.3""]","[""TLS_CHACHA20_POLY1305_SHA256"",""TLS_AES_128_GCM_SHA256"",""TLS_ECDHE_RSA_WITH_AES_128_GCM_SHA256""]",RSA,2048,sha256WithRSAEncryption,TRUSTED,MATCH,3650
sim-medium-0182,de78055b0ce42637c3b7,ecdhe_cbc_compatible,synthetic_simulation,MEDIUM,True,True,TLSv1.2,"[""TLSv1.2"",""TLSv1.3""]","[""TLS_ECDHE_RSA_WITH_AES_128_CBC_SHA"",""TLS_ECDHE_RSA_WITH_AES_256_CBC_SHA"",""TLS_ECDHE_RSA_WITH_AES_128_GCM_SHA256""]",RSA,2048,sha256WithRSAEncryption,TRUSTED,MATCH,398
sim-medium-0183,3d60c5edf795d03402c3,long_lived_certificate,synthetic_simulation,MEDIUM,True,True,TLSv1.2,"[""TLSv1.2"",""TLSv1.3""]","[""TLS_ECDHE_ECDSA_WITH_AES_128_GCM_SHA256"",""TLS_CHACHA20_POLY1305_SHA256"",""TLS_AES_128_GCM_SHA256""]",RSA,2048,sha256WithRSAEncryption,TRUSTED,MATCH,1095
sim-medium-0184,7ff580bf31e2e0886098,ecdhe_cbc_compatible,synthetic_simulation,MEDIUM,True,True,TLSv1.2,"[""TLSv1.2"",""TLSv1.3""]","[""TLS_ECDHE_RSA_WITH_AES_128_CBC_SHA"",""TLS_AES_128_GCM_SHA256"",""TLS_ECDHE_RSA_WITH_AES_128_GCM_SHA256""]",RSA,2048,sha256WithRSAEncryption,TRUSTED,MATCH,730
sim-medium-0185,c4c9977863407f4a3578,long_lived_certificate,synthetic_simulation,MEDIUM,True,True,TLSv1.2,"[""TLSv1.2"",""TLSv1.3""]","[""TLS_CHACHA20_POLY1305_SHA256"",""TLS_ECDHE_ECDSA_WITH_AES_128_GCM_SHA256"",""TLS_ECDHE_RSA_WITH_AES_128_GCM_SHA256""]",RSA,2048,sha256WithRSAEncryption,TRUSTED,MATCH,3650
sim-medium-0186,abfa849e8ffdb41f1a02,ecdhe_cbc_compatible,synthetic_simulation,MEDIUM,True,True,TLSv1.2,"[""TLSv1.2"",""TLSv1.3""]","[""TLS_ECDHE_RSA_WITH_AES_256_CBC_SHA"",""TLS_AES_128_GCM_SHA256"",""TLS_ECDHE_RSA_WITH_AES_128_GCM_SHA256""]",RSA,2048,sha256WithRSAEncryption,TRUSTED,MATCH,398
sim-medium-0187,1687c94ff0e19561055a,long_lived_certificate,synthetic_simulation,MEDIUM,True,True,TLSv1.2,"[""TLSv1.2"",""TLSv1.3""]","[""TLS_ECDHE_RSA_WITH_AES_128_GCM_SHA256"",""TLS_CHACHA20_POLY1305_SHA256"",""TLS_AES_128_GCM_SHA256""]",RSA,2048,sha256WithRSAEncryption,TRUSTED,MATCH,1825
sim-medium-0188,5856bd6dee9b628a997e,ecdhe_cbc_compatible,synthetic_simulation,MEDIUM,True,True,TLSv1.2,"[""TLSv1.2"",""TLSv1.3""]","[""TLS_ECDHE_RSA_WITH_AES_256_CBC_SHA"",""TLS_AES_128_GCM_SHA256"",""TLS_ECDHE_RSA_WITH_AES_128_GCM_SHA256""]",RSA,2048,sha256WithRSAEncryption,TRUSTED,MATCH,730
sim-medium-0189,9840f5f0c999da1c0281,long_lived_certificate,synthetic_simulation,MEDIUM,True,True,TLSv1.2,"[""TLSv1.2"",""TLSv1.3""]","[""TLS_ECDHE_ECDSA_WITH_AES_128_GCM_SHA256"",""TLS_CHACHA20_POLY1305_SHA256"",""TLS_AES_128_GCM_SHA256""]",RSA,2048,sha256WithRSAEncryption,TRUSTED,MATCH,3650
sim-medium-0190,e7ac4ec68ccd3e7130aa,ecdhe_cbc_compatible,synthetic_simulation,MEDIUM,True,True,TLSv1.2,"[""TLSv1.2"",""TLSv1.3""]","[""TLS_ECDHE_RSA_WITH_AES_128_CBC_SHA"",""TLS_ECDHE_RSA_WITH_AES_256_CBC_SHA"",""TLS_ECDHE_RSA_WITH_AES_128_GCM_SHA256""]",RSA,2048,sha256WithRSAEncryption,TRUSTED,MATCH,365
sim-medium-0191,1ffe1dbcb5d8c9c03864,long_lived_certificate,synthetic_simulation,MEDIUM,True,True,TLSv1.2,"[""TLSv1.2"",""TLSv1.3""]","[""TLS_ECDHE_ECDSA_WITH_AES_128_GCM_SHA256"",""TLS_CHACHA20_POLY1305_SHA256"",""TLS_ECDHE_RSA_WITH_AES_128_GCM_SHA256""]",RSA,2048,sha256WithRSAEncryption,TRUSTED,MATCH,3650
sim-medium-0192,5856bd6dee9b628a997e,ecdhe_cbc_compatible,synthetic_simulation,MEDIUM,True,True,TLSv1.2,"[""TLSv1.2"",""TLSv1.3""]","[""TLS_ECDHE_RSA_WITH_AES_256_CBC_SHA"",""TLS_AES_128_GCM_SHA256"",""TLS_ECDHE_RSA_WITH_AES_128_GCM_SHA256""]",RSA,2048,sha256WithRSAEncryption,TRUSTED,MATCH,730
sim-medium-0193,e94c8ae9d84363e0f5f7,long_lived_certificate,synthetic_simulation,MEDIUM,True,True,TLSv1.2,"[""TLSv1.2"",""TLSv1.3""]","[""TLS_ECDHE_ECDSA_WITH_AES_128_GCM_SHA256"",""TLS_AES_128_GCM_SHA256"",""TLS_CHACHA20_POLY1305_SHA256""]",RSA,2048,sha256WithRSAEncryption,TRUSTED,MATCH,1095
sim-medium-0194,e1a151487aa56bab9f68,ecdhe_cbc_compatible,synthetic_simulation,MEDIUM,True,True,TLSv1.2,"[""TLSv1.2"",""TLSv1.3""]","[""TLS_AES_128_GCM_SHA256"",""TLS_ECDHE_RSA_WITH_AES_128_GCM_SHA256"",""TLS_ECDHE_RSA_WITH_AES_256_CBC_SHA""]",RSA,2048,sha256WithRSAEncryption,TRUSTED,MATCH,398
sim-medium-0195,aeda5565b0c87fad0ca6,long_lived_certificate,synthetic_simulation,MEDIUM,True,True,TLSv1.2,"[""TLSv1.2"",""TLSv1.3""]","[""TLS_ECDHE_ECDSA_WITH_AES_128_GCM_SHA256"",""TLS_ECDHE_RSA_WITH_AES_128_GCM_SHA256"",""TLS_AES_128_GCM_SHA256""]",RSA,2048,sha256WithRSAEncryption,TRUSTED,MATCH,1095
sim-medium-0196,47e0d4e8d8aef4dba12c,ecdhe_cbc_compatible,synthetic_simulation,MEDIUM,True,True,TLSv1.2,"[""TLSv1.2"",""TLSv1.3""]","[""TLS_AES_128_GCM_SHA256"",""TLS_ECDHE_RSA_WITH_AES_128_CBC_SHA"",""TLS_ECDHE_RSA_WITH_AES_128_GCM_SHA256""]",RSA,2048,sha256WithRSAEncryption,TRUSTED,MATCH,730
sim-medium-0197,53a8be894aa39002d55c,long_lived_certificate,synthetic_simulation,MEDIUM,True,True,TLSv1.2,"[""TLSv1.2"",""TLSv1.3""]","[""TLS_AES_128_GCM_SHA256"",""TLS_ECDHE_RSA_WITH_AES_128_GCM_SHA256"",""TLS_ECDHE_ECDSA_WITH_AES_128_GCM_SHA256""]",RSA,2048,sha256WithRSAEncryption,TRUSTED,MATCH,1825
sim-medium-0198,18786cf87345246dcbf0,ecdhe_cbc_compatible,synthetic_simulation,MEDIUM,True,True,TLSv1.2,"[""TLSv1.2"",""TLSv1.3""]","[""TLS_AES_128_GCM_SHA256"",""TLS_ECDHE_RSA_WITH_AES_256_CBC_SHA"",""TLS_ECDHE_RSA_WITH_AES_128_GCM_SHA256""]",RSA,2048,sha256WithRSAEncryption,TRUSTED,MATCH,398
sim-medium-0199,3c4999b38723c9870598,long_lived_certificate,synthetic_simulation,MEDIUM,True,True,TLSv1.2,"[""TLSv1.2"",""TLSv1.3""]","[""TLS_AES_128_GCM_SHA256"",""TLS_ECDHE_RSA_WITH_AES_128_GCM_SHA256"",""TLS_CHACHA20_POLY1305_SHA256""]",RSA,2048,sha256WithRSAEncryption,TRUSTED,MATCH,1095
sim-medium-0200,533e2926b891615c5758,ecdhe_cbc_compatible,synthetic_simulation,MEDIUM,True,True,TLSv1.2,"[""TLSv1.2"",""TLSv1.3""]","[""TLS_AES_128_GCM_SHA256"",""TLS_ECDHE_RSA_WITH_AES_256_CBC_SHA"",""TLS_ECDHE_RSA_WITH_AES_128_GCM_SHA256""]",RSA,2048,sha256WithRSAEncryption,TRUSTED,MATCH,730
sim-medium-0201,1c9f026b4cea72c92747,long_lived_certificate,synthetic_simulation,MEDIUM,True,True,TLSv1.2,"[""TLSv1.2"",""TLSv1.3""]","[""TLS_ECDHE_RSA_WITH_AES_128_GCM_SHA256"",""TLS_ECDHE_ECDSA_WITH_AES_128_GCM_SHA256"",""TLS_CHACHA20_POLY1305_SHA256""]",RSA,2048,sha256WithRSAEncryption,TRUSTED,MATCH,3650
sim-medium-0202,c36eafcff341cdffad67,ecdhe_cbc_compatible,synthetic_simulation,MEDIUM,True,True,TLSv1.2,"[""TLSv1.2"",""TLSv1.3""]","[""TLS_ECDHE_RSA_WITH_AES_128_GCM_SHA256"",""TLS_ECDHE_RSA_WITH_AES_256_CBC_SHA"",""TLS_ECDHE_RSA_WITH_AES_128_CBC_SHA""]",RSA,2048,sha256WithRSAEncryption,TRUSTED,MATCH,365
sim-medium-0203,aeda5565b0c87fad0ca6,long_lived_certificate,synthetic_simulation,MEDIUM,True,True,TLSv1.2,"[""TLSv1.2"",""TLSv1.3""]","[""TLS_ECDHE_ECDSA_WITH_AES_128_GCM_SHA256"",""TLS_ECDHE_RSA_WITH_AES_128_GCM_SHA256"",""TLS_AES_128_GCM_SHA256""]",RSA,2048,sha256WithRSAEncryption,TRUSTED,MATCH,1095
sim-medium-0204,b9eaca636516c1373361,ecdhe_cbc_compatible,synthetic_simulation,MEDIUM,True,True,TLSv1.2,"[""TLSv1.2"",""TLSv1.3""]","[""TLS_ECDHE_RSA_WITH_AES_128_GCM_SHA256"",""TLS_ECDHE_RSA_WITH_AES_128_CBC_SHA"",""TLS_ECDHE_RSA_WITH_AES_256_CBC_SHA""]",RSA,2048,sha256WithRSAEncryption,TRUSTED,MATCH,398
sim-medium-0205,f9dd4249272a2c9ea8f7,long_lived_certificate,synthetic_simulation,MEDIUM,True,True,TLSv1.2,"[""TLSv1.2"",""TLSv1.3""]","[""TLS_ECDHE_RSA_WITH_AES_128_GCM_SHA256"",""TLS_CHACHA20_POLY1305_SHA256"",""TLS_AES_128_GCM_SHA256""]",RSA,2048,sha256WithRSAEncryption,TRUSTED,MATCH,3650
sim-medium-0206,7037bc2a0772baf18b2f,ecdhe_cbc_compatible,synthetic_simulation,MEDIUM,True,True,TLSv1.2,"[""TLSv1.2"",""TLSv1.3""]","[""TLS_ECDHE_RSA_WITH_AES_128_GCM_SHA256"",""TLS_AES_128_GCM_SHA256"",""TLS_ECDHE_RSA_WITH_AES_256_CBC_SHA""]",RSA,2048,sha256WithRSAEncryption,TRUSTED,MATCH,730
sim-medium-0207,94f474377b94ab7a36f2,long_lived_certificate,synthetic_simulation,MEDIUM,True,True,TLSv1.2,"[""TLSv1.2"",""TLSv1.3""]","[""TLS_CHACHA20_POLY1305_SHA256"",""TLS_ECDHE_ECDSA_WITH_AES_128_GCM_SHA256"",""TLS_AES_128_GCM_SHA256""]",RSA,2048,sha256WithRSAEncryption,TRUSTED,MATCH,1095
sim-medium-0208,64b7a2d33559d65329e2,ecdhe_cbc_compatible,synthetic_simulation,MEDIUM,True,True,TLSv1.2,"[""TLSv1.2"",""TLSv1.3""]","[""TLS_AES_128_GCM_SHA256"",""TLS_ECDHE_RSA_WITH_AES_128_GCM_SHA256"",""TLS_ECDHE_RSA_WITH_AES_128_CBC_SHA""]",RSA,2048,sha256WithRSAEncryption,TRUSTED,MATCH,730
sim-medium-0209,096990158a3c5826c7ab,long_lived_certificate,synthetic_simulation,MEDIUM,True,True,TLSv1.2,"[""TLSv1.2"",""TLSv1.3""]","[""TLS_ECDHE_RSA_WITH_AES_128_GCM_SHA256"",""TLS_AES_128_GCM_SHA256"",""TLS_CHACHA20_POLY1305_SHA256""]",RSA,2048,sha256WithRSAEncryption,TRUSTED,MATCH,3650
sim-medium-0210,fe0ab4872901dbfc8f75,ecdhe_cbc_compatible,synthetic_simulation,MEDIUM,True,True,TLSv1.2,"[""TLSv1.2"",""TLSv1.3""]","[""TLS_ECDHE_RSA_WITH_AES_256_CBC_SHA"",""TLS_ECDHE_RSA_WITH_AES_128_GCM_SHA256"",""TLS_ECDHE_RSA_WITH_AES_128_CBC_SHA""]",RSA,2048,sha256WithRSAEncryption,TRUSTED,MATCH,365
sim-medium-0211,4bb870b8bf1dadcf4197,long_lived_certificate,synthetic_simulation,MEDIUM,True,True,TLSv1.2,"[""TLSv1.2"",""TLSv1.3""]","[""TLS_ECDHE_RSA_WITH_AES_128_GCM_SHA256"",""TLS_ECDHE_ECDSA_WITH_AES_128_GCM_SHA256"",""TLS_CHACHA20_POLY1305_SHA256""]",RSA,2048,sha256WithRSAEncryption,TRUSTED,MATCH,1825
sim-medium-0212,fffb72917f2e7850d7a1,ecdhe_cbc_compatible,synthetic_simulation,MEDIUM,True,True,TLSv1.2,"[""TLSv1.2"",""TLSv1.3""]","[""TLS_ECDHE_RSA_WITH_AES_256_CBC_SHA"",""TLS_AES_128_GCM_SHA256"",""TLS_ECDHE_RSA_WITH_AES_128_CBC_SHA""]",RSA,2048,sha256WithRSAEncryption,TRUSTED,MATCH,365
sim-medium-0213,dde63a04061f08283a9d,long_lived_certificate,synthetic_simulation,MEDIUM,True,True,TLSv1.2,"[""TLSv1.2"",""TLSv1.3""]","[""TLS_ECDHE_ECDSA_WITH_AES_128_GCM_SHA256"",""TLS_ECDHE_RSA_WITH_AES_128_GCM_SHA256"",""TLS_CHACHA20_POLY1305_SHA256""]",RSA,2048,sha256WithRSAEncryption,TRUSTED,MATCH,1095
sim-medium-0214,7d251c96008745281d27,ecdhe_cbc_compatible,synthetic_simulation,MEDIUM,True,True,TLSv1.2,"[""TLSv1.2"",""TLSv1.3""]","[""TLS_AES_128_GCM_SHA256"",""TLS_ECDHE_RSA_WITH_AES_128_GCM_SHA256"",""TLS_ECDHE_RSA_WITH_AES_256_CBC_SHA""]",RSA,2048,sha256WithRSAEncryption,TRUSTED,MATCH,730
sim-medium-0215,53a8be894aa39002d55c,long_lived_certificate,synthetic_simulation,MEDIUM,True,True,TLSv1.2,"[""TLSv1.2"",""TLSv1.3""]","[""TLS_AES_128_GCM_SHA256"",""TLS_ECDHE_RSA_WITH_AES_128_GCM_SHA256"",""TLS_ECDHE_ECDSA_WITH_AES_128_GCM_SHA256""]",RSA,2048,sha256WithRSAEncryption,TRUSTED,MATCH,1825
sim-medium-0216,d22a50bb45214b270920,ecdhe_cbc_compatible,synthetic_simulation,MEDIUM,True,True,TLSv1.2,"[""TLSv1.2"",""TLSv1.3""]","[""TLS_ECDHE_RSA_WITH_AES_128_CBC_SHA"",""TLS_ECDHE_RSA_WITH_AES_256_CBC_SHA"",""TLS_AES_128_GCM_SHA256""]",RSA,2048,sha256WithRSAEncryption,TRUSTED,MATCH,398
sim-medium-0217,6528d628794faaa861ed,long_lived_certificate,synthetic_simulation,MEDIUM,True,True,TLSv1.2,"[""TLSv1.2"",""TLSv1.3""]","[""TLS_CHACHA20_POLY1305_SHA256"",""TLS_ECDHE_RSA_WITH_AES_128_GCM_SHA256"",""TLS_ECDHE_ECDSA_WITH_AES_128_GCM_SHA256""]",RSA,2048,sha256WithRSAEncryption,TRUSTED,MATCH,1825
sim-medium-0218,c71a77d10e7c8418833c,ecdhe_cbc_compatible,synthetic_simulation,MEDIUM,True,True,TLSv1.2,"[""TLSv1.2"",""TLSv1.3""]","[""TLS_ECDHE_RSA_WITH_AES_256_CBC_SHA"",""TLS_ECDHE_RSA_WITH_AES_128_CBC_SHA"",""TLS_AES_128_GCM_SHA256""]",RSA,2048,sha256WithRSAEncryption,TRUSTED,MATCH,398
sim-medium-0219,55e913807f1cf18085bb,long_lived_certificate,synthetic_simulation,MEDIUM,True,True,TLSv1.2,"[""TLSv1.2"",""TLSv1.3""]","[""TLS_CHACHA20_POLY1305_SHA256"",""TLS_ECDHE_RSA_WITH_AES_128_GCM_SHA256"",""TLS_AES_128_GCM_SHA256""]",RSA,2048,sha256WithRSAEncryption,TRUSTED,MATCH,1825
sim-medium-0220,04232677082392809ec1,ecdhe_cbc_compatible,synthetic_simulation,MEDIUM,True,True,TLSv1.2,"[""TLSv1.2"",""TLSv1.3""]","[""TLS_ECDHE_RSA_WITH_AES_128_GCM_SHA256"",""TLS_ECDHE_RSA_WITH_AES_128_CBC_SHA"",""TLS_ECDHE_RSA_WITH_AES_256_CBC_SHA""]",RSA,2048,sha256WithRSAEncryption,TRUSTED,MATCH,365
sim-medium-0221,6a4339fa83aaa2ca7e2a,long_lived_certificate,synthetic_simulation,MEDIUM,True,True,TLSv1.2,"[""TLSv1.2"",""TLSv1.3""]","[""TLS_ECDHE_RSA_WITH_AES_128_GCM_SHA256"",""TLS_AES_128_GCM_SHA256"",""TLS_CHACHA20_POLY1305_SHA256""]",RSA,2048,sha256WithRSAEncryption,TRUSTED,MATCH,1095
sim-medium-0222,de78055b0ce42637c3b7,ecdhe_cbc_compatible,synthetic_simulation,MEDIUM,True,True,TLSv1.2,"[""TLSv1.2"",""TLSv1.3""]","[""TLS_ECDHE_RSA_WITH_AES_128_CBC_SHA"",""TLS_ECDHE_RSA_WITH_AES_256_CBC_SHA"",""TLS_ECDHE_RSA_WITH_AES_128_GCM_SHA256""]",RSA,2048,sha256WithRSAEncryption,TRUSTED,MATCH,398
sim-medium-0223,2f8bd02b2d4312ff8f23,long_lived_certificate,synthetic_simulation,MEDIUM,True,True,TLSv1.2,"[""TLSv1.2"",""TLSv1.3""]","[""TLS_CHACHA20_POLY1305_SHA256"",""TLS_ECDHE_RSA_WITH_AES_128_GCM_SHA256"",""TLS_AES_128_GCM_SHA256""]",RSA,2048,sha256WithRSAEncryption,TRUSTED,MATCH,1095
sim-medium-0224,87ca1931ef57696a8b50,ecdhe_cbc_compatible,synthetic_simulation,MEDIUM,True,True,TLSv1.2,"[""TLSv1.2"",""TLSv1.3""]","[""TLS_ECDHE_RSA_WITH_AES_128_GCM_SHA256"",""TLS_ECDHE_RSA_WITH_AES_256_CBC_SHA"",""TLS_AES_128_GCM_SHA256""]",RSA,2048,sha256WithRSAEncryption,TRUSTED,MATCH,398
sim-medium-0225,55e913807f1cf18085bb,long_lived_certificate,synthetic_simulation,MEDIUM,True,True,TLSv1.2,"[""TLSv1.2"",""TLSv1.3""]","[""TLS_CHACHA20_POLY1305_SHA256"",""TLS_ECDHE_RSA_WITH_AES_128_GCM_SHA256"",""TLS_AES_128_GCM_SHA256""]",RSA,2048,sha256WithRSAEncryption,TRUSTED,MATCH,1825
sim-medium-0226,117bcf6ea1f75f77b780,ecdhe_cbc_compatible,synthetic_simulation,MEDIUM,True,True,TLSv1.2,"[""TLSv1.2"",""TLSv1.3""]","[""TLS_AES_128_GCM_SHA256"",""TLS_ECDHE_RSA_WITH_AES_128_GCM_SHA256"",""TLS_ECDHE_RSA_WITH_AES_128_CBC_SHA""]",RSA,2048,sha256WithRSAEncryption,TRUSTED,MATCH,398
sim-medium-0227,6a4339fa83aaa2ca7e2a,long_lived_certificate,synthetic_simulation,MEDIUM,True,True,TLSv1.2,"[""TLSv1.2"",""TLSv1.3""]","[""TLS_ECDHE_RSA_WITH_AES_128_GCM_SHA256"",""TLS_AES_128_GCM_SHA256"",""TLS_CHACHA20_POLY1305_SHA256""]",RSA,2048,sha256WithRSAEncryption,TRUSTED,MATCH,1095
sim-medium-0228,99ec420790cbbda7f6a9,ecdhe_cbc_compatible,synthetic_simulation,MEDIUM,True,True,TLSv1.2,"[""TLSv1.2"",""TLSv1.3""]","[""TLS_ECDHE_RSA_WITH_AES_128_CBC_SHA"",""TLS_ECDHE_RSA_WITH_AES_256_CBC_SHA"",""TLS_AES_128_GCM_SHA256""]",RSA,2048,sha256WithRSAEncryption,TRUSTED,MATCH,730
sim-medium-0229,c4c9977863407f4a3578,long_lived_certificate,synthetic_simulation,MEDIUM,True,True,TLSv1.2,"[""TLSv1.2"",""TLSv1.3""]","[""TLS_CHACHA20_POLY1305_SHA256"",""TLS_ECDHE_ECDSA_WITH_AES_128_GCM_SHA256"",""TLS_ECDHE_RSA_WITH_AES_128_GCM_SHA256""]",RSA,2048,sha256WithRSAEncryption,TRUSTED,MATCH,3650
sim-medium-0230,a270d8c9430dba340685,ecdhe_cbc_compatible,synthetic_simulation,MEDIUM,True,True,TLSv1.2,"[""TLSv1.2"",""TLSv1.3""]","[""TLS_ECDHE_RSA_WITH_AES_128_CBC_SHA"",""TLS_AES_128_GCM_SHA256"",""TLS_ECDHE_RSA_WITH_AES_256_CBC_SHA""]",RSA,2048,sha256WithRSAEncryption,TRUSTED,MATCH,398
sim-medium-0231,ced8e2b87b4a2a9d2ba5,long_lived_certificate,synthetic_simulation,MEDIUM,True,True,TLSv1.2,"[""TLSv1.2"",""TLSv1.3""]","[""TLS_AES_128_GCM_SHA256"",""TLS_ECDHE_RSA_WITH_AES_128_GCM_SHA256"",""TLS_ECDHE_ECDSA_WITH_AES_128_GCM_SHA256""]",RSA,2048,sha256WithRSAEncryption,TRUSTED,MATCH,3650
sim-medium-0232,063802fe44c1c611a413,ecdhe_cbc_compatible,synthetic_simulation,MEDIUM,True,True,TLSv1.2,"[""TLSv1.2"",""TLSv1.3""]","[""TLS_ECDHE_RSA_WITH_AES_128_CBC_SHA"",""TLS_AES_128_GCM_SHA256"",""TLS_ECDHE_RSA_WITH_AES_128_GCM_SHA256""]",RSA,2048,sha256WithRSAEncryption,TRUSTED,MATCH,365
sim-medium-0233,001384782e09e3b8effd,long_lived_certificate,synthetic_simulation,MEDIUM,True,True,TLSv1.2,"[""TLSv1.2"",""TLSv1.3""]","[""TLS_ECDHE_ECDSA_WITH_AES_128_GCM_SHA256"",""TLS_AES_128_GCM_SHA256"",""TLS_ECDHE_RSA_WITH_AES_128_GCM_SHA256""]",RSA,2048,sha256WithRSAEncryption,TRUSTED,MATCH,1095
sim-medium-0234,b068abbae3dc8e74692c,ecdhe_cbc_compatible,synthetic_simulation,MEDIUM,True,True,TLSv1.2,"[""TLSv1.2"",""TLSv1.3""]","[""TLS_ECDHE_RSA_WITH_AES_256_CBC_SHA"",""TLS_ECDHE_RSA_WITH_AES_128_GCM_SHA256"",""TLS_AES_128_GCM_SHA256""]",RSA,2048,sha256WithRSAEncryption,TRUSTED,MATCH,365
sim-medium-0235,6a4339fa83aaa2ca7e2a,long_lived_certificate,synthetic_simulation,MEDIUM,True,True,TLSv1.2,"[""TLSv1.2"",""TLSv1.3""]","[""TLS_ECDHE_RSA_WITH_AES_128_GCM_SHA256"",""TLS_AES_128_GCM_SHA256"",""TLS_CHACHA20_POLY1305_SHA256""]",RSA,2048,sha256WithRSAEncryption,TRUSTED,MATCH,1095
sim-medium-0236,3e45c145f84db1a57d8e,ecdhe_cbc_compatible,synthetic_simulation,MEDIUM,True,True,TLSv1.2,"[""TLSv1.2"",""TLSv1.3""]","[""TLS_AES_128_GCM_SHA256"",""TLS_ECDHE_RSA_WITH_AES_128_GCM_SHA256"",""TLS_ECDHE_RSA_WITH_AES_128_CBC_SHA""]",RSA,2048,sha256WithRSAEncryption,TRUSTED,MATCH,365
sim-medium-0237,1687c94ff0e19561055a,long_lived_certificate,synthetic_simulation,MEDIUM,True,True,TLSv1.2,"[""TLSv1.2"",""TLSv1.3""]","[""TLS_ECDHE_RSA_WITH_AES_128_GCM_SHA256"",""TLS_CHACHA20_POLY1305_SHA256"",""TLS_AES_128_GCM_SHA256""]",RSA,2048,sha256WithRSAEncryption,TRUSTED,MATCH,1825
sim-medium-0238,c1a2eba3bedd7d76bc13,ecdhe_cbc_compatible,synthetic_simulation,MEDIUM,True,True,TLSv1.2,"[""TLSv1.2"",""TLSv1.3""]","[""TLS_ECDHE_RSA_WITH_AES_128_CBC_SHA"",""TLS_AES_128_GCM_SHA256"",""TLS_ECDHE_RSA_WITH_AES_256_CBC_SHA""]",RSA,2048,sha256WithRSAEncryption,TRUSTED,MATCH,365
sim-medium-0239,372e98c75e7531a2415b,long_lived_certificate,synthetic_simulation,MEDIUM,True,True,TLSv1.2,"[""TLSv1.2"",""TLSv1.3""]","[""TLS_CHACHA20_POLY1305_SHA256"",""TLS_ECDHE_ECDSA_WITH_AES_128_GCM_SHA256"",""TLS_ECDHE_RSA_WITH_AES_128_GCM_SHA256""]",RSA,2048,sha256WithRSAEncryption,TRUSTED,MATCH,1825
sim-medium-0240,b8dc866e551593dd5b8b,ecdhe_cbc_compatible,synthetic_simulation,MEDIUM,True,True,TLSv1.2,"[""TLSv1.2"",""TLSv1.3""]","[""TLS_AES_128_GCM_SHA256"",""TLS_ECDHE_RSA_WITH_AES_256_CBC_SHA"",""TLS_ECDHE_RSA_WITH_AES_128_CBC_SHA""]",RSA,2048,sha256WithRSAEncryption,TRUSTED,MATCH,730
sim-medium-0241,e60ad5627b2b695af7a8,long_lived_certificate,synthetic_simulation,MEDIUM,True,True,TLSv1.2,"[""TLSv1.2"",""TLSv1.3""]","[""TLS_ECDHE_ECDSA_WITH_AES_128_GCM_SHA256"",""TLS_AES_128_GCM_SHA256"",""TLS_ECDHE_RSA_WITH_AES_128_GCM_SHA256""]",RSA,2048,sha256WithRSAEncryption,TRUSTED,MATCH,3650
sim-medium-0242,3fe22a5f481a406f382d,ecdhe_cbc_compatible,synthetic_simulation,MEDIUM,True,True,TLSv1.2,"[""TLSv1.2"",""TLSv1.3""]","[""TLS_ECDHE_RSA_WITH_AES_128_CBC_SHA"",""TLS_ECDHE_RSA_WITH_AES_128_GCM_SHA256"",""TLS_ECDHE_RSA_WITH_AES_256_CBC_SHA""]",RSA,2048,sha256WithRSAEncryption,TRUSTED,MATCH,398
sim-medium-0243,01d447ef4c871a02b027,long_lived_certificate,synthetic_simulation,MEDIUM,True,True,TLSv1.2,"[""TLSv1.2"",""TLSv1.3""]","[""TLS_ECDHE_RSA_WITH_AES_128_GCM_SHA256"",""TLS_ECDHE_ECDSA_WITH_AES_128_GCM_SHA256"",""TLS_AES_128_GCM_SHA256""]",RSA,2048,sha256WithRSAEncryption,TRUSTED,MATCH,1825
sim-medium-0244,60fb17a84586be7fa81c,ecdhe_cbc_compatible,synthetic_simulation,MEDIUM,True,True,TLSv1.2,"[""TLSv1.2"",""TLSv1.3""]","[""TLS_ECDHE_RSA_WITH_AES_128_GCM_SHA256"",""TLS_ECDHE_RSA_WITH_AES_256_CBC_SHA"",""TLS_ECDHE_RSA_WITH_AES_128_CBC_SHA""]",RSA,2048,sha256WithRSAEncryption,TRUSTED,MATCH,398
sim-medium-0245,6528d628794faaa861ed,long_lived_certificate,synthetic_simulation,MEDIUM,True,True,TLSv1.2,"[""TLSv1.2"",""TLSv1.3""]","[""TLS_CHACHA20_POLY1305_SHA256"",""TLS_ECDHE_RSA_WITH_AES_128_GCM_SHA256"",""TLS_ECDHE_ECDSA_WITH_AES_128_GCM_SHA256""]",RSA,2048,sha256WithRSAEncryption,TRUSTED,MATCH,1825
sim-medium-0246,c1a2eba3bedd7d76bc13,ecdhe_cbc_compatible,synthetic_simulation,MEDIUM,True,True,TLSv1.2,"[""TLSv1.2"",""TLSv1.3""]","[""TLS_ECDHE_RSA_WITH_AES_128_CBC_SHA"",""TLS_AES_128_GCM_SHA256"",""TLS_ECDHE_RSA_WITH_AES_256_CBC_SHA""]",RSA,2048,sha256WithRSAEncryption,TRUSTED,MATCH,365
sim-medium-0247,35838d4011c240ee1de1,long_lived_certificate,synthetic_simulation,MEDIUM,True,True,TLSv1.2,"[""TLSv1.2"",""TLSv1.3""]","[""TLS_ECDHE_ECDSA_WITH_AES_128_GCM_SHA256"",""TLS_AES_128_GCM_SHA256"",""TLS_CHACHA20_POLY1305_SHA256""]",RSA,2048,sha256WithRSAEncryption,TRUSTED,MATCH,1825
sim-medium-0248,b9eaca636516c1373361,ecdhe_cbc_compatible,synthetic_simulation,MEDIUM,True,True,TLSv1.2,"[""TLSv1.2"",""TLSv1.3""]","[""TLS_ECDHE_RSA_WITH_AES_128_GCM_SHA256"",""TLS_ECDHE_RSA_WITH_AES_128_CBC_SHA"",""TLS_ECDHE_RSA_WITH_AES_256_CBC_SHA""]",RSA,2048,sha256WithRSAEncryption,TRUSTED,MATCH,398
sim-medium-0249,ffb3beea7886cf678889,long_lived_certificate,synthetic_simulation,MEDIUM,True,True,TLSv1.2,"[""TLSv1.2"",""TLSv1.3""]","[""TLS_CHACHA20_POLY1305_SHA256"",""TLS_AES_128_GCM_SHA256"",""TLS_ECDHE_ECDSA_WITH_AES_128_GCM_SHA256""]",RSA,2048,sha256WithRSAEncryption,TRUSTED,MATCH,3650
sim-medium-0250,18786cf87345246dcbf0,ecdhe_cbc_compatible,synthetic_simulation,MEDIUM,True,True,TLSv1.2,"[""TLSv1.2"",""TLSv1.3""]","[""TLS_AES_128_GCM_SHA256"",""TLS_ECDHE_RSA_WITH_AES_256_CBC_SHA"",""TLS_ECDHE_RSA_WITH_AES_128_GCM_SHA256""]",RSA,2048,sha256WithRSAEncryption,TRUSTED,MATCH,398
sim-medium-0251,7e0f91a1e3a10b5f5f77,long_lived_certificate,synthetic_simulation,MEDIUM,True,True,TLSv1.2,"[""TLSv1.2"",""TLSv1.3""]","[""TLS_ECDHE_RSA_WITH_AES_128_GCM_SHA256"",""TLS_AES_128_GCM_SHA256"",""TLS_ECDHE_ECDSA_WITH_AES_128_GCM_SHA256""]",RSA,2048,sha256WithRSAEncryption,TRUSTED,MATCH,1095
sim-medium-0252,d22a50bb45214b270920,ecdhe_cbc_compatible,synthetic_simulation,MEDIUM,True,True,TLSv1.2,"[""TLSv1.2"",""TLSv1.3""]","[""TLS_ECDHE_RSA_WITH_AES_128_CBC_SHA"",""TLS_ECDHE_RSA_WITH_AES_256_CBC_SHA"",""TLS_AES_128_GCM_SHA256""]",RSA,2048,sha256WithRSAEncryption,TRUSTED,MATCH,398
sim-medium-0253,29d35fad4a1d4e2763d3,long_lived_certificate,synthetic_simulation,MEDIUM,True,True,TLSv1.2,"[""TLSv1.2"",""TLSv1.3""]","[""TLS_ECDHE_ECDSA_WITH_AES_128_GCM_SHA256"",""TLS_CHACHA20_POLY1305_SHA256"",""TLS_ECDHE_RSA_WITH_AES_128_GCM_SHA256""]",RSA,2048,sha256WithRSAEncryption,TRUSTED,MATCH,1825
sim-medium-0254,52e84f8a9a59529d159f,ecdhe_cbc_compatible,synthetic_simulation,MEDIUM,True,True,TLSv1.2,"[""TLSv1.2"",""TLSv1.3""]","[""TLS_AES_128_GCM_SHA256"",""TLS_ECDHE_RSA_WITH_AES_128_GCM_SHA256"",""TLS_ECDHE_RSA_WITH_AES_256_CBC_SHA""]",RSA,2048,sha256WithRSAEncryption,TRUSTED,MATCH,365
sim-medium-0255,01d447ef4c871a02b027,long_lived_certificate,synthetic_simulation,MEDIUM,True,True,TLSv1.2,"[""TLSv1.2"",""TLSv1.3""]","[""TLS_ECDHE_RSA_WITH_AES_128_GCM_SHA256"",""TLS_ECDHE_ECDSA_WITH_AES_128_GCM_SHA256"",""TLS_AES_128_GCM_SHA256""]",RSA,2048,sha256WithRSAEncryption,TRUSTED,MATCH,1825
sim-medium-0256,f52e6ecb3dcfe428f42b,ecdhe_cbc_compatible,synthetic_simulation,MEDIUM,True,True,TLSv1.2,"[""TLSv1.2"",""TLSv1.3""]","[""TLS_ECDHE_RSA_WITH_AES_128_CBC_SHA"",""TLS_ECDHE_RSA_WITH_AES_128_GCM_SHA256"",""TLS_AES_128_GCM_SHA256""]",RSA,2048,sha256WithRSAEncryption,TRUSTED,MATCH,730
sim-medium-0257,6b5424f17c31c95ce466,long_lived_certificate,synthetic_simulation,MEDIUM,True,True,TLSv1.2,"[""TLSv1.2"",""TLSv1.3""]","[""TLS_ECDHE_ECDSA_WITH_AES_128_GCM_SHA256"",""TLS_AES_128_GCM_SHA256"",""TLS_ECDHE_RSA_WITH_AES_128_GCM_SHA256""]",RSA,2048,sha256WithRSAEncryption,TRUSTED,MATCH,1825
sim-medium-0258,3b765b3304e3513c783d,ecdhe_cbc_compatible,synthetic_simulation,MEDIUM,True,True,TLSv1.2,"[""TLSv1.2"",""TLSv1.3""]","[""TLS_ECDHE_RSA_WITH_AES_128_GCM_SHA256"",""TLS_ECDHE_RSA_WITH_AES_256_CBC_SHA"",""TLS_AES_128_GCM_SHA256""]",RSA,2048,sha256WithRSAEncryption,TRUSTED,MATCH,365
sim-medium-0259,9ab91f3816bc4c5732df,long_lived_certificate,synthetic_simulation,MEDIUM,True,True,TLSv1.2,"[""TLSv1.2"",""TLSv1.3""]","[""TLS_AES_128_GCM_SHA256"",""TLS_CHACHA20_POLY1305_SHA256"",""TLS_ECDHE_RSA_WITH_AES_128_GCM_SHA256""]",RSA,2048,sha256WithRSAEncryption,TRUSTED,MATCH,3650
sim-medium-0260,f7a5768a79c3670aed05,ecdhe_cbc_compatible,synthetic_simulation,MEDIUM,True,True,TLSv1.2,"[""TLSv1.2"",""TLSv1.3""]","[""TLS_AES_128_GCM_SHA256"",""TLS_ECDHE_RSA_WITH_AES_128_CBC_SHA"",""TLS_ECDHE_RSA_WITH_AES_256_CBC_SHA""]",RSA,2048,sha256WithRSAEncryption,TRUSTED,MATCH,730
sim-medium-0261,1c9f026b4cea72c92747,long_lived_certificate,synthetic_simulation,MEDIUM,True,True,TLSv1.2,"[""TLSv1.2"",""TLSv1.3""]","[""TLS_ECDHE_RSA_WITH_AES_128_GCM_SHA256"",""TLS_ECDHE_ECDSA_WITH_AES_128_GCM_SHA256"",""TLS_CHACHA20_POLY1305_SHA256""]",RSA,2048,sha256WithRSAEncryption,TRUSTED,MATCH,3650
sim-medium-0262,117bcf6ea1f75f77b780,ecdhe_cbc_compatible,synthetic_simulation,MEDIUM,True,True,TLSv1.2,"[""TLSv1.2"",""TLSv1.3""]","[""TLS_AES_128_GCM_SHA256"",""TLS_ECDHE_RSA_WITH_AES_128_GCM_SHA256"",""TLS_ECDHE_RSA_WITH_AES_128_CBC_SHA""]",RSA,2048,sha256WithRSAEncryption,TRUSTED,MATCH,398
sim-medium-0263,637d2a81e3058e6ffb09,long_lived_certificate,synthetic_simulation,MEDIUM,True,True,TLSv1.2,"[""TLSv1.2"",""TLSv1.3""]","[""TLS_AES_128_GCM_SHA256"",""TLS_CHACHA20_POLY1305_SHA256"",""TLS_ECDHE_RSA_WITH_AES_128_GCM_SHA256""]",RSA,2048,sha256WithRSAEncryption,TRUSTED,MATCH,1825
sim-medium-0264,272c7eea129a0472a972,ecdhe_cbc_compatible,synthetic_simulation,MEDIUM,True,True,TLSv1.2,"[""TLSv1.2"",""TLSv1.3""]","[""TLS_ECDHE_RSA_WITH_AES_256_CBC_SHA"",""TLS_ECDHE_RSA_WITH_AES_128_CBC_SHA"",""TLS_AES_128_GCM_SHA256""]",RSA,2048,sha256WithRSAEncryption,TRUSTED,MATCH,365
sim-medium-0265,16bf1272be258dc6672e,long_lived_certificate,synthetic_simulation,MEDIUM,True,True,TLSv1.2,"[""TLSv1.2"",""TLSv1.3""]","[""TLS_ECDHE_RSA_WITH_AES_128_GCM_SHA256"",""TLS_CHACHA20_POLY1305_SHA256"",""TLS_ECDHE_ECDSA_WITH_AES_128_GCM_SHA256""]",RSA,2048,sha256WithRSAEncryption,TRUSTED,MATCH,1095
sim-medium-0266,063802fe44c1c611a413,ecdhe_cbc_compatible,synthetic_simulation,MEDIUM,True,True,TLSv1.2,"[""TLSv1.2"",""TLSv1.3""]","[""TLS_ECDHE_RSA_WITH_AES_128_CBC_SHA"",""TLS_AES_128_GCM_SHA256"",""TLS_ECDHE_RSA_WITH_AES_128_GCM_SHA256""]",RSA,2048,sha256WithRSAEncryption,TRUSTED,MATCH,365
sim-medium-0267,e9d37410d5b34fa173a9,long_lived_certificate,synthetic_simulation,MEDIUM,True,True,TLSv1.2,"[""TLSv1.2"",""TLSv1.3""]","[""TLS_ECDHE_ECDSA_WITH_AES_128_GCM_SHA256"",""TLS_CHACHA20_POLY1305_SHA256"",""TLS_AES_128_GCM_SHA256""]",RSA,2048,sha256WithRSAEncryption,TRUSTED,MATCH,1825
sim-medium-0268,41949498ef2d60324f01,ecdhe_cbc_compatible,synthetic_simulation,MEDIUM,True,True,TLSv1.2,"[""TLSv1.2"",""TLSv1.3""]","[""TLS_AES_128_GCM_SHA256"",""TLS_ECDHE_RSA_WITH_AES_128_CBC_SHA"",""TLS_ECDHE_RSA_WITH_AES_256_CBC_SHA""]",RSA,2048,sha256WithRSAEncryption,TRUSTED,MATCH,365
sim-medium-0269,858a0db2633118c17c95,long_lived_certificate,synthetic_simulation,MEDIUM,True,True,TLSv1.2,"[""TLSv1.2"",""TLSv1.3""]","[""TLS_ECDHE_RSA_WITH_AES_128_GCM_SHA256"",""TLS_ECDHE_ECDSA_WITH_AES_128_GCM_SHA256"",""TLS_AES_128_GCM_SHA256""]",RSA,2048,sha256WithRSAEncryption,TRUSTED,MATCH,3650
sim-medium-0270,8837e50e6bab5d8fe494,ecdhe_cbc_compatible,synthetic_simulation,MEDIUM,True,True,TLSv1.2,"[""TLSv1.2"",""TLSv1.3""]","[""TLS_AES_128_GCM_SHA256"",""TLS_ECDHE_RSA_WITH_AES_256_CBC_SHA"",""TLS_ECDHE_RSA_WITH_AES_128_CBC_SHA""]",RSA,2048,sha256WithRSAEncryption,TRUSTED,MATCH,365
sim-medium-0271,06cc33b5afe69a58de14,long_lived_certificate,synthetic_simulation,MEDIUM,True,True,TLSv1.2,"[""TLSv1.2"",""TLSv1.3""]","[""TLS_ECDHE_RSA_WITH_AES_128_GCM_SHA256"",""TLS_CHACHA20_POLY1305_SHA256"",""TLS_ECDHE_ECDSA_WITH_AES_128_GCM_SHA256""]",RSA,2048,sha256WithRSAEncryption,TRUSTED,MATCH,1825
sim-medium-0272,d1f54a7daefddb6aac5f,ecdhe_cbc_compatible,synthetic_simulation,MEDIUM,True,True,TLSv1.2,"[""TLSv1.2"",""TLSv1.3""]","[""TLS_ECDHE_RSA_WITH_AES_128_CBC_SHA"",""TLS_AES_128_GCM_SHA256"",""TLS_ECDHE_RSA_WITH_AES_128_GCM_SHA256""]",RSA,2048,sha256WithRSAEncryption,TRUSTED,MATCH,398
sim-medium-0273,a4f663df1333feec73d2,long_lived_certificate,synthetic_simulation,MEDIUM,True,True,TLSv1.2,"[""TLSv1.2"",""TLSv1.3""]","[""TLS_ECDHE_RSA_WITH_AES_128_GCM_SHA256"",""TLS_AES_128_GCM_SHA256"",""TLS_ECDHE_ECDSA_WITH_AES_128_GCM_SHA256""]",RSA,2048,sha256WithRSAEncryption,TRUSTED,MATCH,1825
sim-medium-0274,d37c2a83d7b50efd6282,ecdhe_cbc_compatible,synthetic_simulation,MEDIUM,True,True,TLSv1.2,"[""TLSv1.2"",""TLSv1.3""]","[""TLS_ECDHE_RSA_WITH_AES_256_CBC_SHA"",""TLS_ECDHE_RSA_WITH_AES_128_CBC_SHA"",""TLS_ECDHE_RSA_WITH_AES_128_GCM_SHA256""]",RSA,2048,sha256WithRSAEncryption,TRUSTED,MATCH,730
sim-medium-0275,55e913807f1cf18085bb,long_lived_certificate,synthetic_simulation,MEDIUM,True,True,TLSv1.2,"[""TLSv1.2"",""TLSv1.3""]","[""TLS_CHACHA20_POLY1305_SHA256"",""TLS_ECDHE_RSA_WITH_AES_128_GCM_SHA256"",""TLS_AES_128_GCM_SHA256""]",RSA,2048,sha256WithRSAEncryption,TRUSTED,MATCH,1825
sim-medium-0276,301484425562c5c5837b,ecdhe_cbc_compatible,synthetic_simulation,MEDIUM,True,True,TLSv1.2,"[""TLSv1.2"",""TLSv1.3""]","[""TLS_ECDHE_RSA_WITH_AES_128_CBC_SHA"",""TLS_ECDHE_RSA_WITH_AES_256_CBC_SHA"",""TLS_AES_128_GCM_SHA256""]",RSA,2048,sha256WithRSAEncryption,TRUSTED,MATCH,365
sim-medium-0277,663d62c0d8eae5a298aa,long_lived_certificate,synthetic_simulation,MEDIUM,True,True,TLSv1.2,"[""TLSv1.2"",""TLSv1.3""]","[""TLS_CHACHA20_POLY1305_SHA256"",""TLS_ECDHE_ECDSA_WITH_AES_128_GCM_SHA256"",""TLS_AES_128_GCM_SHA256""]",RSA,2048,sha256WithRSAEncryption,TRUSTED,MATCH,1825
sim-medium-0278,c36eafcff341cdffad67,ecdhe_cbc_compatible,synthetic_simulation,MEDIUM,True,True,TLSv1.2,"[""TLSv1.2"",""TLSv1.3""]","[""TLS_ECDHE_RSA_WITH_AES_128_GCM_SHA256"",""TLS_ECDHE_RSA_WITH_AES_256_CBC_SHA"",""TLS_ECDHE_RSA_WITH_AES_128_CBC_SHA""]",RSA,2048,sha256WithRSAEncryption,TRUSTED,MATCH,365
sim-medium-0279,3c4999b38723c9870598,long_lived_certificate,synthetic_simulation,MEDIUM,True,True,TLSv1.2,"[""TLSv1.2"",""TLSv1.3""]","[""TLS_AES_128_GCM_SHA256"",""TLS_ECDHE_RSA_WITH_AES_128_GCM_SHA256"",""TLS_CHACHA20_POLY1305_SHA256""]",RSA,2048,sha256WithRSAEncryption,TRUSTED,MATCH,1095
sim-medium-0280,533e2926b891615c5758,ecdhe_cbc_compatible,synthetic_simulation,MEDIUM,True,True,TLSv1.2,"[""TLSv1.2"",""TLSv1.3""]","[""TLS_AES_128_GCM_SHA256"",""TLS_ECDHE_RSA_WITH_AES_256_CBC_SHA"",""TLS_ECDHE_RSA_WITH_AES_128_GCM_SHA256""]",RSA,2048,sha256WithRSAEncryption,TRUSTED,MATCH,730
sim-medium-0281,29d35fad4a1d4e2763d3,long_lived_certificate,synthetic_simulation,MEDIUM,True,True,TLSv1.2,"[""TLSv1.2"",""TLSv1.3""]","[""TLS_ECDHE_ECDSA_WITH_AES_128_GCM_SHA256"",""TLS_CHACHA20_POLY1305_SHA256"",""TLS_ECDHE_RSA_WITH_AES_128_GCM_SHA256""]",RSA,2048,sha256WithRSAEncryption,TRUSTED,MATCH,1825
sim-medium-0282,d22a50bb45214b270920,ecdhe_cbc_compatible,synthetic_simulation,MEDIUM,True,True,TLSv1.2,"[""TLSv1.2"",""TLSv1.3""]","[""TLS_ECDHE_RSA_WITH_AES_128_CBC_SHA"",""TLS_ECDHE_RSA_WITH_AES_256_CBC_SHA"",""TLS_AES_128_GCM_SHA256""]",RSA,2048,sha256WithRSAEncryption,TRUSTED,MATCH,398
sim-medium-0283,524f38aa05f34fb76659,long_lived_certificate,synthetic_simulation,MEDIUM,True,True,TLSv1.2,"[""TLSv1.2"",""TLSv1.3""]","[""TLS_ECDHE_ECDSA_WITH_AES_128_GCM_SHA256"",""TLS_ECDHE_RSA_WITH_AES_128_GCM_SHA256"",""TLS_AES_128_GCM_SHA256""]",RSA,2048,sha256WithRSAEncryption,TRUSTED,MATCH,3650
sim-medium-0284,189af0c4c8349c45db21,ecdhe_cbc_compatible,synthetic_simulation,MEDIUM,True,True,TLSv1.2,"[""TLSv1.2"",""TLSv1.3""]","[""TLS_ECDHE_RSA_WITH_AES_256_CBC_SHA"",""TLS_ECDHE_RSA_WITH_AES_128_GCM_SHA256"",""TLS_ECDHE_RSA_WITH_AES_128_CBC_SHA""]",RSA,2048,sha256WithRSAEncryption,TRUSTED,MATCH,730
sim-medium-0285,096990158a3c5826c7ab,long_lived_certificate,synthetic_simulation,MEDIUM,True,True,TLSv1.2,"[""TLSv1.2"",""TLSv1.3""]","[""TLS_ECDHE_RSA_WITH_AES_128_GCM_SHA256"",""TLS_AES_128_GCM_SHA256"",""TLS_CHACHA20_POLY1305_SHA256""]",RSA,2048,sha256WithRSAEncryption,TRUSTED,MATCH,3650
sim-medium-0286,47e0d4e8d8aef4dba12c,ecdhe_cbc_compatible,synthetic_simulation,MEDIUM,True,True,TLSv1.2,"[""TLSv1.2"",""TLSv1.3""]","[""TLS_AES_128_GCM_SHA256"",""TLS_ECDHE_RSA_WITH_AES_128_CBC_SHA"",""TLS_ECDHE_RSA_WITH_AES_128_GCM_SHA256""]",RSA,2048,sha256WithRSAEncryption,TRUSTED,MATCH,730
sim-medium-0287,80fd6f60c81f4d9deae4,long_lived_certificate,synthetic_simulation,MEDIUM,True,True,TLSv1.2,"[""TLSv1.2"",""TLSv1.3""]","[""TLS_AES_128_GCM_SHA256"",""TLS_ECDHE_ECDSA_WITH_AES_128_GCM_SHA256"",""TLS_ECDHE_RSA_WITH_AES_128_GCM_SHA256""]",RSA,2048,sha256WithRSAEncryption,TRUSTED,MATCH,3650
sim-medium-0288,07b245d4553247e008aa,ecdhe_cbc_compatible,synthetic_simulation,MEDIUM,True,True,TLSv1.2,"[""TLSv1.2"",""TLSv1.3""]","[""TLS_ECDHE_RSA_WITH_AES_256_CBC_SHA"",""TLS_ECDHE_RSA_WITH_AES_128_CBC_SHA"",""TLS_ECDHE_RSA_WITH_AES_128_GCM_SHA256""]",RSA,2048,sha256WithRSAEncryption,TRUSTED,MATCH,365
sim-medium-0289,ffb3beea7886cf678889,long_lived_certificate,synthetic_simulation,MEDIUM,True,True,TLSv1.2,"[""TLSv1.2"",""TLSv1.3""]","[""TLS_CHACHA20_POLY1305_SHA256"",""TLS_AES_128_GCM_SHA256"",""TLS_ECDHE_ECDSA_WITH_AES_128_GCM_SHA256""]",RSA,2048,sha256WithRSAEncryption,TRUSTED,MATCH,3650
sim-medium-0290,e1a151487aa56bab9f68,ecdhe_cbc_compatible,synthetic_simulation,MEDIUM,True,True,TLSv1.2,"[""TLSv1.2"",""TLSv1.3""]","[""TLS_AES_128_GCM_SHA256"",""TLS_ECDHE_RSA_WITH_AES_128_GCM_SHA256"",""TLS_ECDHE_RSA_WITH_AES_256_CBC_SHA""]",RSA,2048,sha256WithRSAEncryption,TRUSTED,MATCH,398
sim-medium-0291,81a5bae8ac8483f8c712,long_lived_certificate,synthetic_simulation,MEDIUM,True,True,TLSv1.2,"[""TLSv1.2"",""TLSv1.3""]","[""TLS_AES_128_GCM_SHA256"",""TLS_ECDHE_ECDSA_WITH_AES_128_GCM_SHA256"",""TLS_CHACHA20_POLY1305_SHA256""]",RSA,2048,sha256WithRSAEncryption,TRUSTED,MATCH,3650
sim-medium-0292,55c147e418b4f8844c44,ecdhe_cbc_compatible,synthetic_simulation,MEDIUM,True,True,TLSv1.2,"[""TLSv1.2"",""TLSv1.3""]","[""TLS_ECDHE_RSA_WITH_AES_128_GCM_SHA256"",""TLS_AES_128_GCM_SHA256"",""TLS_ECDHE_RSA_WITH_AES_256_CBC_SHA""]",RSA,2048,sha256WithRSAEncryption,TRUSTED,MATCH,398
sim-medium-0293,e9d37410d5b34fa173a9,long_lived_certificate,synthetic_simulation,MEDIUM,True,True,TLSv1.2,"[""TLSv1.2"",""TLSv1.3""]","[""TLS_ECDHE_ECDSA_WITH_AES_128_GCM_SHA256"",""TLS_CHACHA20_POLY1305_SHA256"",""TLS_AES_128_GCM_SHA256""]",RSA,2048,sha256WithRSAEncryption,TRUSTED,MATCH,1825
sim-medium-0294,8837e50e6bab5d8fe494,ecdhe_cbc_compatible,synthetic_simulation,MEDIUM,True,True,TLSv1.2,"[""TLSv1.2"",""TLSv1.3""]","[""TLS_AES_128_GCM_SHA256"",""TLS_ECDHE_RSA_WITH_AES_256_CBC_SHA"",""TLS_ECDHE_RSA_WITH_AES_128_CBC_SHA""]",RSA,2048,sha256WithRSAEncryption,TRUSTED,MATCH,365
sim-medium-0295,d74b049c398fa7bd8960,long_lived_certificate,synthetic_simulation,MEDIUM,True,True,TLSv1.2,"[""TLSv1.2"",""TLSv1.3""]","[""TLS_AES_128_GCM_SHA256"",""TLS_ECDHE_RSA_WITH_AES_128_GCM_SHA256"",""TLS_ECDHE_ECDSA_WITH_AES_128_GCM_SHA256""]",RSA,2048,sha256WithRSAEncryption,TRUSTED,MATCH,1095
sim-medium-0296,7037bc2a0772baf18b2f,ecdhe_cbc_compatible,synthetic_simulation,MEDIUM,True,True,TLSv1.2,"[""TLSv1.2"",""TLSv1.3""]","[""TLS_ECDHE_RSA_WITH_AES_128_GCM_SHA256"",""TLS_AES_128_GCM_SHA256"",""TLS_ECDHE_RSA_WITH_AES_256_CBC_SHA""]",RSA,2048,sha256WithRSAEncryption,TRUSTED,MATCH,730
sim-medium-0297,e24f9a79c06b39526c46,long_lived_certificate,synthetic_simulation,MEDIUM,True,True,TLSv1.2,"[""TLSv1.2"",""TLSv1.3""]","[""TLS_ECDHE_RSA_WITH_AES_128_GCM_SHA256"",""TLS_AES_128_GCM_SHA256"",""TLS_ECDHE_ECDSA_WITH_AES_128_GCM_SHA256""]",RSA,2048,sha256WithRSAEncryption,TRUSTED,MATCH,3650
sim-medium-0298,5856bd6dee9b628a997e,ecdhe_cbc_compatible,synthetic_simulation,MEDIUM,True,True,TLSv1.2,"[""TLSv1.2"",""TLSv1.3""]","[""TLS_ECDHE_RSA_WITH_AES_256_CBC_SHA"",""TLS_AES_128_GCM_SHA256"",""TLS_ECDHE_RSA_WITH_AES_128_GCM_SHA256""]",RSA,2048,sha256WithRSAEncryption,TRUSTED,MATCH,730
sim-medium-0299,663d62c0d8eae5a298aa,long_lived_certificate,synthetic_simulation,MEDIUM,True,True,TLSv1.2,"[""TLSv1.2"",""TLSv1.3""]","[""TLS_CHACHA20_POLY1305_SHA256"",""TLS_ECDHE_ECDSA_WITH_AES_128_GCM_SHA256"",""TLS_AES_128_GCM_SHA256""]",RSA,2048,sha256WithRSAEncryption,TRUSTED,MATCH,1825
sim-medium-0300,80ff64e45e6ff53a5ceb,ecdhe_cbc_compatible,synthetic_simulation,MEDIUM,True,True,TLSv1.2,"[""TLSv1.2"",""TLSv1.3""]","[""TLS_ECDHE_RSA_WITH_AES_256_CBC_SHA"",""TLS_ECDHE_RSA_WITH_AES_128_GCM_SHA256"",""TLS_AES_128_GCM_SHA256""]",RSA,2048,sha256WithRSAEncryption,TRUSTED,MATCH,730
sim-medium-0301,1ffe1dbcb5d8c9c03864,long_lived_certificate,synthetic_simulation,MEDIUM,True,True,TLSv1.2,"[""TLSv1.2"",""TLSv1.3""]","[""TLS_ECDHE_ECDSA_WITH_AES_128_GCM_SHA256"",""TLS_CHACHA20_POLY1305_SHA256"",""TLS_ECDHE_RSA_WITH_AES_128_GCM_SHA256""]",RSA,2048,sha256WithRSAEncryption,TRUSTED,MATCH,3650
sim-medium-0302,7ff580bf31e2e0886098,ecdhe_cbc_compatible,synthetic_simulation,MEDIUM,True,True,TLSv1.2,"[""TLSv1.2"",""TLSv1.3""]","[""TLS_ECDHE_RSA_WITH_AES_128_CBC_SHA"",""TLS_AES_128_GCM_SHA256"",""TLS_ECDHE_RSA_WITH_AES_128_GCM_SHA256""]",RSA,2048,sha256WithRSAEncryption,TRUSTED,MATCH,730
sim-medium-0303,7651df76be3ee857cc37,long_lived_certificate,synthetic_simulation,MEDIUM,True,True,TLSv1.2,"[""TLSv1.2"",""TLSv1.3""]","[""TLS_CHACHA20_POLY1305_SHA256"",""TLS_AES_128_GCM_SHA256"",""TLS_ECDHE_RSA_WITH_AES_128_GCM_SHA256""]",RSA,2048,sha256WithRSAEncryption,TRUSTED,MATCH,3650
sim-medium-0304,c36eafcff341cdffad67,ecdhe_cbc_compatible,synthetic_simulation,MEDIUM,True,True,TLSv1.2,"[""TLSv1.2"",""TLSv1.3""]","[""TLS_ECDHE_RSA_WITH_AES_128_GCM_SHA256"",""TLS_ECDHE_RSA_WITH_AES_256_CBC_SHA"",""TLS_ECDHE_RSA_WITH_AES_128_CBC_SHA""]",RSA,2048,sha256WithRSAEncryption,TRUSTED,MATCH,365
sim-medium-0305,0ea801198053e865cdf1,long_lived_certificate,synthetic_simulation,MEDIUM,True,True,TLSv1.2,"[""TLSv1.2"",""TLSv1.3""]","[""TLS_CHACHA20_POLY1305_SHA256"",""TLS_ECDHE_RSA_WITH_AES_128_GCM_SHA256"",""TLS_AES_128_GCM_SHA256""]",RSA,2048,sha256WithRSAEncryption,TRUSTED,MATCH,3650
sim-medium-0306,272c7eea129a0472a972,ecdhe_cbc_compatible,synthetic_simulation,MEDIUM,True,True,TLSv1.2,"[""TLSv1.2"",""TLSv1.3""]","[""TLS_ECDHE_RSA_WITH_AES_256_CBC_SHA"",""TLS_ECDHE_RSA_WITH_AES_128_CBC_SHA"",""TLS_AES_128_GCM_SHA256""]",RSA,2048,sha256WithRSAEncryption,TRUSTED,MATCH,365
sim-medium-0307,16bf1272be258dc6672e,long_lived_certificate,synthetic_simulation,MEDIUM,True,True,TLSv1.2,"[""TLSv1.2"",""TLSv1.3""]","[""TLS_ECDHE_RSA_WITH_AES_128_GCM_SHA256"",""TLS_CHACHA20_POLY1305_SHA256"",""TLS_ECDHE_ECDSA_WITH_AES_128_GCM_SHA256""]",RSA,2048,sha256WithRSAEncryption,TRUSTED,MATCH,1095
sim-medium-0308,8a86531239fda5f9edf0,ecdhe_cbc_compatible,synthetic_simulation,MEDIUM,True,True,TLSv1.2,"[""TLSv1.2"",""TLSv1.3""]","[""TLS_ECDHE_RSA_WITH_AES_128_GCM_SHA256"",""TLS_AES_128_GCM_SHA256"",""TLS_ECDHE_RSA_WITH_AES_256_CBC_SHA""]",RSA,2048,sha256WithRSAEncryption,TRUSTED,MATCH,365
sim-medium-0309,acf9acccf5d0f7540338,long_lived_certificate,synthetic_simulation,MEDIUM,True,True,TLSv1.2,"[""TLSv1.2"",""TLSv1.3""]","[""TLS_AES_128_GCM_SHA256"",""TLS_CHACHA20_POLY1305_SHA256"",""TLS_ECDHE_ECDSA_WITH_AES_128_GCM_SHA256""]",RSA,2048,sha256WithRSAEncryption,TRUSTED,MATCH,1825
sim-medium-0310,cc612d31a473ea692154,ecdhe_cbc_compatible,synthetic_simulation,MEDIUM,True,True,TLSv1.2,"[""TLSv1.2"",""TLSv1.3""]","[""TLS_ECDHE_RSA_WITH_AES_128_GCM_SHA256"",""TLS_ECDHE_RSA_WITH_AES_256_CBC_SHA"",""TLS_ECDHE_RSA_WITH_AES_128_CBC_SHA""]",RSA,2048,sha256WithRSAEncryption,TRUSTED,MATCH,730
sim-medium-0311,3c4999b38723c9870598,long_lived_certificate,synthetic_simulation,MEDIUM,True,True,TLSv1.2,"[""TLSv1.2"",""TLSv1.3""]","[""TLS_AES_128_GCM_SHA256"",""TLS_ECDHE_RSA_WITH_AES_128_GCM_SHA256"",""TLS_CHACHA20_POLY1305_SHA256""]",RSA,2048,sha256WithRSAEncryption,TRUSTED,MATCH,1095
sim-medium-0312,d1f54a7daefddb6aac5f,ecdhe_cbc_compatible,synthetic_simulation,MEDIUM,True,True,TLSv1.2,"[""TLSv1.2"",""TLSv1.3""]","[""TLS_ECDHE_RSA_WITH_AES_128_CBC_SHA"",""TLS_AES_128_GCM_SHA256"",""TLS_ECDHE_RSA_WITH_AES_128_GCM_SHA256""]",RSA,2048,sha256WithRSAEncryption,TRUSTED,MATCH,398
sim-medium-0313,4bb870b8bf1dadcf4197,long_lived_certificate,synthetic_simulation,MEDIUM,True,True,TLSv1.2,"[""TLSv1.2"",""TLSv1.3""]","[""TLS_ECDHE_RSA_WITH_AES_128_GCM_SHA256"",""TLS_ECDHE_ECDSA_WITH_AES_128_GCM_SHA256"",""TLS_CHACHA20_POLY1305_SHA256""]",RSA,2048,sha256WithRSAEncryption,TRUSTED,MATCH,1825
sim-medium-0314,301484425562c5c5837b,ecdhe_cbc_compatible,synthetic_simulation,MEDIUM,True,True,TLSv1.2,"[""TLSv1.2"",""TLSv1.3""]","[""TLS_ECDHE_RSA_WITH_AES_128_CBC_SHA"",""TLS_ECDHE_RSA_WITH_AES_256_CBC_SHA"",""TLS_AES_128_GCM_SHA256""]",RSA,2048,sha256WithRSAEncryption,TRUSTED,MATCH,365
sim-medium-0315,1c9f026b4cea72c92747,long_lived_certificate,synthetic_simulation,MEDIUM,True,True,TLSv1.2,"[""TLSv1.2"",""TLSv1.3""]","[""TLS_ECDHE_RSA_WITH_AES_128_GCM_SHA256"",""TLS_ECDHE_ECDSA_WITH_AES_128_GCM_SHA256"",""TLS_CHACHA20_POLY1305_SHA256""]",RSA,2048,sha256WithRSAEncryption,TRUSTED,MATCH,3650
sim-medium-0316,a270d8c9430dba340685,ecdhe_cbc_compatible,synthetic_simulation,MEDIUM,True,True,TLSv1.2,"[""TLSv1.2"",""TLSv1.3""]","[""TLS_ECDHE_RSA_WITH_AES_128_CBC_SHA"",""TLS_AES_128_GCM_SHA256"",""TLS_ECDHE_RSA_WITH_AES_256_CBC_SHA""]",RSA,2048,sha256WithRSAEncryption,TRUSTED,MATCH,398
sim-medium-0317,16bf1272be258dc6672e,long_lived_certificate,synthetic_simulation,MEDIUM,True,True,TLSv1.2,"[""TLSv1.2"",""TLSv1.3""]","[""TLS_ECDHE_RSA_WITH_AES_128_GCM_SHA256"",""TLS_CHACHA20_POLY1305_SHA256"",""TLS_ECDHE_ECDSA_WITH_AES_128_GCM_SHA256""]",RSA,2048,sha256WithRSAEncryption,TRUSTED,MATCH,1095
sim-medium-0318,d95027d4f5d8ef173b33,ecdhe_cbc_compatible,synthetic_simulation,MEDIUM,True,True,TLSv1.2,"[""TLSv1.2"",""TLSv1.3""]","[""TLS_ECDHE_RSA_WITH_AES_128_CBC_SHA"",""TLS_AES_128_GCM_SHA256"",""TLS_ECDHE_RSA_WITH_AES_256_CBC_SHA""]",RSA,2048,sha256WithRSAEncryption,TRUSTED,MATCH,730
sim-medium-0319,096990158a3c5826c7ab,long_lived_certificate,synthetic_simulation,MEDIUM,True,True,TLSv1.2,"[""TLSv1.2"",""TLSv1.3""]","[""TLS_ECDHE_RSA_WITH_AES_128_GCM_SHA256"",""TLS_AES_128_GCM_SHA256"",""TLS_CHACHA20_POLY1305_SHA256""]",RSA,2048,sha256WithRSAEncryption,TRUSTED,MATCH,3650
sim-medium-0320,d1f54a7daefddb6aac5f,ecdhe_cbc_compatible,synthetic_simulation,MEDIUM,True,True,TLSv1.2,"[""TLSv1.2"",""TLSv1.3""]","[""TLS_ECDHE_RSA_WITH_AES_128_CBC_SHA"",""TLS_AES_128_GCM_SHA256"",""TLS_ECDHE_RSA_WITH_AES_128_GCM_SHA256""]",RSA,2048,sha256WithRSAEncryption,TRUSTED,MATCH,398
sim-medium-0321,4bb870b8bf1dadcf4197,long_lived_certificate,synthetic_simulation,MEDIUM,True,True,TLSv1.2,"[""TLSv1.2"",""TLSv1.3""]","[""TLS_ECDHE_RSA_WITH_AES_128_GCM_SHA256"",""TLS_ECDHE_ECDSA_WITH_AES_128_GCM_SHA256"",""TLS_CHACHA20_POLY1305_SHA256""]",RSA,2048,sha256WithRSAEncryption,TRUSTED,MATCH,1825
sim-medium-0322,55c147e418b4f8844c44,ecdhe_cbc_compatible,synthetic_simulation,MEDIUM,True,True,TLSv1.2,"[""TLSv1.2"",""TLSv1.3""]","[""TLS_ECDHE_RSA_WITH_AES_128_GCM_SHA256"",""TLS_AES_128_GCM_SHA256"",""TLS_ECDHE_RSA_WITH_AES_256_CBC_SHA""]",RSA,2048,sha256WithRSAEncryption,TRUSTED,MATCH,398
sim-medium-0323,b88c5aa36864d35cdfc6,long_lived_certificate,synthetic_simulation,MEDIUM,True,True,TLSv1.2,"[""TLSv1.2"",""TLSv1.3""]","[""TLS_AES_128_GCM_SHA256"",""TLS_CHACHA20_POLY1305_SHA256"",""TLS_ECDHE_ECDSA_WITH_AES_128_GCM_SHA256""]",RSA,2048,sha256WithRSAEncryption,TRUSTED,MATCH,1095
sim-medium-0324,6d088d5300309bb34203,ecdhe_cbc_compatible,synthetic_simulation,MEDIUM,True,True,TLSv1.2,"[""TLSv1.2"",""TLSv1.3""]","[""TLS_ECDHE_RSA_WITH_AES_128_GCM_SHA256"",""TLS_ECDHE_RSA_WITH_AES_256_CBC_SHA"",""TLS_AES_128_GCM_SHA256""]",RSA,2048,sha256WithRSAEncryption,TRUSTED,MATCH,730
sim-medium-0325,81a5bae8ac8483f8c712,long_lived_certificate,synthetic_simulation,MEDIUM,True,True,TLSv1.2,"[""TLSv1.2"",""TLSv1.3""]","[""TLS_AES_128_GCM_SHA256"",""TLS_ECDHE_ECDSA_WITH_AES_128_GCM_SHA256"",""TLS_CHACHA20_POLY1305_SHA256""]",RSA,2048,sha256WithRSAEncryption,TRUSTED,MATCH,3650
sim-medium-0326,18786cf87345246dcbf0,ecdhe_cbc_compatible,synthetic_simulation,MEDIUM,True,True,TLSv1.2,"[""TLSv1.2"",""TLSv1.3""]","[""TLS_AES_128_GCM_SHA256"",""TLS_ECDHE_RSA_WITH_AES_256_CBC_SHA"",""TLS_ECDHE_RSA_WITH_AES_128_GCM_SHA256""]",RSA,2048,sha256WithRSAEncryption,TRUSTED,MATCH,398
sim-medium-0327,663d62c0d8eae5a298aa,long_lived_certificate,synthetic_simulation,MEDIUM,True,True,TLSv1.2,"[""TLSv1.2"",""TLSv1.3""]","[""TLS_CHACHA20_POLY1305_SHA256"",""TLS_ECDHE_ECDSA_WITH_AES_128_GCM_SHA256"",""TLS_AES_128_GCM_SHA256""]",RSA,2048,sha256WithRSAEncryption,TRUSTED,MATCH,1825
sim-medium-0328,e1a151487aa56bab9f68,ecdhe_cbc_compatible,synthetic_simulation,MEDIUM,True,True,TLSv1.2,"[""TLSv1.2"",""TLSv1.3""]","[""TLS_AES_128_GCM_SHA256"",""TLS_ECDHE_RSA_WITH_AES_128_GCM_SHA256"",""TLS_ECDHE_RSA_WITH_AES_256_CBC_SHA""]",RSA,2048,sha256WithRSAEncryption,TRUSTED,MATCH,398
sim-medium-0329,e24f9a79c06b39526c46,long_lived_certificate,synthetic_simulation,MEDIUM,True,True,TLSv1.2,"[""TLSv1.2"",""TLSv1.3""]","[""TLS_ECDHE_RSA_WITH_AES_128_GCM_SHA256"",""TLS_AES_128_GCM_SHA256"",""TLS_ECDHE_ECDSA_WITH_AES_128_GCM_SHA256""]",RSA,2048,sha256WithRSAEncryption,TRUSTED,MATCH,3650
sim-medium-0330,de78055b0ce42637c3b7,ecdhe_cbc_compatible,synthetic_simulation,MEDIUM,True,True,TLSv1.2,"[""TLSv1.2"",""TLSv1.3""]","[""TLS_ECDHE_RSA_WITH_AES_128_CBC_SHA"",""TLS_ECDHE_RSA_WITH_AES_256_CBC_SHA"",""TLS_ECDHE_RSA_WITH_AES_128_GCM_SHA256""]",RSA,2048,sha256WithRSAEncryption,TRUSTED,MATCH,398
sim-medium-0331,3d60c5edf795d03402c3,long_lived_certificate,synthetic_simulation,MEDIUM,True,True,TLSv1.2,"[""TLSv1.2"",""TLSv1.3""]","[""TLS_ECDHE_ECDSA_WITH_AES_128_GCM_SHA256"",""TLS_CHACHA20_POLY1305_SHA256"",""TLS_AES_128_GCM_SHA256""]",RSA,2048,sha256WithRSAEncryption,TRUSTED,MATCH,1095
sim-medium-0332,4141dc12ffbee8aaf6a0,ecdhe_cbc_compatible,synthetic_simulation,MEDIUM,True,True,TLSv1.2,"[""TLSv1.2"",""TLSv1.3""]","[""TLS_ECDHE_RSA_WITH_AES_128_GCM_SHA256"",""TLS_ECDHE_RSA_WITH_AES_128_CBC_SHA"",""TLS_AES_128_GCM_SHA256""]",RSA,2048,sha256WithRSAEncryption,TRUSTED,MATCH,730
sim-medium-0333,aae676e33d495f40604d,long_lived_certificate,synthetic_simulation,MEDIUM,True,True,TLSv1.2,"[""TLSv1.2"",""TLSv1.3""]","[""TLS_AES_128_GCM_SHA256"",""TLS_ECDHE_ECDSA_WITH_AES_128_GCM_SHA256"",""TLS_CHACHA20_POLY1305_SHA256""]",RSA,2048,sha256WithRSAEncryption,TRUSTED,MATCH,1825
sim-medium-0334,87df13fe4f547dfcf774,ecdhe_cbc_compatible,synthetic_simulation,MEDIUM,True,True,TLSv1.2,"[""TLSv1.2"",""TLSv1.3""]","[""TLS_ECDHE_RSA_WITH_AES_128_GCM_SHA256"",""TLS_AES_128_GCM_SHA256"",""TLS_ECDHE_RSA_WITH_AES_128_CBC_SHA""]",RSA,2048,sha256WithRSAEncryption,TRUSTED,MATCH,398
sim-medium-0335,aae676e33d495f40604d,long_lived_certificate,synthetic_simulation,MEDIUM,True,True,TLSv1.2,"[""TLSv1.2"",""TLSv1.3""]","[""TLS_AES_128_GCM_SHA256"",""TLS_ECDHE_ECDSA_WITH_AES_128_GCM_SHA256"",""TLS_CHACHA20_POLY1305_SHA256""]",RSA,2048,sha256WithRSAEncryption,TRUSTED,MATCH,1825
sim-medium-0336,1b7c782008e9a0275b92,ecdhe_cbc_compatible,synthetic_simulation,MEDIUM,True,True,TLSv1.2,"[""TLSv1.2"",""TLSv1.3""]","[""TLS_ECDHE_RSA_WITH_AES_256_CBC_SHA"",""TLS_AES_128_GCM_SHA256"",""TLS_ECDHE_RSA_WITH_AES_128_GCM_SHA256""]",RSA,2048,sha256WithRSAEncryption,TRUSTED,MATCH,365
sim-medium-0337,6528d628794faaa861ed,long_lived_certificate,synthetic_simulation,MEDIUM,True,True,TLSv1.2,"[""TLSv1.2"",""TLSv1.3""]","[""TLS_CHACHA20_POLY1305_SHA256"",""TLS_ECDHE_RSA_WITH_AES_128_GCM_SHA256"",""TLS_ECDHE_ECDSA_WITH_AES_128_GCM_SHA256""]",RSA,2048,sha256WithRSAEncryption,TRUSTED,MATCH,1825
sim-medium-0338,b8dc866e551593dd5b8b,ecdhe_cbc_compatible,synthetic_simulation,MEDIUM,True,True,TLSv1.2,"[""TLSv1.2"",""TLSv1.3""]","[""TLS_AES_128_GCM_SHA256"",""TLS_ECDHE_RSA_WITH_AES_256_CBC_SHA"",""TLS_ECDHE_RSA_WITH_AES_128_CBC_SHA""]",RSA,2048,sha256WithRSAEncryption,TRUSTED,MATCH,730
sim-medium-0339,9ab91f3816bc4c5732df,long_lived_certificate,synthetic_simulation,MEDIUM,True,True,TLSv1.2,"[""TLSv1.2"",""TLSv1.3""]","[""TLS_AES_128_GCM_SHA256"",""TLS_CHACHA20_POLY1305_SHA256"",""TLS_ECDHE_RSA_WITH_AES_128_GCM_SHA256""]",RSA,2048,sha256WithRSAEncryption,TRUSTED,MATCH,3650
sim-medium-0340,301484425562c5c5837b,ecdhe_cbc_compatible,synthetic_simulation,MEDIUM,True,True,TLSv1.2,"[""TLSv1.2"",""TLSv1.3""]","[""TLS_ECDHE_RSA_WITH_AES_128_CBC_SHA"",""TLS_ECDHE_RSA_WITH_AES_256_CBC_SHA"",""TLS_AES_128_GCM_SHA256""]",RSA,2048,sha256WithRSAEncryption,TRUSTED,MATCH,365
sim-medium-0341,80fd6f60c81f4d9deae4,long_lived_certificate,synthetic_simulation,MEDIUM,True,True,TLSv1.2,"[""TLSv1.2"",""TLSv1.3""]","[""TLS_AES_128_GCM_SHA256"",""TLS_ECDHE_ECDSA_WITH_AES_128_GCM_SHA256"",""TLS_ECDHE_RSA_WITH_AES_128_GCM_SHA256""]",RSA,2048,sha256WithRSAEncryption,TRUSTED,MATCH,3650
sim-medium-0342,533e2926b891615c5758,ecdhe_cbc_compatible,synthetic_simulation,MEDIUM,True,True,TLSv1.2,"[""TLSv1.2"",""TLSv1.3""]","[""TLS_AES_128_GCM_SHA256"",""TLS_ECDHE_RSA_WITH_AES_256_CBC_SHA"",""TLS_ECDHE_RSA_WITH_AES_128_GCM_SHA256""]",RSA,2048,sha256WithRSAEncryption,TRUSTED,MATCH,730
sim-medium-0343,4668a557b29ac5bbf944,long_lived_certificate,synthetic_simulation,MEDIUM,True,True,TLSv1.2,"[""TLSv1.2"",""TLSv1.3""]","[""TLS_CHACHA20_POLY1305_SHA256"",""TLS_AES_128_GCM_SHA256"",""TLS_ECDHE_RSA_WITH_AES_128_GCM_SHA256""]",RSA,2048,sha256WithRSAEncryption,TRUSTED,MATCH,1095
sim-medium-0344,7d251c96008745281d27,ecdhe_cbc_compatible,synthetic_simulation,MEDIUM,True,True,TLSv1.2,"[""TLSv1.2"",""TLSv1.3""]","[""TLS_AES_128_GCM_SHA256"",""TLS_ECDHE_RSA_WITH_AES_128_GCM_SHA256"",""TLS_ECDHE_RSA_WITH_AES_256_CBC_SHA""]",RSA,2048,sha256WithRSAEncryption,TRUSTED,MATCH,730
sim-medium-0345,acf9acccf5d0f7540338,long_lived_certificate,synthetic_simulation,MEDIUM,True,True,TLSv1.2,"[""TLSv1.2"",""TLSv1.3""]","[""TLS_AES_128_GCM_SHA256"",""TLS_CHACHA20_POLY1305_SHA256"",""TLS_ECDHE_ECDSA_WITH_AES_128_GCM_SHA256""]",RSA,2048,sha256WithRSAEncryption,TRUSTED,MATCH,1825
sim-medium-0346,180e9ffc9098799c8ceb,ecdhe_cbc_compatible,synthetic_simulation,MEDIUM,True,True,TLSv1.2,"[""TLSv1.2"",""TLSv1.3""]","[""TLS_AES_128_GCM_SHA256"",""TLS_ECDHE_RSA_WITH_AES_128_CBC_SHA"",""TLS_ECDHE_RSA_WITH_AES_256_CBC_SHA""]",RSA,2048,sha256WithRSAEncryption,TRUSTED,MATCH,398
sim-medium-0347,16bf1272be258dc6672e,long_lived_certificate,synthetic_simulation,MEDIUM,True,True,TLSv1.2,"[""TLSv1.2"",""TLSv1.3""]","[""TLS_ECDHE_RSA_WITH_AES_128_GCM_SHA256"",""TLS_CHACHA20_POLY1305_SHA256"",""TLS_ECDHE_ECDSA_WITH_AES_128_GCM_SHA256""]",RSA,2048,sha256WithRSAEncryption,TRUSTED,MATCH,1095
sim-medium-0348,7d251c96008745281d27,ecdhe_cbc_compatible,synthetic_simulation,MEDIUM,True,True,TLSv1.2,"[""TLSv1.2"",""TLSv1.3""]","[""TLS_AES_128_GCM_SHA256"",""TLS_ECDHE_RSA_WITH_AES_128_GCM_SHA256"",""TLS_ECDHE_RSA_WITH_AES_256_CBC_SHA""]",RSA,2048,sha256WithRSAEncryption,TRUSTED,MATCH,730
sim-medium-0349,85e7ed5beb6008640a6c,long_lived_certificate,synthetic_simulation,MEDIUM,True,True,TLSv1.2,"[""TLSv1.2"",""TLSv1.3""]","[""TLS_ECDHE_ECDSA_WITH_AES_128_GCM_SHA256"",""TLS_AES_128_GCM_SHA256"",""TLS_CHACHA20_POLY1305_SHA256""]",RSA,2048,sha256WithRSAEncryption,TRUSTED,MATCH,3650
sim-medium-0350,821296d5fa178a13f58c,ecdhe_cbc_compatible,synthetic_simulation,MEDIUM,True,True,TLSv1.2,"[""TLSv1.2"",""TLSv1.3""]","[""TLS_ECDHE_RSA_WITH_AES_256_CBC_SHA"",""TLS_ECDHE_RSA_WITH_AES_128_GCM_SHA256"",""TLS_ECDHE_RSA_WITH_AES_128_CBC_SHA""]",RSA,2048,sha256WithRSAEncryption,TRUSTED,MATCH,398
sim-medium-0351,9840f5f0c999da1c0281,long_lived_certificate,synthetic_simulation,MEDIUM,True,True,TLSv1.2,"[""TLSv1.2"",""TLSv1.3""]","[""TLS_ECDHE_ECDSA_WITH_AES_128_GCM_SHA256"",""TLS_CHACHA20_POLY1305_SHA256"",""TLS_AES_128_GCM_SHA256""]",RSA,2048,sha256WithRSAEncryption,TRUSTED,MATCH,3650
sim-medium-0352,6d088d5300309bb34203,ecdhe_cbc_compatible,synthetic_simulation,MEDIUM,True,True,TLSv1.2,"[""TLSv1.2"",""TLSv1.3""]","[""TLS_ECDHE_RSA_WITH_AES_128_GCM_SHA256"",""TLS_ECDHE_RSA_WITH_AES_256_CBC_SHA"",""TLS_AES_128_GCM_SHA256""]",RSA,2048,sha256WithRSAEncryption,TRUSTED,MATCH,730
sim-medium-0353,acf9acccf5d0f7540338,long_lived_certificate,synthetic_simulation,MEDIUM,True,True,TLSv1.2,"[""TLSv1.2"",""TLSv1.3""]","[""TLS_AES_128_GCM_SHA256"",""TLS_CHACHA20_POLY1305_SHA256"",""TLS_ECDHE_ECDSA_WITH_AES_128_GCM_SHA256""]",RSA,2048,sha256WithRSAEncryption,TRUSTED,MATCH,1825
sim-medium-0354,e1a151487aa56bab9f68,ecdhe_cbc_compatible,synthetic_simulation,MEDIUM,True,True,TLSv1.2,"[""TLSv1.2"",""TLSv1.3""]","[""TLS_AES_128_GCM_SHA256"",""TLS_ECDHE_RSA_WITH_AES_128_GCM_SHA256"",""TLS_ECDHE_RSA_WITH_AES_256_CBC_SHA""]",RSA,2048,sha256WithRSAEncryption,TRUSTED,MATCH,398
sim-medium-0355,8224b4ac347b43e711ea,long_lived_certificate,synthetic_simulation,MEDIUM,True,True,TLSv1.2,"[""TLSv1.2"",""TLSv1.3""]","[""TLS_AES_128_GCM_SHA256"",""TLS_ECDHE_ECDSA_WITH_AES_128_GCM_SHA256"",""TLS_CHACHA20_POLY1305_SHA256""]",RSA,2048,sha256WithRSAEncryption,TRUSTED,MATCH,1095
sim-medium-0356,c71a77d10e7c8418833c,ecdhe_cbc_compatible,synthetic_simulation,MEDIUM,True,True,TLSv1.2,"[""TLSv1.2"",""TLSv1.3""]","[""TLS_ECDHE_RSA_WITH_AES_256_CBC_SHA"",""TLS_ECDHE_RSA_WITH_AES_128_CBC_SHA"",""TLS_AES_128_GCM_SHA256""]",RSA,2048,sha256WithRSAEncryption,TRUSTED,MATCH,398
sim-medium-0357,f9dd4249272a2c9ea8f7,long_lived_certificate,synthetic_simulation,MEDIUM,True,True,TLSv1.2,"[""TLSv1.2"",""TLSv1.3""]","[""TLS_ECDHE_RSA_WITH_AES_128_GCM_SHA256"",""TLS_CHACHA20_POLY1305_SHA256"",""TLS_AES_128_GCM_SHA256""]",RSA,2048,sha256WithRSAEncryption,TRUSTED,MATCH,3650
sim-medium-0358,7ff580bf31e2e0886098,ecdhe_cbc_compatible,synthetic_simulation,MEDIUM,True,True,TLSv1.2,"[""TLSv1.2"",""TLSv1.3""]","[""TLS_ECDHE_RSA_WITH_AES_128_CBC_SHA"",""TLS_AES_128_GCM_SHA256"",""TLS_ECDHE_RSA_WITH_AES_128_GCM_SHA256""]",RSA,2048,sha256WithRSAEncryption,TRUSTED,MATCH,730
sim-medium-0359,aeda5565b0c87fad0ca6,long_lived_certificate,synthetic_simulation,MEDIUM,True,True,TLSv1.2,"[""TLSv1.2"",""TLSv1.3""]","[""TLS_ECDHE_ECDSA_WITH_AES_128_GCM_SHA256"",""TLS_ECDHE_RSA_WITH_AES_128_GCM_SHA256"",""TLS_AES_128_GCM_SHA256""]",RSA,2048,sha256WithRSAEncryption,TRUSTED,MATCH,1095
sim-medium-0360,7037bc2a0772baf18b2f,ecdhe_cbc_compatible,synthetic_simulation,MEDIUM,True,True,TLSv1.2,"[""TLSv1.2"",""TLSv1.3""]","[""TLS_ECDHE_RSA_WITH_AES_128_GCM_SHA256"",""TLS_AES_128_GCM_SHA256"",""TLS_ECDHE_RSA_WITH_AES_256_CBC_SHA""]",RSA,2048,sha256WithRSAEncryption,TRUSTED,MATCH,730
sim-medium-0361,2f8bd02b2d4312ff8f23,long_lived_certificate,synthetic_simulation,MEDIUM,True,True,TLSv1.2,"[""TLSv1.2"",""TLSv1.3""]","[""TLS_CHACHA20_POLY1305_SHA256"",""TLS_ECDHE_RSA_WITH_AES_128_GCM_SHA256"",""TLS_AES_128_GCM_SHA256""]",RSA,2048,sha256WithRSAEncryption,TRUSTED,MATCH,1095
sim-medium-0362,55c147e418b4f8844c44,ecdhe_cbc_compatible,synthetic_simulation,MEDIUM,True,True,TLSv1.2,"[""TLSv1.2"",""TLSv1.3""]","[""TLS_ECDHE_RSA_WITH_AES_128_GCM_SHA256"",""TLS_AES_128_GCM_SHA256"",""TLS_ECDHE_RSA_WITH_AES_256_CBC_SHA""]",RSA,2048,sha256WithRSAEncryption,TRUSTED,MATCH,398
sim-medium-0363,06cc33b5afe69a58de14,long_lived_certificate,synthetic_simulation,MEDIUM,True,True,TLSv1.2,"[""TLSv1.2"",""TLSv1.3""]","[""TLS_ECDHE_RSA_WITH_AES_128_GCM_SHA256"",""TLS_CHACHA20_POLY1305_SHA256"",""TLS_ECDHE_ECDSA_WITH_AES_128_GCM_SHA256""]",RSA,2048,sha256WithRSAEncryption,TRUSTED,MATCH,1825
sim-medium-0364,8bd18a063ab59060d95c,ecdhe_cbc_compatible,synthetic_simulation,MEDIUM,True,True,TLSv1.2,"[""TLSv1.2"",""TLSv1.3""]","[""TLS_ECDHE_RSA_WITH_AES_128_GCM_SHA256"",""TLS_ECDHE_RSA_WITH_AES_128_CBC_SHA"",""TLS_AES_128_GCM_SHA256""]",RSA,2048,sha256WithRSAEncryption,TRUSTED,MATCH,398
sim-medium-0365,c6cde9617d69cb77033d,long_lived_certificate,synthetic_simulation,MEDIUM,True,True,TLSv1.2,"[""TLSv1.2"",""TLSv1.3""]","[""TLS_AES_128_GCM_SHA256"",""TLS_CHACHA20_POLY1305_SHA256"",""TLS_ECDHE_ECDSA_WITH_AES_128_GCM_SHA256""]",RSA,2048,sha256WithRSAEncryption,TRUSTED,MATCH,3650
sim-medium-0366,7037bc2a0772baf18b2f,ecdhe_cbc_compatible,synthetic_simulation,MEDIUM,True,True,TLSv1.2,"[""TLSv1.2"",""TLSv1.3""]","[""TLS_ECDHE_RSA_WITH_AES_128_GCM_SHA256"",""TLS_AES_128_GCM_SHA256"",""TLS_ECDHE_RSA_WITH_AES_256_CBC_SHA""]",RSA,2048,sha256WithRSAEncryption,TRUSTED,MATCH,730
sim-medium-0367,3d7dd19843a6f3e7ec73,long_lived_certificate,synthetic_simulation,MEDIUM,True,True,TLSv1.2,"[""TLSv1.2"",""TLSv1.3""]","[""TLS_ECDHE_ECDSA_WITH_AES_128_GCM_SHA256"",""TLS_CHACHA20_POLY1305_SHA256"",""TLS_ECDHE_RSA_WITH_AES_128_GCM_SHA256""]",RSA,2048,sha256WithRSAEncryption,TRUSTED,MATCH,1095
sim-medium-0368,6d088d5300309bb34203,ecdhe_cbc_compatible,synthetic_simulation,MEDIUM,True,True,TLSv1.2,"[""TLSv1.2"",""TLSv1.3""]","[""TLS_ECDHE_RSA_WITH_AES_128_GCM_SHA256"",""TLS_ECDHE_RSA_WITH_AES_256_CBC_SHA"",""TLS_AES_128_GCM_SHA256""]",RSA,2048,sha256WithRSAEncryption,TRUSTED,MATCH,730
sim-medium-0369,35838d4011c240ee1de1,long_lived_certificate,synthetic_simulation,MEDIUM,True,True,TLSv1.2,"[""TLSv1.2"",""TLSv1.3""]","[""TLS_ECDHE_ECDSA_WITH_AES_128_GCM_SHA256"",""TLS_AES_128_GCM_SHA256"",""TLS_CHACHA20_POLY1305_SHA256""]",RSA,2048,sha256WithRSAEncryption,TRUSTED,MATCH,1825
sim-medium-0370,f7a5768a79c3670aed05,ecdhe_cbc_compatible,synthetic_simulation,MEDIUM,True,True,TLSv1.2,"[""TLSv1.2"",""TLSv1.3""]","[""TLS_AES_128_GCM_SHA256"",""TLS_ECDHE_RSA_WITH_AES_128_CBC_SHA"",""TLS_ECDHE_RSA_WITH_AES_256_CBC_SHA""]",RSA,2048,sha256WithRSAEncryption,TRUSTED,MATCH,730
sim-medium-0371,ced8e2b87b4a2a9d2ba5,long_lived_certificate,synthetic_simulation,MEDIUM,True,True,TLSv1.2,"[""TLSv1.2"",""TLSv1.3""]","[""TLS_AES_128_GCM_SHA256"",""TLS_ECDHE_RSA_WITH_AES_128_GCM_SHA256"",""TLS_ECDHE_ECDSA_WITH_AES_128_GCM_SHA256""]",RSA,2048,sha256WithRSAEncryption,TRUSTED,MATCH,3650
sim-medium-0372,180e9ffc9098799c8ceb,ecdhe_cbc_compatible,synthetic_simulation,MEDIUM,True,True,TLSv1.2,"[""TLSv1.2"",""TLSv1.3""]","[""TLS_AES_128_GCM_SHA256"",""TLS_ECDHE_RSA_WITH_AES_128_CBC_SHA"",""TLS_ECDHE_RSA_WITH_AES_256_CBC_SHA""]",RSA,2048,sha256WithRSAEncryption,TRUSTED,MATCH,398
sim-medium-0373,68ec5f8e18dd8ed7c438,long_lived_certificate,synthetic_simulation,MEDIUM,True,True,TLSv1.2,"[""TLSv1.2"",""TLSv1.3""]","[""TLS_CHACHA20_POLY1305_SHA256"",""TLS_ECDHE_ECDSA_WITH_AES_128_GCM_SHA256"",""TLS_AES_128_GCM_SHA256""]",RSA,2048,sha256WithRSAEncryption,TRUSTED,MATCH,3650
sim-medium-0374,99ec420790cbbda7f6a9,ecdhe_cbc_compatible,synthetic_simulation,MEDIUM,True,True,TLSv1.2,"[""TLSv1.2"",""TLSv1.3""]","[""TLS_ECDHE_RSA_WITH_AES_128_CBC_SHA"",""TLS_ECDHE_RSA_WITH_AES_256_CBC_SHA"",""TLS_AES_128_GCM_SHA256""]",RSA,2048,sha256WithRSAEncryption,TRUSTED,MATCH,730
sim-medium-0375,b8d3aaad859244544925,long_lived_certificate,synthetic_simulation,MEDIUM,True,True,TLSv1.2,"[""TLSv1.2"",""TLSv1.3""]","[""TLS_AES_128_GCM_SHA256"",""TLS_ECDHE_ECDSA_WITH_AES_128_GCM_SHA256"",""TLS_ECDHE_RSA_WITH_AES_128_GCM_SHA256""]",RSA,2048,sha256WithRSAEncryption,TRUSTED,MATCH,1825
sim-medium-0376,5856bd6dee9b628a997e,ecdhe_cbc_compatible,synthetic_simulation,MEDIUM,True,True,TLSv1.2,"[""TLSv1.2"",""TLSv1.3""]","[""TLS_ECDHE_RSA_WITH_AES_256_CBC_SHA"",""TLS_AES_128_GCM_SHA256"",""TLS_ECDHE_RSA_WITH_AES_128_GCM_SHA256""]",RSA,2048,sha256WithRSAEncryption,TRUSTED,MATCH,730
sim-medium-0377,b8d3aaad859244544925,long_lived_certificate,synthetic_simulation,MEDIUM,True,True,TLSv1.2,"[""TLSv1.2"",""TLSv1.3""]","[""TLS_AES_128_GCM_SHA256"",""TLS_ECDHE_ECDSA_WITH_AES_128_GCM_SHA256"",""TLS_ECDHE_RSA_WITH_AES_128_GCM_SHA256""]",RSA,2048,sha256WithRSAEncryption,TRUSTED,MATCH,1825
sim-medium-0378,8837e50e6bab5d8fe494,ecdhe_cbc_compatible,synthetic_simulation,MEDIUM,True,True,TLSv1.2,"[""TLSv1.2"",""TLSv1.3""]","[""TLS_AES_128_GCM_SHA256"",""TLS_ECDHE_RSA_WITH_AES_256_CBC_SHA"",""TLS_ECDHE_RSA_WITH_AES_128_CBC_SHA""]",RSA,2048,sha256WithRSAEncryption,TRUSTED,MATCH,365
sim-medium-0379,bea77be95704e5c548dd,long_lived_certificate,synthetic_simulation,MEDIUM,True,True,TLSv1.2,"[""TLSv1.2"",""TLSv1.3""]","[""TLS_AES_128_GCM_SHA256"",""TLS_ECDHE_RSA_WITH_AES_128_GCM_SHA256"",""TLS_CHACHA20_POLY1305_SHA256""]",RSA,2048,sha256WithRSAEncryption,TRUSTED,MATCH,1825
sim-medium-0380,47e0d4e8d8aef4dba12c,ecdhe_cbc_compatible,synthetic_simulation,MEDIUM,True,True,TLSv1.2,"[""TLSv1.2"",""TLSv1.3""]","[""TLS_AES_128_GCM_SHA256"",""TLS_ECDHE_RSA_WITH_AES_128_CBC_SHA"",""TLS_ECDHE_RSA_WITH_AES_128_GCM_SHA256""]",RSA,2048,sha256WithRSAEncryption,TRUSTED,MATCH,730
sim-medium-0381,dc629082b789adbb9fe3,long_lived_certificate,synthetic_simulation,MEDIUM,True,True,TLSv1.2,"[""TLSv1.2"",""TLSv1.3""]","[""TLS_CHACHA20_POLY1305_SHA256"",""TLS_AES_128_GCM_SHA256"",""TLS_ECDHE_RSA_WITH_AES_128_GCM_SHA256""]",RSA,2048,sha256WithRSAEncryption,TRUSTED,MATCH,1825
sim-medium-0382,cc612d31a473ea692154,ecdhe_cbc_compatible,synthetic_simulation,MEDIUM,True,True,TLSv1.2,"[""TLSv1.2"",""TLSv1.3""]","[""TLS_ECDHE_RSA_WITH_AES_128_GCM_SHA256"",""TLS_ECDHE_RSA_WITH_AES_256_CBC_SHA"",""TLS_ECDHE_RSA_WITH_AES_128_CBC_SHA""]",RSA,2048,sha256WithRSAEncryption,TRUSTED,MATCH,730
sim-medium-0383,c6cde9617d69cb77033d,long_lived_certificate,synthetic_simulation,MEDIUM,True,True,TLSv1.2,"[""TLSv1.2"",""TLSv1.3""]","[""TLS_AES_128_GCM_SHA256"",""TLS_CHACHA20_POLY1305_SHA256"",""TLS_ECDHE_ECDSA_WITH_AES_128_GCM_SHA256""]",RSA,2048,sha256WithRSAEncryption,TRUSTED,MATCH,3650
sim-medium-0384,a325730580bddc00ce37,ecdhe_cbc_compatible,synthetic_simulation,MEDIUM,True,True,TLSv1.2,"[""TLSv1.2"",""TLSv1.3""]","[""TLS_ECDHE_RSA_WITH_AES_128_GCM_SHA256"",""TLS_ECDHE_RSA_WITH_AES_128_CBC_SHA"",""TLS_AES_128_GCM_SHA256""]",RSA,2048,sha256WithRSAEncryption,TRUSTED,MATCH,365
sim-medium-0385,f9dd4249272a2c9ea8f7,long_lived_certificate,synthetic_simulation,MEDIUM,True,True,TLSv1.2,"[""TLSv1.2"",""TLSv1.3""]","[""TLS_ECDHE_RSA_WITH_AES_128_GCM_SHA256"",""TLS_CHACHA20_POLY1305_SHA256"",""TLS_AES_128_GCM_SHA256""]",RSA,2048,sha256WithRSAEncryption,TRUSTED,MATCH,3650
sim-medium-0386,87df13fe4f547dfcf774,ecdhe_cbc_compatible,synthetic_simulation,MEDIUM,True,True,TLSv1.2,"[""TLSv1.2"",""TLSv1.3""]","[""TLS_ECDHE_RSA_WITH_AES_128_GCM_SHA256"",""TLS_AES_128_GCM_SHA256"",""TLS_ECDHE_RSA_WITH_AES_128_CBC_SHA""]",RSA,2048,sha256WithRSAEncryption,TRUSTED,MATCH,398
sim-medium-0387,524f38aa05f34fb76659,long_lived_certificate,synthetic_simulation,MEDIUM,True,True,TLSv1.2,"[""TLSv1.2"",""TLSv1.3""]","[""TLS_ECDHE_ECDSA_WITH_AES_128_GCM_SHA256"",""TLS_ECDHE_RSA_WITH_AES_128_GCM_SHA256"",""TLS_AES_128_GCM_SHA256""]",RSA,2048,sha256WithRSAEncryption,TRUSTED,MATCH,3650
sim-medium-0388,272c7eea129a0472a972,ecdhe_cbc_compatible,synthetic_simulation,MEDIUM,True,True,TLSv1.2,"[""TLSv1.2"",""TLSv1.3""]","[""TLS_ECDHE_RSA_WITH_AES_256_CBC_SHA"",""TLS_ECDHE_RSA_WITH_AES_128_CBC_SHA"",""TLS_AES_128_GCM_SHA256""]",RSA,2048,sha256WithRSAEncryption,TRUSTED,MATCH,365
sim-medium-0389,c4c9977863407f4a3578,long_lived_certificate,synthetic_simulation,MEDIUM,True,True,TLSv1.2,"[""TLSv1.2"",""TLSv1.3""]","[""TLS_CHACHA20_POLY1305_SHA256"",""TLS_ECDHE_ECDSA_WITH_AES_128_GCM_SHA256"",""TLS_ECDHE_RSA_WITH_AES_128_GCM_SHA256""]",RSA,2048,sha256WithRSAEncryption,TRUSTED,MATCH,3650
sim-medium-0390,cd6f26ea216de7290052,ecdhe_cbc_compatible,synthetic_simulation,MEDIUM,True,True,TLSv1.2,"[""TLSv1.2"",""TLSv1.3""]","[""TLS_ECDHE_RSA_WITH_AES_256_CBC_SHA"",""TLS_ECDHE_RSA_WITH_AES_128_GCM_SHA256"",""TLS_AES_128_GCM_SHA256""]",RSA,2048,sha256WithRSAEncryption,TRUSTED,MATCH,398
sim-medium-0391,6a4339fa83aaa2ca7e2a,long_lived_certificate,synthetic_simulation,MEDIUM,True,True,TLSv1.2,"[""TLSv1.2"",""TLSv1.3""]","[""TLS_ECDHE_RSA_WITH_AES_128_GCM_SHA256"",""TLS_AES_128_GCM_SHA256"",""TLS_CHACHA20_POLY1305_SHA256""]",RSA,2048,sha256WithRSAEncryption,TRUSTED,MATCH,1095
sim-medium-0392,9fc25b114ed2e865338c,ecdhe_cbc_compatible,synthetic_simulation,MEDIUM,True,True,TLSv1.2,"[""TLSv1.2"",""TLSv1.3""]","[""TLS_AES_128_GCM_SHA256"",""TLS_ECDHE_RSA_WITH_AES_128_CBC_SHA"",""TLS_ECDHE_RSA_WITH_AES_128_GCM_SHA256""]",RSA,2048,sha256WithRSAEncryption,TRUSTED,MATCH,365
sim-medium-0393,3c4999b38723c9870598,long_lived_certificate,synthetic_simulation,MEDIUM,True,True,TLSv1.2,"[""TLSv1.2"",""TLSv1.3""]","[""TLS_AES_128_GCM_SHA256"",""TLS_ECDHE_RSA_WITH_AES_128_GCM_SHA256"",""TLS_CHACHA20_POLY1305_SHA256""]",RSA,2048,sha256WithRSAEncryption,TRUSTED,MATCH,1095
sim-medium-0394,b8dc866e551593dd5b8b,ecdhe_cbc_compatible,synthetic_simulation,MEDIUM,True,True,TLSv1.2,"[""TLSv1.2"",""TLSv1.3""]","[""TLS_AES_128_GCM_SHA256"",""TLS_ECDHE_RSA_WITH_AES_256_CBC_SHA"",""TLS_ECDHE_RSA_WITH_AES_128_CBC_SHA""]",RSA,2048,sha256WithRSAEncryption,TRUSTED,MATCH,730
sim-medium-0395,6528d628794faaa861ed,long_lived_certificate,synthetic_simulation,MEDIUM,True,True,TLSv1.2,"[""TLSv1.2"",""TLSv1.3""]","[""TLS_CHACHA20_POLY1305_SHA256"",""TLS_ECDHE_RSA_WITH_AES_128_GCM_SHA256"",""TLS_ECDHE_ECDSA_WITH_AES_128_GCM_SHA256""]",RSA,2048,sha256WithRSAEncryption,TRUSTED,MATCH,1825
sim-medium-0396,d742ed68204287c81077,ecdhe_cbc_compatible,synthetic_simulation,MEDIUM,True,True,TLSv1.2,"[""TLSv1.2"",""TLSv1.3""]","[""TLS_AES_128_GCM_SHA256"",""TLS_ECDHE_RSA_WITH_AES_256_CBC_SHA"",""TLS_ECDHE_RSA_WITH_AES_128_CBC_SHA""]",RSA,2048,sha256WithRSAEncryption,TRUSTED,MATCH,398
sim-medium-0397,001384782e09e3b8effd,long_lived_certificate,synthetic_simulation,MEDIUM,True,True,TLSv1.2,"[""TLSv1.2"",""TLSv1.3""]","[""TLS_ECDHE_ECDSA_WITH_AES_128_GCM_SHA256"",""TLS_AES_128_GCM_SHA256"",""TLS_ECDHE_RSA_WITH_AES_128_GCM_SHA256""]",RSA,2048,sha256WithRSAEncryption,TRUSTED,MATCH,1095
sim-medium-0398,8a86531239fda5f9edf0,ecdhe_cbc_compatible,synthetic_simulation,MEDIUM,True,True,TLSv1.2,"[""TLSv1.2"",""TLSv1.3""]","[""TLS_ECDHE_RSA_WITH_AES_128_GCM_SHA256"",""TLS_AES_128_GCM_SHA256"",""TLS_ECDHE_RSA_WITH_AES_256_CBC_SHA""]",RSA,2048,sha256WithRSAEncryption,TRUSTED,MATCH,365
sim-medium-0399,c6cde9617d69cb77033d,long_lived_certificate,synthetic_simulation,MEDIUM,True,True,TLSv1.2,"[""TLSv1.2"",""TLSv1.3""]","[""TLS_AES_128_GCM_SHA256"",""TLS_CHACHA20_POLY1305_SHA256"",""TLS_ECDHE_ECDSA_WITH_AES_128_GCM_SHA256""]",RSA,2048,sha256WithRSAEncryption,TRUSTED,MATCH,3650
sim-medium-0400,6d088d5300309bb34203,ecdhe_cbc_compatible,synthetic_simulation,MEDIUM,True,True,TLSv1.2,"[""TLSv1.2"",""TLSv1.3""]","[""TLS_ECDHE_RSA_WITH_AES_128_GCM_SHA256"",""TLS_ECDHE_RSA_WITH_AES_256_CBC_SHA"",""TLS_AES_128_GCM_SHA256""]",RSA,2048,sha256WithRSAEncryption,TRUSTED,MATCH,730
sim-medium-0401,7f322b1d39b6195aa7d9,long_lived_certificate,synthetic_simulation,MEDIUM,True,True,TLSv1.2,"[""TLSv1.2"",""TLSv1.3""]","[""TLS_ECDHE_ECDSA_WITH_AES_128_GCM_SHA256"",""TLS_ECDHE_RSA_WITH_AES_128_GCM_SHA256"",""TLS_CHACHA20_POLY1305_SHA256""]",RSA,2048,sha256WithRSAEncryption,TRUSTED,MATCH,1825
sim-medium-0402,55c147e418b4f8844c44,ecdhe_cbc_compatible,synthetic_simulation,MEDIUM,True,True,TLSv1.2,"[""TLSv1.2"",""TLSv1.3""]","[""TLS_ECDHE_RSA_WITH_AES_128_GCM_SHA256"",""TLS_AES_128_GCM_SHA256"",""TLS_ECDHE_RSA_WITH_AES_256_CBC_SHA""]",RSA,2048,sha256WithRSAEncryption,TRUSTED,MATCH,398
sim-medium-0403,858a0db2633118c17c95,long_lived_certificate,synthetic_simulation,MEDIUM,True,True,TLSv1.2,"[""TLSv1.2"",""TLSv1.3""]","[""TLS_ECDHE_RSA_WITH_AES_128_GCM_SHA256"",""TLS_ECDHE_ECDSA_WITH_AES_128_GCM_SHA256"",""TLS_AES_128_GCM_SHA256""]",RSA,2048,sha256WithRSAEncryption,TRUSTED,MATCH,3650
sim-medium-0404,e1a151487aa56bab9f68,ecdhe_cbc_compatible,synthetic_simulation,MEDIUM,True,True,TLSv1.2,"[""TLSv1.2"",""TLSv1.3""]","[""TLS_AES_128_GCM_SHA256"",""TLS_ECDHE_RSA_WITH_AES_128_GCM_SHA256"",""TLS_ECDHE_RSA_WITH_AES_256_CBC_SHA""]",RSA,2048,sha256WithRSAEncryption,TRUSTED,MATCH,398
sim-medium-0405,f9dd4249272a2c9ea8f7,long_lived_certificate,synthetic_simulation,MEDIUM,True,True,TLSv1.2,"[""TLSv1.2"",""TLSv1.3""]","[""TLS_ECDHE_RSA_WITH_AES_128_GCM_SHA256"",""TLS_CHACHA20_POLY1305_SHA256"",""TLS_AES_128_GCM_SHA256""]",RSA,2048,sha256WithRSAEncryption,TRUSTED,MATCH,3650
sim-medium-0406,6d088d5300309bb34203,ecdhe_cbc_compatible,synthetic_simulation,MEDIUM,True,True,TLSv1.2,"[""TLSv1.2"",""TLSv1.3""]","[""TLS_ECDHE_RSA_WITH_AES_128_GCM_SHA256"",""TLS_ECDHE_RSA_WITH_AES_256_CBC_SHA"",""TLS_AES_128_GCM_SHA256""]",RSA,2048,sha256WithRSAEncryption,TRUSTED,MATCH,730
sim-medium-0407,001384782e09e3b8effd,long_lived_certificate,synthetic_simulation,MEDIUM,True,True,TLSv1.2,"[""TLSv1.2"",""TLSv1.3""]","[""TLS_ECDHE_ECDSA_WITH_AES_128_GCM_SHA256"",""TLS_AES_128_GCM_SHA256"",""TLS_ECDHE_RSA_WITH_AES_128_GCM_SHA256""]",RSA,2048,sha256WithRSAEncryption,TRUSTED,MATCH,1095
sim-medium-0408,af421ae4def111e40232,ecdhe_cbc_compatible,synthetic_simulation,MEDIUM,True,True,TLSv1.2,"[""TLSv1.2"",""TLSv1.3""]","[""TLS_ECDHE_RSA_WITH_AES_128_CBC_SHA"",""TLS_ECDHE_RSA_WITH_AES_128_GCM_SHA256"",""TLS_ECDHE_RSA_WITH_AES_256_CBC_SHA""]",RSA,2048,sha256WithRSAEncryption,TRUSTED,MATCH,365
sim-medium-0409,dc629082b789adbb9fe3,long_lived_certificate,synthetic_simulation,MEDIUM,True,True,TLSv1.2,"[""TLSv1.2"",""TLSv1.3""]","[""TLS_CHACHA20_POLY1305_SHA256"",""TLS_AES_128_GCM_SHA256"",""TLS_ECDHE_RSA_WITH_AES_128_GCM_SHA256""]",RSA,2048,sha256WithRSAEncryption,TRUSTED,MATCH,1825
sim-medium-0410,cbfdc6e96c9bd6fbfe24,ecdhe_cbc_compatible,synthetic_simulation,MEDIUM,True,True,TLSv1.2,"[""TLSv1.2"",""TLSv1.3""]","[""TLS_AES_128_GCM_SHA256"",""TLS_ECDHE_RSA_WITH_AES_256_CBC_SHA"",""TLS_ECDHE_RSA_WITH_AES_128_GCM_SHA256""]",RSA,2048,sha256WithRSAEncryption,TRUSTED,MATCH,365
sim-medium-0411,b96bda7b42340c588eba,long_lived_certificate,synthetic_simulation,MEDIUM,True,True,TLSv1.2,"[""TLSv1.2"",""TLSv1.3""]","[""TLS_CHACHA20_POLY1305_SHA256"",""TLS_ECDHE_RSA_WITH_AES_128_GCM_SHA256"",""TLS_ECDHE_ECDSA_WITH_AES_128_GCM_SHA256""]",RSA,2048,sha256WithRSAEncryption,TRUSTED,MATCH,1095
sim-medium-0412,7d251c96008745281d27,ecdhe_cbc_compatible,synthetic_simulation,MEDIUM,True,True,TLSv1.2,"[""TLSv1.2"",""TLSv1.3""]","[""TLS_AES_128_GCM_SHA256"",""TLS_ECDHE_RSA_WITH_AES_128_GCM_SHA256"",""TLS_ECDHE_RSA_WITH_AES_256_CBC_SHA""]",RSA,2048,sha256WithRSAEncryption,TRUSTED,MATCH,730
sim-medium-0413,001384782e09e3b8effd,long_lived_certificate,synthetic_simulation,MEDIUM,True,True,TLSv1.2,"[""TLSv1.2"",""TLSv1.3""]","[""TLS_ECDHE_ECDSA_WITH_AES_128_GCM_SHA256"",""TLS_AES_128_GCM_SHA256"",""TLS_ECDHE_RSA_WITH_AES_128_GCM_SHA256""]",RSA,2048,sha256WithRSAEncryption,TRUSTED,MATCH,1095
sim-medium-0414,52e84f8a9a59529d159f,ecdhe_cbc_compatible,synthetic_simulation,MEDIUM,True,True,TLSv1.2,"[""TLSv1.2"",""TLSv1.3""]","[""TLS_AES_128_GCM_SHA256"",""TLS_ECDHE_RSA_WITH_AES_128_GCM_SHA256"",""TLS_ECDHE_RSA_WITH_AES_256_CBC_SHA""]",RSA,2048,sha256WithRSAEncryption,TRUSTED,MATCH,365
sim-medium-0415,aae676e33d495f40604d,long_lived_certificate,synthetic_simulation,MEDIUM,True,True,TLSv1.2,"[""TLSv1.2"",""TLSv1.3""]","[""TLS_AES_128_GCM_SHA256"",""TLS_ECDHE_ECDSA_WITH_AES_128_GCM_SHA256"",""TLS_CHACHA20_POLY1305_SHA256""]",RSA,2048,sha256WithRSAEncryption,TRUSTED,MATCH,1825
sim-medium-0416,f52e6ecb3dcfe428f42b,ecdhe_cbc_compatible,synthetic_simulation,MEDIUM,True,True,TLSv1.2,"[""TLSv1.2"",""TLSv1.3""]","[""TLS_ECDHE_RSA_WITH_AES_128_CBC_SHA"",""TLS_ECDHE_RSA_WITH_AES_128_GCM_SHA256"",""TLS_AES_128_GCM_SHA256""]",RSA,2048,sha256WithRSAEncryption,TRUSTED,MATCH,730
sim-medium-0417,1c9f026b4cea72c92747,long_lived_certificate,synthetic_simulation,MEDIUM,True,True,TLSv1.2,"[""TLSv1.2"",""TLSv1.3""]","[""TLS_ECDHE_RSA_WITH_AES_128_GCM_SHA256"",""TLS_ECDHE_ECDSA_WITH_AES_128_GCM_SHA256"",""TLS_CHACHA20_POLY1305_SHA256""]",RSA,2048,sha256WithRSAEncryption,TRUSTED,MATCH,3650
sim-medium-0418,52e84f8a9a59529d159f,ecdhe_cbc_compatible,synthetic_simulation,MEDIUM,True,True,TLSv1.2,"[""TLSv1.2"",""TLSv1.3""]","[""TLS_AES_128_GCM_SHA256"",""TLS_ECDHE_RSA_WITH_AES_128_GCM_SHA256"",""TLS_ECDHE_RSA_WITH_AES_256_CBC_SHA""]",RSA,2048,sha256WithRSAEncryption,TRUSTED,MATCH,365
sim-medium-0419,06cc33b5afe69a58de14,long_lived_certificate,synthetic_simulation,MEDIUM,True,True,TLSv1.2,"[""TLSv1.2"",""TLSv1.3""]","[""TLS_ECDHE_RSA_WITH_AES_128_GCM_SHA256"",""TLS_CHACHA20_POLY1305_SHA256"",""TLS_ECDHE_ECDSA_WITH_AES_128_GCM_SHA256""]",RSA,2048,sha256WithRSAEncryption,TRUSTED,MATCH,1825
sim-medium-0420,52e84f8a9a59529d159f,ecdhe_cbc_compatible,synthetic_simulation,MEDIUM,True,True,TLSv1.2,"[""TLSv1.2"",""TLSv1.3""]","[""TLS_AES_128_GCM_SHA256"",""TLS_ECDHE_RSA_WITH_AES_128_GCM_SHA256"",""TLS_ECDHE_RSA_WITH_AES_256_CBC_SHA""]",RSA,2048,sha256WithRSAEncryption,TRUSTED,MATCH,365
sim-medium-0421,e94c8ae9d84363e0f5f7,long_lived_certificate,synthetic_simulation,MEDIUM,True,True,TLSv1.2,"[""TLSv1.2"",""TLSv1.3""]","[""TLS_ECDHE_ECDSA_WITH_AES_128_GCM_SHA256"",""TLS_AES_128_GCM_SHA256"",""TLS_CHACHA20_POLY1305_SHA256""]",RSA,2048,sha256WithRSAEncryption,TRUSTED,MATCH,1095
sim-medium-0422,7ff580bf31e2e0886098,ecdhe_cbc_compatible,synthetic_simulation,MEDIUM,True,True,TLSv1.2,"[""TLSv1.2"",""TLSv1.3""]","[""TLS_ECDHE_RSA_WITH_AES_128_CBC_SHA"",""TLS_AES_128_GCM_SHA256"",""TLS_ECDHE_RSA_WITH_AES_128_GCM_SHA256""]",RSA,2048,sha256WithRSAEncryption,TRUSTED,MATCH,730
sim-medium-0423,2d623342e1d7400e4baa,long_lived_certificate,synthetic_simulation,MEDIUM,True,True,TLSv1.2,"[""TLSv1.2"",""TLSv1.3""]","[""TLS_CHACHA20_POLY1305_SHA256"",""TLS_AES_128_GCM_SHA256"",""TLS_ECDHE_ECDSA_WITH_AES_128_GCM_SHA256""]",RSA,2048,sha256WithRSAEncryption,TRUSTED,MATCH,1825
sim-medium-0424,b068abbae3dc8e74692c,ecdhe_cbc_compatible,synthetic_simulation,MEDIUM,True,True,TLSv1.2,"[""TLSv1.2"",""TLSv1.3""]","[""TLS_ECDHE_RSA_WITH_AES_256_CBC_SHA"",""TLS_ECDHE_RSA_WITH_AES_128_GCM_SHA256"",""TLS_AES_128_GCM_SHA256""]",RSA,2048,sha256WithRSAEncryption,TRUSTED,MATCH,365
sim-medium-0425,55e913807f1cf18085bb,long_lived_certificate,synthetic_simulation,MEDIUM,True,True,TLSv1.2,"[""TLSv1.2"",""TLSv1.3""]","[""TLS_CHACHA20_POLY1305_SHA256"",""TLS_ECDHE_RSA_WITH_AES_128_GCM_SHA256"",""TLS_AES_128_GCM_SHA256""]",RSA,2048,sha256WithRSAEncryption,TRUSTED,MATCH,1825
sim-medium-0426,b9eaca636516c1373361,ecdhe_cbc_compatible,synthetic_simulation,MEDIUM,True,True,TLSv1.2,"[""TLSv1.2"",""TLSv1.3""]","[""TLS_ECDHE_RSA_WITH_AES_128_GCM_SHA256"",""TLS_ECDHE_RSA_WITH_AES_128_CBC_SHA"",""TLS_ECDHE_RSA_WITH_AES_256_CBC_SHA""]",RSA,2048,sha256WithRSAEncryption,TRUSTED,MATCH,398
sim-medium-0427,c47297d56d0002b07c27,long_lived_certificate,synthetic_simulation,MEDIUM,True,True,TLSv1.2,"[""TLSv1.2"",""TLSv1.3""]","[""TLS_ECDHE_ECDSA_WITH_AES_128_GCM_SHA256"",""TLS_ECDHE_RSA_WITH_AES_128_GCM_SHA256"",""TLS_AES_128_GCM_SHA256""]",RSA,2048,sha256WithRSAEncryption,TRUSTED,MATCH,1825
sim-medium-0428,7d251c96008745281d27,ecdhe_cbc_compatible,synthetic_simulation,MEDIUM,True,True,TLSv1.2,"[""TLSv1.2"",""TLSv1.3""]","[""TLS_AES_128_GCM_SHA256"",""TLS_ECDHE_RSA_WITH_AES_128_GCM_SHA256"",""TLS_ECDHE_RSA_WITH_AES_256_CBC_SHA""]",RSA,2048,sha256WithRSAEncryption,TRUSTED,MATCH,730
sim-medium-0429,e24f9a79c06b39526c46,long_lived_certificate,synthetic_simulation,MEDIUM,True,True,TLSv1.2,"[""TLSv1.2"",""TLSv1.3""]","[""TLS_ECDHE_RSA_WITH_AES_128_GCM_SHA256"",""TLS_AES_128_GCM_SHA256"",""TLS_ECDHE_ECDSA_WITH_AES_128_GCM_SHA256""]",RSA,2048,sha256WithRSAEncryption,TRUSTED,MATCH,3650
sim-medium-0430,07c150906c002265a425,ecdhe_cbc_compatible,synthetic_simulation,MEDIUM,True,True,TLSv1.2,"[""TLSv1.2"",""TLSv1.3""]","[""TLS_ECDHE_RSA_WITH_AES_128_GCM_SHA256"",""TLS_AES_128_GCM_SHA256"",""TLS_ECDHE_RSA_WITH_AES_128_CBC_SHA""]",RSA,2048,sha256WithRSAEncryption,TRUSTED,MATCH,730
sim-medium-0431,dde63a04061f08283a9d,long_lived_certificate,synthetic_simulation,MEDIUM,True,True,TLSv1.2,"[""TLSv1.2"",""TLSv1.3""]","[""TLS_ECDHE_ECDSA_WITH_AES_128_GCM_SHA256"",""TLS_ECDHE_RSA_WITH_AES_128_GCM_SHA256"",""TLS_CHACHA20_POLY1305_SHA256""]",RSA,2048,sha256WithRSAEncryption,TRUSTED,MATCH,1095
sim-medium-0432,c36eafcff341cdffad67,ecdhe_cbc_compatible,synthetic_simulation,MEDIUM,True,True,TLSv1.2,"[""TLSv1.2"",""TLSv1.3""]","[""TLS_ECDHE_RSA_WITH_AES_128_GCM_SHA256"",""TLS_ECDHE_RSA_WITH_AES_256_CBC_SHA"",""TLS_ECDHE_RSA_WITH_AES_128_CBC_SHA""]",RSA,2048,sha256WithRSAEncryption,TRUSTED,MATCH,365
sim-medium-0433,858a0db2633118c17c95,long_lived_certificate,synthetic_simulation,MEDIUM,True,True,TLSv1.2,"[""TLSv1.2"",""TLSv1.3""]","[""TLS_ECDHE_RSA_WITH_AES_128_GCM_SHA256"",""TLS_ECDHE_ECDSA_WITH_AES_128_GCM_SHA256"",""TLS_AES_128_GCM_SHA256""]",RSA,2048,sha256WithRSAEncryption,TRUSTED,MATCH,3650
sim-medium-0434,f7a5768a79c3670aed05,ecdhe_cbc_compatible,synthetic_simulation,MEDIUM,True,True,TLSv1.2,"[""TLSv1.2"",""TLSv1.3""]","[""TLS_AES_128_GCM_SHA256"",""TLS_ECDHE_RSA_WITH_AES_128_CBC_SHA"",""TLS_ECDHE_RSA_WITH_AES_256_CBC_SHA""]",RSA,2048,sha256WithRSAEncryption,TRUSTED,MATCH,730
sim-medium-0435,11b0335776ff3165f14a,long_lived_certificate,synthetic_simulation,MEDIUM,True,True,TLSv1.2,"[""TLSv1.2"",""TLSv1.3""]","[""TLS_ECDHE_RSA_WITH_AES_128_GCM_SHA256"",""TLS_ECDHE_ECDSA_WITH_AES_128_GCM_SHA256"",""TLS_CHACHA20_POLY1305_SHA256""]",RSA,2048,sha256WithRSAEncryption,TRUSTED,MATCH,1095
sim-medium-0436,189af0c4c8349c45db21,ecdhe_cbc_compatible,synthetic_simulation,MEDIUM,True,True,TLSv1.2,"[""TLSv1.2"",""TLSv1.3""]","[""TLS_ECDHE_RSA_WITH_AES_256_CBC_SHA"",""TLS_ECDHE_RSA_WITH_AES_128_GCM_SHA256"",""TLS_ECDHE_RSA_WITH_AES_128_CBC_SHA""]",RSA,2048,sha256WithRSAEncryption,TRUSTED,MATCH,730
sim-medium-0437,acf9acccf5d0f7540338,long_lived_certificate,synthetic_simulation,MEDIUM,True,True,TLSv1.2,"[""TLSv1.2"",""TLSv1.3""]","[""TLS_AES_128_GCM_SHA256"",""TLS_CHACHA20_POLY1305_SHA256"",""TLS_ECDHE_ECDSA_WITH_AES_128_GCM_SHA256""]",RSA,2048,sha256WithRSAEncryption,TRUSTED,MATCH,1825
sim-medium-0438,e1a151487aa56bab9f68,ecdhe_cbc_compatible,synthetic_simulation,MEDIUM,True,True,TLSv1.2,"[""TLSv1.2"",""TLSv1.3""]","[""TLS_AES_128_GCM_SHA256"",""TLS_ECDHE_RSA_WITH_AES_128_GCM_SHA256"",""TLS_ECDHE_RSA_WITH_AES_256_CBC_SHA""]",RSA,2048,sha256WithRSAEncryption,TRUSTED,MATCH,398
sim-medium-0439,9ab91f3816bc4c5732df,long_lived_certificate,synthetic_simulation,MEDIUM,True,True,TLSv1.2,"[""TLSv1.2"",""TLSv1.3""]","[""TLS_AES_128_GCM_SHA256"",""TLS_CHACHA20_POLY1305_SHA256"",""TLS_ECDHE_RSA_WITH_AES_128_GCM_SHA256""]",RSA,2048,sha256WithRSAEncryption,TRUSTED,MATCH,3650
sim-medium-0440,533e2926b891615c5758,ecdhe_cbc_compatible,synthetic_simulation,MEDIUM,True,True,TLSv1.2,"[""TLSv1.2"",""TLSv1.3""]","[""TLS_AES_128_GCM_SHA256"",""TLS_ECDHE_RSA_WITH_AES_256_CBC_SHA"",""TLS_ECDHE_RSA_WITH_AES_128_GCM_SHA256""]",RSA,2048,sha256WithRSAEncryption,TRUSTED,MATCH,730
sim-medium-0441,53a8be894aa39002d55c,long_lived_certificate,synthetic_simulation,MEDIUM,True,True,TLSv1.2,"[""TLSv1.2"",""TLSv1.3""]","[""TLS_AES_128_GCM_SHA256"",""TLS_ECDHE_RSA_WITH_AES_128_GCM_SHA256"",""TLS_ECDHE_ECDSA_WITH_AES_128_GCM_SHA256""]",RSA,2048,sha256WithRSAEncryption,TRUSTED,MATCH,1825
sim-medium-0442,063802fe44c1c611a413,ecdhe_cbc_compatible,synthetic_simulation,MEDIUM,True,True,TLSv1.2,"[""TLSv1.2"",""TLSv1.3""]","[""TLS_ECDHE_RSA_WITH_AES_128_CBC_SHA"",""TLS_AES_128_GCM_SHA256"",""TLS_ECDHE_RSA_WITH_AES_128_GCM_SHA256""]",RSA,2048,sha256WithRSAEncryption,TRUSTED,MATCH,365
sim-medium-0443,663d62c0d8eae5a298aa,long_lived_certificate,synthetic_simulation,MEDIUM,True,True,TLSv1.2,"[""TLSv1.2"",""TLSv1.3""]","[""TLS_CHACHA20_POLY1305_SHA256"",""TLS_ECDHE_ECDSA_WITH_AES_128_GCM_SHA256"",""TLS_AES_128_GCM_SHA256""]",RSA,2048,sha256WithRSAEncryption,TRUSTED,MATCH,1825
sim-medium-0444,cc612d31a473ea692154,ecdhe_cbc_compatible,synthetic_simulation,MEDIUM,True,True,TLSv1.2,"[""TLSv1.2"",""TLSv1.3""]","[""TLS_ECDHE_RSA_WITH_AES_128_GCM_SHA256"",""TLS_ECDHE_RSA_WITH_AES_256_CBC_SHA"",""TLS_ECDHE_RSA_WITH_AES_128_CBC_SHA""]",RSA,2048,sha256WithRSAEncryption,TRUSTED,MATCH,730
sim-medium-0445,bea77be95704e5c548dd,long_lived_certificate,synthetic_simulation,MEDIUM,True,True,TLSv1.2,"[""TLSv1.2"",""TLSv1.3""]","[""TLS_AES_128_GCM_SHA256"",""TLS_ECDHE_RSA_WITH_AES_128_GCM_SHA256"",""TLS_CHACHA20_POLY1305_SHA256""]",RSA,2048,sha256WithRSAEncryption,TRUSTED,MATCH,1825
sim-medium-0446,b03171588c88d46ed62b,ecdhe_cbc_compatible,synthetic_simulation,MEDIUM,True,True,TLSv1.2,"[""TLSv1.2"",""TLSv1.3""]","[""TLS_ECDHE_RSA_WITH_AES_128_CBC_SHA"",""TLS_ECDHE_RSA_WITH_AES_128_GCM_SHA256"",""TLS_AES_128_GCM_SHA256""]",RSA,2048,sha256WithRSAEncryption,TRUSTED,MATCH,365
sim-medium-0447,7d4aff2e22ea68068d10,long_lived_certificate,synthetic_simulation,MEDIUM,True,True,TLSv1.2,"[""TLSv1.2"",""TLSv1.3""]","[""TLS_CHACHA20_POLY1305_SHA256"",""TLS_AES_128_GCM_SHA256"",""TLS_ECDHE_ECDSA_WITH_AES_128_GCM_SHA256""]",RSA,2048,sha256WithRSAEncryption,TRUSTED,MATCH,1095
sim-medium-0448,07c150906c002265a425,ecdhe_cbc_compatible,synthetic_simulation,MEDIUM,True,True,TLSv1.2,"[""TLSv1.2"",""TLSv1.3""]","[""TLS_ECDHE_RSA_WITH_AES_128_GCM_SHA256"",""TLS_AES_128_GCM_SHA256"",""TLS_ECDHE_RSA_WITH_AES_128_CBC_SHA""]",RSA,2048,sha256WithRSAEncryption,TRUSTED,MATCH,730
sim-medium-0449,2d623342e1d7400e4baa,long_lived_certificate,synthetic_simulation,MEDIUM,True,True,TLSv1.2,"[""TLSv1.2"",""TLSv1.3""]","[""TLS_CHACHA20_POLY1305_SHA256"",""TLS_AES_128_GCM_SHA256"",""TLS_ECDHE_ECDSA_WITH_AES_128_GCM_SHA256""]",RSA,2048,sha256WithRSAEncryption,TRUSTED,MATCH,1825
sim-medium-0450,189af0c4c8349c45db21,ecdhe_cbc_compatible,synthetic_simulation,MEDIUM,True,True,TLSv1.2,"[""TLSv1.2"",""TLSv1.3""]","[""TLS_ECDHE_RSA_WITH_AES_256_CBC_SHA"",""TLS_ECDHE_RSA_WITH_AES_128_GCM_SHA256"",""TLS_ECDHE_RSA_WITH_AES_128_CBC_SHA""]",RSA,2048,sha256WithRSAEncryption,TRUSTED,MATCH,730
sim-medium-0451,096990158a3c5826c7ab,long_lived_certificate,synthetic_simulation,MEDIUM,True,True,TLSv1.2,"[""TLSv1.2"",""TLSv1.3""]","[""TLS_ECDHE_RSA_WITH_AES_128_GCM_SHA256"",""TLS_AES_128_GCM_SHA256"",""TLS_CHACHA20_POLY1305_SHA256""]",RSA,2048,sha256WithRSAEncryption,TRUSTED,MATCH,3650
sim-medium-0452,b03171588c88d46ed62b,ecdhe_cbc_compatible,synthetic_simulation,MEDIUM,True,True,TLSv1.2,"[""TLSv1.2"",""TLSv1.3""]","[""TLS_ECDHE_RSA_WITH_AES_128_CBC_SHA"",""TLS_ECDHE_RSA_WITH_AES_128_GCM_SHA256"",""TLS_AES_128_GCM_SHA256""]",RSA,2048,sha256WithRSAEncryption,TRUSTED,MATCH,365
sim-medium-0453,80fd6f60c81f4d9deae4,long_lived_certificate,synthetic_simulation,MEDIUM,True,True,TLSv1.2,"[""TLSv1.2"",""TLSv1.3""]","[""TLS_AES_128_GCM_SHA256"",""TLS_ECDHE_ECDSA_WITH_AES_128_GCM_SHA256"",""TLS_ECDHE_RSA_WITH_AES_128_GCM_SHA256""]",RSA,2048,sha256WithRSAEncryption,TRUSTED,MATCH,3650
sim-medium-0454,99ec420790cbbda7f6a9,ecdhe_cbc_compatible,synthetic_simulation,MEDIUM,True,True,TLSv1.2,"[""TLSv1.2"",""TLSv1.3""]","[""TLS_ECDHE_RSA_WITH_AES_128_CBC_SHA"",""TLS_ECDHE_RSA_WITH_AES_256_CBC_SHA"",""TLS_AES_128_GCM_SHA256""]",RSA,2048,sha256WithRSAEncryption,TRUSTED,MATCH,730
sim-medium-0455,9ab91f3816bc4c5732df,long_lived_certificate,synthetic_simulation,MEDIUM,True,True,TLSv1.2,"[""TLSv1.2"",""TLSv1.3""]","[""TLS_AES_128_GCM_SHA256"",""TLS_CHACHA20_POLY1305_SHA256"",""TLS_ECDHE_RSA_WITH_AES_128_GCM_SHA256""]",RSA,2048,sha256WithRSAEncryption,TRUSTED,MATCH,3650
sim-medium-0456,b03171588c88d46ed62b,ecdhe_cbc_compatible,synthetic_simulation,MEDIUM,True,True,TLSv1.2,"[""TLSv1.2"",""TLSv1.3""]","[""TLS_ECDHE_RSA_WITH_AES_128_CBC_SHA"",""TLS_ECDHE_RSA_WITH_AES_128_GCM_SHA256"",""TLS_AES_128_GCM_SHA256""]",RSA,2048,sha256WithRSAEncryption,TRUSTED,MATCH,365
sim-medium-0457,c6cde9617d69cb77033d,long_lived_certificate,synthetic_simulation,MEDIUM,True,True,TLSv1.2,"[""TLSv1.2"",""TLSv1.3""]","[""TLS_AES_128_GCM_SHA256"",""TLS_CHACHA20_POLY1305_SHA256"",""TLS_ECDHE_ECDSA_WITH_AES_128_GCM_SHA256""]",RSA,2048,sha256WithRSAEncryption,TRUSTED,MATCH,3650
sim-medium-0458,6d088d5300309bb34203,ecdhe_cbc_compatible,synthetic_simulation,MEDIUM,True,True,TLSv1.2,"[""TLSv1.2"",""TLSv1.3""]","[""TLS_ECDHE_RSA_WITH_AES_128_GCM_SHA256"",""TLS_ECDHE_RSA_WITH_AES_256_CBC_SHA"",""TLS_AES_128_GCM_SHA256""]",RSA,2048,sha256WithRSAEncryption,TRUSTED,MATCH,730
sim-medium-0459,3d7dd19843a6f3e7ec73,long_lived_certificate,synthetic_simulation,MEDIUM,True,True,TLSv1.2,"[""TLSv1.2"",""TLSv1.3""]","[""TLS_ECDHE_ECDSA_WITH_AES_128_GCM_SHA256"",""TLS_CHACHA20_POLY1305_SHA256"",""TLS_ECDHE_RSA_WITH_AES_128_GCM_SHA256""]",RSA,2048,sha256WithRSAEncryption,TRUSTED,MATCH,1095
sim-medium-0460,b9eaca636516c1373361,ecdhe_cbc_compatible,synthetic_simulation,MEDIUM,True,True,TLSv1.2,"[""TLSv1.2"",""TLSv1.3""]","[""TLS_ECDHE_RSA_WITH_AES_128_GCM_SHA256"",""TLS_ECDHE_RSA_WITH_AES_128_CBC_SHA"",""TLS_ECDHE_RSA_WITH_AES_256_CBC_SHA""]",RSA,2048,sha256WithRSAEncryption,TRUSTED,MATCH,398
sim-medium-0461,53a8be894aa39002d55c,long_lived_certificate,synthetic_simulation,MEDIUM,True,True,TLSv1.2,"[""TLSv1.2"",""TLSv1.3""]","[""TLS_AES_128_GCM_SHA256"",""TLS_ECDHE_RSA_WITH_AES_128_GCM_SHA256"",""TLS_ECDHE_ECDSA_WITH_AES_128_GCM_SHA256""]",RSA,2048,sha256WithRSAEncryption,TRUSTED,MATCH,1825
sim-medium-0462,f52e6ecb3dcfe428f42b,ecdhe_cbc_compatible,synthetic_simulation,MEDIUM,True,True,TLSv1.2,"[""TLSv1.2"",""TLSv1.3""]","[""TLS_ECDHE_RSA_WITH_AES_128_CBC_SHA"",""TLS_ECDHE_RSA_WITH_AES_128_GCM_SHA256"",""TLS_AES_128_GCM_SHA256""]",RSA,2048,sha256WithRSAEncryption,TRUSTED,MATCH,730
sim-medium-0463,524f38aa05f34fb76659,long_lived_certificate,synthetic_simulation,MEDIUM,True,True,TLSv1.2,"[""TLSv1.2"",""TLSv1.3""]","[""TLS_ECDHE_ECDSA_WITH_AES_128_GCM_SHA256"",""TLS_ECDHE_RSA_WITH_AES_128_GCM_SHA256"",""TLS_AES_128_GCM_SHA256""]",RSA,2048,sha256WithRSAEncryption,TRUSTED,MATCH,3650
sim-medium-0464,d37c2a83d7b50efd6282,ecdhe_cbc_compatible,synthetic_simulation,MEDIUM,True,True,TLSv1.2,"[""TLSv1.2"",""TLSv1.3""]","[""TLS_ECDHE_RSA_WITH_AES_256_CBC_SHA"",""TLS_ECDHE_RSA_WITH_AES_128_CBC_SHA"",""TLS_ECDHE_RSA_WITH_AES_128_GCM_SHA256""]",RSA,2048,sha256WithRSAEncryption,TRUSTED,MATCH,730
sim-medium-0465,ced8e2b87b4a2a9d2ba5,long_lived_certificate,synthetic_simulation,MEDIUM,True,True,TLSv1.2,"[""TLSv1.2"",""TLSv1.3""]","[""TLS_AES_128_GCM_SHA256"",""TLS_ECDHE_RSA_WITH_AES_128_GCM_SHA256"",""TLS_ECDHE_ECDSA_WITH_AES_128_GCM_SHA256""]",RSA,2048,sha256WithRSAEncryption,TRUSTED,MATCH,3650
sim-medium-0466,3b765b3304e3513c783d,ecdhe_cbc_compatible,synthetic_simulation,MEDIUM,True,True,TLSv1.2,"[""TLSv1.2"",""TLSv1.3""]","[""TLS_ECDHE_RSA_WITH_AES_128_GCM_SHA256"",""TLS_ECDHE_RSA_WITH_AES_256_CBC_SHA"",""TLS_AES_128_GCM_SHA256""]",RSA,2048,sha256WithRSAEncryption,TRUSTED,MATCH,365
sim-medium-0467,4668a557b29ac5bbf944,long_lived_certificate,synthetic_simulation,MEDIUM,True,True,TLSv1.2,"[""TLSv1.2"",""TLSv1.3""]","[""TLS_CHACHA20_POLY1305_SHA256"",""TLS_AES_128_GCM_SHA256"",""TLS_ECDHE_RSA_WITH_AES_128_GCM_SHA256""]",RSA,2048,sha256WithRSAEncryption,TRUSTED,MATCH,1095
sim-medium-0468,f7a5768a79c3670aed05,ecdhe_cbc_compatible,synthetic_simulation,MEDIUM,True,True,TLSv1.2,"[""TLSv1.2"",""TLSv1.3""]","[""TLS_AES_128_GCM_SHA256"",""TLS_ECDHE_RSA_WITH_AES_128_CBC_SHA"",""TLS_ECDHE_RSA_WITH_AES_256_CBC_SHA""]",RSA,2048,sha256WithRSAEncryption,TRUSTED,MATCH,730
sim-medium-0469,29d35fad4a1d4e2763d3,long_lived_certificate,synthetic_simulation,MEDIUM,True,True,TLSv1.2,"[""TLSv1.2"",""TLSv1.3""]","[""TLS_ECDHE_ECDSA_WITH_AES_128_GCM_SHA256"",""TLS_CHACHA20_POLY1305_SHA256"",""TLS_ECDHE_RSA_WITH_AES_128_GCM_SHA256""]",RSA,2048,sha256WithRSAEncryption,TRUSTED,MATCH,1825
sim-medium-0470,189af0c4c8349c45db21,ecdhe_cbc_compatible,synthetic_simulation,MEDIUM,True,True,TLSv1.2,"[""TLSv1.2"",""TLSv1.3""]","[""TLS_ECDHE_RSA_WITH_AES_256_CBC_SHA"",""TLS_ECDHE_RSA_WITH_AES_128_GCM_SHA256"",""TLS_ECDHE_RSA_WITH_AES_128_CBC_SHA""]",RSA,2048,sha256WithRSAEncryption,TRUSTED,MATCH,730
sim-medium-0471,7e0f91a1e3a10b5f5f77,long_lived_certificate,synthetic_simulation,MEDIUM,True,True,TLSv1.2,"[""TLSv1.2"",""TLSv1.3""]","[""TLS_ECDHE_RSA_WITH_AES_128_GCM_SHA256"",""TLS_AES_128_GCM_SHA256"",""TLS_ECDHE_ECDSA_WITH_AES_128_GCM_SHA256""]",RSA,2048,sha256WithRSAEncryption,TRUSTED,MATCH,1095
sim-medium-0472,1b7c782008e9a0275b92,ecdhe_cbc_compatible,synthetic_simulation,MEDIUM,True,True,TLSv1.2,"[""TLSv1.2"",""TLSv1.3""]","[""TLS_ECDHE_RSA_WITH_AES_256_CBC_SHA"",""TLS_AES_128_GCM_SHA256"",""TLS_ECDHE_RSA_WITH_AES_128_GCM_SHA256""]",RSA,2048,sha256WithRSAEncryption,TRUSTED,MATCH,365
sim-medium-0473,16bf1272be258dc6672e,long_lived_certificate,synthetic_simulation,MEDIUM,True,True,TLSv1.2,"[""TLSv1.2"",""TLSv1.3""]","[""TLS_ECDHE_RSA_WITH_AES_128_GCM_SHA256"",""TLS_CHACHA20_POLY1305_SHA256"",""TLS_ECDHE_ECDSA_WITH_AES_128_GCM_SHA256""]",RSA,2048,sha256WithRSAEncryption,TRUSTED,MATCH,1095
sim-medium-0474,87df13fe4f547dfcf774,ecdhe_cbc_compatible,synthetic_simulation,MEDIUM,True,True,TLSv1.2,"[""TLSv1.2"",""TLSv1.3""]","[""TLS_ECDHE_RSA_WITH_AES_128_GCM_SHA256"",""TLS_AES_128_GCM_SHA256"",""TLS_ECDHE_RSA_WITH_AES_128_CBC_SHA""]",RSA,2048,sha256WithRSAEncryption,TRUSTED,MATCH,398
sim-medium-0475,c4c9977863407f4a3578,long_lived_certificate,synthetic_simulation,MEDIUM,True,True,TLSv1.2,"[""TLSv1.2"",""TLSv1.3""]","[""TLS_CHACHA20_POLY1305_SHA256"",""TLS_ECDHE_ECDSA_WITH_AES_128_GCM_SHA256"",""TLS_ECDHE_RSA_WITH_AES_128_GCM_SHA256""]",RSA,2048,sha256WithRSAEncryption,TRUSTED,MATCH,3650
sim-medium-0476,d742ed68204287c81077,ecdhe_cbc_compatible,synthetic_simulation,MEDIUM,True,True,TLSv1.2,"[""TLSv1.2"",""TLSv1.3""]","[""TLS_AES_128_GCM_SHA256"",""TLS_ECDHE_RSA_WITH_AES_256_CBC_SHA"",""TLS_ECDHE_RSA_WITH_AES_128_CBC_SHA""]",RSA,2048,sha256WithRSAEncryption,TRUSTED,MATCH,398
sim-medium-0477,94f474377b94ab7a36f2,long_lived_certificate,synthetic_simulation,MEDIUM,True,True,TLSv1.2,"[""TLSv1.2"",""TLSv1.3""]","[""TLS_CHACHA20_POLY1305_SHA256"",""TLS_ECDHE_ECDSA_WITH_AES_128_GCM_SHA256"",""TLS_AES_128_GCM_SHA256""]",RSA,2048,sha256WithRSAEncryption,TRUSTED,MATCH,1095
sim-medium-0478,8837e50e6bab5d8fe494,ecdhe_cbc_compatible,synthetic_simulation,MEDIUM,True,True,TLSv1.2,"[""TLSv1.2"",""TLSv1.3""]","[""TLS_AES_128_GCM_SHA256"",""TLS_ECDHE_RSA_WITH_AES_256_CBC_SHA"",""TLS_ECDHE_RSA_WITH_AES_128_CBC_SHA""]",RSA,2048,sha256WithRSAEncryption,TRUSTED,MATCH,365
sim-medium-0479,55e913807f1cf18085bb,long_lived_certificate,synthetic_simulation,MEDIUM,True,True,TLSv1.2,"[""TLSv1.2"",""TLSv1.3""]","[""TLS_CHACHA20_POLY1305_SHA256"",""TLS_ECDHE_RSA_WITH_AES_128_GCM_SHA256"",""TLS_AES_128_GCM_SHA256""]",RSA,2048,sha256WithRSAEncryption,TRUSTED,MATCH,1825
sim-medium-0480,40fa1a944501035f36ea,ecdhe_cbc_compatible,synthetic_simulation,MEDIUM,True,True,TLSv1.2,"[""TLSv1.2"",""TLSv1.3""]","[""TLS_ECDHE_RSA_WITH_AES_128_CBC_SHA"",""TLS_ECDHE_RSA_WITH_AES_128_GCM_SHA256"",""TLS_AES_128_GCM_SHA256""]",RSA,2048,sha256WithRSAEncryption,TRUSTED,MATCH,398
sim-medium-0481,ced8e2b87b4a2a9d2ba5,long_lived_certificate,synthetic_simulation,MEDIUM,True,True,TLSv1.2,"[""TLSv1.2"",""TLSv1.3""]","[""TLS_AES_128_GCM_SHA256"",""TLS_ECDHE_RSA_WITH_AES_128_GCM_SHA256"",""TLS_ECDHE_ECDSA_WITH_AES_128_GCM_SHA256""]",RSA,2048,sha256WithRSAEncryption,TRUSTED,MATCH,3650
sim-medium-0482,60fb17a84586be7fa81c,ecdhe_cbc_compatible,synthetic_simulation,MEDIUM,True,True,TLSv1.2,"[""TLSv1.2"",""TLSv1.3""]","[""TLS_ECDHE_RSA_WITH_AES_128_GCM_SHA256"",""TLS_ECDHE_RSA_WITH_AES_256_CBC_SHA"",""TLS_ECDHE_RSA_WITH_AES_128_CBC_SHA""]",RSA,2048,sha256WithRSAEncryption,TRUSTED,MATCH,398
sim-medium-0483,94f474377b94ab7a36f2,long_lived_certificate,synthetic_simulation,MEDIUM,True,True,TLSv1.2,"[""TLSv1.2"",""TLSv1.3""]","[""TLS_CHACHA20_POLY1305_SHA256"",""TLS_ECDHE_ECDSA_WITH_AES_128_GCM_SHA256"",""TLS_AES_128_GCM_SHA256""]",RSA,2048,sha256WithRSAEncryption,TRUSTED,MATCH,1095
sim-medium-0484,a270d8c9430dba340685,ecdhe_cbc_compatible,synthetic_simulation,MEDIUM,True,True,TLSv1.2,"[""TLSv1.2"",""TLSv1.3""]","[""TLS_ECDHE_RSA_WITH_AES_128_CBC_SHA"",""TLS_AES_128_GCM_SHA256"",""TLS_ECDHE_RSA_WITH_AES_256_CBC_SHA""]",RSA,2048,sha256WithRSAEncryption,TRUSTED,MATCH,398
sim-medium-0485,e60ad5627b2b695af7a8,long_lived_certificate,synthetic_simulation,MEDIUM,True,True,TLSv1.2,"[""TLSv1.2"",""TLSv1.3""]","[""TLS_ECDHE_ECDSA_WITH_AES_128_GCM_SHA256"",""TLS_AES_128_GCM_SHA256"",""TLS_ECDHE_RSA_WITH_AES_128_GCM_SHA256""]",RSA,2048,sha256WithRSAEncryption,TRUSTED,MATCH,3650
sim-medium-0486,3fe22a5f481a406f382d,ecdhe_cbc_compatible,synthetic_simulation,MEDIUM,True,True,TLSv1.2,"[""TLSv1.2"",""TLSv1.3""]","[""TLS_ECDHE_RSA_WITH_AES_128_CBC_SHA"",""TLS_ECDHE_RSA_WITH_AES_128_GCM_SHA256"",""TLS_ECDHE_RSA_WITH_AES_256_CBC_SHA""]",RSA,2048,sha256WithRSAEncryption,TRUSTED,MATCH,398
sim-medium-0487,9ab91f3816bc4c5732df,long_lived_certificate,synthetic_simulation,MEDIUM,True,True,TLSv1.2,"[""TLSv1.2"",""TLSv1.3""]","[""TLS_AES_128_GCM_SHA256"",""TLS_CHACHA20_POLY1305_SHA256"",""TLS_ECDHE_RSA_WITH_AES_128_GCM_SHA256""]",RSA,2048,sha256WithRSAEncryption,TRUSTED,MATCH,3650
sim-medium-0488,64b7a2d33559d65329e2,ecdhe_cbc_compatible,synthetic_simulation,MEDIUM,True,True,TLSv1.2,"[""TLSv1.2"",""TLSv1.3""]","[""TLS_AES_128_GCM_SHA256"",""TLS_ECDHE_RSA_WITH_AES_128_GCM_SHA256"",""TLS_ECDHE_RSA_WITH_AES_128_CBC_SHA""]",RSA,2048,sha256WithRSAEncryption,TRUSTED,MATCH,730
sim-medium-0489,858a0db2633118c17c95,long_lived_certificate,synthetic_simulation,MEDIUM,True,True,TLSv1.2,"[""TLSv1.2"",""TLSv1.3""]","[""TLS_ECDHE_RSA_WITH_AES_128_GCM_SHA256"",""TLS_ECDHE_ECDSA_WITH_AES_128_GCM_SHA256"",""TLS_AES_128_GCM_SHA256""]",RSA,2048,sha256WithRSAEncryption,TRUSTED,MATCH,3650
sim-medium-0490,87df13fe4f547dfcf774,ecdhe_cbc_compatible,synthetic_simulation,MEDIUM,True,True,TLSv1.2,"[""TLSv1.2"",""TLSv1.3""]","[""TLS_ECDHE_RSA_WITH_AES_128_GCM_SHA256"",""TLS_AES_128_GCM_SHA256"",""TLS_ECDHE_RSA_WITH_AES_128_CBC_SHA""]",RSA,2048,sha256WithRSAEncryption,TRUSTED,MATCH,398
sim-medium-0491,11b0335776ff3165f14a,long_lived_certificate,synthetic_simulation,MEDIUM,True,True,TLSv1.2,"[""TLSv1.2"",""TLSv1.3""]","[""TLS_ECDHE_RSA_WITH_AES_128_GCM_SHA256"",""TLS_ECDHE_ECDSA_WITH_AES_128_GCM_SHA256"",""TLS_CHACHA20_POLY1305_SHA256""]",RSA,2048,sha256WithRSAEncryption,TRUSTED,MATCH,1095
sim-medium-0492,7d251c96008745281d27,ecdhe_cbc_compatible,synthetic_simulation,MEDIUM,True,True,TLSv1.2,"[""TLSv1.2"",""TLSv1.3""]","[""TLS_AES_128_GCM_SHA256"",""TLS_ECDHE_RSA_WITH_AES_128_GCM_SHA256"",""TLS_ECDHE_RSA_WITH_AES_256_CBC_SHA""]",RSA,2048,sha256WithRSAEncryption,TRUSTED,MATCH,730
sim-medium-0493,8224b4ac347b43e711ea,long_lived_certificate,synthetic_simulation,MEDIUM,True,True,TLSv1.2,"[""TLSv1.2"",""TLSv1.3""]","[""TLS_AES_128_GCM_SHA256"",""TLS_ECDHE_ECDSA_WITH_AES_128_GCM_SHA256"",""TLS_CHACHA20_POLY1305_SHA256""]",RSA,2048,sha256WithRSAEncryption,TRUSTED,MATCH,1095
sim-medium-0494,cd6f26ea216de7290052,ecdhe_cbc_compatible,synthetic_simulation,MEDIUM,True,True,TLSv1.2,"[""TLSv1.2"",""TLSv1.3""]","[""TLS_ECDHE_RSA_WITH_AES_256_CBC_SHA"",""TLS_ECDHE_RSA_WITH_AES_128_GCM_SHA256"",""TLS_AES_128_GCM_SHA256""]",RSA,2048,sha256WithRSAEncryption,TRUSTED,MATCH,398
sim-medium-0495,663d62c0d8eae5a298aa,long_lived_certificate,synthetic_simulation,MEDIUM,True,True,TLSv1.2,"[""TLSv1.2"",""TLSv1.3""]","[""TLS_CHACHA20_POLY1305_SHA256"",""TLS_ECDHE_ECDSA_WITH_AES_128_GCM_SHA256"",""TLS_AES_128_GCM_SHA256""]",RSA,2048,sha256WithRSAEncryption,TRUSTED,MATCH,1825
sim-medium-0496,18786cf87345246dcbf0,ecdhe_cbc_compatible,synthetic_simulation,MEDIUM,True,True,TLSv1.2,"[""TLSv1.2"",""TLSv1.3""]","[""TLS_AES_128_GCM_SHA256"",""TLS_ECDHE_RSA_WITH_AES_256_CBC_SHA"",""TLS_ECDHE_RSA_WITH_AES_128_GCM_SHA256""]",RSA,2048,sha256WithRSAEncryption,TRUSTED,MATCH,398
sim-medium-0497,ecd1c1554ece421e7dbe,long_lived_certificate,synthetic_simulation,MEDIUM,True,True,TLSv1.2,"[""TLSv1.2"",""TLSv1.3""]","[""TLS_ECDHE_ECDSA_WITH_AES_128_GCM_SHA256"",""TLS_ECDHE_RSA_WITH_AES_128_GCM_SHA256"",""TLS_CHACHA20_POLY1305_SHA256""]",RSA,2048,sha256WithRSAEncryption,TRUSTED,MATCH,3650
sim-medium-0498,d22a50bb45214b270920,ecdhe_cbc_compatible,synthetic_simulation,MEDIUM,True,True,TLSv1.2,"[""TLSv1.2"",""TLSv1.3""]","[""TLS_ECDHE_RSA_WITH_AES_128_CBC_SHA"",""TLS_ECDHE_RSA_WITH_AES_256_CBC_SHA"",""TLS_AES_128_GCM_SHA256""]",RSA,2048,sha256WithRSAEncryption,TRUSTED,MATCH,398
sim-medium-0499,372e98c75e7531a2415b,long_lived_certificate,synthetic_simulation,MEDIUM,True,True,TLSv1.2,"[""TLSv1.2"",""TLSv1.3""]","[""TLS_CHACHA20_POLY1305_SHA256"",""TLS_ECDHE_ECDSA_WITH_AES_128_GCM_SHA256"",""TLS_ECDHE_RSA_WITH_AES_128_GCM_SHA256""]",RSA,2048,sha256WithRSAEncryption,TRUSTED,MATCH,1825
sim-high-0000,0028ede1d0a492ef2d22,legacy_protocol,synthetic_simulation,HIGH,True,True,TLSv1.0,"[""TLSv1.0"",""TLSv1.2""]","[""TLS_ECDHE_RSA_WITH_AES_128_CBC_SHA"",""TLS_ECDHE_RSA_WITH_AES_128_GCM_SHA256"",""TLS_RSA_WITH_AES_128_GCM_SHA256""]",RSA,2048,sha256WithRSAEncryption,TRUSTED,MATCH,398
sim-high-0001,2e1d2a5046e8f5043e68,static_rsa_compatible,synthetic_simulation,HIGH,True,True,TLSv1.2,"[""TLSv1.2"",""TLSv1.3""]","[""TLS_AES_128_GCM_SHA256"",""TLS_RSA_WITH_AES_128_GCM_SHA256"",""TLS_RSA_WITH_AES_128_CBC_SHA""]",RSA,2048,sha256WithRSAEncryption,TRUSTED,MATCH,398
sim-high-0002,c3467470318476fff90b,legacy_protocol,synthetic_simulation,HIGH,True,True,TLSv1.0,"[""TLSv1.0"",""TLSv1.2""]","[""TLS_ECDHE_RSA_WITH_AES_128_GCM_SHA256"",""TLS_ECDHE_RSA_WITH_AES_128_CBC_SHA"",""TLS_RSA_WITH_AES_128_CBC_SHA""]",RSA,2048,sha256WithRSAEncryption,TRUSTED,MATCH,398
sim-high-0003,7937fc14653a90a6cd28,static_rsa_compatible,synthetic_simulation,HIGH,True,True,TLSv1.2,"[""TLSv1.2"",""TLSv1.3""]","[""TLS_RSA_WITH_AES_128_GCM_SHA256"",""TLS_RSA_WITH_AES_128_CBC_SHA"",""TLS_AES_128_GCM_SHA256""]",RSA,2048,sha256WithRSAEncryption,TRUSTED,MATCH,398
sim-high-0004,4abd7d1b8db58077eaef,legacy_protocol,synthetic_simulation,HIGH,True,True,TLSv1.1,"[""TLSv1.1"",""TLSv1.2""]","[""TLS_ECDHE_RSA_WITH_AES_128_CBC_SHA"",""TLS_RSA_WITH_AES_128_GCM_SHA256"",""TLS_ECDHE_RSA_WITH_AES_128_GCM_SHA256""]",RSA,2048,sha256WithRSAEncryption,TRUSTED,MATCH,398
sim-high-0005,e267aa71e1f3ac561cd3,static_rsa_compatible,synthetic_simulation,HIGH,True,True,TLSv1.2,"[""TLSv1.2"",""TLSv1.3""]","[""TLS_RSA_WITH_AES_128_CBC_SHA"",""TLS_ECDHE_RSA_WITH_AES_128_GCM_SHA256"",""TLS_AES_128_GCM_SHA256""]",RSA,2048,sha256WithRSAEncryption,TRUSTED,MATCH,398
sim-high-0006,6c4ba6507de600c148da,legacy_protocol,synthetic_simulation,HIGH,True,True,TLSv1.1,"[""TLSv1.1"",""TLSv1.2""]","[""TLS_RSA_WITH_AES_128_GCM_SHA256"",""TLS_RSA_WITH_AES_128_CBC_SHA"",""TLS_ECDHE_RSA_WITH_AES_128_CBC_SHA""]",RSA,2048,sha256WithRSAEncryption,TRUSTED,MATCH,398
sim-high-0007,f2aad38446a88f6e90a4,static_rsa_compatible,synthetic_simulation,HIGH,True,True,TLSv1.2,"[""TLSv1.2"",""TLSv1.3""]","[""TLS_RSA_WITH_AES_128_CBC_SHA"",""TLS_AES_128_GCM_SHA256"",""TLS_RSA_WITH_AES_128_GCM_SHA256""]",RSA,2048,sha256WithRSAEncryption,TRUSTED,MATCH,398
sim-high-0008,3a661abbc7cb4ec9c31b,legacy_protocol,synthetic_simulation,HIGH,True,True,TLSv1.0,"[""TLSv1.0"",""TLSv1.2""]","[""TLS_RSA_WITH_AES_128_CBC_SHA"",""TLS_ECDHE_RSA_WITH_AES_128_GCM_SHA256"",""TLS_RSA_WITH_AES_128_GCM_SHA256""]",RSA,2048,sha256WithRSAEncryption,TRUSTED,MATCH,398
sim-high-0009,1f89d30c5dc181f26313,static_rsa_compatible,synthetic_simulation,HIGH,True,True,TLSv1.2,"[""TLSv1.2"",""TLSv1.3""]","[""TLS_ECDHE_RSA_WITH_AES_128_GCM_SHA256"",""TLS_RSA_WITH_AES_128_GCM_SHA256"",""TLS_AES_128_GCM_SHA256""]",RSA,2048,sha256WithRSAEncryption,TRUSTED,MATCH,398
sim-high-0010,b2e108e59045f24f98af,legacy_protocol,synthetic_simulation,HIGH,True,True,TLSv1.0,"[""TLSv1.0"",""TLSv1.2""]","[""TLS_ECDHE_RSA_WITH_AES_128_CBC_SHA"",""TLS_RSA_WITH_AES_128_CBC_SHA"",""TLS_ECDHE_RSA_WITH_AES_128_GCM_SHA256""]",RSA,2048,sha256WithRSAEncryption,TRUSTED,MATCH,398
sim-high-0011,f4a6b77b03244314bb8e,static_rsa_compatible,synthetic_simulation,HIGH,True,True,TLSv1.2,"[""TLSv1.2"",""TLSv1.3""]","[""TLS_RSA_WITH_AES_128_CBC_SHA"",""TLS_RSA_WITH_AES_128_GCM_SHA256"",""TLS_AES_128_GCM_SHA256""]",RSA,2048,sha256WithRSAEncryption,TRUSTED,MATCH,398
sim-high-0012,116ccf3c7d65942712d1,legacy_protocol,synthetic_simulation,HIGH,True,True,TLSv1.0,"[""TLSv1.0"",""TLSv1.2""]","[""TLS_RSA_WITH_AES_128_CBC_SHA"",""TLS_ECDHE_RSA_WITH_AES_128_GCM_SHA256"",""TLS_ECDHE_RSA_WITH_AES_128_CBC_SHA""]",RSA,2048,sha256WithRSAEncryption,TRUSTED,MATCH,398
sim-high-0013,7937fc14653a90a6cd28,static_rsa_compatible,synthetic_simulation,HIGH,True,True,TLSv1.2,"[""TLSv1.2"",""TLSv1.3""]","[""TLS_RSA_WITH_AES_128_GCM_SHA256"",""TLS_RSA_WITH_AES_128_CBC_SHA"",""TLS_AES_128_GCM_SHA256""]",RSA,2048,sha256WithRSAEncryption,TRUSTED,MATCH,398
sim-high-0014,5339e031d048032a4f59,legacy_protocol,synthetic_simulation,HIGH,True,True,TLSv1.1,"[""TLSv1.1"",""TLSv1.2""]","[""TLS_ECDHE_RSA_WITH_AES_128_GCM_SHA256"",""TLS_RSA_WITH_AES_128_CBC_SHA"",""TLS_ECDHE_RSA_WITH_AES_128_CBC_SHA""]",RSA,2048,sha256WithRSAEncryption,TRUSTED,MATCH,398
sim-high-0015,1f89d30c5dc181f26313,static_rsa_compatible,synthetic_simulation,HIGH,True,True,TLSv1.2,"[""TLSv1.2"",""TLSv1.3""]","[""TLS_ECDHE_RSA_WITH_AES_128_GCM_SHA256"",""TLS_RSA_WITH_AES_128_GCM_SHA256"",""TLS_AES_128_GCM_SHA256""]",RSA,2048,sha256WithRSAEncryption,TRUSTED,MATCH,398
sim-high-0016,92805abf364b5f029fc0,legacy_protocol,synthetic_simulation,HIGH,True,True,TLSv1.0,"[""TLSv1.0"",""TLSv1.2""]","[""TLS_RSA_WITH_AES_128_CBC_SHA"",""TLS_ECDHE_RSA_WITH_AES_128_CBC_SHA"",""TLS_ECDHE_RSA_WITH_AES_128_GCM_SHA256""]",RSA,2048,sha256WithRSAEncryption,TRUSTED,MATCH,398
sim-high-0017,af185ee62c7563a5122b,static_rsa_compatible,synthetic_simulation,HIGH,True,True,TLSv1.2,"[""TLSv1.2"",""TLSv1.3""]","[""TLS_RSA_WITH_AES_128_GCM_SHA256"",""TLS_AES_128_GCM_SHA256"",""TLS_ECDHE_RSA_WITH_AES_128_GCM_SHA256""]",RSA,2048,sha256WithRSAEncryption,TRUSTED,MATCH,398
sim-high-0018,31cfc9b391dcbd0fced4,legacy_protocol,synthetic_simulation,HIGH,True,True,TLSv1.0,"[""TLSv1.0"",""TLSv1.2""]","[""TLS_RSA_WITH_AES_128_GCM_SHA256"",""TLS_RSA_WITH_AES_128_CBC_SHA"",""TLS_ECDHE_RSA_WITH_AES_128_CBC_SHA""]",RSA,2048,sha256WithRSAEncryption,TRUSTED,MATCH,398
sim-high-0019,0647bd2fed3f913465ea,static_rsa_compatible,synthetic_simulation,HIGH,True,True,TLSv1.2,"[""TLSv1.2"",""TLSv1.3""]","[""TLS_RSA_WITH_AES_128_GCM_SHA256"",""TLS_RSA_WITH_AES_128_CBC_SHA"",""TLS_ECDHE_RSA_WITH_AES_128_GCM_SHA256""]",RSA,2048,sha256WithRSAEncryption,TRUSTED,MATCH,398
sim-high-0020,b3db24b9dee401e2e87c,legacy_protocol,synthetic_simulation,HIGH,True,True,TLSv1.0,"[""TLSv1.0"",""TLSv1.2""]","[""TLS_ECDHE_RSA_WITH_AES_128_GCM_SHA256"",""TLS_RSA_WITH_AES_128_CBC_SHA"",""TLS_ECDHE_RSA_WITH_AES_128_CBC_SHA""]",RSA,2048,sha256WithRSAEncryption,TRUSTED,MATCH,398
sim-high-0021,f0209633204379b740cb,static_rsa_compatible,synthetic_simulation,HIGH,True,True,TLSv1.2,"[""TLSv1.2"",""TLSv1.3""]","[""TLS_RSA_WITH_AES_128_CBC_SHA"",""TLS_ECDHE_RSA_WITH_AES_128_GCM_SHA256"",""TLS_RSA_WITH_AES_128_GCM_SHA256""]",RSA,2048,sha256WithRSAEncryption,TRUSTED,MATCH,398
sim-high-0022,619bfd052d30ac588d9e,legacy_protocol,synthetic_simulation,HIGH,True,True,TLSv1.0,"[""TLSv1.0"",""TLSv1.2""]","[""TLS_ECDHE_RSA_WITH_AES_128_CBC_SHA"",""TLS_RSA_WITH_AES_128_CBC_SHA"",""TLS_RSA_WITH_AES_128_GCM_SHA256""]",RSA,2048,sha256WithRSAEncryption,TRUSTED,MATCH,398
sim-high-0023,5afd1f12e636d0736765,static_rsa_compatible,synthetic_simulation,HIGH,True,True,TLSv1.2,"[""TLSv1.2"",""TLSv1.3""]","[""TLS_RSA_WITH_AES_128_GCM_SHA256"",""TLS_AES_128_GCM_SHA256"",""TLS_RSA_WITH_AES_128_CBC_SHA""]",RSA,2048,sha256WithRSAEncryption,TRUSTED,MATCH,398
sim-high-0024,a1c863f4abf30aaa405a,legacy_protocol,synthetic_simulation,HIGH,True,True,TLSv1.0,"[""TLSv1.0"",""TLSv1.2""]","[""TLS_ECDHE_RSA_WITH_AES_128_GCM_SHA256"",""TLS_RSA_WITH_AES_128_GCM_SHA256"",""TLS_RSA_WITH_AES_128_CBC_SHA""]",RSA,2048,sha256WithRSAEncryption,TRUSTED,MATCH,398
sim-high-0025,c08e32bda8c743176999,static_rsa_compatible,synthetic_simulation,HIGH,True,True,TLSv1.2,"[""TLSv1.2"",""TLSv1.3""]","[""TLS_AES_128_GCM_SHA256"",""TLS_RSA_WITH_AES_128_CBC_SHA"",""TLS_ECDHE_RSA_WITH_AES_128_GCM_SHA256""]",RSA,2048,sha256WithRSAEncryption,TRUSTED,MATCH,398
sim-high-0026,964d4a677c49af430b56,legacy_protocol,synthetic_simulation,HIGH,True,True,TLSv1.0,"[""TLSv1.0"",""TLSv1.2""]","[""TLS_ECDHE_RSA_WITH_AES_128_CBC_SHA"",""TLS_RSA_WITH_AES_128_GCM_SHA256"",""TLS_RSA_WITH_AES_128_CBC_SHA""]",RSA,2048,sha256WithRSAEncryption,TRUSTED,MATCH,398
sim-high-0027,0647bd2fed3f913465ea,static_rsa_compatible,synthetic_simulation,HIGH,True,True,TLSv1.2,"[""TLSv1.2"",""TLSv1.3""]","[""TLS_RSA_WITH_AES_128_GCM_SHA256"",""TLS_RSA_WITH_AES_128_CBC_SHA"",""TLS_ECDHE_RSA_WITH_AES_128_GCM_SHA256""]",RSA,2048,sha256WithRSAEncryption,TRUSTED,MATCH,398
sim-high-0028,d6fed9d3ae8d6be93bbb,legacy_protocol,synthetic_simulation,HIGH,True,True,TLSv1.0,"[""TLSv1.0"",""TLSv1.2""]","[""TLS_RSA_WITH_AES_128_GCM_SHA256"",""TLS_ECDHE_RSA_WITH_AES_128_GCM_SHA256"",""TLS_ECDHE_RSA_WITH_AES_128_CBC_SHA""]",RSA,2048,sha256WithRSAEncryption,TRUSTED,MATCH,398
sim-high-0029,ea0a13ee4f0ccf650429,static_rsa_compatible,synthetic_simulation,HIGH,True,True,TLSv1.2,"[""TLSv1.2"",""TLSv1.3""]","[""TLS_RSA_WITH_AES_128_GCM_SHA256"",""TLS_ECDHE_RSA_WITH_AES_128_GCM_SHA256"",""TLS_AES_128_GCM_SHA256""]",RSA,2048,sha256WithRSAEncryption,TRUSTED,MATCH,398
sim-high-0030,3c6b743559580b7bbf75,legacy_protocol,synthetic_simulation,HIGH,True,True,TLSv1.1,"[""TLSv1.1"",""TLSv1.2""]","[""TLS_RSA_WITH_AES_128_GCM_SHA256"",""TLS_ECDHE_RSA_WITH_AES_128_CBC_SHA"",""TLS_ECDHE_RSA_WITH_AES_128_GCM_SHA256""]",RSA,2048,sha256WithRSAEncryption,TRUSTED,MATCH,398
sim-high-0031,e4d7a37192235c6097b3,static_rsa_compatible,synthetic_simulation,HIGH,True,True,TLSv1.2,"[""TLSv1.2"",""TLSv1.3""]","[""TLS_ECDHE_RSA_WITH_AES_128_GCM_SHA256"",""TLS_RSA_WITH_AES_128_CBC_SHA"",""TLS_RSA_WITH_AES_128_GCM_SHA256""]",RSA,2048,sha256WithRSAEncryption,TRUSTED,MATCH,398
sim-high-0032,54c6472f1a13fedf0916,legacy_protocol,synthetic_simulation,HIGH,True,True,TLSv1.0,"[""TLSv1.0"",""TLSv1.2""]","[""TLS_RSA_WITH_AES_128_CBC_SHA"",""TLS_RSA_WITH_AES_128_GCM_SHA256"",""TLS_ECDHE_RSA_WITH_AES_128_CBC_SHA""]",RSA,2048,sha256WithRSAEncryption,TRUSTED,MATCH,398
sim-high-0033,fbfb28bb519e4fc8c7e7,static_rsa_compatible,synthetic_simulation,HIGH,True,True,TLSv1.2,"[""TLSv1.2"",""TLSv1.3""]","[""TLS_AES_128_GCM_SHA256"",""TLS_ECDHE_RSA_WITH_AES_128_GCM_SHA256"",""TLS_RSA_WITH_AES_128_GCM_SHA256""]",RSA,2048,sha256WithRSAEncryption,TRUSTED,MATCH,398
sim-high-0034,b2e108e59045f24f98af,legacy_protocol,synthetic_simulation,HIGH,True,True,TLSv1.0,"[""TLSv1.0"",""TLSv1.2""]","[""TLS_ECDHE_RSA_WITH_AES_128_CBC_SHA"",""TLS_RSA_WITH_AES_128_CBC_SHA"",""TLS_ECDHE_RSA_WITH_AES_128_GCM_SHA256""]",RSA,2048,sha256WithRSAEncryption,TRUSTED,MATCH,398
sim-high-0035,af185ee62c7563a5122b,static_rsa_compatible,synthetic_simulation,HIGH,True,True,TLSv1.2,"[""TLSv1.2"",""TLSv1.3""]","[""TLS_RSA_WITH_AES_128_GCM_SHA256"",""TLS_AES_128_GCM_SHA256"",""TLS_ECDHE_RSA_WITH_AES_128_GCM_SHA256""]",RSA,2048,sha256WithRSAEncryption,TRUSTED,MATCH,398
sim-high-0036,4c18935f0e58a462b721,legacy_protocol,synthetic_simulation,HIGH,True,True,TLSv1.1,"[""TLSv1.1"",""TLSv1.2""]","[""TLS_RSA_WITH_AES_128_CBC_SHA"",""TLS_RSA_WITH_AES_128_GCM_SHA256"",""TLS_ECDHE_RSA_WITH_AES_128_CBC_SHA""]",RSA,2048,sha256WithRSAEncryption,TRUSTED,MATCH,398
sim-high-0037,b30a12172dcf7ab707d7,static_rsa_compatible,synthetic_simulation,HIGH,True,True,TLSv1.2,"[""TLSv1.2"",""TLSv1.3""]","[""TLS_ECDHE_RSA_WITH_AES_128_GCM_SHA256"",""TLS_AES_128_GCM_SHA256"",""TLS_RSA_WITH_AES_128_GCM_SHA256""]",RSA,2048,sha256WithRSAEncryption,TRUSTED,MATCH,398
sim-high-0038,752e6efeffe68df99088,legacy_protocol,synthetic_simulation,HIGH,True,True,TLSv1.1,"[""TLSv1.1"",""TLSv1.2""]","[""TLS_ECDHE_RSA_WITH_AES_128_GCM_SHA256"",""TLS_RSA_WITH_AES_128_GCM_SHA256"",""TLS_ECDHE_RSA_WITH_AES_128_CBC_SHA""]",RSA,2048,sha256WithRSAEncryption,TRUSTED,MATCH,398
sim-high-0039,0647bd2fed3f913465ea,static_rsa_compatible,synthetic_simulation,HIGH,True,True,TLSv1.2,"[""TLSv1.2"",""TLSv1.3""]","[""TLS_RSA_WITH_AES_128_GCM_SHA256"",""TLS_RSA_WITH_AES_128_CBC_SHA"",""TLS_ECDHE_RSA_WITH_AES_128_GCM_SHA256""]",RSA,2048,sha256WithRSAEncryption,TRUSTED,MATCH,398
sim-high-0040,3a661abbc7cb4ec9c31b,legacy_protocol,synthetic_simulation,HIGH,True,True,TLSv1.0,"[""TLSv1.0"",""TLSv1.2""]","[""TLS_RSA_WITH_AES_128_CBC_SHA"",""TLS_ECDHE_RSA_WITH_AES_128_GCM_SHA256"",""TLS_RSA_WITH_AES_128_GCM_SHA256""]",RSA,2048,sha256WithRSAEncryption,TRUSTED,MATCH,398
sim-high-0041,a587f3e8b3d6c2c8ec61,static_rsa_compatible,synthetic_simulation,HIGH,True,True,TLSv1.2,"[""TLSv1.2"",""TLSv1.3""]","[""TLS_RSA_WITH_AES_128_GCM_SHA256"",""TLS_ECDHE_RSA_WITH_AES_128_GCM_SHA256"",""TLS_RSA_WITH_AES_128_CBC_SHA""]",RSA,2048,sha256WithRSAEncryption,TRUSTED,MATCH,398
sim-high-0042,b1fb0ad7154884d70360,legacy_protocol,synthetic_simulation,HIGH,True,True,TLSv1.1,"[""TLSv1.1"",""TLSv1.2""]","[""TLS_ECDHE_RSA_WITH_AES_128_GCM_SHA256"",""TLS_ECDHE_RSA_WITH_AES_128_CBC_SHA"",""TLS_RSA_WITH_AES_128_GCM_SHA256""]",RSA,2048,sha256WithRSAEncryption,TRUSTED,MATCH,398
sim-high-0043,f3ca0bd1077f17a5c814,static_rsa_compatible,synthetic_simulation,HIGH,True,True,TLSv1.2,"[""TLSv1.2"",""TLSv1.3""]","[""TLS_ECDHE_RSA_WITH_AES_128_GCM_SHA256"",""TLS_RSA_WITH_AES_128_CBC_SHA"",""TLS_AES_128_GCM_SHA256""]",RSA,2048,sha256WithRSAEncryption,TRUSTED,MATCH,398
sim-high-0044,3c6b743559580b7bbf75,legacy_protocol,synthetic_simulation,HIGH,True,True,TLSv1.1,"[""TLSv1.1"",""TLSv1.2""]","[""TLS_RSA_WITH_AES_128_GCM_SHA256"",""TLS_ECDHE_RSA_WITH_AES_128_CBC_SHA"",""TLS_ECDHE_RSA_WITH_AES_128_GCM_SHA256""]",RSA,2048,sha256WithRSAEncryption,TRUSTED,MATCH,398
sim-high-0045,17dddaeb12d62679611f,static_rsa_compatible,synthetic_simulation,HIGH,True,True,TLSv1.2,"[""TLSv1.2"",""TLSv1.3""]","[""TLS_AES_128_GCM_SHA256"",""TLS_RSA_WITH_AES_128_CBC_SHA"",""TLS_RSA_WITH_AES_128_GCM_SHA256""]",RSA,2048,sha256WithRSAEncryption,TRUSTED,MATCH,398
sim-high-0046,4abd7d1b8db58077eaef,legacy_protocol,synthetic_simulation,HIGH,True,True,TLSv1.1,"[""TLSv1.1"",""TLSv1.2""]","[""TLS_ECDHE_RSA_WITH_AES_128_CBC_SHA"",""TLS_RSA_WITH_AES_128_GCM_SHA256"",""TLS_ECDHE_RSA_WITH_AES_128_GCM_SHA256""]",RSA,2048,sha256WithRSAEncryption,TRUSTED,MATCH,398
sim-high-0047,17dddaeb12d62679611f,static_rsa_compatible,synthetic_simulation,HIGH,True,True,TLSv1.2,"[""TLSv1.2"",""TLSv1.3""]","[""TLS_AES_128_GCM_SHA256"",""TLS_RSA_WITH_AES_128_CBC_SHA"",""TLS_RSA_WITH_AES_128_GCM_SHA256""]",RSA,2048,sha256WithRSAEncryption,TRUSTED,MATCH,398
sim-high-0048,752e6efeffe68df99088,legacy_protocol,synthetic_simulation,HIGH,True,True,TLSv1.1,"[""TLSv1.1"",""TLSv1.2""]","[""TLS_ECDHE_RSA_WITH_AES_128_GCM_SHA256"",""TLS_RSA_WITH_AES_128_GCM_SHA256"",""TLS_ECDHE_RSA_WITH_AES_128_CBC_SHA""]",RSA,2048,sha256WithRSAEncryption,TRUSTED,MATCH,398
sim-high-0049,17dddaeb12d62679611f,static_rsa_compatible,synthetic_simulation,HIGH,True,True,TLSv1.2,"[""TLSv1.2"",""TLSv1.3""]","[""TLS_AES_128_GCM_SHA256"",""TLS_RSA_WITH_AES_128_CBC_SHA"",""TLS_RSA_WITH_AES_128_GCM_SHA256""]",RSA,2048,sha256WithRSAEncryption,TRUSTED,MATCH,398
sim-high-0050,752e6efeffe68df99088,legacy_protocol,synthetic_simulation,HIGH,True,True,TLSv1.1,"[""TLSv1.1"",""TLSv1.2""]","[""TLS_ECDHE_RSA_WITH_AES_128_GCM_SHA256"",""TLS_RSA_WITH_AES_128_GCM_SHA256"",""TLS_ECDHE_RSA_WITH_AES_128_CBC_SHA""]",RSA,2048,sha256WithRSAEncryption,TRUSTED,MATCH,398
sim-high-0051,71bbd3b709da27064089,static_rsa_compatible,synthetic_simulation,HIGH,True,True,TLSv1.2,"[""TLSv1.2"",""TLSv1.3""]","[""TLS_RSA_WITH_AES_128_CBC_SHA"",""TLS_RSA_WITH_AES_128_GCM_SHA256"",""TLS_ECDHE_RSA_WITH_AES_128_GCM_SHA256""]",RSA,2048,sha256WithRSAEncryption,TRUSTED,MATCH,398
sim-high-0052,d1d292fb921f9e68bbb9,legacy_protocol,synthetic_simulation,HIGH,True,True,TLSv1.0,"[""TLSv1.0"",""TLSv1.2""]","[""TLS_ECDHE_RSA_WITH_AES_128_CBC_SHA"",""TLS_RSA_WITH_AES_128_GCM_SHA256"",""TLS_ECDHE_RSA_WITH_AES_128_GCM_SHA256""]",RSA,2048,sha256WithRSAEncryption,TRUSTED,MATCH,398
sim-high-0053,4c5d402bf4c841e2089f,static_rsa_compatible,synthetic_simulation,HIGH,True,True,TLSv1.2,"[""TLSv1.2"",""TLSv1.3""]","[""TLS_ECDHE_RSA_WITH_AES_128_GCM_SHA256"",""TLS_RSA_WITH_AES_128_GCM_SHA256"",""TLS_RSA_WITH_AES_128_CBC_SHA""]",RSA,2048,sha256WithRSAEncryption,TRUSTED,MATCH,398
sim-high-0054,a1c863f4abf30aaa405a,legacy_protocol,synthetic_simulation,HIGH,True,True,TLSv1.0,"[""TLSv1.0"",""TLSv1.2""]","[""TLS_ECDHE_RSA_WITH_AES_128_GCM_SHA256"",""TLS_RSA_WITH_AES_128_GCM_SHA256"",""TLS_RSA_WITH_AES_128_CBC_SHA""]",RSA,2048,sha256WithRSAEncryption,TRUSTED,MATCH,398
sim-high-0055,fbfb28bb519e4fc8c7e7,static_rsa_compatible,synthetic_simulation,HIGH,True,True,TLSv1.2,"[""TLSv1.2"",""TLSv1.3""]","[""TLS_AES_128_GCM_SHA256"",""TLS_ECDHE_RSA_WITH_AES_128_GCM_SHA256"",""TLS_RSA_WITH_AES_128_GCM_SHA256""]",RSA,2048,sha256WithRSAEncryption,TRUSTED,MATCH,398
sim-high-0056,4abd7d1b8db58077eaef,legacy_protocol,synthetic_simulation,HIGH,True,True,TLSv1.1,"[""TLSv1.1"",""TLSv1.2""]","[""TLS_ECDHE_RSA_WITH_AES_128_CBC_SHA"",""TLS_RSA_WITH_AES_128_GCM_SHA256"",""TLS_ECDHE_RSA_WITH_AES_128_GCM_SHA256""]",RSA,2048,sha256WithRSAEncryption,TRUSTED,MATCH,398
sim-high-0057,f2aad38446a88f6e90a4,static_rsa_compatible,synthetic_simulation,HIGH,True,True,TLSv1.2,"[""TLSv1.2"",""TLSv1.3""]","[""TLS_RSA_WITH_AES_128_CBC_SHA"",""TLS_AES_128_GCM_SHA256"",""TLS_RSA_WITH_AES_128_GCM_SHA256""]",RSA,2048,sha256WithRSAEncryption,TRUSTED,MATCH,398
sim-high-0058,b2e108e59045f24f98af,legacy_protocol,synthetic_simulation,HIGH,True,True,TLSv1.0,"[""TLSv1.0"",""TLSv1.2""]","[""TLS_ECDHE_RSA_WITH_AES_128_CBC_SHA"",""TLS_RSA_WITH_AES_128_CBC_SHA"",""TLS_ECDHE_RSA_WITH_AES_128_GCM_SHA256""]",RSA,2048,sha256WithRSAEncryption,TRUSTED,MATCH,398
sim-high-0059,fbfb28bb519e4fc8c7e7,static_rsa_compatible,synthetic_simulation,HIGH,True,True,TLSv1.2,"[""TLSv1.2"",""TLSv1.3""]","[""TLS_AES_128_GCM_SHA256"",""TLS_ECDHE_RSA_WITH_AES_128_GCM_SHA256"",""TLS_RSA_WITH_AES_128_GCM_SHA256""]",RSA,2048,sha256WithRSAEncryption,TRUSTED,MATCH,398
sim-high-0060,ad47738f0af7c76be6ee,legacy_protocol,synthetic_simulation,HIGH,True,True,TLSv1.0,"[""TLSv1.0"",""TLSv1.2""]","[""TLS_RSA_WITH_AES_128_GCM_SHA256"",""TLS_ECDHE_RSA_WITH_AES_128_CBC_SHA"",""TLS_ECDHE_RSA_WITH_AES_128_GCM_SHA256""]",RSA,2048,sha256WithRSAEncryption,TRUSTED,MATCH,398
sim-high-0061,f2aad38446a88f6e90a4,static_rsa_compatible,synthetic_simulation,HIGH,True,True,TLSv1.2,"[""TLSv1.2"",""TLSv1.3""]","[""TLS_RSA_WITH_AES_128_CBC_SHA"",""TLS_AES_128_GCM_SHA256"",""TLS_RSA_WITH_AES_128_GCM_SHA256""]",RSA,2048,sha256WithRSAEncryption,TRUSTED,MATCH,398
sim-high-0062,0f6aa212ee8c40ed3ede,legacy_protocol,synthetic_simulation,HIGH,True,True,TLSv1.1,"[""TLSv1.1"",""TLSv1.2""]","[""TLS_ECDHE_RSA_WITH_AES_128_GCM_SHA256"",""TLS_RSA_WITH_AES_128_GCM_SHA256"",""TLS_RSA_WITH_AES_128_CBC_SHA""]",RSA,2048,sha256WithRSAEncryption,TRUSTED,MATCH,398
sim-high-0063,e4d7a37192235c6097b3,static_rsa_compatible,synthetic_simulation,HIGH,True,True,TLSv1.2,"[""TLSv1.2"",""TLSv1.3""]","[""TLS_ECDHE_RSA_WITH_AES_128_GCM_SHA256"",""TLS_RSA_WITH_AES_128_CBC_SHA"",""TLS_RSA_WITH_AES_128_GCM_SHA256""]",RSA,2048,sha256WithRSAEncryption,TRUSTED,MATCH,398
sim-high-0064,7c885c26094ef0da6fc4,legacy_protocol,synthetic_simulation,HIGH,True,True,TLSv1.1,"[""TLSv1.1"",""TLSv1.2""]","[""TLS_ECDHE_RSA_WITH_AES_128_CBC_SHA"",""TLS_ECDHE_RSA_WITH_AES_128_GCM_SHA256"",""TLS_RSA_WITH_AES_128_GCM_SHA256""]",RSA,2048,sha256WithRSAEncryption,TRUSTED,MATCH,398
sim-high-0065,17dddaeb12d62679611f,static_rsa_compatible,synthetic_simulation,HIGH,True,True,TLSv1.2,"[""TLSv1.2"",""TLSv1.3""]","[""TLS_AES_128_GCM_SHA256"",""TLS_RSA_WITH_AES_128_CBC_SHA"",""TLS_RSA_WITH_AES_128_GCM_SHA256""]",RSA,2048,sha256WithRSAEncryption,TRUSTED,MATCH,398
sim-high-0066,1afbc2c42fd2b3d8bd4c,legacy_protocol,synthetic_simulation,HIGH,True,True,TLSv1.1,"[""TLSv1.1"",""TLSv1.2""]","[""TLS_RSA_WITH_AES_128_GCM_SHA256"",""TLS_ECDHE_RSA_WITH_AES_128_GCM_SHA256"",""TLS_RSA_WITH_AES_128_CBC_SHA""]",RSA,2048,sha256WithRSAEncryption,TRUSTED,MATCH,398
sim-high-0067,e4d7a37192235c6097b3,static_rsa_compatible,synthetic_simulation,HIGH,True,True,TLSv1.2,"[""TLSv1.2"",""TLSv1.3""]","[""TLS_ECDHE_RSA_WITH_AES_128_GCM_SHA256"",""TLS_RSA_WITH_AES_128_CBC_SHA"",""TLS_RSA_WITH_AES_128_GCM_SHA256""]",RSA,2048,sha256WithRSAEncryption,TRUSTED,MATCH,398
sim-high-0068,af085b14ca3c6842c613,legacy_protocol,synthetic_simulation,HIGH,True,True,TLSv1.1,"[""TLSv1.1"",""TLSv1.2""]","[""TLS_ECDHE_RSA_WITH_AES_128_CBC_SHA"",""TLS_ECDHE_RSA_WITH_AES_128_GCM_SHA256"",""TLS_RSA_WITH_AES_128_CBC_SHA""]",RSA,2048,sha256WithRSAEncryption,TRUSTED,MATCH,398
sim-high-0069,a587f3e8b3d6c2c8ec61,static_rsa_compatible,synthetic_simulation,HIGH,True,True,TLSv1.2,"[""TLSv1.2"",""TLSv1.3""]","[""TLS_RSA_WITH_AES_128_GCM_SHA256"",""TLS_ECDHE_RSA_WITH_AES_128_GCM_SHA256"",""TLS_RSA_WITH_AES_128_CBC_SHA""]",RSA,2048,sha256WithRSAEncryption,TRUSTED,MATCH,398
sim-high-0070,5d3d247f24d4e99409c6,legacy_protocol,synthetic_simulation,HIGH,True,True,TLSv1.0,"[""TLSv1.0"",""TLSv1.2""]","[""TLS_RSA_WITH_AES_128_GCM_SHA256"",""TLS_ECDHE_RSA_WITH_AES_128_GCM_SHA256"",""TLS_RSA_WITH_AES_128_CBC_SHA""]",RSA,2048,sha256WithRSAEncryption,TRUSTED,MATCH,398
sim-high-0071,e4d7a37192235c6097b3,static_rsa_compatible,synthetic_simulation,HIGH,True,True,TLSv1.2,"[""TLSv1.2"",""TLSv1.3""]","[""TLS_ECDHE_RSA_WITH_AES_128_GCM_SHA256"",""TLS_RSA_WITH_AES_128_CBC_SHA"",""TLS_RSA_WITH_AES_128_GCM_SHA256""]",RSA,2048,sha256WithRSAEncryption,TRUSTED,MATCH,398
sim-high-0072,116ccf3c7d65942712d1,legacy_protocol,synthetic_simulation,HIGH,True,True,TLSv1.0,"[""TLSv1.0"",""TLSv1.2""]","[""TLS_RSA_WITH_AES_128_CBC_SHA"",""TLS_ECDHE_RSA_WITH_AES_128_GCM_SHA256"",""TLS_ECDHE_RSA_WITH_AES_128_CBC_SHA""]",RSA,2048,sha256WithRSAEncryption,TRUSTED,MATCH,398
sim-high-0073,a587f3e8b3d6c2c8ec61,static_rsa_compatible,synthetic_simulation,HIGH,True,True,TLSv1.2,"[""TLSv1.2"",""TLSv1.3""]","[""TLS_RSA_WITH_AES_128_GCM_SHA256"",""TLS_ECDHE_RSA_WITH_AES_128_GCM_SHA256"",""TLS_RSA_WITH_AES_128_CBC_SHA""]",RSA,2048,sha256WithRSAEncryption,TRUSTED,MATCH,398
sim-high-0074,33b52a610a866b3afe89,legacy_protocol,synthetic_simulation,HIGH,True,True,TLSv1.1,"[""TLSv1.1"",""TLSv1.2""]","[""TLS_ECDHE_RSA_WITH_AES_128_GCM_SHA256"",""TLS_RSA_WITH_AES_128_CBC_SHA"",""TLS_RSA_WITH_AES_128_GCM_SHA256""]",RSA,2048,sha256WithRSAEncryption,TRUSTED,MATCH,398
sim-high-0075,d433813082f841c06577,static_rsa_compatible,synthetic_simulation,HIGH,True,True,TLSv1.2,"[""TLSv1.2"",""TLSv1.3""]","[""TLS_ECDHE_RSA_WITH_AES_128_GCM_SHA256"",""TLS_AES_128_GCM_SHA256"",""TLS_RSA_WITH_AES_128_CBC_SHA""]",RSA,2048,sha256WithRSAEncryption,TRUSTED,MATCH,398
sim-high-0076,8757d836179cf0b5fdfe,legacy_protocol,synthetic_simulation,HIGH,True,True,TLSv1.0,"[""TLSv1.0"",""TLSv1.2""]","[""TLS_RSA_WITH_AES_128_CBC_SHA"",""TLS_ECDHE_RSA_WITH_AES_128_CBC_SHA"",""TLS_RSA_WITH_AES_128_GCM_SHA256""]",RSA,2048,sha256WithRSAEncryption,TRUSTED,MATCH,398
sim-high-0077,f0209633204379b740cb,static_rsa_compatible,synthetic_simulation,HIGH,True,True,TLSv1.2,"[""TLSv1.2"",""TLSv1.3""]","[""TLS_RSA_WITH_AES_128_CBC_SHA"",""TLS_ECDHE_RSA_WITH_AES_128_GCM_SHA256"",""TLS_RSA_WITH_AES_128_GCM_SHA256""]",RSA,2048,sha256WithRSAEncryption,TRUSTED,MATCH,398
sim-high-0078,4abd7d1b8db58077eaef,legacy_protocol,synthetic_simulation,HIGH,True,True,TLSv1.1,"[""TLSv1.1"",""TLSv1.2""]","[""TLS_ECDHE_RSA_WITH_AES_128_CBC_SHA"",""TLS_RSA_WITH_AES_128_GCM_SHA256"",""TLS_ECDHE_RSA_WITH_AES_128_GCM_SHA256""]",RSA,2048,sha256WithRSAEncryption,TRUSTED,MATCH,398
sim-high-0079,e623e0eb0cb22717044b,static_rsa_compatible,synthetic_simulation,HIGH,True,True,TLSv1.2,"[""TLSv1.2"",""TLSv1.3""]","[""TLS_AES_128_GCM_SHA256"",""TLS_RSA_WITH_AES_128_GCM_SHA256"",""TLS_ECDHE_RSA_WITH_AES_128_GCM_SHA256""]",RSA,2048,sha256WithRSAEncryption,TRUSTED,MATCH,398
sim-high-0080,3a661abbc7cb4ec9c31b,legacy_protocol,synthetic_simulation,HIGH,True,True,TLSv1.0,"[""TLSv1.0"",""TLSv1.2""]","[""TLS_RSA_WITH_AES_128_CBC_SHA"",""TLS_ECDHE_RSA_WITH_AES_128_GCM_SHA256"",""TLS_RSA_WITH_AES_128_GCM_SHA256""]",RSA,2048,sha256WithRSAEncryption,TRUSTED,MATCH,398
sim-high-0081,f2aad38446a88f6e90a4,static_rsa_compatible,synthetic_simulation,HIGH,True,True,TLSv1.2,"[""TLSv1.2"",""TLSv1.3""]","[""TLS_RSA_WITH_AES_128_CBC_SHA"",""TLS_AES_128_GCM_SHA256"",""TLS_RSA_WITH_AES_128_GCM_SHA256""]",RSA,2048,sha256WithRSAEncryption,TRUSTED,MATCH,398
sim-high-0082,9b6da93054cf4278f8d2,legacy_protocol,synthetic_simulation,HIGH,True,True,TLSv1.1,"[""TLSv1.1"",""TLSv1.2""]","[""TLS_ECDHE_RSA_WITH_AES_128_GCM_SHA256"",""TLS_ECDHE_RSA_WITH_AES_128_CBC_SHA"",""TLS_RSA_WITH_AES_128_CBC_SHA""]",RSA,2048,sha256WithRSAEncryption,TRUSTED,MATCH,398
sim-high-0083,1f89d30c5dc181f26313,static_rsa_compatible,synthetic_simulation,HIGH,True,True,TLSv1.2,"[""TLSv1.2"",""TLSv1.3""]","[""TLS_ECDHE_RSA_WITH_AES_128_GCM_SHA256"",""TLS_RSA_WITH_AES_128_GCM_SHA256"",""TLS_AES_128_GCM_SHA256""]",RSA,2048,sha256WithRSAEncryption,TRUSTED,MATCH,398
sim-high-0084,dc4e2f1b39ce9222466b,legacy_protocol,synthetic_simulation,HIGH,True,True,TLSv1.1,"[""TLSv1.1"",""TLSv1.2""]","[""TLS_ECDHE_RSA_WITH_AES_128_CBC_SHA"",""TLS_RSA_WITH_AES_128_CBC_SHA"",""TLS_RSA_WITH_AES_128_GCM_SHA256""]",RSA,2048,sha256WithRSAEncryption,TRUSTED,MATCH,398
sim-high-0085,c08e32bda8c743176999,static_rsa_compatible,synthetic_simulation,HIGH,True,True,TLSv1.2,"[""TLSv1.2"",""TLSv1.3""]","[""TLS_AES_128_GCM_SHA256"",""TLS_RSA_WITH_AES_128_CBC_SHA"",""TLS_ECDHE_RSA_WITH_AES_128_GCM_SHA256""]",RSA,2048,sha256WithRSAEncryption,TRUSTED,MATCH,398
sim-high-0086,0028ede1d0a492ef2d22,legacy_protocol,synthetic_simulation,HIGH,True,True,TLSv1.0,"[""TLSv1.0"",""TLSv1.2""]","[""TLS_ECDHE_RSA_WITH_AES_128_CBC_SHA"",""TLS_ECDHE_RSA_WITH_AES_128_GCM_SHA256"",""TLS_RSA_WITH_AES_128_GCM_SHA256""]",RSA,2048,sha256WithRSAEncryption,TRUSTED,MATCH,398
sim-high-0087,b30a12172dcf7ab707d7,static_rsa_compatible,synthetic_simulation,HIGH,True,True,TLSv1.2,"[""TLSv1.2"",""TLSv1.3""]","[""TLS_ECDHE_RSA_WITH_AES_128_GCM_SHA256"",""TLS_AES_128_GCM_SHA256"",""TLS_RSA_WITH_AES_128_GCM_SHA256""]",RSA,2048,sha256WithRSAEncryption,TRUSTED,MATCH,398
sim-high-0088,a6c413e59c41a42189c4,legacy_protocol,synthetic_simulation,HIGH,True,True,TLSv1.1,"[""TLSv1.1"",""TLSv1.2""]","[""TLS_RSA_WITH_AES_128_CBC_SHA"",""TLS_ECDHE_RSA_WITH_AES_128_GCM_SHA256"",""TLS_ECDHE_RSA_WITH_AES_128_CBC_SHA""]",RSA,2048,sha256WithRSAEncryption,TRUSTED,MATCH,398
sim-high-0089,e4d7a37192235c6097b3,static_rsa_compatible,synthetic_simulation,HIGH,True,True,TLSv1.2,"[""TLSv1.2"",""TLSv1.3""]","[""TLS_ECDHE_RSA_WITH_AES_128_GCM_SHA256"",""TLS_RSA_WITH_AES_128_CBC_SHA"",""TLS_RSA_WITH_AES_128_GCM_SHA256""]",RSA,2048,sha256WithRSAEncryption,TRUSTED,MATCH,398
sim-high-0090,b3f45632e01676647c7e,legacy_protocol,synthetic_simulation,HIGH,True,True,TLSv1.1,"[""TLSv1.1"",""TLSv1.2""]","[""TLS_RSA_WITH_AES_128_CBC_SHA"",""TLS_RSA_WITH_AES_128_GCM_SHA256"",""TLS_ECDHE_RSA_WITH_AES_128_GCM_SHA256""]",RSA,2048,sha256WithRSAEncryption,TRUSTED,MATCH,398
sim-high-0091,1f89d30c5dc181f26313,static_rsa_compatible,synthetic_simulation,HIGH,True,True,TLSv1.2,"[""TLSv1.2"",""TLSv1.3""]","[""TLS_ECDHE_RSA_WITH_AES_128_GCM_SHA256"",""TLS_RSA_WITH_AES_128_GCM_SHA256"",""TLS_AES_128_GCM_SHA256""]",RSA,2048,sha256WithRSAEncryption,TRUSTED,MATCH,398
sim-high-0092,33b52a610a866b3afe89,legacy_protocol,synthetic_simulation,HIGH,True,True,TLSv1.1,"[""TLSv1.1"",""TLSv1.2""]","[""TLS_ECDHE_RSA_WITH_AES_128_GCM_SHA256"",""TLS_RSA_WITH_AES_128_CBC_SHA"",""TLS_RSA_WITH_AES_128_GCM_SHA256""]",RSA,2048,sha256WithRSAEncryption,TRUSTED,MATCH,398
sim-high-0093,2e1d2a5046e8f5043e68,static_rsa_compatible,synthetic_simulation,HIGH,True,True,TLSv1.2,"[""TLSv1.2"",""TLSv1.3""]","[""TLS_AES_128_GCM_SHA256"",""TLS_RSA_WITH_AES_128_GCM_SHA256"",""TLS_RSA_WITH_AES_128_CBC_SHA""]",RSA,2048,sha256WithRSAEncryption,TRUSTED,MATCH,398
sim-high-0094,4a2c1378e55e67470187,legacy_protocol,synthetic_simulation,HIGH,True,True,TLSv1.1,"[""TLSv1.1"",""TLSv1.2""]","[""TLS_RSA_WITH_AES_128_GCM_SHA256"",""TLS_RSA_WITH_AES_128_CBC_SHA"",""TLS_ECDHE_RSA_WITH_AES_128_GCM_SHA256""]",RSA,2048,sha256WithRSAEncryption,TRUSTED,MATCH,398
sim-high-0095,fbfb28bb519e4fc8c7e7,static_rsa_compatible,synthetic_simulation,HIGH,True,True,TLSv1.2,"[""TLSv1.2"",""TLSv1.3""]","[""TLS_AES_128_GCM_SHA256"",""TLS_ECDHE_RSA_WITH_AES_128_GCM_SHA256"",""TLS_RSA_WITH_AES_128_GCM_SHA256""]",RSA,2048,sha256WithRSAEncryption,TRUSTED,MATCH,398
sim-high-0096,d1d292fb921f9e68bbb9,legacy_protocol,synthetic_simulation,HIGH,True,True,TLSv1.0,"[""TLSv1.0"",""TLSv1.2""]","[""TLS_ECDHE_RSA_WITH_AES_128_CBC_SHA"",""TLS_RSA_WITH_AES_128_GCM_SHA256"",""TLS_ECDHE_RSA_WITH_AES_128_GCM_SHA256""]",RSA,2048,sha256WithRSAEncryption,TRUSTED,MATCH,398
sim-high-0097,45d5b344dbb1b54e3728,static_rsa_compatible,synthetic_simulation,HIGH,True,True,TLSv1.2,"[""TLSv1.2"",""TLSv1.3""]","[""TLS_RSA_WITH_AES_128_CBC_SHA"",""TLS_AES_128_GCM_SHA256"",""TLS_ECDHE_RSA_WITH_AES_128_GCM_SHA256""]",RSA,2048,sha256WithRSAEncryption,TRUSTED,MATCH,398
sim-high-0098,e8fe41ba617d00ce6a72,legacy_protocol,synthetic_simulation,HIGH,True,True,TLSv1.0,"[""TLSv1.0"",""TLSv1.2""]","[""TLS_RSA_WITH_AES_128_GCM_SHA256"",""TLS_RSA_WITH_AES_128_CBC_SHA"",""TLS_ECDHE_RSA_WITH_AES_128_GCM_SHA256""]",RSA,2048,sha256WithRSAEncryption,TRUSTED,MATCH,398
sim-high-0099,17dddaeb12d62679611f,static_rsa_compatible,synthetic_simulation,HIGH,True,True,TLSv1.2,"[""TLSv1.2"",""TLSv1.3""]","[""TLS_AES_128_GCM_SHA256"",""TLS_RSA_WITH_AES_128_CBC_SHA"",""TLS_RSA_WITH_AES_128_GCM_SHA256""]",RSA,2048,sha256WithRSAEncryption,TRUSTED,MATCH,398
sim-high-0100,92805abf364b5f029fc0,legacy_protocol,synthetic_simulation,HIGH,True,True,TLSv1.0,"[""TLSv1.0"",""TLSv1.2""]","[""TLS_RSA_WITH_AES_128_CBC_SHA"",""TLS_ECDHE_RSA_WITH_AES_128_CBC_SHA"",""TLS_ECDHE_RSA_WITH_AES_128_GCM_SHA256""]",RSA,2048,sha256WithRSAEncryption,TRUSTED,MATCH,398
sim-high-0101,c08e32bda8c743176999,static_rsa_compatible,synthetic_simulation,HIGH,True,True,TLSv1.2,"[""TLSv1.2"",""TLSv1.3""]","[""TLS_AES_128_GCM_SHA256"",""TLS_RSA_WITH_AES_128_CBC_SHA"",""TLS_ECDHE_RSA_WITH_AES_128_GCM_SHA256""]",RSA,2048,sha256WithRSAEncryption,TRUSTED,MATCH,398
sim-high-0102,6c4ba6507de600c148da,legacy_protocol,synthetic_simulation,HIGH,True,True,TLSv1.1,"[""TLSv1.1"",""TLSv1.2""]","[""TLS_RSA_WITH_AES_128_GCM_SHA256"",""TLS_RSA_WITH_AES_128_CBC_SHA"",""TLS_ECDHE_RSA_WITH_AES_128_CBC_SHA""]",RSA,2048,sha256WithRSAEncryption,TRUSTED,MATCH,398
sim-high-0103,a587f3e8b3d6c2c8ec61,static_rsa_compatible,synthetic_simulation,HIGH,True,True,TLSv1.2,"[""TLSv1.2"",""TLSv1.3""]","[""TLS_RSA_WITH_AES_128_GCM_SHA256"",""TLS_ECDHE_RSA_WITH_AES_128_GCM_SHA256"",""TLS_RSA_WITH_AES_128_CBC_SHA""]",RSA,2048,sha256WithRSAEncryption,TRUSTED,MATCH,398
sim-high-0104,4abd7d1b8db58077eaef,legacy_protocol,synthetic_simulation,HIGH,True,True,TLSv1.1,"[""TLSv1.1"",""TLSv1.2""]","[""TLS_ECDHE_RSA_WITH_AES_128_CBC_SHA"",""TLS_RSA_WITH_AES_128_GCM_SHA256"",""TLS_ECDHE_RSA_WITH_AES_128_GCM_SHA256""]",RSA,2048,sha256WithRSAEncryption,TRUSTED,MATCH,398
sim-high-0105,f0209633204379b740cb,static_rsa_compatible,synthetic_simulation,HIGH,True,True,TLSv1.2,"[""TLSv1.2"",""TLSv1.3""]","[""TLS_RSA_WITH_AES_128_CBC_SHA"",""TLS_ECDHE_RSA_WITH_AES_128_GCM_SHA256"",""TLS_RSA_WITH_AES_128_GCM_SHA256""]",RSA,2048,sha256WithRSAEncryption,TRUSTED,MATCH,398
sim-high-0106,dc4e2f1b39ce9222466b,legacy_protocol,synthetic_simulation,HIGH,True,True,TLSv1.1,"[""TLSv1.1"",""TLSv1.2""]","[""TLS_ECDHE_RSA_WITH_AES_128_CBC_SHA"",""TLS_RSA_WITH_AES_128_CBC_SHA"",""TLS_RSA_WITH_AES_128_GCM_SHA256""]",RSA,2048,sha256WithRSAEncryption,TRUSTED,MATCH,398
sim-high-0107,4c5d402bf4c841e2089f,static_rsa_compatible,synthetic_simulation,HIGH,True,True,TLSv1.2,"[""TLSv1.2"",""TLSv1.3""]","[""TLS_ECDHE_RSA_WITH_AES_128_GCM_SHA256"",""TLS_RSA_WITH_AES_128_GCM_SHA256"",""TLS_RSA_WITH_AES_128_CBC_SHA""]",RSA,2048,sha256WithRSAEncryption,TRUSTED,MATCH,398
sim-high-0108,d1d292fb921f9e68bbb9,legacy_protocol,synthetic_simulation,HIGH,True,True,TLSv1.0,"[""TLSv1.0"",""TLSv1.2""]","[""TLS_ECDHE_RSA_WITH_AES_128_CBC_SHA"",""TLS_RSA_WITH_AES_128_GCM_SHA256"",""TLS_ECDHE_RSA_WITH_AES_128_GCM_SHA256""]",RSA,2048,sha256WithRSAEncryption,TRUSTED,MATCH,398
sim-high-0109,17dddaeb12d62679611f,static_rsa_compatible,synthetic_simulation,HIGH,True,True,TLSv1.2,"[""TLSv1.2"",""TLSv1.3""]","[""TLS_AES_128_GCM_SHA256"",""TLS_RSA_WITH_AES_128_CBC_SHA"",""TLS_RSA_WITH_AES_128_GCM_SHA256""]",RSA,2048,sha256WithRSAEncryption,TRUSTED,MATCH,398
sim-high-0110,2869e972288714c9aae6,legacy_protocol,synthetic_simulation,HIGH,True,True,TLSv1.0,"[""TLSv1.0"",""TLSv1.2""]","[""TLS_RSA_WITH_AES_128_CBC_SHA"",""TLS_RSA_WITH_AES_128_GCM_SHA256"",""TLS_ECDHE_RSA_WITH_AES_128_GCM_SHA256""]",RSA,2048,sha256WithRSAEncryption,TRUSTED,MATCH,398
sim-high-0111,c08e32bda8c743176999,static_rsa_compatible,synthetic_simulation,HIGH,True,True,TLSv1.2,"[""TLSv1.2"",""TLSv1.3""]","[""TLS_AES_128_GCM_SHA256"",""TLS_RSA_WITH_AES_128_CBC_SHA"",""TLS_ECDHE_RSA_WITH_AES_128_GCM_SHA256""]",RSA,2048,sha256WithRSAEncryption,TRUSTED,MATCH,398
sim-high-0112,e8fe41ba617d00ce6a72,legacy_protocol,synthetic_simulation,HIGH,True,True,TLSv1.0,"[""TLSv1.0"",""TLSv1.2""]","[""TLS_RSA_WITH_AES_128_GCM_SHA256"",""TLS_RSA_WITH_AES_128_CBC_SHA"",""TLS_ECDHE_RSA_WITH_AES_128_GCM_SHA256""]",RSA,2048,sha256WithRSAEncryption,TRUSTED,MATCH,398
sim-high-0113,f4a6b77b03244314bb8e,static_rsa_compatible,synthetic_simulation,HIGH,True,True,TLSv1.2,"[""TLSv1.2"",""TLSv1.3""]","[""TLS_RSA_WITH_AES_128_CBC_SHA"",""TLS_RSA_WITH_AES_128_GCM_SHA256"",""TLS_AES_128_GCM_SHA256""]",RSA,2048,sha256WithRSAEncryption,TRUSTED,MATCH,398
sim-high-0114,0028ede1d0a492ef2d22,legacy_protocol,synthetic_simulation,HIGH,True,True,TLSv1.0,"[""TLSv1.0"",""TLSv1.2""]","[""TLS_ECDHE_RSA_WITH_AES_128_CBC_SHA"",""TLS_ECDHE_RSA_WITH_AES_128_GCM_SHA256"",""TLS_RSA_WITH_AES_128_GCM_SHA256""]",RSA,2048,sha256WithRSAEncryption,TRUSTED,MATCH,398
sim-high-0115,af185ee62c7563a5122b,static_rsa_compatible,synthetic_simulation,HIGH,True,True,TLSv1.2,"[""TLSv1.2"",""TLSv1.3""]","[""TLS_RSA_WITH_AES_128_GCM_SHA256"",""TLS_AES_128_GCM_SHA256"",""TLS_ECDHE_RSA_WITH_AES_128_GCM_SHA256""]",RSA,2048,sha256WithRSAEncryption,TRUSTED,MATCH,398
sim-high-0116,92805abf364b5f029fc0,legacy_protocol,synthetic_simulation,HIGH,True,True,TLSv1.0,"[""TLSv1.0"",""TLSv1.2""]","[""TLS_RSA_WITH_AES_128_CBC_SHA"",""TLS_ECDHE_RSA_WITH_AES_128_CBC_SHA"",""TLS_ECDHE_RSA_WITH_AES_128_GCM_SHA256""]",RSA,2048,sha256WithRSAEncryption,TRUSTED,MATCH,398
sim-high-0117,5afd1f12e636d0736765,static_rsa_compatible,synthetic_simulation,HIGH,True,True,TLSv1.2,"[""TLSv1.2"",""TLSv1.3""]","[""TLS_RSA_WITH_AES_128_GCM_SHA256"",""TLS_AES_128_GCM_SHA256"",""TLS_RSA_WITH_AES_128_CBC_SHA""]",RSA,2048,sha256WithRSAEncryption,TRUSTED,MATCH,398
sim-high-0118,3a6d85656aa93e61004d,legacy_protocol,synthetic_simulation,HIGH,True,True,TLSv1.1,"[""TLSv1.1"",""TLSv1.2""]","[""TLS_RSA_WITH_AES_128_GCM_SHA256"",""TLS_ECDHE_RSA_WITH_AES_128_CBC_SHA"",""TLS_RSA_WITH_AES_128_CBC_SHA""]",RSA,2048,sha256WithRSAEncryption,TRUSTED,MATCH,398
sim-high-0119,7937fc14653a90a6cd28,static_rsa_compatible,synthetic_simulation,HIGH,True,True,TLSv1.2,"[""TLSv1.2"",""TLSv1.3""]","[""TLS_RSA_WITH_AES_128_GCM_SHA256"",""TLS_RSA_WITH_AES_128_CBC_SHA"",""TLS_AES_128_GCM_SHA256""]",RSA,2048,sha256WithRSAEncryption,TRUSTED,MATCH,398
sim-high-0120,c3467470318476fff90b,legacy_protocol,synthetic_simulation,HIGH,True,True,TLSv1.0,"[""TLSv1.0"",""TLSv1.2""]","[""TLS_ECDHE_RSA_WITH_AES_128_GCM_SHA256"",""TLS_ECDHE_RSA_WITH_AES_128_CBC_SHA"",""TLS_RSA_WITH_AES_128_CBC_SHA""]",RSA,2048,sha256WithRSAEncryption,TRUSTED,MATCH,398
sim-high-0121,17dddaeb12d62679611f,static_rsa_compatible,synthetic_simulation,HIGH,True,True,TLSv1.2,"[""TLSv1.2"",""TLSv1.3""]","[""TLS_AES_128_GCM_SHA256"",""TLS_RSA_WITH_AES_128_CBC_SHA"",""TLS_RSA_WITH_AES_128_GCM_SHA256""]",RSA,2048,sha256WithRSAEncryption,TRUSTED,MATCH,398
sim-high-0122,b9c7af7dfe137d3f9bfc,legacy_protocol,synthetic_simulation,HIGH,True,True,TLSv1.0,"[""TLSv1.0"",""TLSv1.2""]","[""TLS_ECDHE_RSA_WITH_AES_128_GCM_SHA256"",""TLS_ECDHE_RSA_WITH_AES_128_CBC_SHA"",""TLS_RSA_WITH_AES_128_GCM_SHA256""]",RSA,2048,sha256WithRSAEncryption,TRUSTED,MATCH,398
sim-high-0123,0647bd2fed3f913465ea,static_rsa_compatible,synthetic_simulation,HIGH,True,True,TLSv1.2,"[""TLSv1.2"",""TLSv1.3""]","[""TLS_RSA_WITH_AES_128_GCM_SHA256"",""TLS_RSA_WITH_AES_128_CBC_SHA"",""TLS_ECDHE_RSA_WITH_AES_128_GCM_SHA256""]",RSA,2048,sha256WithRSAEncryption,TRUSTED,MATCH,398
sim-high-0124,d1d292fb921f9e68bbb9,legacy_protocol,synthetic_simulation,HIGH,True,True,TLSv1.0,"[""TLSv1.0"",""TLSv1.2""]","[""TLS_ECDHE_RSA_WITH_AES_128_CBC_SHA"",""TLS_RSA_WITH_AES_128_GCM_SHA256"",""TLS_ECDHE_RSA_WITH_AES_128_GCM_SHA256""]",RSA,2048,sha256WithRSAEncryption,TRUSTED,MATCH,398
sim-high-0125,7937fc14653a90a6cd28,static_rsa_compatible,synthetic_simulation,HIGH,True,True,TLSv1.2,"[""TLSv1.2"",""TLSv1.3""]","[""TLS_RSA_WITH_AES_128_GCM_SHA256"",""TLS_RSA_WITH_AES_128_CBC_SHA"",""TLS_AES_128_GCM_SHA256""]",RSA,2048,sha256WithRSAEncryption,TRUSTED,MATCH,398
sim-high-0126,5339e031d048032a4f59,legacy_protocol,synthetic_simulation,HIGH,True,True,TLSv1.1,"[""TLSv1.1"",""TLSv1.2""]","[""TLS_ECDHE_RSA_WITH_AES_128_GCM_SHA256"",""TLS_RSA_WITH_AES_128_CBC_SHA"",""TLS_ECDHE_RSA_WITH_AES_128_CBC_SHA""]",RSA,2048,sha256WithRSAEncryption,TRUSTED,MATCH,398
sim-high-0127,5afd1f12e636d0736765,static_rsa_compatible,synthetic_simulation,HIGH,True,True,TLSv1.2,"[""TLSv1.2"",""TLSv1.3""]","[""TLS_RSA_WITH_AES_128_GCM_SHA256"",""TLS_AES_128_GCM_SHA256"",""TLS_RSA_WITH_AES_128_CBC_SHA""]",RSA,2048,sha256WithRSAEncryption,TRUSTED,MATCH,398
sim-high-0128,20dd61a92ffb3e556978,legacy_protocol,synthetic_simulation,HIGH,True,True,TLSv1.0,"[""TLSv1.0"",""TLSv1.2""]","[""TLS_RSA_WITH_AES_128_GCM_SHA256"",""TLS_ECDHE_RSA_WITH_AES_128_CBC_SHA"",""TLS_RSA_WITH_AES_128_CBC_SHA""]",RSA,2048,sha256WithRSAEncryption,TRUSTED,MATCH,398
sim-high-0129,45d5b344dbb1b54e3728,static_rsa_compatible,synthetic_simulation,HIGH,True,True,TLSv1.2,"[""TLSv1.2"",""TLSv1.3""]","[""TLS_RSA_WITH_AES_128_CBC_SHA"",""TLS_AES_128_GCM_SHA256"",""TLS_ECDHE_RSA_WITH_AES_128_GCM_SHA256""]",RSA,2048,sha256WithRSAEncryption,TRUSTED,MATCH,398
sim-high-0130,4a2c1378e55e67470187,legacy_protocol,synthetic_simulation,HIGH,True,True,TLSv1.1,"[""TLSv1.1"",""TLSv1.2""]","[""TLS_RSA_WITH_AES_128_GCM_SHA256"",""TLS_RSA_WITH_AES_128_CBC_SHA"",""TLS_ECDHE_RSA_WITH_AES_128_GCM_SHA256""]",RSA,2048,sha256WithRSAEncryption,TRUSTED,MATCH,398
sim-high-0131,f0209633204379b740cb,static_rsa_compatible,synthetic_simulation,HIGH,True,True,TLSv1.2,"[""TLSv1.2"",""TLSv1.3""]","[""TLS_RSA_WITH_AES_128_CBC_SHA"",""TLS_ECDHE_RSA_WITH_AES_128_GCM_SHA256"",""TLS_RSA_WITH_AES_128_GCM_SHA256""]",RSA,2048,sha256WithRSAEncryption,TRUSTED,MATCH,398
sim-high-0132,33b52a610a866b3afe89,legacy_protocol,synthetic_simulation,HIGH,True,True,TLSv1.1,"[""TLSv1.1"",""TLSv1.2""]","[""TLS_ECDHE_RSA_WITH_AES_128_GCM_SHA256"",""TLS_RSA_WITH_AES_128_CBC_SHA"",""TLS_RSA_WITH_AES_128_GCM_SHA256""]",RSA,2048,sha256WithRSAEncryption,TRUSTED,MATCH,398
sim-high-0133,e623e0eb0cb22717044b,static_rsa_compatible,synthetic_simulation,HIGH,True,True,TLSv1.2,"[""TLSv1.2"",""TLSv1.3""]","[""TLS_AES_128_GCM_SHA256"",""TLS_RSA_WITH_AES_128_GCM_SHA256"",""TLS_ECDHE_RSA_WITH_AES_128_GCM_SHA256""]",RSA,2048,sha256WithRSAEncryption,TRUSTED,MATCH,398
sim-high-0134,d6fed9d3ae8d6be93bbb,legacy_protocol,synthetic_simulation,HIGH,True,True,TLSv1.0,"[""TLSv1.0"",""TLSv1.2""]","[""TLS_RSA_WITH_AES_128_GCM_SHA256"",""TLS_ECDHE_RSA_WITH_AES_128_GCM_SHA256"",""TLS_ECDHE_RSA_WITH_AES_128_CBC_SHA""]",RSA,2048,sha256WithRSAEncryption,TRUSTED,MATCH,398
sim-high-0135,ea0a13ee4f0ccf650429,static_rsa_compatible,synthetic_simulation,HIGH,True,True,TLSv1.2,"[""TLSv1.2"",""TLSv1.3""]","[""TLS_RSA_WITH_AES_128_GCM_SHA256"",""TLS_ECDHE_RSA_WITH_AES_128_GCM_SHA256"",""TLS_AES_128_GCM_SHA256""]",RSA,2048,sha256WithRSAEncryption,TRUSTED,MATCH,398
sim-high-0136,c3467470318476fff90b,legacy_protocol,synthetic_simulation,HIGH,True,True,TLSv1.0,"[""TLSv1.0"",""TLSv1.2""]","[""TLS_ECDHE_RSA_WITH_AES_128_GCM_SHA256"",""TLS_ECDHE_RSA_WITH_AES_128_CBC_SHA"",""TLS_RSA_WITH_AES_128_CBC_SHA""]",RSA,2048,sha256WithRSAEncryption,TRUSTED,MATCH,398
sim-high-0137,2e1d2a5046e8f5043e68,static_rsa_compatible,synthetic_simulation,HIGH,True,True,TLSv1.2,"[""TLSv1.2"",""TLSv1.3""]","[""TLS_AES_128_GCM_SHA256"",""TLS_RSA_WITH_AES_128_GCM_SHA256"",""TLS_RSA_WITH_AES_128_CBC_SHA""]",RSA,2048,sha256WithRSAEncryption,TRUSTED,MATCH,398
sim-high-0138,4c18935f0e58a462b721,legacy_protocol,synthetic_simulation,HIGH,True,True,TLSv1.1,"[""TLSv1.1"",""TLSv1.2""]","[""TLS_RSA_WITH_AES_128_CBC_SHA"",""TLS_RSA_WITH_AES_128_GCM_SHA256"",""TLS_ECDHE_RSA_WITH_AES_128_CBC_SHA""]",RSA,2048,sha256WithRSAEncryption,TRUSTED,MATCH,398
sim-high-0139,d433813082f841c06577,static_rsa_compatible,synthetic_simulation,HIGH,True,True,TLSv1.2,"[""TLSv1.2"",""TLSv1.3""]","[""TLS_ECDHE_RSA_WITH_AES_128_GCM_SHA256"",""TLS_AES_128_GCM_SHA256"",""TLS_RSA_WITH_AES_128_CBC_SHA""]",RSA,2048,sha256WithRSAEncryption,TRUSTED,MATCH,398
sim-high-0140,3a6d85656aa93e61004d,legacy_protocol,synthetic_simulation,HIGH,True,True,TLSv1.1,"[""TLSv1.1"",""TLSv1.2""]","[""TLS_RSA_WITH_AES_128_GCM_SHA256"",""TLS_ECDHE_RSA_WITH_AES_128_CBC_SHA"",""TLS_RSA_WITH_AES_128_CBC_SHA""]",RSA,2048,sha256WithRSAEncryption,TRUSTED,MATCH,398
sim-high-0141,71bbd3b709da27064089,static_rsa_compatible,synthetic_simulation,HIGH,True,True,TLSv1.2,"[""TLSv1.2"",""TLSv1.3""]","[""TLS_RSA_WITH_AES_128_CBC_SHA"",""TLS_RSA_WITH_AES_128_GCM_SHA256"",""TLS_ECDHE_RSA_WITH_AES_128_GCM_SHA256""]",RSA,2048,sha256WithRSAEncryption,TRUSTED,MATCH,398
sim-high-0142,a6c413e59c41a42189c4,legacy_protocol,synthetic_simulation,HIGH,True,True,TLSv1.1,"[""TLSv1.1"",""TLSv1.2""]","[""TLS_RSA_WITH_AES_128_CBC_SHA"",""TLS_ECDHE_RSA_WITH_AES_128_GCM_SHA256"",""TLS_ECDHE_RSA_WITH_AES_128_CBC_SHA""]",RSA,2048,sha256WithRSAEncryption,TRUSTED,MATCH,398
sim-high-0143,1f89d30c5dc181f26313,static_rsa_compatible,synthetic_simulation,HIGH,True,True,TLSv1.2,"[""TLSv1.2"",""TLSv1.3""]","[""TLS_ECDHE_RSA_WITH_AES_128_GCM_SHA256"",""TLS_RSA_WITH_AES_128_GCM_SHA256"",""TLS_AES_128_GCM_SHA256""]",RSA,2048,sha256WithRSAEncryption,TRUSTED,MATCH,398
sim-high-0144,0028ede1d0a492ef2d22,legacy_protocol,synthetic_simulation,HIGH,True,True,TLSv1.0,"[""TLSv1.0"",""TLSv1.2""]","[""TLS_ECDHE_RSA_WITH_AES_128_CBC_SHA"",""TLS_ECDHE_RSA_WITH_AES_128_GCM_SHA256"",""TLS_RSA_WITH_AES_128_GCM_SHA256""]",RSA,2048,sha256WithRSAEncryption,TRUSTED,MATCH,398
sim-high-0145,e623e0eb0cb22717044b,static_rsa_compatible,synthetic_simulation,HIGH,True,True,TLSv1.2,"[""TLSv1.2"",""TLSv1.3""]","[""TLS_AES_128_GCM_SHA256"",""TLS_RSA_WITH_AES_128_GCM_SHA256"",""TLS_ECDHE_RSA_WITH_AES_128_GCM_SHA256""]",RSA,2048,sha256WithRSAEncryption,TRUSTED,MATCH,398
sim-high-0146,3a661abbc7cb4ec9c31b,legacy_protocol,synthetic_simulation,HIGH,True,True,TLSv1.0,"[""TLSv1.0"",""TLSv1.2""]","[""TLS_RSA_WITH_AES_128_CBC_SHA"",""TLS_ECDHE_RSA_WITH_AES_128_GCM_SHA256"",""TLS_RSA_WITH_AES_128_GCM_SHA256""]",RSA,2048,sha256WithRSAEncryption,TRUSTED,MATCH,398
sim-high-0147,b30a12172dcf7ab707d7,static_rsa_compatible,synthetic_simulation,HIGH,True,True,TLSv1.2,"[""TLSv1.2"",""TLSv1.3""]","[""TLS_ECDHE_RSA_WITH_AES_128_GCM_SHA256"",""TLS_AES_128_GCM_SHA256"",""TLS_RSA_WITH_AES_128_GCM_SHA256""]",RSA,2048,sha256WithRSAEncryption,TRUSTED,MATCH,398
sim-high-0148,0f6aa212ee8c40ed3ede,legacy_protocol,synthetic_simulation,HIGH,True,True,TLSv1.1,"[""TLSv1.1"",""TLSv1.2""]","[""TLS_ECDHE_RSA_WITH_AES_128_GCM_SHA256"",""TLS_RSA_WITH_AES_128_GCM_SHA256"",""TLS_RSA_WITH_AES_128_CBC_SHA""]",RSA,2048,sha256WithRSAEncryption,TRUSTED,MATCH,398
sim-high-0149,b30a12172dcf7ab707d7,static_rsa_compatible,synthetic_simulation,HIGH,True,True,TLSv1.2,"[""TLSv1.2"",""TLSv1.3""]","[""TLS_ECDHE_RSA_WITH_AES_128_GCM_SHA256"",""TLS_AES_128_GCM_SHA256"",""TLS_RSA_WITH_AES_128_GCM_SHA256""]",RSA,2048,sha256WithRSAEncryption,TRUSTED,MATCH,398
sim-high-0150,0028ede1d0a492ef2d22,legacy_protocol,synthetic_simulation,HIGH,True,True,TLSv1.0,"[""TLSv1.0"",""TLSv1.2""]","[""TLS_ECDHE_RSA_WITH_AES_128_CBC_SHA"",""TLS_ECDHE_RSA_WITH_AES_128_GCM_SHA256"",""TLS_RSA_WITH_AES_128_GCM_SHA256""]",RSA,2048,sha256WithRSAEncryption,TRUSTED,MATCH,398
sim-high-0151,f2aad38446a88f6e90a4,static_rsa_compatible,synthetic_simulation,HIGH,True,True,TLSv1.2,"[""TLSv1.2"",""TLSv1.3""]","[""TLS_RSA_WITH_AES_128_CBC_SHA"",""TLS_AES_128_GCM_SHA256"",""TLS_RSA_WITH_AES_128_GCM_SHA256""]",RSA,2048,sha256WithRSAEncryption,TRUSTED,MATCH,398
sim-high-0152,af085b14ca3c6842c613,legacy_protocol,synthetic_simulation,HIGH,True,True,TLSv1.1,"[""TLSv1.1"",""TLSv1.2""]","[""TLS_ECDHE_RSA_WITH_AES_128_CBC_SHA"",""TLS_ECDHE_RSA_WITH_AES_128_GCM_SHA256"",""TLS_RSA_WITH_AES_128_CBC_SHA""]",RSA,2048,sha256WithRSAEncryption,TRUSTED,MATCH,398
sim-high-0153,f2aad38446a88f6e90a4,static_rsa_compatible,synthetic_simulation,HIGH,True,True,TLSv1.2,"[""TLSv1.2"",""TLSv1.3""]","[""TLS_RSA_WITH_AES_128_CBC_SHA"",""TLS_AES_128_GCM_SHA256"",""TLS_RSA_WITH_AES_128_GCM_SHA256""]",RSA,2048,sha256WithRSAEncryption,TRUSTED,MATCH,398
sim-high-0154,b9c7af7dfe137d3f9bfc,legacy_protocol,synthetic_simulation,HIGH,True,True,TLSv1.0,"[""TLSv1.0"",""TLSv1.2""]","[""TLS_ECDHE_RSA_WITH_AES_128_GCM_SHA256"",""TLS_ECDHE_RSA_WITH_AES_128_CBC_SHA"",""TLS_RSA_WITH_AES_128_GCM_SHA256""]",RSA,2048,sha256WithRSAEncryption,TRUSTED,MATCH,398
sim-high-0155,4c5d402bf4c841e2089f,static_rsa_compatible,synthetic_simulation,HIGH,True,True,TLSv1.2,"[""TLSv1.2"",""TLSv1.3""]","[""TLS_ECDHE_RSA_WITH_AES_128_GCM_SHA256"",""TLS_RSA_WITH_AES_128_GCM_SHA256"",""TLS_RSA_WITH_AES_128_CBC_SHA""]",RSA,2048,sha256WithRSAEncryption,TRUSTED,MATCH,398
sim-high-0156,3544e1f268725782e1ae,legacy_protocol,synthetic_simulation,HIGH,True,True,TLSv1.1,"[""TLSv1.1"",""TLSv1.2""]","[""TLS_RSA_WITH_AES_128_CBC_SHA"",""TLS_ECDHE_RSA_WITH_AES_128_GCM_SHA256"",""TLS_RSA_WITH_AES_128_GCM_SHA256""]",RSA,2048,sha256WithRSAEncryption,TRUSTED,MATCH,398
sim-high-0157,f3ca0bd1077f17a5c814,static_rsa_compatible,synthetic_simulation,HIGH,True,True,TLSv1.2,"[""TLSv1.2"",""TLSv1.3""]","[""TLS_ECDHE_RSA_WITH_AES_128_GCM_SHA256"",""TLS_RSA_WITH_AES_128_CBC_SHA"",""TLS_AES_128_GCM_SHA256""]",RSA,2048,sha256WithRSAEncryption,TRUSTED,MATCH,398
sim-high-0158,f1e748769613584ff1bb,legacy_protocol,synthetic_simulation,HIGH,True,True,TLSv1.0,"[""TLSv1.0"",""TLSv1.2""]","[""TLS_ECDHE_RSA_WITH_AES_128_CBC_SHA"",""TLS_ECDHE_RSA_WITH_AES_128_GCM_SHA256"",""TLS_RSA_WITH_AES_128_CBC_SHA""]",RSA,2048,sha256WithRSAEncryption,TRUSTED,MATCH,398
sim-high-0159,fbfb28bb519e4fc8c7e7,static_rsa_compatible,synthetic_simulation,HIGH,True,True,TLSv1.2,"[""TLSv1.2"",""TLSv1.3""]","[""TLS_AES_128_GCM_SHA256"",""TLS_ECDHE_RSA_WITH_AES_128_GCM_SHA256"",""TLS_RSA_WITH_AES_128_GCM_SHA256""]",RSA,2048,sha256WithRSAEncryption,TRUSTED,MATCH,398
sim-high-0160,4c18935f0e58a462b721,legacy_protocol,synthetic_simulation,HIGH,True,True,TLSv1.1,"[""TLSv1.1"",""TLSv1.2""]","[""TLS_RSA_WITH_AES_128_CBC_SHA"",""TLS_RSA_WITH_AES_128_GCM_SHA256"",""TLS_ECDHE_RSA_WITH_AES_128_CBC_SHA""]",RSA,2048,sha256WithRSAEncryption,TRUSTED,MATCH,398
sim-high-0161,d433813082f841c06577,static_rsa_compatible,synthetic_simulation,HIGH,True,True,TLSv1.2,"[""TLSv1.2"",""TLSv1.3""]","[""TLS_ECDHE_RSA_WITH_AES_128_GCM_SHA256"",""TLS_AES_128_GCM_SHA256"",""TLS_RSA_WITH_AES_128_CBC_SHA""]",RSA,2048,sha256WithRSAEncryption,TRUSTED,MATCH,398
sim-high-0162,e8fe41ba617d00ce6a72,legacy_protocol,synthetic_simulation,HIGH,True,True,TLSv1.0,"[""TLSv1.0"",""TLSv1.2""]","[""TLS_RSA_WITH_AES_128_GCM_SHA256"",""TLS_RSA_WITH_AES_128_CBC_SHA"",""TLS_ECDHE_RSA_WITH_AES_128_GCM_SHA256""]",RSA,2048,sha256WithRSAEncryption,TRUSTED,MATCH,398
sim-high-0163,b30a12172dcf7ab707d7,static_rsa_compatible,synthetic_simulation,HIGH,True,True,TLSv1.2,"[""TLSv1.2"",""TLSv1.3""]","[""TLS_ECDHE_RSA_WITH_AES_128_GCM_SHA256"",""TLS_AES_128_GCM_SHA256"",""TLS_RSA_WITH_AES_128_GCM_SHA256""]",RSA,2048,sha256WithRSAEncryption,TRUSTED,MATCH,398
sim-high-0164,4a2c1378e55e67470187,legacy_protocol,synthetic_simulation,HIGH,True,True,TLSv1.1,"[""TLSv1.1"",""TLSv1.2""]","[""TLS_RSA_WITH_AES_128_GCM_SHA256"",""TLS_RSA_WITH_AES_128_CBC_SHA"",""TLS_ECDHE_RSA_WITH_AES_128_GCM_SHA256""]",RSA,2048,sha256WithRSAEncryption,TRUSTED,MATCH,398
sim-high-0165,0647bd2fed3f913465ea,static_rsa_compatible,synthetic_simulation,HIGH,True,True,TLSv1.2,"[""TLSv1.2"",""TLSv1.3""]","[""TLS_RSA_WITH_AES_128_GCM_SHA256"",""TLS_RSA_WITH_AES_128_CBC_SHA"",""TLS_ECDHE_RSA_WITH_AES_128_GCM_SHA256""]",RSA,2048,sha256WithRSAEncryption,TRUSTED,MATCH,398
sim-high-0166,19f3b46b95e695c69f52,legacy_protocol,synthetic_simulation,HIGH,True,True,TLSv1.1,"[""TLSv1.1"",""TLSv1.2""]","[""TLS_RSA_WITH_AES_128_CBC_SHA"",""TLS_ECDHE_RSA_WITH_AES_128_CBC_SHA"",""TLS_ECDHE_RSA_WITH_AES_128_GCM_SHA256""]",RSA,2048,sha256WithRSAEncryption,TRUSTED,MATCH,398
sim-high-0167,45d5b344dbb1b54e3728,static_rsa_compatible,synthetic_simulation,HIGH,True,True,TLSv1.2,"[""TLSv1.2"",""TLSv1.3""]","[""TLS_RSA_WITH_AES_128_CBC_SHA"",""TLS_AES_128_GCM_SHA256"",""TLS_ECDHE_RSA_WITH_AES_128_GCM_SHA256""]",RSA,2048,sha256WithRSAEncryption,TRUSTED,MATCH,398
sim-high-0168,d6fed9d3ae8d6be93bbb,legacy_protocol,synthetic_simulation,HIGH,True,True,TLSv1.0,"[""TLSv1.0"",""TLSv1.2""]","[""TLS_RSA_WITH_AES_128_GCM_SHA256"",""TLS_ECDHE_RSA_WITH_AES_128_GCM_SHA256"",""TLS_ECDHE_RSA_WITH_AES_128_CBC_SHA""]",RSA,2048,sha256WithRSAEncryption,TRUSTED,MATCH,398
sim-high-0169,5afd1f12e636d0736765,static_rsa_compatible,synthetic_simulation,HIGH,True,True,TLSv1.2,"[""TLSv1.2"",""TLSv1.3""]","[""TLS_RSA_WITH_AES_128_GCM_SHA256"",""TLS_AES_128_GCM_SHA256"",""TLS_RSA_WITH_AES_128_CBC_SHA""]",RSA,2048,sha256WithRSAEncryption,TRUSTED,MATCH,398
sim-high-0170,4c18935f0e58a462b721,legacy_protocol,synthetic_simulation,HIGH,True,True,TLSv1.1,"[""TLSv1.1"",""TLSv1.2""]","[""TLS_RSA_WITH_AES_128_CBC_SHA"",""TLS_RSA_WITH_AES_128_GCM_SHA256"",""TLS_ECDHE_RSA_WITH_AES_128_CBC_SHA""]",RSA,2048,sha256WithRSAEncryption,TRUSTED,MATCH,398
sim-high-0171,0647bd2fed3f913465ea,static_rsa_compatible,synthetic_simulation,HIGH,True,True,TLSv1.2,"[""TLSv1.2"",""TLSv1.3""]","[""TLS_RSA_WITH_AES_128_GCM_SHA256"",""TLS_RSA_WITH_AES_128_CBC_SHA"",""TLS_ECDHE_RSA_WITH_AES_128_GCM_SHA256""]",RSA,2048,sha256WithRSAEncryption,TRUSTED,MATCH,398
sim-high-0172,4abd7d1b8db58077eaef,legacy_protocol,synthetic_simulation,HIGH,True,True,TLSv1.1,"[""TLSv1.1"",""TLSv1.2""]","[""TLS_ECDHE_RSA_WITH_AES_128_CBC_SHA"",""TLS_RSA_WITH_AES_128_GCM_SHA256"",""TLS_ECDHE_RSA_WITH_AES_128_GCM_SHA256""]",RSA,2048,sha256WithRSAEncryption,TRUSTED,MATCH,398
sim-high-0173,4c5d402bf4c841e2089f,static_rsa_compatible,synthetic_simulation,HIGH,True,True,TLSv1.2,"[""TLSv1.2"",""TLSv1.3""]","[""TLS_ECDHE_RSA_WITH_AES_128_GCM_SHA256"",""TLS_RSA_WITH_AES_128_GCM_SHA256"",""TLS_RSA_WITH_AES_128_CBC_SHA""]",RSA,2048,sha256WithRSAEncryption,TRUSTED,MATCH,398
sim-high-0174,3544e1f268725782e1ae,legacy_protocol,synthetic_simulation,HIGH,True,True,TLSv1.1,"[""TLSv1.1"",""TLSv1.2""]","[""TLS_RSA_WITH_AES_128_CBC_SHA"",""TLS_ECDHE_RSA_WITH_AES_128_GCM_SHA256"",""TLS_RSA_WITH_AES_128_GCM_SHA256""]",RSA,2048,sha256WithRSAEncryption,TRUSTED,MATCH,398
sim-high-0175,c08e32bda8c743176999,static_rsa_compatible,synthetic_simulation,HIGH,True,True,TLSv1.2,"[""TLSv1.2"",""TLSv1.3""]","[""TLS_AES_128_GCM_SHA256"",""TLS_RSA_WITH_AES_128_CBC_SHA"",""TLS_ECDHE_RSA_WITH_AES_128_GCM_SHA256""]",RSA,2048,sha256WithRSAEncryption,TRUSTED,MATCH,398
sim-high-0176,1afbc2c42fd2b3d8bd4c,legacy_protocol,synthetic_simulation,HIGH,True,True,TLSv1.1,"[""TLSv1.1"",""TLSv1.2""]","[""TLS_RSA_WITH_AES_128_GCM_SHA256"",""TLS_ECDHE_RSA_WITH_AES_128_GCM_SHA256"",""TLS_RSA_WITH_AES_128_CBC_SHA""]",RSA,2048,sha256WithRSAEncryption,TRUSTED,MATCH,398
sim-high-0177,4c5d402bf4c841e2089f,static_rsa_compatible,synthetic_simulation,HIGH,True,True,TLSv1.2,"[""TLSv1.2"",""TLSv1.3""]","[""TLS_ECDHE_RSA_WITH_AES_128_GCM_SHA256"",""TLS_RSA_WITH_AES_128_GCM_SHA256"",""TLS_RSA_WITH_AES_128_CBC_SHA""]",RSA,2048,sha256WithRSAEncryption,TRUSTED,MATCH,398
sim-high-0178,80caed4eddba377e26d6,legacy_protocol,synthetic_simulation,HIGH,True,True,TLSv1.0,"[""TLSv1.0"",""TLSv1.2""]","[""TLS_ECDHE_RSA_WITH_AES_128_GCM_SHA256"",""TLS_RSA_WITH_AES_128_GCM_SHA256"",""TLS_ECDHE_RSA_WITH_AES_128_CBC_SHA""]",RSA,2048,sha256WithRSAEncryption,TRUSTED,MATCH,398
sim-high-0179,e623e0eb0cb22717044b,static_rsa_compatible,synthetic_simulation,HIGH,True,True,TLSv1.2,"[""TLSv1.2"",""TLSv1.3""]","[""TLS_AES_128_GCM_SHA256"",""TLS_RSA_WITH_AES_128_GCM_SHA256"",""TLS_ECDHE_RSA_WITH_AES_128_GCM_SHA256""]",RSA,2048,sha256WithRSAEncryption,TRUSTED,MATCH,398
sim-high-0180,6c4ba6507de600c148da,legacy_protocol,synthetic_simulation,HIGH,True,True,TLSv1.1,"[""TLSv1.1"",""TLSv1.2""]","[""TLS_RSA_WITH_AES_128_GCM_SHA256"",""TLS_RSA_WITH_AES_128_CBC_SHA"",""TLS_ECDHE_RSA_WITH_AES_128_CBC_SHA""]",RSA,2048,sha256WithRSAEncryption,TRUSTED,MATCH,398
sim-high-0181,7937fc14653a90a6cd28,static_rsa_compatible,synthetic_simulation,HIGH,True,True,TLSv1.2,"[""TLSv1.2"",""TLSv1.3""]","[""TLS_RSA_WITH_AES_128_GCM_SHA256"",""TLS_RSA_WITH_AES_128_CBC_SHA"",""TLS_AES_128_GCM_SHA256""]",RSA,2048,sha256WithRSAEncryption,TRUSTED,MATCH,398
sim-high-0182,6c4ba6507de600c148da,legacy_protocol,synthetic_simulation,HIGH,True,True,TLSv1.1,"[""TLSv1.1"",""TLSv1.2""]","[""TLS_RSA_WITH_AES_128_GCM_SHA256"",""TLS_RSA_WITH_AES_128_CBC_SHA"",""TLS_ECDHE_RSA_WITH_AES_128_CBC_SHA""]",RSA,2048,sha256WithRSAEncryption,TRUSTED,MATCH,398
sim-high-0183,e623e0eb0cb22717044b,static_rsa_compatible,synthetic_simulation,HIGH,True,True,TLSv1.2,"[""TLSv1.2"",""TLSv1.3""]","[""TLS_AES_128_GCM_SHA256"",""TLS_RSA_WITH_AES_128_GCM_SHA256"",""TLS_ECDHE_RSA_WITH_AES_128_GCM_SHA256""]",RSA,2048,sha256WithRSAEncryption,TRUSTED,MATCH,398
sim-high-0184,b3db24b9dee401e2e87c,legacy_protocol,synthetic_simulation,HIGH,True,True,TLSv1.0,"[""TLSv1.0"",""TLSv1.2""]","[""TLS_ECDHE_RSA_WITH_AES_128_GCM_SHA256"",""TLS_RSA_WITH_AES_128_CBC_SHA"",""TLS_ECDHE_RSA_WITH_AES_128_CBC_SHA""]",RSA,2048,sha256WithRSAEncryption,TRUSTED,MATCH,398
sim-high-0185,2e1d2a5046e8f5043e68,static_rsa_compatible,synthetic_simulation,HIGH,True,True,TLSv1.2,"[""TLSv1.2"",""TLSv1.3""]","[""TLS_AES_128_GCM_SHA256"",""TLS_RSA_WITH_AES_128_GCM_SHA256"",""TLS_RSA_WITH_AES_128_CBC_SHA""]",RSA,2048,sha256WithRSAEncryption,TRUSTED,MATCH,398
sim-high-0186,bfb61e0965d218612e16,legacy_protocol,synthetic_simulation,HIGH,True,True,TLSv1.1,"[""TLSv1.1"",""TLSv1.2""]","[""TLS_RSA_WITH_AES_128_CBC_SHA"",""TLS_ECDHE_RSA_WITH_AES_128_CBC_SHA"",""TLS_RSA_WITH_AES_128_GCM_SHA256""]",RSA,2048,sha256WithRSAEncryption,TRUSTED,MATCH,398
sim-high-0187,17dddaeb12d62679611f,static_rsa_compatible,synthetic_simulation,HIGH,True,True,TLSv1.2,"[""TLSv1.2"",""TLSv1.3""]","[""TLS_AES_128_GCM_SHA256"",""TLS_RSA_WITH_AES_128_CBC_SHA"",""TLS_RSA_WITH_AES_128_GCM_SHA256""]",RSA,2048,sha256WithRSAEncryption,TRUSTED,MATCH,398
sim-high-0188,5d3d247f24d4e99409c6,legacy_protocol,synthetic_simulation,HIGH,True,True,TLSv1.0,"[""TLSv1.0"",""TLSv1.2""]","[""TLS_RSA_WITH_AES_128_GCM_SHA256"",""TLS_ECDHE_RSA_WITH_AES_128_GCM_SHA256"",""TLS_RSA_WITH_AES_128_CBC_SHA""]",RSA,2048,sha256WithRSAEncryption,TRUSTED,MATCH,398
sim-high-0189,f3ca0bd1077f17a5c814,static_rsa_compatible,synthetic_simulation,HIGH,True,True,TLSv1.2,"[""TLSv1.2"",""TLSv1.3""]","[""TLS_ECDHE_RSA_WITH_AES_128_GCM_SHA256"",""TLS_RSA_WITH_AES_128_CBC_SHA"",""TLS_AES_128_GCM_SHA256""]",RSA,2048,sha256WithRSAEncryption,TRUSTED,MATCH,398
sim-high-0190,f1e748769613584ff1bb,legacy_protocol,synthetic_simulation,HIGH,True,True,TLSv1.0,"[""TLSv1.0"",""TLSv1.2""]","[""TLS_ECDHE_RSA_WITH_AES_128_CBC_SHA"",""TLS_ECDHE_RSA_WITH_AES_128_GCM_SHA256"",""TLS_RSA_WITH_AES_128_CBC_SHA""]",RSA,2048,sha256WithRSAEncryption,TRUSTED,MATCH,398
sim-high-0191,7937fc14653a90a6cd28,static_rsa_compatible,synthetic_simulation,HIGH,True,True,TLSv1.2,"[""TLSv1.2"",""TLSv1.3""]","[""TLS_RSA_WITH_AES_128_GCM_SHA256"",""TLS_RSA_WITH_AES_128_CBC_SHA"",""TLS_AES_128_GCM_SHA256""]",RSA,2048,sha256WithRSAEncryption,TRUSTED,MATCH,398
sim-high-0192,3d46425b9af871b4e641,legacy_protocol,synthetic_simulation,HIGH,True,True,TLSv1.0,"[""TLSv1.0"",""TLSv1.2""]","[""TLS_ECDHE_RSA_WITH_AES_128_GCM_SHA256"",""TLS_RSA_WITH_AES_128_CBC_SHA"",""TLS_RSA_WITH_AES_128_GCM_SHA256""]",RSA,2048,sha256WithRSAEncryption,TRUSTED,MATCH,398
sim-high-0193,1f89d30c5dc181f26313,static_rsa_compatible,synthetic_simulation,HIGH,True,True,TLSv1.2,"[""TLSv1.2"",""TLSv1.3""]","[""TLS_ECDHE_RSA_WITH_AES_128_GCM_SHA256"",""TLS_RSA_WITH_AES_128_GCM_SHA256"",""TLS_AES_128_GCM_SHA256""]",RSA,2048,sha256WithRSAEncryption,TRUSTED,MATCH,398
sim-high-0194,619bfd052d30ac588d9e,legacy_protocol,synthetic_simulation,HIGH,True,True,TLSv1.0,"[""TLSv1.0"",""TLSv1.2""]","[""TLS_ECDHE_RSA_WITH_AES_128_CBC_SHA"",""TLS_RSA_WITH_AES_128_CBC_SHA"",""TLS_RSA_WITH_AES_128_GCM_SHA256""]",RSA,2048,sha256WithRSAEncryption,TRUSTED,MATCH,398
sim-high-0195,c08e32bda8c743176999,static_rsa_compatible,synthetic_simulation,HIGH,True,True,TLSv1.2,"[""TLSv1.2"",""TLSv1.3""]","[""TLS_AES_128_GCM_SHA256"",""TLS_RSA_WITH_AES_128_CBC_SHA"",""TLS_ECDHE_RSA_WITH_AES_128_GCM_SHA256""]",RSA,2048,sha256WithRSAEncryption,TRUSTED,MATCH,398
sim-high-0196,3c6b743559580b7bbf75,legacy_protocol,synthetic_simulation,HIGH,True,True,TLSv1.1,"[""TLSv1.1"",""TLSv1.2""]","[""TLS_RSA_WITH_AES_128_GCM_SHA256"",""TLS_ECDHE_RSA_WITH_AES_128_CBC_SHA"",""TLS_ECDHE_RSA_WITH_AES_128_GCM_SHA256""]",RSA,2048,sha256WithRSAEncryption,TRUSTED,MATCH,398
sim-high-0197,f3ca0bd1077f17a5c814,static_rsa_compatible,synthetic_simulation,HIGH,True,True,TLSv1.2,"[""TLSv1.2"",""TLSv1.3""]","[""TLS_ECDHE_RSA_WITH_AES_128_GCM_SHA256"",""TLS_RSA_WITH_AES_128_CBC_SHA"",""TLS_AES_128_GCM_SHA256""]",RSA,2048,sha256WithRSAEncryption,TRUSTED,MATCH,398
sim-high-0198,b3f45632e01676647c7e,legacy_protocol,synthetic_simulation,HIGH,True,True,TLSv1.1,"[""TLSv1.1"",""TLSv1.2""]","[""TLS_RSA_WITH_AES_128_CBC_SHA"",""TLS_RSA_WITH_AES_128_GCM_SHA256"",""TLS_ECDHE_RSA_WITH_AES_128_GCM_SHA256""]",RSA,2048,sha256WithRSAEncryption,TRUSTED,MATCH,398
sim-high-0199,4c5d402bf4c841e2089f,static_rsa_compatible,synthetic_simulation,HIGH,True,True,TLSv1.2,"[""TLSv1.2"",""TLSv1.3""]","[""TLS_ECDHE_RSA_WITH_AES_128_GCM_SHA256"",""TLS_RSA_WITH_AES_128_GCM_SHA256"",""TLS_RSA_WITH_AES_128_CBC_SHA""]",RSA,2048,sha256WithRSAEncryption,TRUSTED,MATCH,398
sim-high-0200,752e6efeffe68df99088,legacy_protocol,synthetic_simulation,HIGH,True,True,TLSv1.1,"[""TLSv1.1"",""TLSv1.2""]","[""TLS_ECDHE_RSA_WITH_AES_128_GCM_SHA256"",""TLS_RSA_WITH_AES_128_GCM_SHA256"",""TLS_ECDHE_RSA_WITH_AES_128_CBC_SHA""]",RSA,2048,sha256WithRSAEncryption,TRUSTED,MATCH,398
sim-high-0201,17dddaeb12d62679611f,static_rsa_compatible,synthetic_simulation,HIGH,True,True,TLSv1.2,"[""TLSv1.2"",""TLSv1.3""]","[""TLS_AES_128_GCM_SHA256"",""TLS_RSA_WITH_AES_128_CBC_SHA"",""TLS_RSA_WITH_AES_128_GCM_SHA256""]",RSA,2048,sha256WithRSAEncryption,TRUSTED,MATCH,398
sim-high-0202,b2e108e59045f24f98af,legacy_protocol,synthetic_simulation,HIGH,True,True,TLSv1.0,"[""TLSv1.0"",""TLSv1.2""]","[""TLS_ECDHE_RSA_WITH_AES_128_CBC_SHA"",""TLS_RSA_WITH_AES_128_CBC_SHA"",""TLS_ECDHE_RSA_WITH_AES_128_GCM_SHA256""]",RSA,2048,sha256WithRSAEncryption,TRUSTED,MATCH,398
sim-high-0203,17dddaeb12d62679611f,static_rsa_compatible,synthetic_simulation,HIGH,True,True,TLSv1.2,"[""TLSv1.2"",""TLSv1.3""]","[""TLS_AES_128_GCM_SHA256"",""TLS_RSA_WITH_AES_128_CBC_SHA"",""TLS_RSA_WITH_AES_128_GCM_SHA256""]",RSA,2048,sha256WithRSAEncryption,TRUSTED,MATCH,398
sim-high-0204,33b52a610a866b3afe89,legacy_protocol,synthetic_simulation,HIGH,True,True,TLSv1.1,"[""TLSv1.1"",""TLSv1.2""]","[""TLS_ECDHE_RSA_WITH_AES_128_GCM_SHA256"",""TLS_RSA_WITH_AES_128_CBC_SHA"",""TLS_RSA_WITH_AES_128_GCM_SHA256""]",RSA,2048,sha256WithRSAEncryption,TRUSTED,MATCH,398
sim-high-0205,fbfb28bb519e4fc8c7e7,static_rsa_compatible,synthetic_simulation,HIGH,True,True,TLSv1.2,"[""TLSv1.2"",""TLSv1.3""]","[""TLS_AES_128_GCM_SHA256"",""TLS_ECDHE_RSA_WITH_AES_128_GCM_SHA256"",""TLS_RSA_WITH_AES_128_GCM_SHA256""]",RSA,2048,sha256WithRSAEncryption,TRUSTED,MATCH,398
sim-high-0206,3a661abbc7cb4ec9c31b,legacy_protocol,synthetic_simulation,HIGH,True,True,TLSv1.0,"[""TLSv1.0"",""TLSv1.2""]","[""TLS_RSA_WITH_AES_128_CBC_SHA"",""TLS_ECDHE_RSA_WITH_AES_128_GCM_SHA256"",""TLS_RSA_WITH_AES_128_GCM_SHA256""]",RSA,2048,sha256WithRSAEncryption,TRUSTED,MATCH,398
sim-high-0207,f4a6b77b03244314bb8e,static_rsa_compatible,synthetic_simulation,HIGH,True,True,TLSv1.2,"[""TLSv1.2"",""TLSv1.3""]","[""TLS_RSA_WITH_AES_128_CBC_SHA"",""TLS_RSA_WITH_AES_128_GCM_SHA256"",""TLS_AES_128_GCM_SHA256""]",RSA,2048,sha256WithRSAEncryption,TRUSTED,MATCH,398
sim-high-0208,116ccf3c7d65942712d1,legacy_protocol,synthetic_simulation,HIGH,True,True,TLSv1.0,"[""TLSv1.0"",""TLSv1.2""]","[""TLS_RSA_WITH_AES_128_CBC_SHA"",""TLS_ECDHE_RSA_WITH_AES_128_GCM_SHA256"",""TLS_ECDHE_RSA_WITH_AES_128_CBC_SHA""]",RSA,2048,sha256WithRSAEncryption,TRUSTED,MATCH,398
sim-high-0209,0647bd2fed3f913465ea,static_rsa_compatible,synthetic_simulation,HIGH,True,True,TLSv1.2,"[""TLSv1.2"",""TLSv1.3""]","[""TLS_RSA_WITH_AES_128_GCM_SHA256"",""TLS_RSA_WITH_AES_128_CBC_SHA"",""TLS_ECDHE_RSA_WITH_AES_128_GCM_SHA256""]",RSA,2048,sha256WithRSAEncryption,TRUSTED,MATCH,398
sim-high-0210,619bfd052d30ac588d9e,legacy_protocol,synthetic_simulation,HIGH,True,True,TLSv1.0,"[""TLSv1.0"",""TLSv1.2""]","[""TLS_ECDHE_RSA_WITH_AES_128_CBC_SHA"",""TLS_RSA_WITH_AES_128_CBC_SHA"",""TLS_RSA_WITH_AES_128_GCM_SHA256""]",RSA,2048,sha256WithRSAEncryption,TRUSTED,MATCH,398
sim-high-0211,b30a12172dcf7ab707d7,static_rsa_compatible,synthetic_simulation,HIGH,True,True,TLSv1.2,"[""TLSv1.2"",""TLSv1.3""]","[""TLS_ECDHE_RSA_WITH_AES_128_GCM_SHA256"",""TLS_AES_128_GCM_SHA256"",""TLS_RSA_WITH_AES_128_GCM_SHA256""]",RSA,2048,sha256WithRSAEncryption,TRUSTED,MATCH,398
sim-high-0212,0028ede1d0a492ef2d22,legacy_protocol,synthetic_simulation,HIGH,True,True,TLSv1.0,"[""TLSv1.0"",""TLSv1.2""]","[""TLS_ECDHE_RSA_WITH_AES_128_CBC_SHA"",""TLS_ECDHE_RSA_WITH_AES_128_GCM_SHA256"",""TLS_RSA_WITH_AES_128_GCM_SHA256""]",RSA,2048,sha256WithRSAEncryption,TRUSTED,MATCH,398
sim-high-0213,2e1d2a5046e8f5043e68,static_rsa_compatible,synthetic_simulation,HIGH,True,True,TLSv1.2,"[""TLSv1.2"",""TLSv1.3""]","[""TLS_AES_128_GCM_SHA256"",""TLS_RSA_WITH_AES_128_GCM_SHA256"",""TLS_RSA_WITH_AES_128_CBC_SHA""]",RSA,2048,sha256WithRSAEncryption,TRUSTED,MATCH,398
sim-high-0214,b3f45632e01676647c7e,legacy_protocol,synthetic_simulation,HIGH,True,True,TLSv1.1,"[""TLSv1.1"",""TLSv1.2""]","[""TLS_RSA_WITH_AES_128_CBC_SHA"",""TLS_RSA_WITH_AES_128_GCM_SHA256"",""TLS_ECDHE_RSA_WITH_AES_128_GCM_SHA256""]",RSA,2048,sha256WithRSAEncryption,TRUSTED,MATCH,398
sim-high-0215,b30a12172dcf7ab707d7,static_rsa_compatible,synthetic_simulation,HIGH,True,True,TLSv1.2,"[""TLSv1.2"",""TLSv1.3""]","[""TLS_ECDHE_RSA_WITH_AES_128_GCM_SHA256"",""TLS_AES_128_GCM_SHA256"",""TLS_RSA_WITH_AES_128_GCM_SHA256""]",RSA,2048,sha256WithRSAEncryption,TRUSTED,MATCH,398
sim-high-0216,0028ede1d0a492ef2d22,legacy_protocol,synthetic_simulation,HIGH,True,True,TLSv1.0,"[""TLSv1.0"",""TLSv1.2""]","[""TLS_ECDHE_RSA_WITH_AES_128_CBC_SHA"",""TLS_ECDHE_RSA_WITH_AES_128_GCM_SHA256"",""TLS_RSA_WITH_AES_128_GCM_SHA256""]",RSA,2048,sha256WithRSAEncryption,TRUSTED,MATCH,398
sim-high-0217,ea0a13ee4f0ccf650429,static_rsa_compatible,synthetic_simulation,HIGH,True,True,TLSv1.2,"[""TLSv1.2"",""TLSv1.3""]","[""TLS_RSA_WITH_AES_128_GCM_SHA256"",""TLS_ECDHE_RSA_WITH_AES_128_GCM_SHA256"",""TLS_AES_128_GCM_SHA256""]",RSA,2048,sha256WithRSAEncryption,TRUSTED,MATCH,398
sim-high-0218,752e6efeffe68df99088,legacy_protocol,synthetic_simulation,HIGH,True,True,TLSv1.1,"[""TLSv1.1"",""TLSv1.2""]","[""TLS_ECDHE_RSA_WITH_AES_128_GCM_SHA256"",""TLS_RSA_WITH_AES_128_GCM_SHA256"",""TLS_ECDHE_RSA_WITH_AES_128_CBC_SHA""]",RSA,2048,sha256WithRSAEncryption,TRUSTED,MATCH,398
sim-high-0219,a587f3e8b3d6c2c8ec61,static_rsa_compatible,synthetic_simulation,HIGH,True,True,TLSv1.2,"[""TLSv1.2"",""TLSv1.3""]","[""TLS_RSA_WITH_AES_128_GCM_SHA256"",""TLS_ECDHE_RSA_WITH_AES_128_GCM_SHA256"",""TLS_RSA_WITH_AES_128_CBC_SHA""]",RSA,2048,sha256WithRSAEncryption,TRUSTED,MATCH,398
sim-high-0220,5339e031d048032a4f59,legacy_protocol,synthetic_simulation,HIGH,True,True,TLSv1.1,"[""TLSv1.1"",""TLSv1.2""]","[""TLS_ECDHE_RSA_WITH_AES_128_GCM_SHA256"",""TLS_RSA_WITH_AES_128_CBC_SHA"",""TLS_ECDHE_RSA_WITH_AES_128_CBC_SHA""]",RSA,2048,sha256WithRSAEncryption,TRUSTED,MATCH,398
sim-high-0221,009106d411c057c29e61,static_rsa_compatible,synthetic_simulation,HIGH,True,True,TLSv1.2,"[""TLSv1.2"",""TLSv1.3""]","[""TLS_AES_128_GCM_SHA256"",""TLS_ECDHE_RSA_WITH_AES_128_GCM_SHA256"",""TLS_RSA_WITH_AES_128_CBC_SHA""]",RSA,2048,sha256WithRSAEncryption,TRUSTED,MATCH,398
sim-high-0222,9b6da93054cf4278f8d2,legacy_protocol,synthetic_simulation,HIGH,True,True,TLSv1.1,"[""TLSv1.1"",""TLSv1.2""]","[""TLS_ECDHE_RSA_WITH_AES_128_GCM_SHA256"",""TLS_ECDHE_RSA_WITH_AES_128_CBC_SHA"",""TLS_RSA_WITH_AES_128_CBC_SHA""]",RSA,2048,sha256WithRSAEncryption,TRUSTED,MATCH,398
sim-high-0223,2e1d2a5046e8f5043e68,static_rsa_compatible,synthetic_simulation,HIGH,True,True,TLSv1.2,"[""TLSv1.2"",""TLSv1.3""]","[""TLS_AES_128_GCM_SHA256"",""TLS_RSA_WITH_AES_128_GCM_SHA256"",""TLS_RSA_WITH_AES_128_CBC_SHA""]",RSA,2048,sha256WithRSAEncryption,TRUSTED,MATCH,398
sim-high-0224,3c6b743559580b7bbf75,legacy_protocol,synthetic_simulation,HIGH,True,True,TLSv1.1,"[""TLSv1.1"",""TLSv1.2""]","[""TLS_RSA_WITH_AES_128_GCM_SHA256"",""TLS_ECDHE_RSA_WITH_AES_128_CBC_SHA"",""TLS_ECDHE_RSA_WITH_AES_128_GCM_SHA256""]",RSA,2048,sha256WithRSAEncryption,TRUSTED,MATCH,398
sim-high-0225,d433813082f841c06577,static_rsa_compatible,synthetic_simulation,HIGH,True,True,TLSv1.2,"[""TLSv1.2"",""TLSv1.3""]","[""TLS_ECDHE_RSA_WITH_AES_128_GCM_SHA256"",""TLS_AES_128_GCM_SHA256"",""TLS_RSA_WITH_AES_128_CBC_SHA""]",RSA,2048,sha256WithRSAEncryption,TRUSTED,MATCH,398
sim-high-0226,dc4e2f1b39ce9222466b,legacy_protocol,synthetic_simulation,HIGH,True,True,TLSv1.1,"[""TLSv1.1"",""TLSv1.2""]","[""TLS_ECDHE_RSA_WITH_AES_128_CBC_SHA"",""TLS_RSA_WITH_AES_128_CBC_SHA"",""TLS_RSA_WITH_AES_128_GCM_SHA256""]",RSA,2048,sha256WithRSAEncryption,TRUSTED,MATCH,398
sim-high-0227,7937fc14653a90a6cd28,static_rsa_compatible,synthetic_simulation,HIGH,True,True,TLSv1.2,"[""TLSv1.2"",""TLSv1.3""]","[""TLS_RSA_WITH_AES_128_GCM_SHA256"",""TLS_RSA_WITH_AES_128_CBC_SHA"",""TLS_AES_128_GCM_SHA256""]",RSA,2048,sha256WithRSAEncryption,TRUSTED,MATCH,398
sim-high-0228,752e6efeffe68df99088,legacy_protocol,synthetic_simulation,HIGH,True,True,TLSv1.1,"[""TLSv1.1"",""TLSv1.2""]","[""TLS_ECDHE_RSA_WITH_AES_128_GCM_SHA256"",""TLS_RSA_WITH_AES_128_GCM_SHA256"",""TLS_ECDHE_RSA_WITH_AES_128_CBC_SHA""]",RSA,2048,sha256WithRSAEncryption,TRUSTED,MATCH,398
sim-high-0229,71bbd3b709da27064089,static_rsa_compatible,synthetic_simulation,HIGH,True,True,TLSv1.2,"[""TLSv1.2"",""TLSv1.3""]","[""TLS_RSA_WITH_AES_128_CBC_SHA"",""TLS_RSA_WITH_AES_128_GCM_SHA256"",""TLS_ECDHE_RSA_WITH_AES_128_GCM_SHA256""]",RSA,2048,sha256WithRSAEncryption,TRUSTED,MATCH,398
sim-high-0230,54c6472f1a13fedf0916,legacy_protocol,synthetic_simulation,HIGH,True,True,TLSv1.0,"[""TLSv1.0"",""TLSv1.2""]","[""TLS_RSA_WITH_AES_128_CBC_SHA"",""TLS_RSA_WITH_AES_128_GCM_SHA256"",""TLS_ECDHE_RSA_WITH_AES_128_CBC_SHA""]",RSA,2048,sha256WithRSAEncryption,TRUSTED,MATCH,398
sim-high-0231,c08e32bda8c743176999,static_rsa_compatible,synthetic_simulation,HIGH,True,True,TLSv1.2,"[""TLSv1.2"",""TLSv1.3""]","[""TLS_AES_128_GCM_SHA256"",""TLS_RSA_WITH_AES_128_CBC_SHA"",""TLS_ECDHE_RSA_WITH_AES_128_GCM_SHA256""]",RSA,2048,sha256WithRSAEncryption,TRUSTED,MATCH,398
sim-high-0232,3a661abbc7cb4ec9c31b,legacy_protocol,synthetic_simulation,HIGH,True,True,TLSv1.0,"[""TLSv1.0"",""TLSv1.2""]","[""TLS_RSA_WITH_AES_128_CBC_SHA"",""TLS_ECDHE_RSA_WITH_AES_128_GCM_SHA256"",""TLS_RSA_WITH_AES_128_GCM_SHA256""]",RSA,2048,sha256WithRSAEncryption,TRUSTED,MATCH,398
sim-high-0233,2e1d2a5046e8f5043e68,static_rsa_compatible,synthetic_simulation,HIGH,True,True,TLSv1.2,"[""TLSv1.2"",""TLSv1.3""]","[""TLS_AES_128_GCM_SHA256"",""TLS_RSA_WITH_AES_128_GCM_SHA256"",""TLS_RSA_WITH_AES_128_CBC_SHA""]",RSA,2048,sha256WithRSAEncryption,TRUSTED,MATCH,398
sim-high-0234,5339e031d048032a4f59,legacy_protocol,synthetic_simulation,HIGH,True,True,TLSv1.1,"[""TLSv1.1"",""TLSv1.2""]","[""TLS_ECDHE_RSA_WITH_AES_128_GCM_SHA256"",""TLS_RSA_WITH_AES_128_CBC_SHA"",""TLS_ECDHE_RSA_WITH_AES_128_CBC_SHA""]",RSA,2048,sha256WithRSAEncryption,TRUSTED,MATCH,398
sim-high-0235,b30a12172dcf7ab707d7,static_rsa_compatible,synthetic_simulation,HIGH,True,True,TLSv1.2,"[""TLSv1.2"",""TLSv1.3""]","[""TLS_ECDHE_RSA_WITH_AES_128_GCM_SHA256"",""TLS_AES_128_GCM_SHA256"",""TLS_RSA_WITH_AES_128_GCM_SHA256""]",RSA,2048,sha256WithRSAEncryption,TRUSTED,MATCH,398
sim-high-0236,619bfd052d30ac588d9e,legacy_protocol,synthetic_simulation,HIGH,True,True,TLSv1.0,"[""TLSv1.0"",""TLSv1.2""]","[""TLS_ECDHE_RSA_WITH_AES_128_CBC_SHA"",""TLS_RSA_WITH_AES_128_CBC_SHA"",""TLS_RSA_WITH_AES_128_GCM_SHA256""]",RSA,2048,sha256WithRSAEncryption,TRUSTED,MATCH,398
sim-high-0237,ea0a13ee4f0ccf650429,static_rsa_compatible,synthetic_simulation,HIGH,True,True,TLSv1.2,"[""TLSv1.2"",""TLSv1.3""]","[""TLS_RSA_WITH_AES_128_GCM_SHA256"",""TLS_ECDHE_RSA_WITH_AES_128_GCM_SHA256"",""TLS_AES_128_GCM_SHA256""]",RSA,2048,sha256WithRSAEncryption,TRUSTED,MATCH,398
sim-high-0238,4a2c1378e55e67470187,legacy_protocol,synthetic_simulation,HIGH,True,True,TLSv1.1,"[""TLSv1.1"",""TLSv1.2""]","[""TLS_RSA_WITH_AES_128_GCM_SHA256"",""TLS_RSA_WITH_AES_128_CBC_SHA"",""TLS_ECDHE_RSA_WITH_AES_128_GCM_SHA256""]",RSA,2048,sha256WithRSAEncryption,TRUSTED,MATCH,398
sim-high-0239,71bbd3b709da27064089,static_rsa_compatible,synthetic_simulation,HIGH,True,True,TLSv1.2,"[""TLSv1.2"",""TLSv1.3""]","[""TLS_RSA_WITH_AES_128_CBC_SHA"",""TLS_RSA_WITH_AES_128_GCM_SHA256"",""TLS_ECDHE_RSA_WITH_AES_128_GCM_SHA256""]",RSA,2048,sha256WithRSAEncryption,TRUSTED,MATCH,398
sim-high-0240,20dd61a92ffb3e556978,legacy_protocol,synthetic_simulation,HIGH,True,True,TLSv1.0,"[""TLSv1.0"",""TLSv1.2""]","[""TLS_RSA_WITH_AES_128_GCM_SHA256"",""TLS_ECDHE_RSA_WITH_AES_128_CBC_SHA"",""TLS_RSA_WITH_AES_128_CBC_SHA""]",RSA,2048,sha256WithRSAEncryption,TRUSTED,MATCH,398
sim-high-0241,d433813082f841c06577,static_rsa_compatible,synthetic_simulation,HIGH,True,True,TLSv1.2,"[""TLSv1.2"",""TLSv1.3""]","[""TLS_ECDHE_RSA_WITH_AES_128_GCM_SHA256"",""TLS_AES_128_GCM_SHA256"",""TLS_RSA_WITH_AES_128_CBC_SHA""]",RSA,2048,sha256WithRSAEncryption,TRUSTED,MATCH,398
sim-high-0242,83756924e90a73673098,legacy_protocol,synthetic_simulation,HIGH,True,True,TLSv1.1,"[""TLSv1.1"",""TLSv1.2""]","[""TLS_ECDHE_RSA_WITH_AES_128_CBC_SHA"",""TLS_RSA_WITH_AES_128_CBC_SHA"",""TLS_ECDHE_RSA_WITH_AES_128_GCM_SHA256""]",RSA,2048,sha256WithRSAEncryption,TRUSTED,MATCH,398
sim-high-0243,e4d7a37192235c6097b3,static_rsa_compatible,synthetic_simulation,HIGH,True,True,TLSv1.2,"[""TLSv1.2"",""TLSv1.3""]","[""TLS_ECDHE_RSA_WITH_AES_128_GCM_SHA256"",""TLS_RSA_WITH_AES_128_CBC_SHA"",""TLS_RSA_WITH_AES_128_GCM_SHA256""]",RSA,2048,sha256WithRSAEncryption,TRUSTED,MATCH,398
sim-high-0244,5b3f58844d52918b8534,legacy_protocol,synthetic_simulation,HIGH,True,True,TLSv1.1,"[""TLSv1.1"",""TLSv1.2""]","[""TLS_RSA_WITH_AES_128_GCM_SHA256"",""TLS_ECDHE_RSA_WITH_AES_128_GCM_SHA256"",""TLS_ECDHE_RSA_WITH_AES_128_CBC_SHA""]",RSA,2048,sha256WithRSAEncryption,TRUSTED,MATCH,398
sim-high-0245,f0209633204379b740cb,static_rsa_compatible,synthetic_simulation,HIGH,True,True,TLSv1.2,"[""TLSv1.2"",""TLSv1.3""]","[""TLS_RSA_WITH_AES_128_CBC_SHA"",""TLS_ECDHE_RSA_WITH_AES_128_GCM_SHA256"",""TLS_RSA_WITH_AES_128_GCM_SHA256""]",RSA,2048,sha256WithRSAEncryption,TRUSTED,MATCH,398
sim-high-0246,31cfc9b391dcbd0fced4,legacy_protocol,synthetic_simulation,HIGH,True,True,TLSv1.0,"[""TLSv1.0"",""TLSv1.2""]","[""TLS_RSA_WITH_AES_128_GCM_SHA256"",""TLS_RSA_WITH_AES_128_CBC_SHA"",""TLS_ECDHE_RSA_WITH_AES_128_CBC_SHA""]",RSA,2048,sha256WithRSAEncryption,TRUSTED,MATCH,398
sim-high-0247,d433813082f841c06577,static_rsa_compatible,synthetic_simulation,HIGH,True,True,TLSv1.2,"[""TLSv1.2"",""TLSv1.3""]","[""TLS_ECDHE_RSA_WITH_AES_128_GCM_SHA256"",""TLS_AES_128_GCM_SHA256"",""TLS_RSA_WITH_AES_128_CBC_SHA""]",RSA,2048,sha256WithRSAEncryption,TRUSTED,MATCH,398
sim-high-0248,e8fe41ba617d00ce6a72,legacy_protocol,synthetic_simulation,HIGH,True,True,TLSv1.0,"[""TLSv1.0"",""TLSv1.2""]","[""TLS_RSA_WITH_AES_128_GCM_SHA256"",""TLS_RSA_WITH_AES_128_CBC_SHA"",""TLS_ECDHE_RSA_WITH_AES_128_GCM_SHA256""]",RSA,2048,sha256WithRSAEncryption,TRUSTED,MATCH,398
sim-high-0249,17dddaeb12d62679611f,static_rsa_compatible,synthetic_simulation,HIGH,True,True,TLSv1.2,"[""TLSv1.2"",""TLSv1.3""]","[""TLS_AES_128_GCM_SHA256"",""TLS_RSA_WITH_AES_128_CBC_SHA"",""TLS_RSA_WITH_AES_128_GCM_SHA256""]",RSA,2048,sha256WithRSAEncryption,TRUSTED,MATCH,398
sim-high-0250,b2e108e59045f24f98af,legacy_protocol,synthetic_simulation,HIGH,True,True,TLSv1.0,"[""TLSv1.0"",""TLSv1.2""]","[""TLS_ECDHE_RSA_WITH_AES_128_CBC_SHA"",""TLS_RSA_WITH_AES_128_CBC_SHA"",""TLS_ECDHE_RSA_WITH_AES_128_GCM_SHA256""]",RSA,2048,sha256WithRSAEncryption,TRUSTED,MATCH,398
sim-high-0251,e623e0eb0cb22717044b,static_rsa_compatible,synthetic_simulation,HIGH,True,True,TLSv1.2,"[""TLSv1.2"",""TLSv1.3""]","[""TLS_AES_128_GCM_SHA256"",""TLS_RSA_WITH_AES_128_GCM_SHA256"",""TLS_ECDHE_RSA_WITH_AES_128_GCM_SHA256""]",RSA,2048,sha256WithRSAEncryption,TRUSTED,MATCH,398
sim-high-0252,752e6efeffe68df99088,legacy_protocol,synthetic_simulation,HIGH,True,True,TLSv1.1,"[""TLSv1.1"",""TLSv1.2""]","[""TLS_ECDHE_RSA_WITH_AES_128_GCM_SHA256"",""TLS_RSA_WITH_AES_128_GCM_SHA256"",""TLS_ECDHE_RSA_WITH_AES_128_CBC_SHA""]",RSA,2048,sha256WithRSAEncryption,TRUSTED,MATCH,398
sim-high-0253,ea0a13ee4f0ccf650429,static_rsa_compatible,synthetic_simulation,HIGH,True,True,TLSv1.2,"[""TLSv1.2"",""TLSv1.3""]","[""TLS_RSA_WITH_AES_128_GCM_SHA256"",""TLS_ECDHE_RSA_WITH_AES_128_GCM_SHA256"",""TLS_AES_128_GCM_SHA256""]",RSA,2048,sha256WithRSAEncryption,TRUSTED,MATCH,398
sim-high-0254,5d3d247f24d4e99409c6,legacy_protocol,synthetic_simulation,HIGH,True,True,TLSv1.0,"[""TLSv1.0"",""TLSv1.2""]","[""TLS_RSA_WITH_AES_128_GCM_SHA256"",""TLS_ECDHE_RSA_WITH_AES_128_GCM_SHA256"",""TLS_RSA_WITH_AES_128_CBC_SHA""]",RSA,2048,sha256WithRSAEncryption,TRUSTED,MATCH,398
sim-high-0255,0647bd2fed3f913465ea,static_rsa_compatible,synthetic_simulation,HIGH,True,True,TLSv1.2,"[""TLSv1.2"",""TLSv1.3""]","[""TLS_RSA_WITH_AES_128_GCM_SHA256"",""TLS_RSA_WITH_AES_128_CBC_SHA"",""TLS_ECDHE_RSA_WITH_AES_128_GCM_SHA256""]",RSA,2048,sha256WithRSAEncryption,TRUSTED,MATCH,398
sim-high-0256,bfb61e0965d218612e16,legacy_protocol,synthetic_simulation,HIGH,True,True,TLSv1.1,"[""TLSv1.1"",""TLSv1.2""]","[""TLS_RSA_WITH_AES_128_CBC_SHA"",""TLS_ECDHE_RSA_WITH_AES_128_CBC_SHA"",""TLS_RSA_WITH_AES_128_GCM_SHA256""]",RSA,2048,sha256WithRSAEncryption,TRUSTED,MATCH,398
sim-high-0257,17dddaeb12d62679611f,static_rsa_compatible,synthetic_simulation,HIGH,True,True,TLSv1.2,"[""TLSv1.2"",""TLSv1.3""]","[""TLS_AES_128_GCM_SHA256"",""TLS_RSA_WITH_AES_128_CBC_SHA"",""TLS_RSA_WITH_AES_128_GCM_SHA256""]",RSA,2048,sha256WithRSAEncryption,TRUSTED,MATCH,398
sim-high-0258,d1d292fb921f9e68bbb9,legacy_protocol,synthetic_simulation,HIGH,True,True,TLSv1.0,"[""TLSv1.0"",""TLSv1.2""]","[""TLS_ECDHE_RSA_WITH_AES_128_CBC_SHA"",""TLS_RSA_WITH_AES_128_GCM_SHA256"",""TLS_ECDHE_RSA_WITH_AES_128_GCM_SHA256""]",RSA,2048,sha256WithRSAEncryption,TRUSTED,MATCH,398
sim-high-0259,71bbd3b709da27064089,static_rsa_compatible,synthetic_simulation,HIGH,True,True,TLSv1.2,"[""TLSv1.2"",""TLSv1.3""]","[""TLS_RSA_WITH_AES_128_CBC_SHA"",""TLS_RSA_WITH_AES_128_GCM_SHA256"",""TLS_ECDHE_RSA_WITH_AES_128_GCM_SHA256""]",RSA,2048,sha256WithRSAEncryption,TRUSTED,MATCH,398
sim-high-0260,19f3b46b95e695c69f52,legacy_protocol,synthetic_simulation,HIGH,True,True,TLSv1.1,"[""TLSv1.1"",""TLSv1.2""]","[""TLS_RSA_WITH_AES_128_CBC_SHA"",""TLS_ECDHE_RSA_WITH_AES_128_CBC_SHA"",""TLS_ECDHE_RSA_WITH_AES_128_GCM_SHA256""]",RSA,2048,sha256WithRSAEncryption,TRUSTED,MATCH,398
sim-high-0261,af185ee62c7563a5122b,static_rsa_compatible,synthetic_simulation,HIGH,True,True,TLSv1.2,"[""TLSv1.2"",""TLSv1.3""]","[""TLS_RSA_WITH_AES_128_GCM_SHA256"",""TLS_AES_128_GCM_SHA256"",""TLS_ECDHE_RSA_WITH_AES_128_GCM_SHA256""]",RSA,2048,sha256WithRSAEncryption,TRUSTED,MATCH,398
sim-high-0262,752e6efeffe68df99088,legacy_protocol,synthetic_simulation,HIGH,True,True,TLSv1.1,"[""TLSv1.1"",""TLSv1.2""]","[""TLS_ECDHE_RSA_WITH_AES_128_GCM_SHA256"",""TLS_RSA_WITH_AES_128_GCM_SHA256"",""TLS_ECDHE_RSA_WITH_AES_128_CBC_SHA""]",RSA,2048,sha256WithRSAEncryption,TRUSTED,MATCH,398
sim-high-0263,17dddaeb12d62679611f,static_rsa_compatible,synthetic_simulation,HIGH,True,True,TLSv1.2,"[""TLSv1.2"",""TLSv1.3""]","[""TLS_AES_128_GCM_SHA256"",""TLS_RSA_WITH_AES_128_CBC_SHA"",""TLS_RSA_WITH_AES_128_GCM_SHA256""]",RSA,2048,sha256WithRSAEncryption,TRUSTED,MATCH,398
sim-high-0264,0f6aa212ee8c40ed3ede,legacy_protocol,synthetic_simulation,HIGH,True,True,TLSv1.1,"[""TLSv1.1"",""TLSv1.2""]","[""TLS_ECDHE_RSA_WITH_AES_128_GCM_SHA256"",""TLS_RSA_WITH_AES_128_GCM_SHA256"",""TLS_RSA_WITH_AES_128_CBC_SHA""]",RSA,2048,sha256WithRSAEncryption,TRUSTED,MATCH,398
sim-high-0265,af185ee62c7563a5122b,static_rsa_compatible,synthetic_simulation,HIGH,True,True,TLSv1.2,"[""TLSv1.2"",""TLSv1.3""]","[""TLS_RSA_WITH_AES_128_GCM_SHA256"",""TLS_AES_128_GCM_SHA256"",""TLS_ECDHE_RSA_WITH_AES_128_GCM_SHA256""]",RSA,2048,sha256WithRSAEncryption,TRUSTED,MATCH,398
sim-high-0266,b2e108e59045f24f98af,legacy_protocol,synthetic_simulation,HIGH,True,True,TLSv1.0,"[""TLSv1.0"",""TLSv1.2""]","[""TLS_ECDHE_RSA_WITH_AES_128_CBC_SHA"",""TLS_RSA_WITH_AES_128_CBC_SHA"",""TLS_ECDHE_RSA_WITH_AES_128_GCM_SHA256""]",RSA,2048,sha256WithRSAEncryption,TRUSTED,MATCH,398
sim-high-0267,009106d411c057c29e61,static_rsa_compatible,synthetic_simulation,HIGH,True,True,TLSv1.2,"[""TLSv1.2"",""TLSv1.3""]","[""TLS_AES_128_GCM_SHA256"",""TLS_ECDHE_RSA_WITH_AES_128_GCM_SHA256"",""TLS_RSA_WITH_AES_128_CBC_SHA""]",RSA,2048,sha256WithRSAEncryption,TRUSTED,MATCH,398
sim-high-0268,752e6efeffe68df99088,legacy_protocol,synthetic_simulation,HIGH,True,True,TLSv1.1,"[""TLSv1.1"",""TLSv1.2""]","[""TLS_ECDHE_RSA_WITH_AES_128_GCM_SHA256"",""TLS_RSA_WITH_AES_128_GCM_SHA256"",""TLS_ECDHE_RSA_WITH_AES_128_CBC_SHA""]",RSA,2048,sha256WithRSAEncryption,TRUSTED,MATCH,398
sim-high-0269,f4a6b77b03244314bb8e,static_rsa_compatible,synthetic_simulation,HIGH,True,True,TLSv1.2,"[""TLSv1.2"",""TLSv1.3""]","[""TLS_RSA_WITH_AES_128_CBC_SHA"",""TLS_RSA_WITH_AES_128_GCM_SHA256"",""TLS_AES_128_GCM_SHA256""]",RSA,2048,sha256WithRSAEncryption,TRUSTED,MATCH,398
sim-high-0270,5d3d247f24d4e99409c6,legacy_protocol,synthetic_simulation,HIGH,True,True,TLSv1.0,"[""TLSv1.0"",""TLSv1.2""]","[""TLS_RSA_WITH_AES_128_GCM_SHA256"",""TLS_ECDHE_RSA_WITH_AES_128_GCM_SHA256"",""TLS_RSA_WITH_AES_128_CBC_SHA""]",RSA,2048,sha256WithRSAEncryption,TRUSTED,MATCH,398
sim-high-0271,17dddaeb12d62679611f,static_rsa_compatible,synthetic_simulation,HIGH,True,True,TLSv1.2,"[""TLSv1.2"",""TLSv1.3""]","[""TLS_AES_128_GCM_SHA256"",""TLS_RSA_WITH_AES_128_CBC_SHA"",""TLS_RSA_WITH_AES_128_GCM_SHA256""]",RSA,2048,sha256WithRSAEncryption,TRUSTED,MATCH,398
sim-high-0272,4a2c1378e55e67470187,legacy_protocol,synthetic_simulation,HIGH,True,True,TLSv1.1,"[""TLSv1.1"",""TLSv1.2""]","[""TLS_RSA_WITH_AES_128_GCM_SHA256"",""TLS_RSA_WITH_AES_128_CBC_SHA"",""TLS_ECDHE_RSA_WITH_AES_128_GCM_SHA256""]",RSA,2048,sha256WithRSAEncryption,TRUSTED,MATCH,398
sim-high-0273,c08e32bda8c743176999,static_rsa_compatible,synthetic_simulation,HIGH,True,True,TLSv1.2,"[""TLSv1.2"",""TLSv1.3""]","[""TLS_AES_128_GCM_SHA256"",""TLS_RSA_WITH_AES_128_CBC_SHA"",""TLS_ECDHE_RSA_WITH_AES_128_GCM_SHA256""]",RSA,2048,sha256WithRSAEncryption,TRUSTED,MATCH,398
sim-high-0274,8757d836179cf0b5fdfe,legacy_protocol,synthetic_simulation,HIGH,True,True,TLSv1.0,"[""TLSv1.0"",""TLSv1.2""]","[""TLS_RSA_WITH_AES_128_CBC_SHA"",""TLS_ECDHE_RSA_WITH_AES_128_CBC_SHA"",""TLS_RSA_WITH_AES_128_GCM_SHA256""]",RSA,2048,sha256WithRSAEncryption,TRUSTED,MATCH,398
sim-high-0275,7937fc14653a90a6cd28,static_rsa_compatible,synthetic_simulation,HIGH,True,True,TLSv1.2,"[""TLSv1.2"",""TLSv1.3""]","[""TLS_RSA_WITH_AES_128_GCM_SHA256"",""TLS_RSA_WITH_AES_128_CBC_SHA"",""TLS_AES_128_GCM_SHA256""]",RSA,2048,sha256WithRSAEncryption,TRUSTED,MATCH,398
sim-high-0276,d1d292fb921f9e68bbb9,legacy_protocol,synthetic_simulation,HIGH,True,True,TLSv1.0,"[""TLSv1.0"",""TLSv1.2""]","[""TLS_ECDHE_RSA_WITH_AES_128_CBC_SHA"",""TLS_RSA_WITH_AES_128_GCM_SHA256"",""TLS_ECDHE_RSA_WITH_AES_128_GCM_SHA256""]",RSA,2048,sha256WithRSAEncryption,TRUSTED,MATCH,398
sim-high-0277,f4a6b77b03244314bb8e,static_rsa_compatible,synthetic_simulation,HIGH,True,True,TLSv1.2,"[""TLSv1.2"",""TLSv1.3""]","[""TLS_RSA_WITH_AES_128_CBC_SHA"",""TLS_RSA_WITH_AES_128_GCM_SHA256"",""TLS_AES_128_GCM_SHA256""]",RSA,2048,sha256WithRSAEncryption,TRUSTED,MATCH,398
sim-high-0278,c3467470318476fff90b,legacy_protocol,synthetic_simulation,HIGH,True,True,TLSv1.0,"[""TLSv1.0"",""TLSv1.2""]","[""TLS_ECDHE_RSA_WITH_AES_128_GCM_SHA256"",""TLS_ECDHE_RSA_WITH_AES_128_CBC_SHA"",""TLS_RSA_WITH_AES_128_CBC_SHA""]",RSA,2048,sha256WithRSAEncryption,TRUSTED,MATCH,398
sim-high-0279,2e1d2a5046e8f5043e68,static_rsa_compatible,synthetic_simulation,HIGH,True,True,TLSv1.2,"[""TLSv1.2"",""TLSv1.3""]","[""TLS_AES_128_GCM_SHA256"",""TLS_RSA_WITH_AES_128_GCM_SHA256"",""TLS_RSA_WITH_AES_128_CBC_SHA""]",RSA,2048,sha256WithRSAEncryption,TRUSTED,MATCH,398
sim-high-0280,3a6d85656aa93e61004d,legacy_protocol,synthetic_simulation,HIGH,True,True,TLSv1.1,"[""TLSv1.1"",""TLSv1.2""]","[""TLS_RSA_WITH_AES_128_GCM_SHA256"",""TLS_ECDHE_RSA_WITH_AES_128_CBC_SHA"",""TLS_RSA_WITH_AES_128_CBC_SHA""]",RSA,2048,sha256WithRSAEncryption,TRUSTED,MATCH,398
sim-high-0281,e623e0eb0cb22717044b,static_rsa_compatible,synthetic_simulation,HIGH,True,True,TLSv1.2,"[""TLSv1.2"",""TLSv1.3""]","[""TLS_AES_128_GCM_SHA256"",""TLS_RSA_WITH_AES_128_GCM_SHA256"",""TLS_ECDHE_RSA_WITH_AES_128_GCM_SHA256""]",RSA,2048,sha256WithRSAEncryption,TRUSTED,MATCH,398
sim-high-0282,92805abf364b5f029fc0,legacy_protocol,synthetic_simulation,HIGH,True,True,TLSv1.0,"[""TLSv1.0"",""TLSv1.2""]","[""TLS_RSA_WITH_AES_128_CBC_SHA"",""TLS_ECDHE_RSA_WITH_AES_128_CBC_SHA"",""TLS_ECDHE_RSA_WITH_AES_128_GCM_SHA256""]",RSA,2048,sha256WithRSAEncryption,TRUSTED,MATCH,398
sim-high-0283,7937fc14653a90a6cd28,static_rsa_compatible,synthetic_simulation,HIGH,True,True,TLSv1.2,"[""TLSv1.2"",""TLSv1.3""]","[""TLS_RSA_WITH_AES_128_GCM_SHA256"",""TLS_RSA_WITH_AES_128_CBC_SHA"",""TLS_AES_128_GCM_SHA256""]",RSA,2048,sha256WithRSAEncryption,TRUSTED,MATCH,398
sim-high-0284,752e6efeffe68df99088,legacy_protocol,synthetic_simulation,HIGH,True,True,TLSv1.1,"[""TLSv1.1"",""TLSv1.2""]","[""TLS_ECDHE_RSA_WITH_AES_128_GCM_SHA256"",""TLS_RSA_WITH_AES_128_GCM_SHA256"",""TLS_ECDHE_RSA_WITH_AES_128_CBC_SHA""]",RSA,2048,sha256WithRSAEncryption,TRUSTED,MATCH,398
sim-high-0285,ea0a13ee4f0ccf650429,static_rsa_compatible,synthetic_simulation,HIGH,True,True,TLSv1.2,"[""TLSv1.2"",""TLSv1.3""]","[""TLS_RSA_WITH_AES_128_GCM_SHA256"",""TLS_ECDHE_RSA_WITH_AES_128_GCM_SHA256"",""TLS_AES_128_GCM_SHA256""]",RSA,2048,sha256WithRSAEncryption,TRUSTED,MATCH,398
sim-high-0286,4a2c1378e55e67470187,legacy_protocol,synthetic_simulation,HIGH,True,True,TLSv1.1,"[""TLSv1.1"",""TLSv1.2""]","[""TLS_RSA_WITH_AES_128_GCM_SHA256"",""TLS_RSA_WITH_AES_128_CBC_SHA"",""TLS_ECDHE_RSA_WITH_AES_128_GCM_SHA256""]",RSA,2048,sha256WithRSAEncryption,TRUSTED,MATCH,398
sim-high-0287,e4d7a37192235c6097b3,static_rsa_compatible,synthetic_simulation,HIGH,True,True,TLSv1.2,"[""TLSv1.2"",""TLSv1.3""]","[""TLS_ECDHE_RSA_WITH_AES_128_GCM_SHA256"",""TLS_RSA_WITH_AES_128_CBC_SHA"",""TLS_RSA_WITH_AES_128_GCM_SHA256""]",RSA,2048,sha256WithRSAEncryption,TRUSTED,MATCH,398
sim-high-0288,19f3b46b95e695c69f52,legacy_protocol,synthetic_simulation,HIGH,True,True,TLSv1.1,"[""TLSv1.1"",""TLSv1.2""]","[""TLS_RSA_WITH_AES_128_CBC_SHA"",""TLS_ECDHE_RSA_WITH_AES_128_CBC_SHA"",""TLS_ECDHE_RSA_WITH_AES_128_GCM_SHA256""]",RSA,2048,sha256WithRSAEncryption,TRUSTED,MATCH,398
sim-high-0289,7937fc14653a90a6cd28,static_rsa_compatible,synthetic_simulation,HIGH,True,True,TLSv1.2,"[""TLSv1.2"",""TLSv1.3""]","[""TLS_RSA_WITH_AES_128_GCM_SHA256"",""TLS_RSA_WITH_AES_128_CBC_SHA"",""TLS_AES_128_GCM_SHA256""]",RSA,2048,sha256WithRSAEncryption,TRUSTED,MATCH,398
sim-high-0290,1afbc2c42fd2b3d8bd4c,legacy_protocol,synthetic_simulation,HIGH,True,True,TLSv1.1,"[""TLSv1.1"",""TLSv1.2""]","[""TLS_RSA_WITH_AES_128_GCM_SHA256"",""TLS_ECDHE_RSA_WITH_AES_128_GCM_SHA256"",""TLS_RSA_WITH_AES_128_CBC_SHA""]",RSA,2048,sha256WithRSAEncryption,TRUSTED,MATCH,398
sim-high-0291,1f89d30c5dc181f26313,static_rsa_compatible,synthetic_simulation,HIGH,True,True,TLSv1.2,"[""TLSv1.2"",""TLSv1.3""]","[""TLS_ECDHE_RSA_WITH_AES_128_GCM_SHA256"",""TLS_RSA_WITH_AES_128_GCM_SHA256"",""TLS_AES_128_GCM_SHA256""]",RSA,2048,sha256WithRSAEncryption,TRUSTED,MATCH,398
sim-high-0292,b3f45632e01676647c7e,legacy_protocol,synthetic_simulation,HIGH,True,True,TLSv1.1,"[""TLSv1.1"",""TLSv1.2""]","[""TLS_RSA_WITH_AES_128_CBC_SHA"",""TLS_RSA_WITH_AES_128_GCM_SHA256"",""TLS_ECDHE_RSA_WITH_AES_128_GCM_SHA256""]",RSA,2048,sha256WithRSAEncryption,TRUSTED,MATCH,398
sim-high-0293,e623e0eb0cb22717044b,static_rsa_compatible,synthetic_simulation,HIGH,True,True,TLSv1.2,"[""TLSv1.2"",""TLSv1.3""]","[""TLS_AES_128_GCM_SHA256"",""TLS_RSA_WITH_AES_128_GCM_SHA256"",""TLS_ECDHE_RSA_WITH_AES_128_GCM_SHA256""]",RSA,2048,sha256WithRSAEncryption,TRUSTED,MATCH,398
sim-high-0294,7c885c26094ef0da6fc4,legacy_protocol,synthetic_simulation,HIGH,True,True,TLSv1.1,"[""TLSv1.1"",""TLSv1.2""]","[""TLS_ECDHE_RSA_WITH_AES_128_CBC_SHA"",""TLS_ECDHE_RSA_WITH_AES_128_GCM_SHA256"",""TLS_RSA_WITH_AES_128_GCM_SHA256""]",RSA,2048,sha256WithRSAEncryption,TRUSTED,MATCH,398
sim-high-0295,f4a6b77b03244314bb8e,static_rsa_compatible,synthetic_simulation,HIGH,True,True,TLSv1.2,"[""TLSv1.2"",""TLSv1.3""]","[""TLS_RSA_WITH_AES_128_CBC_SHA"",""TLS_RSA_WITH_AES_128_GCM_SHA256"",""TLS_AES_128_GCM_SHA256""]",RSA,2048,sha256WithRSAEncryption,TRUSTED,MATCH,398
sim-high-0296,f1e748769613584ff1bb,legacy_protocol,synthetic_simulation,HIGH,True,True,TLSv1.0,"[""TLSv1.0"",""TLSv1.2""]","[""TLS_ECDHE_RSA_WITH_AES_128_CBC_SHA"",""TLS_ECDHE_RSA_WITH_AES_128_GCM_SHA256"",""TLS_RSA_WITH_AES_128_CBC_SHA""]",RSA,2048,sha256WithRSAEncryption,TRUSTED,MATCH,398
sim-high-0297,e4d7a37192235c6097b3,static_rsa_compatible,synthetic_simulation,HIGH,True,True,TLSv1.2,"[""TLSv1.2"",""TLSv1.3""]","[""TLS_ECDHE_RSA_WITH_AES_128_GCM_SHA256"",""TLS_RSA_WITH_AES_128_CBC_SHA"",""TLS_RSA_WITH_AES_128_GCM_SHA256""]",RSA,2048,sha256WithRSAEncryption,TRUSTED,MATCH,398
sim-high-0298,e8fe41ba617d00ce6a72,legacy_protocol,synthetic_simulation,HIGH,True,True,TLSv1.0,"[""TLSv1.0"",""TLSv1.2""]","[""TLS_RSA_WITH_AES_128_GCM_SHA256"",""TLS_RSA_WITH_AES_128_CBC_SHA"",""TLS_ECDHE_RSA_WITH_AES_128_GCM_SHA256""]",RSA,2048,sha256WithRSAEncryption,TRUSTED,MATCH,398
sim-high-0299,f3ca0bd1077f17a5c814,static_rsa_compatible,synthetic_simulation,HIGH,True,True,TLSv1.2,"[""TLSv1.2"",""TLSv1.3""]","[""TLS_ECDHE_RSA_WITH_AES_128_GCM_SHA256"",""TLS_RSA_WITH_AES_128_CBC_SHA"",""TLS_AES_128_GCM_SHA256""]",RSA,2048,sha256WithRSAEncryption,TRUSTED,MATCH,398
sim-high-0300,4a2c1378e55e67470187,legacy_protocol,synthetic_simulation,HIGH,True,True,TLSv1.1,"[""TLSv1.1"",""TLSv1.2""]","[""TLS_RSA_WITH_AES_128_GCM_SHA256"",""TLS_RSA_WITH_AES_128_CBC_SHA"",""TLS_ECDHE_RSA_WITH_AES_128_GCM_SHA256""]",RSA,2048,sha256WithRSAEncryption,TRUSTED,MATCH,398
sim-high-0301,2e1d2a5046e8f5043e68,static_rsa_compatible,synthetic_simulation,HIGH,True,True,TLSv1.2,"[""TLSv1.2"",""TLSv1.3""]","[""TLS_AES_128_GCM_SHA256"",""TLS_RSA_WITH_AES_128_GCM_SHA256"",""TLS_RSA_WITH_AES_128_CBC_SHA""]",RSA,2048,sha256WithRSAEncryption,TRUSTED,MATCH,398
sim-high-0302,a6c413e59c41a42189c4,legacy_protocol,synthetic_simulation,HIGH,True,True,TLSv1.1,"[""TLSv1.1"",""TLSv1.2""]","[""TLS_RSA_WITH_AES_128_CBC_SHA"",""TLS_ECDHE_RSA_WITH_AES_128_GCM_SHA256"",""TLS_ECDHE_RSA_WITH_AES_128_CBC_SHA""]",RSA,2048,sha256WithRSAEncryption,TRUSTED,MATCH,398
sim-high-0303,e4d7a37192235c6097b3,static_rsa_compatible,synthetic_simulation,HIGH,True,True,TLSv1.2,"[""TLSv1.2"",""TLSv1.3""]","[""TLS_ECDHE_RSA_WITH_AES_128_GCM_SHA256"",""TLS_RSA_WITH_AES_128_CBC_SHA"",""TLS_RSA_WITH_AES_128_GCM_SHA256""]",RSA,2048,sha256WithRSAEncryption,TRUSTED,MATCH,398
sim-high-0304,4c18935f0e58a462b721,legacy_protocol,synthetic_simulation,HIGH,True,True,TLSv1.1,"[""TLSv1.1"",""TLSv1.2""]","[""TLS_RSA_WITH_AES_128_CBC_SHA"",""TLS_RSA_WITH_AES_128_GCM_SHA256"",""TLS_ECDHE_RSA_WITH_AES_128_CBC_SHA""]",RSA,2048,sha256WithRSAEncryption,TRUSTED,MATCH,398
sim-high-0305,45d5b344dbb1b54e3728,static_rsa_compatible,synthetic_simulation,HIGH,True,True,TLSv1.2,"[""TLSv1.2"",""TLSv1.3""]","[""TLS_RSA_WITH_AES_128_CBC_SHA"",""TLS_AES_128_GCM_SHA256"",""TLS_ECDHE_RSA_WITH_AES_128_GCM_SHA256""]",RSA,2048,sha256WithRSAEncryption,TRUSTED,MATCH,398
sim-high-0306,3c6b743559580b7bbf75,legacy_protocol,synthetic_simulation,HIGH,True,True,TLSv1.1,"[""TLSv1.1"",""TLSv1.2""]","[""TLS_RSA_WITH_AES_128_GCM_SHA256"",""TLS_ECDHE_RSA_WITH_AES_128_CBC_SHA"",""TLS_ECDHE_RSA_WITH_AES_128_GCM_SHA256""]",RSA,2048,sha256WithRSAEncryption,TRUSTED,MATCH,398
sim-high-0307,5afd1f12e636d0736765,static_rsa_compatible,synthetic_simulation,HIGH,True,True,TLSv1.2,"[""TLSv1.2"",""TLSv1.3""]","[""TLS_RSA_WITH_AES_128_GCM_SHA256"",""TLS_AES_128_GCM_SHA256"",""TLS_RSA_WITH_AES_128_CBC_SHA""]",RSA,2048,sha256WithRSAEncryption,TRUSTED,MATCH,398
sim-high-0308,80caed4eddba377e26d6,legacy_protocol,synthetic_simulation,HIGH,True,True,TLSv1.0,"[""TLSv1.0"",""TLSv1.2""]","[""TLS_ECDHE_RSA_WITH_AES_128_GCM_SHA256"",""TLS_RSA_WITH_AES_128_GCM_SHA256"",""TLS_ECDHE_RSA_WITH_AES_128_CBC_SHA""]",RSA,2048,sha256WithRSAEncryption,TRUSTED,MATCH,398
sim-high-0309,009106d411c057c29e61,static_rsa_compatible,synthetic_simulation,HIGH,True,True,TLSv1.2,"[""TLSv1.2"",""TLSv1.3""]","[""TLS_AES_128_GCM_SHA256"",""TLS_ECDHE_RSA_WITH_AES_128_GCM_SHA256"",""TLS_RSA_WITH_AES_128_CBC_SHA""]",RSA,2048,sha256WithRSAEncryption,TRUSTED,MATCH,398
sim-high-0310,19f3b46b95e695c69f52,legacy_protocol,synthetic_simulation,HIGH,True,True,TLSv1.1,"[""TLSv1.1"",""TLSv1.2""]","[""TLS_RSA_WITH_AES_128_CBC_SHA"",""TLS_ECDHE_RSA_WITH_AES_128_CBC_SHA"",""TLS_ECDHE_RSA_WITH_AES_128_GCM_SHA256""]",RSA,2048,sha256WithRSAEncryption,TRUSTED,MATCH,398
sim-high-0311,1f89d30c5dc181f26313,static_rsa_compatible,synthetic_simulation,HIGH,True,True,TLSv1.2,"[""TLSv1.2"",""TLSv1.3""]","[""TLS_ECDHE_RSA_WITH_AES_128_GCM_SHA256"",""TLS_RSA_WITH_AES_128_GCM_SHA256"",""TLS_AES_128_GCM_SHA256""]",RSA,2048,sha256WithRSAEncryption,TRUSTED,MATCH,398
sim-high-0312,7c885c26094ef0da6fc4,legacy_protocol,synthetic_simulation,HIGH,True,True,TLSv1.1,"[""TLSv1.1"",""TLSv1.2""]","[""TLS_ECDHE_RSA_WITH_AES_128_CBC_SHA"",""TLS_ECDHE_RSA_WITH_AES_128_GCM_SHA256"",""TLS_RSA_WITH_AES_128_GCM_SHA256""]",RSA,2048,sha256WithRSAEncryption,TRUSTED,MATCH,398
sim-high-0313,f3ca0bd1077f17a5c814,static_rsa_compatible,synthetic_simulation,HIGH,True,True,TLSv1.2,"[""TLSv1.2"",""TLSv1.3""]","[""TLS_ECDHE_RSA_WITH_AES_128_GCM_SHA256"",""TLS_RSA_WITH_AES_128_CBC_SHA"",""TLS_AES_128_GCM_SHA256""]",RSA,2048,sha256WithRSAEncryption,TRUSTED,MATCH,398
sim-high-0314,3544e1f268725782e1ae,legacy_protocol,synthetic_simulation,HIGH,True,True,TLSv1.1,"[""TLSv1.1"",""TLSv1.2""]","[""TLS_RSA_WITH_AES_128_CBC_SHA"",""TLS_ECDHE_RSA_WITH_AES_128_GCM_SHA256"",""TLS_RSA_WITH_AES_128_GCM_SHA256""]",RSA,2048,sha256WithRSAEncryption,TRUSTED,MATCH,398
sim-high-0315,e267aa71e1f3ac561cd3,static_rsa_compatible,synthetic_simulation,HIGH,True,True,TLSv1.2,"[""TLSv1.2"",""TLSv1.3""]","[""TLS_RSA_WITH_AES_128_CBC_SHA"",""TLS_ECDHE_RSA_WITH_AES_128_GCM_SHA256"",""TLS_AES_128_GCM_SHA256""]",RSA,2048,sha256WithRSAEncryption,TRUSTED,MATCH,398
sim-high-0316,964d4a677c49af430b56,legacy_protocol,synthetic_simulation,HIGH,True,True,TLSv1.0,"[""TLSv1.0"",""TLSv1.2""]","[""TLS_ECDHE_RSA_WITH_AES_128_CBC_SHA"",""TLS_RSA_WITH_AES_128_GCM_SHA256"",""TLS_RSA_WITH_AES_128_CBC_SHA""]",RSA,2048,sha256WithRSAEncryption,TRUSTED,MATCH,398
sim-high-0317,ea0a13ee4f0ccf650429,static_rsa_compatible,synthetic_simulation,HIGH,True,True,TLSv1.2,"[""TLSv1.2"",""TLSv1.3""]","[""TLS_RSA_WITH_AES_128_GCM_SHA256"",""TLS_ECDHE_RSA_WITH_AES_128_GCM_SHA256"",""TLS_AES_128_GCM_SHA256""]",RSA,2048,sha256WithRSAEncryption,TRUSTED,MATCH,398
sim-high-0318,4abd7d1b8db58077eaef,legacy_protocol,synthetic_simulation,HIGH,True,True,TLSv1.1,"[""TLSv1.1"",""TLSv1.2""]","[""TLS_ECDHE_RSA_WITH_AES_128_CBC_SHA"",""TLS_RSA_WITH_AES_128_GCM_SHA256"",""TLS_ECDHE_RSA_WITH_AES_128_GCM_SHA256""]",RSA,2048,sha256WithRSAEncryption,TRUSTED,MATCH,398
sim-high-0319,c08e32bda8c743176999,static_rsa_compatible,synthetic_simulation,HIGH,True,True,TLSv1.2,"[""TLSv1.2"",""TLSv1.3""]","[""TLS_AES_128_GCM_SHA256"",""TLS_RSA_WITH_AES_128_CBC_SHA"",""TLS_ECDHE_RSA_WITH_AES_128_GCM_SHA256""]",RSA,2048,sha256WithRSAEncryption,TRUSTED,MATCH,398
sim-high-0320,4c18935f0e58a462b721,legacy_protocol,synthetic_simulation,HIGH,True,True,TLSv1.1,"[""TLSv1.1"",""TLSv1.2""]","[""TLS_RSA_WITH_AES_128_CBC_SHA"",""TLS_RSA_WITH_AES_128_GCM_SHA256"",""TLS_ECDHE_RSA_WITH_AES_128_CBC_SHA""]",RSA,2048,sha256WithRSAEncryption,TRUSTED,MATCH,398
sim-high-0321,f4a6b77b03244314bb8e,static_rsa_compatible,synthetic_simulation,HIGH,True,True,TLSv1.2,"[""TLSv1.2"",""TLSv1.3""]","[""TLS_RSA_WITH_AES_128_CBC_SHA"",""TLS_RSA_WITH_AES_128_GCM_SHA256"",""TLS_AES_128_GCM_SHA256""]",RSA,2048,sha256WithRSAEncryption,TRUSTED,MATCH,398
sim-high-0322,4abd7d1b8db58077eaef,legacy_protocol,synthetic_simulation,HIGH,True,True,TLSv1.1,"[""TLSv1.1"",""TLSv1.2""]","[""TLS_ECDHE_RSA_WITH_AES_128_CBC_SHA"",""TLS_RSA_WITH_AES_128_GCM_SHA256"",""TLS_ECDHE_RSA_WITH_AES_128_GCM_SHA256""]",RSA,2048,sha256WithRSAEncryption,TRUSTED,MATCH,398
sim-high-0323,fbfb28bb519e4fc8c7e7,static_rsa_compatible,synthetic_simulation,HIGH,True,True,TLSv1.2,"[""TLSv1.2"",""TLSv1.3""]","[""TLS_AES_128_GCM_SHA256"",""TLS_ECDHE_RSA_WITH_AES_128_GCM_SHA256"",""TLS_RSA_WITH_AES_128_GCM_SHA256""]",RSA,2048,sha256WithRSAEncryption,TRUSTED,MATCH,398
sim-high-0324,0028ede1d0a492ef2d22,legacy_protocol,synthetic_simulation,HIGH,True,True,TLSv1.0,"[""TLSv1.0"",""TLSv1.2""]","[""TLS_ECDHE_RSA_WITH_AES_128_CBC_SHA"",""TLS_ECDHE_RSA_WITH_AES_128_GCM_SHA256"",""TLS_RSA_WITH_AES_128_GCM_SHA256""]",RSA,2048,sha256WithRSAEncryption,TRUSTED,MATCH,398
sim-high-0325,af185ee62c7563a5122b,static_rsa_compatible,synthetic_simulation,HIGH,True,True,TLSv1.2,"[""TLSv1.2"",""TLSv1.3""]","[""TLS_RSA_WITH_AES_128_GCM_SHA256"",""TLS_AES_128_GCM_SHA256"",""TLS_ECDHE_RSA_WITH_AES_128_GCM_SHA256""]",RSA,2048,sha256WithRSAEncryption,TRUSTED,MATCH,398
sim-high-0326,33b52a610a866b3afe89,legacy_protocol,synthetic_simulation,HIGH,True,True,TLSv1.1,"[""TLSv1.1"",""TLSv1.2""]","[""TLS_ECDHE_RSA_WITH_AES_128_GCM_SHA256"",""TLS_RSA_WITH_AES_128_CBC_SHA"",""TLS_RSA_WITH_AES_128_GCM_SHA256""]",RSA,2048,sha256WithRSAEncryption,TRUSTED,MATCH,398
sim-high-0327,f4a6b77b03244314bb8e,static_rsa_compatible,synthetic_simulation,HIGH,True,True,TLSv1.2,"[""TLSv1.2"",""TLSv1.3""]","[""TLS_RSA_WITH_AES_128_CBC_SHA"",""TLS_RSA_WITH_AES_128_GCM_SHA256"",""TLS_AES_128_GCM_SHA256""]",RSA,2048,sha256WithRSAEncryption,TRUSTED,MATCH,398
sim-high-0328,3d46425b9af871b4e641,legacy_protocol,synthetic_simulation,HIGH,True,True,TLSv1.0,"[""TLSv1.0"",""TLSv1.2""]","[""TLS_ECDHE_RSA_WITH_AES_128_GCM_SHA256"",""TLS_RSA_WITH_AES_128_CBC_SHA"",""TLS_RSA_WITH_AES_128_GCM_SHA256""]",RSA,2048,sha256WithRSAEncryption,TRUSTED,MATCH,398
sim-high-0329,f2aad38446a88f6e90a4,static_rsa_compatible,synthetic_simulation,HIGH,True,True,TLSv1.2,"[""TLSv1.2"",""TLSv1.3""]","[""TLS_RSA_WITH_AES_128_CBC_SHA"",""TLS_AES_128_GCM_SHA256"",""TLS_RSA_WITH_AES_128_GCM_SHA256""]",RSA,2048,sha256WithRSAEncryption,TRUSTED,MATCH,398
sim-high-0330,3544e1f268725782e1ae,legacy_protocol,synthetic_simulation,HIGH,True,True,TLSv1.1,"[""TLSv1.1"",""TLSv1.2""]","[""TLS_RSA_WITH_AES_128_CBC_SHA"",""TLS_ECDHE_RSA_WITH_AES_128_GCM_SHA256"",""TLS_RSA_WITH_AES_128_GCM_SHA256""]",RSA,2048,sha256WithRSAEncryption,TRUSTED,MATCH,398
sim-high-0331,af185ee62c7563a5122b,static_rsa_compatible,synthetic_simulation,HIGH,True,True,TLSv1.2,"[""TLSv1.2"",""TLSv1.3""]","[""TLS_RSA_WITH_AES_128_GCM_SHA256"",""TLS_AES_128_GCM_SHA256"",""TLS_ECDHE_RSA_WITH_AES_128_GCM_SHA256""]",RSA,2048,sha256WithRSAEncryption,TRUSTED,MATCH,398
sim-high-0332,3d46425b9af871b4e641,legacy_protocol,synthetic_simulation,HIGH,True,True,TLSv1.0,"[""TLSv1.0"",""TLSv1.2""]","[""TLS_ECDHE_RSA_WITH_AES_128_GCM_SHA256"",""TLS_RSA_WITH_AES_128_CBC_SHA"",""TLS_RSA_WITH_AES_128_GCM_SHA256""]",RSA,2048,sha256WithRSAEncryption,TRUSTED,MATCH,398
sim-high-0333,0647bd2fed3f913465ea,static_rsa_compatible,synthetic_simulation,HIGH,True,True,TLSv1.2,"[""TLSv1.2"",""TLSv1.3""]","[""TLS_RSA_WITH_AES_128_GCM_SHA256"",""TLS_RSA_WITH_AES_128_CBC_SHA"",""TLS_ECDHE_RSA_WITH_AES_128_GCM_SHA256""]",RSA,2048,sha256WithRSAEncryption,TRUSTED,MATCH,398
sim-high-0334,3d46425b9af871b4e641,legacy_protocol,synthetic_simulation,HIGH,True,True,TLSv1.0,"[""TLSv1.0"",""TLSv1.2""]","[""TLS_ECDHE_RSA_WITH_AES_128_GCM_SHA256"",""TLS_RSA_WITH_AES_128_CBC_SHA"",""TLS_RSA_WITH_AES_128_GCM_SHA256""]",RSA,2048,sha256WithRSAEncryption,TRUSTED,MATCH,398
sim-high-0335,d433813082f841c06577,static_rsa_compatible,synthetic_simulation,HIGH,True,True,TLSv1.2,"[""TLSv1.2"",""TLSv1.3""]","[""TLS_ECDHE_RSA_WITH_AES_128_GCM_SHA256"",""TLS_AES_128_GCM_SHA256"",""TLS_RSA_WITH_AES_128_CBC_SHA""]",RSA,2048,sha256WithRSAEncryption,TRUSTED,MATCH,398
sim-high-0336,7c885c26094ef0da6fc4,legacy_protocol,synthetic_simulation,HIGH,True,True,TLSv1.1,"[""TLSv1.1"",""TLSv1.2""]","[""TLS_ECDHE_RSA_WITH_AES_128_CBC_SHA"",""TLS_ECDHE_RSA_WITH_AES_128_GCM_SHA256"",""TLS_RSA_WITH_AES_128_GCM_SHA256""]",RSA,2048,sha256WithRSAEncryption,TRUSTED,MATCH,398
sim-high-0337,5afd1f12e636d0736765,static_rsa_compatible,synthetic_simulation,HIGH,True,True,TLSv1.2,"[""TLSv1.2"",""TLSv1.3""]","[""TLS_RSA_WITH_AES_128_GCM_SHA256"",""TLS_AES_128_GCM_SHA256"",""TLS_RSA_WITH_AES_128_CBC_SHA""]",RSA,2048,sha256WithRSAEncryption,TRUSTED,MATCH,398
sim-high-0338,20dd61a92ffb3e556978,legacy_protocol,synthetic_simulation,HIGH,True,True,TLSv1.0,"[""TLSv1.0"",""TLSv1.2""]","[""TLS_RSA_WITH_AES_128_GCM_SHA256"",""TLS_ECDHE_RSA_WITH_AES_128_CBC_SHA"",""TLS_RSA_WITH_AES_128_CBC_SHA""]",RSA,2048,sha256WithRSAEncryption,TRUSTED,MATCH,398
sim-high-0339,b30a12172dcf7ab707d7,static_rsa_compatible,synthetic_simulation,HIGH,True,True,TLSv1.2,"[""TLSv1.2"",""TLSv1.3""]","[""TLS_ECDHE_RSA_WITH_AES_128_GCM_SHA256"",""TLS_AES_128_GCM_SHA256"",""TLS_RSA_WITH_AES_128_GCM_SHA256""]",RSA,2048,sha256WithRSAEncryption,TRUSTED,MATCH,398
sim-high-0340,b9c7af7dfe137d3f9bfc,legacy_protocol,synthetic_simulation,HIGH,True,True,TLSv1.0,"[""TLSv1.0"",""TLSv1.2""]","[""TLS_ECDHE_RSA_WITH_AES_128_GCM_SHA256"",""TLS_ECDHE_RSA_WITH_AES_128_CBC_SHA"",""TLS_RSA_WITH_AES_128_GCM_SHA256""]",RSA,2048,sha256WithRSAEncryption,TRUSTED,MATCH,398
sim-high-0341,b30a12172dcf7ab707d7,static_rsa_compatible,synthetic_simulation,HIGH,True,True,TLSv1.2,"[""TLSv1.2"",""TLSv1.3""]","[""TLS_ECDHE_RSA_WITH_AES_128_GCM_SHA256"",""TLS_AES_128_GCM_SHA256"",""TLS_RSA_WITH_AES_128_GCM_SHA256""]",RSA,2048,sha256WithRSAEncryption,TRUSTED,MATCH,398
sim-high-0342,b9c7af7dfe137d3f9bfc,legacy_protocol,synthetic_simulation,HIGH,True,True,TLSv1.0,"[""TLSv1.0"",""TLSv1.2""]","[""TLS_ECDHE_RSA_WITH_AES_128_GCM_SHA256"",""TLS_ECDHE_RSA_WITH_AES_128_CBC_SHA"",""TLS_RSA_WITH_AES_128_GCM_SHA256""]",RSA,2048,sha256WithRSAEncryption,TRUSTED,MATCH,398
sim-high-0343,1f89d30c5dc181f26313,static_rsa_compatible,synthetic_simulation,HIGH,True,True,TLSv1.2,"[""TLSv1.2"",""TLSv1.3""]","[""TLS_ECDHE_RSA_WITH_AES_128_GCM_SHA256"",""TLS_RSA_WITH_AES_128_GCM_SHA256"",""TLS_AES_128_GCM_SHA256""]",RSA,2048,sha256WithRSAEncryption,TRUSTED,MATCH,398
sim-high-0344,af085b14ca3c6842c613,legacy_protocol,synthetic_simulation,HIGH,True,True,TLSv1.1,"[""TLSv1.1"",""TLSv1.2""]","[""TLS_ECDHE_RSA_WITH_AES_128_CBC_SHA"",""TLS_ECDHE_RSA_WITH_AES_128_GCM_SHA256"",""TLS_RSA_WITH_AES_128_CBC_SHA""]",RSA,2048,sha256WithRSAEncryption,TRUSTED,MATCH,398
sim-high-0345,ea0a13ee4f0ccf650429,static_rsa_compatible,synthetic_simulation,HIGH,True,True,TLSv1.2,"[""TLSv1.2"",""TLSv1.3""]","[""TLS_RSA_WITH_AES_128_GCM_SHA256"",""TLS_ECDHE_RSA_WITH_AES_128_GCM_SHA256"",""TLS_AES_128_GCM_SHA256""]",RSA,2048,sha256WithRSAEncryption,TRUSTED,MATCH,398
sim-high-0346,3a661abbc7cb4ec9c31b,legacy_protocol,synthetic_simulation,HIGH,True,True,TLSv1.0,"[""TLSv1.0"",""TLSv1.2""]","[""TLS_RSA_WITH_AES_128_CBC_SHA"",""TLS_ECDHE_RSA_WITH_AES_128_GCM_SHA256"",""TLS_RSA_WITH_AES_128_GCM_SHA256""]",RSA,2048,sha256WithRSAEncryption,TRUSTED,MATCH,398
sim-high-0347,7937fc14653a90a6cd28,static_rsa_compatible,synthetic_simulation,HIGH,True,True,TLSv1.2,"[""TLSv1.2"",""TLSv1.3""]","[""TLS_RSA_WITH_AES_128_GCM_SHA256"",""TLS_RSA_WITH_AES_128_CBC_SHA"",""TLS_AES_128_GCM_SHA256""]",RSA,2048,sha256WithRSAEncryption,TRUSTED,MATCH,398
sim-high-0348,c3467470318476fff90b,legacy_protocol,synthetic_simulation,HIGH,True,True,TLSv1.0,"[""TLSv1.0"",""TLSv1.2""]","[""TLS_ECDHE_RSA_WITH_AES_128_GCM_SHA256"",""TLS_ECDHE_RSA_WITH_AES_128_CBC_SHA"",""TLS_RSA_WITH_AES_128_CBC_SHA""]",RSA,2048,sha256WithRSAEncryption,TRUSTED,MATCH,398
sim-high-0349,2e1d2a5046e8f5043e68,static_rsa_compatible,synthetic_simulation,HIGH,True,True,TLSv1.2,"[""TLSv1.2"",""TLSv1.3""]","[""TLS_AES_128_GCM_SHA256"",""TLS_RSA_WITH_AES_128_GCM_SHA256"",""TLS_RSA_WITH_AES_128_CBC_SHA""]",RSA,2048,sha256WithRSAEncryption,TRUSTED,MATCH,398
sim-high-0350,619bfd052d30ac588d9e,legacy_protocol,synthetic_simulation,HIGH,True,True,TLSv1.0,"[""TLSv1.0"",""TLSv1.2""]","[""TLS_ECDHE_RSA_WITH_AES_128_CBC_SHA"",""TLS_RSA_WITH_AES_128_CBC_SHA"",""TLS_RSA_WITH_AES_128_GCM_SHA256""]",RSA,2048,sha256WithRSAEncryption,TRUSTED,MATCH,398
sim-high-0351,f4a6b77b03244314bb8e,static_rsa_compatible,synthetic_simulation,HIGH,True,True,TLSv1.2,"[""TLSv1.2"",""TLSv1.3""]","[""TLS_RSA_WITH_AES_128_CBC_SHA"",""TLS_RSA_WITH_AES_128_GCM_SHA256"",""TLS_AES_128_GCM_SHA256""]",RSA,2048,sha256WithRSAEncryption,TRUSTED,MATCH,398
sim-high-0352,7c885c26094ef0da6fc4,legacy_protocol,synthetic_simulation,HIGH,True,True,TLSv1.1,"[""TLSv1.1"",""TLSv1.2""]","[""TLS_ECDHE_RSA_WITH_AES_128_CBC_SHA"",""TLS_ECDHE_RSA_WITH_AES_128_GCM_SHA256"",""TLS_RSA_WITH_AES_128_GCM_SHA256""]",RSA,2048,sha256WithRSAEncryption,TRUSTED,MATCH,398
sim-high-0353,1f89d30c5dc181f26313,static_rsa_compatible,synthetic_simulation,HIGH,True,True,TLSv1.2,"[""TLSv1.2"",""TLSv1.3""]","[""TLS_ECDHE_RSA_WITH_AES_128_GCM_SHA256"",""TLS_RSA_WITH_AES_128_GCM_SHA256"",""TLS_AES_128_GCM_SHA256""]",RSA,2048,sha256WithRSAEncryption,TRUSTED,MATCH,398
sim-high-0354,964d4a677c49af430b56,legacy_protocol,synthetic_simulation,HIGH,True,True,TLSv1.0,"[""TLSv1.0"",""TLSv1.2""]","[""TLS_ECDHE_RSA_WITH_AES_128_CBC_SHA"",""TLS_RSA_WITH_AES_128_GCM_SHA256"",""TLS_RSA_WITH_AES_128_CBC_SHA""]",RSA,2048,sha256WithRSAEncryption,TRUSTED,MATCH,398
sim-high-0355,009106d411c057c29e61,static_rsa_compatible,synthetic_simulation,HIGH,True,True,TLSv1.2,"[""TLSv1.2"",""TLSv1.3""]","[""TLS_AES_128_GCM_SHA256"",""TLS_ECDHE_RSA_WITH_AES_128_GCM_SHA256"",""TLS_RSA_WITH_AES_128_CBC_SHA""]",RSA,2048,sha256WithRSAEncryption,TRUSTED,MATCH,398
sim-high-0356,b2e108e59045f24f98af,legacy_protocol,synthetic_simulation,HIGH,True,True,TLSv1.0,"[""TLSv1.0"",""TLSv1.2""]","[""TLS_ECDHE_RSA_WITH_AES_128_CBC_SHA"",""TLS_RSA_WITH_AES_128_CBC_SHA"",""TLS_ECDHE_RSA_WITH_AES_128_GCM_SHA256""]",RSA,2048,sha256WithRSAEncryption,TRUSTED,MATCH,398
sim-high-0357,0647bd2fed3f913465ea,static_rsa_compatible,synthetic_simulation,HIGH,True,True,TLSv1.2,"[""TLSv1.2"",""TLSv1.3""]","[""TLS_RSA_WITH_AES_128_GCM_SHA256"",""TLS_RSA_WITH_AES_128_CBC_SHA"",""TLS_ECDHE_RSA_WITH_AES_128_GCM_SHA256""]",RSA,2048,sha256WithRSAEncryption,TRUSTED,MATCH,398
sim-high-0358,964d4a677c49af430b56,legacy_protocol,synthetic_simulation,HIGH,True,True,TLSv1.0,"[""TLSv1.0"",""TLSv1.2""]","[""TLS_ECDHE_RSA_WITH_AES_128_CBC_SHA"",""TLS_RSA_WITH_AES_128_GCM_SHA256"",""TLS_RSA_WITH_AES_128_CBC_SHA""]",RSA,2048,sha256WithRSAEncryption,TRUSTED,MATCH,398
sim-high-0359,71bbd3b709da27064089,static_rsa_compatible,synthetic_simulation,HIGH,True,True,TLSv1.2,"[""TLSv1.2"",""TLSv1.3""]","[""TLS_RSA_WITH_AES_128_CBC_SHA"",""TLS_RSA_WITH_AES_128_GCM_SHA256"",""TLS_ECDHE_RSA_WITH_AES_128_GCM_SHA256""]",RSA,2048,sha256WithRSAEncryption,TRUSTED,MATCH,398
sim-high-0360,d6fed9d3ae8d6be93bbb,legacy_protocol,synthetic_simulation,HIGH,True,True,TLSv1.0,"[""TLSv1.0"",""TLSv1.2""]","[""TLS_RSA_WITH_AES_128_GCM_SHA256"",""TLS_ECDHE_RSA_WITH_AES_128_GCM_SHA256"",""TLS_ECDHE_RSA_WITH_AES_128_CBC_SHA""]",RSA,2048,sha256WithRSAEncryption,TRUSTED,MATCH,398
sim-high-0361,009106d411c057c29e61,static_rsa_compatible,synthetic_simulation,HIGH,True,True,TLSv1.2,"[""TLSv1.2"",""TLSv1.3""]","[""TLS_AES_128_GCM_SHA256"",""TLS_ECDHE_RSA_WITH_AES_128_GCM_SHA256"",""TLS_RSA_WITH_AES_128_CBC_SHA""]",RSA,2048,sha256WithRSAEncryption,TRUSTED,MATCH,398
sim-high-0362,619bfd052d30ac588d9e,legacy_protocol,synthetic_simulation,HIGH,True,True,TLSv1.0,"[""TLSv1.0"",""TLSv1.2""]","[""TLS_ECDHE_RSA_WITH_AES_128_CBC_SHA"",""TLS_RSA_WITH_AES_128_CBC_SHA"",""TLS_RSA_WITH_AES_128_GCM_SHA256""]",RSA,2048,sha256WithRSAEncryption,TRUSTED,MATCH,398
sim-high-0363,f4a6b77b03244314bb8e,static_rsa_compatible,synthetic_simulation,HIGH,True,True,TLSv1.2,"[""TLSv1.2"",""TLSv1.3""]","[""TLS_RSA_WITH_AES_128_CBC_SHA"",""TLS_RSA_WITH_AES_128_GCM_SHA256"",""TLS_AES_128_GCM_SHA256""]",RSA,2048,sha256WithRSAEncryption,TRUSTED,MATCH,398
sim-high-0364,31cfc9b391dcbd0fced4,legacy_protocol,synthetic_simulation,HIGH,True,True,TLSv1.0,"[""TLSv1.0"",""TLSv1.2""]","[""TLS_RSA_WITH_AES_128_GCM_SHA256"",""TLS_RSA_WITH_AES_128_CBC_SHA"",""TLS_ECDHE_RSA_WITH_AES_128_CBC_SHA""]",RSA,2048,sha256WithRSAEncryption,TRUSTED,MATCH,398
sim-high-0365,f4a6b77b03244314bb8e,static_rsa_compatible,synthetic_simulation,HIGH,True,True,TLSv1.2,"[""TLSv1.2"",""TLSv1.3""]","[""TLS_RSA_WITH_AES_128_CBC_SHA"",""TLS_RSA_WITH_AES_128_GCM_SHA256"",""TLS_AES_128_GCM_SHA256""]",RSA,2048,sha256WithRSAEncryption,TRUSTED,MATCH,398
sim-high-0366,5d3d247f24d4e99409c6,legacy_protocol,synthetic_simulation,HIGH,True,True,TLSv1.0,"[""TLSv1.0"",""TLSv1.2""]","[""TLS_RSA_WITH_AES_128_GCM_SHA256"",""TLS_ECDHE_RSA_WITH_AES_128_GCM_SHA256"",""TLS_RSA_WITH_AES_128_CBC_SHA""]",RSA,2048,sha256WithRSAEncryption,TRUSTED,MATCH,398
sim-high-0367,a587f3e8b3d6c2c8ec61,static_rsa_compatible,synthetic_simulation,HIGH,True,True,TLSv1.2,"[""TLSv1.2"",""TLSv1.3""]","[""TLS_RSA_WITH_AES_128_GCM_SHA256"",""TLS_ECDHE_RSA_WITH_AES_128_GCM_SHA256"",""TLS_RSA_WITH_AES_128_CBC_SHA""]",RSA,2048,sha256WithRSAEncryption,TRUSTED,MATCH,398
sim-high-0368,dc4e2f1b39ce9222466b,legacy_protocol,synthetic_simulation,HIGH,True,True,TLSv1.1,"[""TLSv1.1"",""TLSv1.2""]","[""TLS_ECDHE_RSA_WITH_AES_128_CBC_SHA"",""TLS_RSA_WITH_AES_128_CBC_SHA"",""TLS_RSA_WITH_AES_128_GCM_SHA256""]",RSA,2048,sha256WithRSAEncryption,TRUSTED,MATCH,398
sim-high-0369,f0209633204379b740cb,static_rsa_compatible,synthetic_simulation,HIGH,True,True,TLSv1.2,"[""TLSv1.2"",""TLSv1.3""]","[""TLS_RSA_WITH_AES_128_CBC_SHA"",""TLS_ECDHE_RSA_WITH_AES_128_GCM_SHA256"",""TLS_RSA_WITH_AES_128_GCM_SHA256""]",RSA,2048,sha256WithRSAEncryption,TRUSTED,MATCH,398
sim-high-0370,54c6472f1a13fedf0916,legacy_protocol,synthetic_simulation,HIGH,True,True,TLSv1.0,"[""TLSv1.0"",""TLSv1.2""]","[""TLS_RSA_WITH_AES_128_CBC_SHA"",""TLS_RSA_WITH_AES_128_GCM_SHA256"",""TLS_ECDHE_RSA_WITH_AES_128_CBC_SHA""]",RSA,2048,sha256WithRSAEncryption,TRUSTED,MATCH,398
sim-high-0371,1f89d30c5dc181f26313,static_rsa_compatible,synthetic_simulation,HIGH,True,True,TLSv1.2,"[""TLSv1.2"",""TLSv1.3""]","[""TLS_ECDHE_RSA_WITH_AES_128_GCM_SHA256"",""TLS_RSA_WITH_AES_128_GCM_SHA256"",""TLS_AES_128_GCM_SHA256""]",RSA,2048,sha256WithRSAEncryption,TRUSTED,MATCH,398
sim-high-0372,5339e031d048032a4f59,legacy_protocol,synthetic_simulation,HIGH,True,True,TLSv1.1,"[""TLSv1.1"",""TLSv1.2""]","[""TLS_ECDHE_RSA_WITH_AES_128_GCM_SHA256"",""TLS_RSA_WITH_AES_128_CBC_SHA"",""TLS_ECDHE_RSA_WITH_AES_128_CBC_SHA""]",RSA,2048,sha256WithRSAEncryption,TRUSTED,MATCH,398
sim-high-0373,1f89d30c5dc181f26313,static_rsa_compatible,synthetic_simulation,HIGH,True,True,TLSv1.2,"[""TLSv1.2"",""TLSv1.3""]","[""TLS_ECDHE_RSA_WITH_AES_128_GCM_SHA256"",""TLS_RSA_WITH_AES_128_GCM_SHA256"",""TLS_AES_128_GCM_SHA256""]",RSA,2048,sha256WithRSAEncryption,TRUSTED,MATCH,398
sim-high-0374,19f3b46b95e695c69f52,legacy_protocol,synthetic_simulation,HIGH,True,True,TLSv1.1,"[""TLSv1.1"",""TLSv1.2""]","[""TLS_RSA_WITH_AES_128_CBC_SHA"",""TLS_ECDHE_RSA_WITH_AES_128_CBC_SHA"",""TLS_ECDHE_RSA_WITH_AES_128_GCM_SHA256""]",RSA,2048,sha256WithRSAEncryption,TRUSTED,MATCH,398
sim-high-0375,e4d7a37192235c6097b3,static_rsa_compatible,synthetic_simulation,HIGH,True,True,TLSv1.2,"[""TLSv1.2"",""TLSv1.3""]","[""TLS_ECDHE_RSA_WITH_AES_128_GCM_SHA256"",""TLS_RSA_WITH_AES_128_CBC_SHA"",""TLS_RSA_WITH_AES_128_GCM_SHA256""]",RSA,2048,sha256WithRSAEncryption,TRUSTED,MATCH,398
sim-high-0376,bfb61e0965d218612e16,legacy_protocol,synthetic_simulation,HIGH,True,True,TLSv1.1,"[""TLSv1.1"",""TLSv1.2""]","[""TLS_RSA_WITH_AES_128_CBC_SHA"",""TLS_ECDHE_RSA_WITH_AES_128_CBC_SHA"",""TLS_RSA_WITH_AES_128_GCM_SHA256""]",RSA,2048,sha256WithRSAEncryption,TRUSTED,MATCH,398
sim-high-0377,fbfb28bb519e4fc8c7e7,static_rsa_compatible,synthetic_simulation,HIGH,True,True,TLSv1.2,"[""TLSv1.2"",""TLSv1.3""]","[""TLS_AES_128_GCM_SHA256"",""TLS_ECDHE_RSA_WITH_AES_128_GCM_SHA256"",""TLS_RSA_WITH_AES_128_GCM_SHA256""]",RSA,2048,sha256WithRSAEncryption,TRUSTED,MATCH,398
sim-high-0378,3544e1f268725782e1ae,legacy_protocol,synthetic_simulation,HIGH,True,True,TLSv1.1,"[""TLSv1.1"",""TLSv1.2""]","[""TLS_RSA_WITH_AES_128_CBC_SHA"",""TLS_ECDHE_RSA_WITH_AES_128_GCM_SHA256"",""TLS_RSA_WITH_AES_128_GCM_SHA256""]",RSA,2048,sha256WithRSAEncryption,TRUSTED,MATCH,398
sim-high-0379,e4d7a37192235c6097b3,static_rsa_compatible,synthetic_simulation,HIGH,True,True,TLSv1.2,"[""TLSv1.2"",""TLSv1.3""]","[""TLS_ECDHE_RSA_WITH_AES_128_GCM_SHA256"",""TLS_RSA_WITH_AES_128_CBC_SHA"",""TLS_RSA_WITH_AES_128_GCM_SHA256""]",RSA,2048,sha256WithRSAEncryption,TRUSTED,MATCH,398
sim-high-0380,a1c863f4abf30aaa405a,legacy_protocol,synthetic_simulation,HIGH,True,True,TLSv1.0,"[""TLSv1.0"",""TLSv1.2""]","[""TLS_ECDHE_RSA_WITH_AES_128_GCM_SHA256"",""TLS_RSA_WITH_AES_128_GCM_SHA256"",""TLS_RSA_WITH_AES_128_CBC_SHA""]",RSA,2048,sha256WithRSAEncryption,TRUSTED,MATCH,398
sim-high-0381,a587f3e8b3d6c2c8ec61,static_rsa_compatible,synthetic_simulation,HIGH,True,True,TLSv1.2,"[""TLSv1.2"",""TLSv1.3""]","[""TLS_RSA_WITH_AES_128_GCM_SHA256"",""TLS_ECDHE_RSA_WITH_AES_128_GCM_SHA256"",""TLS_RSA_WITH_AES_128_CBC_SHA""]",RSA,2048,sha256WithRSAEncryption,TRUSTED,MATCH,398
sim-high-0382,b2e108e59045f24f98af,legacy_protocol,synthetic_simulation,HIGH,True,True,TLSv1.0,"[""TLSv1.0"",""TLSv1.2""]","[""TLS_ECDHE_RSA_WITH_AES_128_CBC_SHA"",""TLS_RSA_WITH_AES_128_CBC_SHA"",""TLS_ECDHE_RSA_WITH_AES_128_GCM_SHA256""]",RSA,2048,sha256WithRSAEncryption,TRUSTED,MATCH,398
sim-high-0383,f3ca0bd1077f17a5c814,static_rsa_compatible,synthetic_simulation,HIGH,True,True,TLSv1.2,"[""TLSv1.2"",""TLSv1.3""]","[""TLS_ECDHE_RSA_WITH_AES_128_GCM_SHA256"",""TLS_RSA_WITH_AES_128_CBC_SHA"",""TLS_AES_128_GCM_SHA256""]",RSA,2048,sha256WithRSAEncryption,TRUSTED,MATCH,398
sim-high-0384,4abd7d1b8db58077eaef,legacy_protocol,synthetic_simulation,HIGH,True,True,TLSv1.1,"[""TLSv1.1"",""TLSv1.2""]","[""TLS_ECDHE_RSA_WITH_AES_128_CBC_SHA"",""TLS_RSA_WITH_AES_128_GCM_SHA256"",""TLS_ECDHE_RSA_WITH_AES_128_GCM_SHA256""]",RSA,2048,sha256WithRSAEncryption,TRUSTED,MATCH,398
sim-high-0385,f0209633204379b740cb,static_rsa_compatible,synthetic_simulation,HIGH,True,True,TLSv1.2,"[""TLSv1.2"",""TLSv1.3""]","[""TLS_RSA_WITH_AES_128_CBC_SHA"",""TLS_ECDHE_RSA_WITH_AES_128_GCM_SHA256"",""TLS_RSA_WITH_AES_128_GCM_SHA256""]",RSA,2048,sha256WithRSAEncryption,TRUSTED,MATCH,398
sim-high-0386,e8fe41ba617d00ce6a72,legacy_protocol,synthetic_simulation,HIGH,True,True,TLSv1.0,"[""TLSv1.0"",""TLSv1.2""]","[""TLS_RSA_WITH_AES_128_GCM_SHA256"",""TLS_RSA_WITH_AES_128_CBC_SHA"",""TLS_ECDHE_RSA_WITH_AES_128_GCM_SHA256""]",RSA,2048,sha256WithRSAEncryption,TRUSTED,MATCH,398
sim-high-0387,fbfb28bb519e4fc8c7e7,static_rsa_compatible,synthetic_simulation,HIGH,True,True,TLSv1.2,"[""TLSv1.2"",""TLSv1.3""]","[""TLS_AES_128_GCM_SHA256"",""TLS_ECDHE_RSA_WITH_AES_128_GCM_SHA256"",""TLS_RSA_WITH_AES_128_GCM_SHA256""]",RSA,2048,sha256WithRSAEncryption,TRUSTED,MATCH,398
sim-high-0388,b9c7af7dfe137d3f9bfc,legacy_protocol,synthetic_simulation,HIGH,True,True,TLSv1.0,"[""TLSv1.0"",""TLSv1.2""]","[""TLS_ECDHE_RSA_WITH_AES_128_GCM_SHA256"",""TLS_ECDHE_RSA_WITH_AES_128_CBC_SHA"",""TLS_RSA_WITH_AES_128_GCM_SHA256""]",RSA,2048,sha256WithRSAEncryption,TRUSTED,MATCH,398
sim-high-0389,0647bd2fed3f913465ea,static_rsa_compatible,synthetic_simulation,HIGH,True,True,TLSv1.2,"[""TLSv1.2"",""TLSv1.3""]","[""TLS_RSA_WITH_AES_128_GCM_SHA256"",""TLS_RSA_WITH_AES_128_CBC_SHA"",""TLS_ECDHE_RSA_WITH_AES_128_GCM_SHA256""]",RSA,2048,sha256WithRSAEncryption,TRUSTED,MATCH,398
sim-high-0390,33b52a610a866b3afe89,legacy_protocol,synthetic_simulation,HIGH,True,True,TLSv1.1,"[""TLSv1.1"",""TLSv1.2""]","[""TLS_ECDHE_RSA_WITH_AES_128_GCM_SHA256"",""TLS_RSA_WITH_AES_128_CBC_SHA"",""TLS_RSA_WITH_AES_128_GCM_SHA256""]",RSA,2048,sha256WithRSAEncryption,TRUSTED,MATCH,398
sim-high-0391,7937fc14653a90a6cd28,static_rsa_compatible,synthetic_simulation,HIGH,True,True,TLSv1.2,"[""TLSv1.2"",""TLSv1.3""]","[""TLS_RSA_WITH_AES_128_GCM_SHA256"",""TLS_RSA_WITH_AES_128_CBC_SHA"",""TLS_AES_128_GCM_SHA256""]",RSA,2048,sha256WithRSAEncryption,TRUSTED,MATCH,398
sim-high-0392,92805abf364b5f029fc0,legacy_protocol,synthetic_simulation,HIGH,True,True,TLSv1.0,"[""TLSv1.0"",""TLSv1.2""]","[""TLS_RSA_WITH_AES_128_CBC_SHA"",""TLS_ECDHE_RSA_WITH_AES_128_CBC_SHA"",""TLS_ECDHE_RSA_WITH_AES_128_GCM_SHA256""]",RSA,2048,sha256WithRSAEncryption,TRUSTED,MATCH,398
sim-high-0393,2e1d2a5046e8f5043e68,static_rsa_compatible,synthetic_simulation,HIGH,True,True,TLSv1.2,"[""TLSv1.2"",""TLSv1.3""]","[""TLS_AES_128_GCM_SHA256"",""TLS_RSA_WITH_AES_128_GCM_SHA256"",""TLS_RSA_WITH_AES_128_CBC_SHA""]",RSA,2048,sha256WithRSAEncryption,TRUSTED,MATCH,398
sim-high-0394,3a6d85656aa93e61004d,legacy_protocol,synthetic_simulation,HIGH,True,True,TLSv1.1,"[""TLSv1.1"",""TLSv1.2""]","[""TLS_RSA_WITH_AES_128_GCM_SHA256"",""TLS_ECDHE_RSA_WITH_AES_128_CBC_SHA"",""TLS_RSA_WITH_AES_128_CBC_SHA""]",RSA,2048,sha256WithRSAEncryption,TRUSTED,MATCH,398
sim-high-0395,ea0a13ee4f0ccf650429,static_rsa_compatible,synthetic_simulation,HIGH,True,True,TLSv1.2,"[""TLSv1.2"",""TLSv1.3""]","[""TLS_RSA_WITH_AES_128_GCM_SHA256"",""TLS_ECDHE_RSA_WITH_AES_128_GCM_SHA256"",""TLS_AES_128_GCM_SHA256""]",RSA,2048,sha256WithRSAEncryption,TRUSTED,MATCH,398
sim-high-0396,dc4e2f1b39ce9222466b,legacy_protocol,synthetic_simulation,HIGH,True,True,TLSv1.1,"[""TLSv1.1"",""TLSv1.2""]","[""TLS_ECDHE_RSA_WITH_AES_128_CBC_SHA"",""TLS_RSA_WITH_AES_128_CBC_SHA"",""TLS_RSA_WITH_AES_128_GCM_SHA256""]",RSA,2048,sha256WithRSAEncryption,TRUSTED,MATCH,398
sim-high-0397,f3ca0bd1077f17a5c814,static_rsa_compatible,synthetic_simulation,HIGH,True,True,TLSv1.2,"[""TLSv1.2"",""TLSv1.3""]","[""TLS_ECDHE_RSA_WITH_AES_128_GCM_SHA256"",""TLS_RSA_WITH_AES_128_CBC_SHA"",""TLS_AES_128_GCM_SHA256""]",RSA,2048,sha256WithRSAEncryption,TRUSTED,MATCH,398
sim-high-0398,9b6da93054cf4278f8d2,legacy_protocol,synthetic_simulation,HIGH,True,True,TLSv1.1,"[""TLSv1.1"",""TLSv1.2""]","[""TLS_ECDHE_RSA_WITH_AES_128_GCM_SHA256"",""TLS_ECDHE_RSA_WITH_AES_128_CBC_SHA"",""TLS_RSA_WITH_AES_128_CBC_SHA""]",RSA,2048,sha256WithRSAEncryption,TRUSTED,MATCH,398
sim-high-0399,fbfb28bb519e4fc8c7e7,static_rsa_compatible,synthetic_simulation,HIGH,True,True,TLSv1.2,"[""TLSv1.2"",""TLSv1.3""]","[""TLS_AES_128_GCM_SHA256"",""TLS_ECDHE_RSA_WITH_AES_128_GCM_SHA256"",""TLS_RSA_WITH_AES_128_GCM_SHA256""]",RSA,2048,sha256WithRSAEncryption,TRUSTED,MATCH,398
sim-high-0400,33b52a610a866b3afe89,legacy_protocol,synthetic_simulation,HIGH,True,True,TLSv1.1,"[""TLSv1.1"",""TLSv1.2""]","[""TLS_ECDHE_RSA_WITH_AES_128_GCM_SHA256"",""TLS_RSA_WITH_AES_128_CBC_SHA"",""TLS_RSA_WITH_AES_128_GCM_SHA256""]",RSA,2048,sha256WithRSAEncryption,TRUSTED,MATCH,398
sim-high-0401,1f89d30c5dc181f26313,static_rsa_compatible,synthetic_simulation,HIGH,True,True,TLSv1.2,"[""TLSv1.2"",""TLSv1.3""]","[""TLS_ECDHE_RSA_WITH_AES_128_GCM_SHA256"",""TLS_RSA_WITH_AES_128_GCM_SHA256"",""TLS_AES_128_GCM_SHA256""]",RSA,2048,sha256WithRSAEncryption,TRUSTED,MATCH,398
sim-high-0402,5d3d247f24d4e99409c6,legacy_protocol,synthetic_simulation,HIGH,True,True,TLSv1.0,"[""TLSv1.0"",""TLSv1.2""]","[""TLS_RSA_WITH_AES_128_GCM_SHA256"",""TLS_ECDHE_RSA_WITH_AES_128_GCM_SHA256"",""TLS_RSA_WITH_AES_128_CBC_SHA""]",RSA,2048,sha256WithRSAEncryption,TRUSTED,MATCH,398
sim-high-0403,e623e0eb0cb22717044b,static_rsa_compatible,synthetic_simulation,HIGH,True,True,TLSv1.2,"[""TLSv1.2"",""TLSv1.3""]","[""TLS_AES_128_GCM_SHA256"",""TLS_RSA_WITH_AES_128_GCM_SHA256"",""TLS_ECDHE_RSA_WITH_AES_128_GCM_SHA256""]",RSA,2048,sha256WithRSAEncryption,TRUSTED,MATCH,398
sim-high-0404,9b6da93054cf4278f8d2,legacy_protocol,synthetic_simulation,HIGH,True,True,TLSv1.1,"[""TLSv1.1"",""TLSv1.2""]","[""TLS_ECDHE_RSA_WITH_AES_128_GCM_SHA256"",""TLS_ECDHE_RSA_WITH_AES_128_CBC_SHA"",""TLS_RSA_WITH_AES_128_CBC_SHA""]",RSA,2048,sha256WithRSAEncryption,TRUSTED,MATCH,398
sim-high-0405,e623e0eb0cb22717044b,static_rsa_compatible,synthetic_simulation,HIGH,True,True,TLSv1.2,"[""TLSv1.2"",""TLSv1.3""]","[""TLS_AES_128_GCM_SHA256"",""TLS_RSA_WITH_AES_128_GCM_SHA256"",""TLS_ECDHE_RSA_WITH_AES_128_GCM_SHA256""]",RSA,2048,sha256WithRSAEncryption,TRUSTED,MATCH,398
sim-high-0406,af085b14ca3c6842c613,legacy_protocol,synthetic_simulation,HIGH,True,True,TLSv1.1,"[""TLSv1.1"",""TLSv1.2""]","[""TLS_ECDHE_RSA_WITH_AES_128_CBC_SHA"",""TLS_ECDHE_RSA_WITH_AES_128_GCM_SHA256"",""TLS_RSA_WITH_AES_128_CBC_SHA""]",RSA,2048,sha256WithRSAEncryption,TRUSTED,MATCH,398
sim-high-0407,f0209633204379b740cb,static_rsa_compatible,synthetic_simulation,HIGH,True,True,TLSv1.2,"[""TLSv1.2"",""TLSv1.3""]","[""TLS_RSA_WITH_AES_128_CBC_SHA"",""TLS_ECDHE_RSA_WITH_AES_128_GCM_SHA256"",""TLS_RSA_WITH_AES_128_GCM_SHA256""]",RSA,2048,sha256WithRSAEncryption,TRUSTED,MATCH,398
sim-high-0408,964d4a677c49af430b56,legacy_protocol,synthetic_simulation,HIGH,True,True,TLSv1.0,"[""TLSv1.0"",""TLSv1.2""]","[""TLS_ECDHE_RSA_WITH_AES_128_CBC_SHA"",""TLS_RSA_WITH_AES_128_GCM_SHA256"",""TLS_RSA_WITH_AES_128_CBC_SHA""]",RSA,2048,sha256WithRSAEncryption,TRUSTED,MATCH,398
sim-high-0409,ea0a13ee4f0ccf650429,static_rsa_compatible,synthetic_simulation,HIGH,True,True,TLSv1.2,"[""TLSv1.2"",""TLSv1.3""]","[""TLS_RSA_WITH_AES_128_GCM_SHA256"",""TLS_ECDHE_RSA_WITH_AES_128_GCM_SHA256"",""TLS_AES_128_GCM_SHA256""]",RSA,2048,sha256WithRSAEncryption,TRUSTED,MATCH,398
sim-high-0410,5d3d247f24d4e99409c6,legacy_protocol,synthetic_simulation,HIGH,True,True,TLSv1.0,"[""TLSv1.0"",""TLSv1.2""]","[""TLS_RSA_WITH_AES_128_GCM_SHA256"",""TLS_ECDHE_RSA_WITH_AES_128_GCM_SHA256"",""TLS_RSA_WITH_AES_128_CBC_SHA""]",RSA,2048,sha256WithRSAEncryption,TRUSTED,MATCH,398
sim-high-0411,45d5b344dbb1b54e3728,static_rsa_compatible,synthetic_simulation,HIGH,True,True,TLSv1.2,"[""TLSv1.2"",""TLSv1.3""]","[""TLS_RSA_WITH_AES_128_CBC_SHA"",""TLS_AES_128_GCM_SHA256"",""TLS_ECDHE_RSA_WITH_AES_128_GCM_SHA256""]",RSA,2048,sha256WithRSAEncryption,TRUSTED,MATCH,398
sim-high-0412,5d3d247f24d4e99409c6,legacy_protocol,synthetic_simulation,HIGH,True,True,TLSv1.0,"[""TLSv1.0"",""TLSv1.2""]","[""TLS_RSA_WITH_AES_128_GCM_SHA256"",""TLS_ECDHE_RSA_WITH_AES_128_GCM_SHA256"",""TLS_RSA_WITH_AES_128_CBC_SHA""]",RSA,2048,sha256WithRSAEncryption,TRUSTED,MATCH,398
sim-high-0413,45d5b344dbb1b54e3728,static_rsa_compatible,synthetic_simulation,HIGH,True,True,TLSv1.2,"[""TLSv1.2"",""TLSv1.3""]","[""TLS_RSA_WITH_AES_128_CBC_SHA"",""TLS_AES_128_GCM_SHA256"",""TLS_ECDHE_RSA_WITH_AES_128_GCM_SHA256""]",RSA,2048,sha256WithRSAEncryption,TRUSTED,MATCH,398
sim-high-0414,4abd7d1b8db58077eaef,legacy_protocol,synthetic_simulation,HIGH,True,True,TLSv1.1,"[""TLSv1.1"",""TLSv1.2""]","[""TLS_ECDHE_RSA_WITH_AES_128_CBC_SHA"",""TLS_RSA_WITH_AES_128_GCM_SHA256"",""TLS_ECDHE_RSA_WITH_AES_128_GCM_SHA256""]",RSA,2048,sha256WithRSAEncryption,TRUSTED,MATCH,398
sim-high-0415,e267aa71e1f3ac561cd3,static_rsa_compatible,synthetic_simulation,HIGH,True,True,TLSv1.2,"[""TLSv1.2"",""TLSv1.3""]","[""TLS_RSA_WITH_AES_128_CBC_SHA"",""TLS_ECDHE_RSA_WITH_AES_128_GCM_SHA256"",""TLS_AES_128_GCM_SHA256""]",RSA,2048,sha256WithRSAEncryption,TRUSTED,MATCH,398
sim-high-0416,5d3d247f24d4e99409c6,legacy_protocol,synthetic_simulation,HIGH,True,True,TLSv1.0,"[""TLSv1.0"",""TLSv1.2""]","[""TLS_RSA_WITH_AES_128_GCM_SHA256"",""TLS_ECDHE_RSA_WITH_AES_128_GCM_SHA256"",""TLS_RSA_WITH_AES_128_CBC_SHA""]",RSA,2048,sha256WithRSAEncryption,TRUSTED,MATCH,398
sim-high-0417,5afd1f12e636d0736765,static_rsa_compatible,synthetic_simulation,HIGH,True,True,TLSv1.2,"[""TLSv1.2"",""TLSv1.3""]","[""TLS_RSA_WITH_AES_128_GCM_SHA256"",""TLS_AES_128_GCM_SHA256"",""TLS_RSA_WITH_AES_128_CBC_SHA""]",RSA,2048,sha256WithRSAEncryption,TRUSTED,MATCH,398
sim-high-0418,d6fed9d3ae8d6be93bbb,legacy_protocol,synthetic_simulation,HIGH,True,True,TLSv1.0,"[""TLSv1.0"",""TLSv1.2""]","[""TLS_RSA_WITH_AES_128_GCM_SHA256"",""TLS_ECDHE_RSA_WITH_AES_128_GCM_SHA256"",""TLS_ECDHE_RSA_WITH_AES_128_CBC_SHA""]",RSA,2048,sha256WithRSAEncryption,TRUSTED,MATCH,398
sim-high-0419,009106d411c057c29e61,static_rsa_compatible,synthetic_simulation,HIGH,True,True,TLSv1.2,"[""TLSv1.2"",""TLSv1.3""]","[""TLS_AES_128_GCM_SHA256"",""TLS_ECDHE_RSA_WITH_AES_128_GCM_SHA256"",""TLS_RSA_WITH_AES_128_CBC_SHA""]",RSA,2048,sha256WithRSAEncryption,TRUSTED,MATCH,398
sim-high-0420,e8fe41ba617d00ce6a72,legacy_protocol,synthetic_simulation,HIGH,True,True,TLSv1.0,"[""TLSv1.0"",""TLSv1.2""]","[""TLS_RSA_WITH_AES_128_GCM_SHA256"",""TLS_RSA_WITH_AES_128_CBC_SHA"",""TLS_ECDHE_RSA_WITH_AES_128_GCM_SHA256""]",RSA,2048,sha256WithRSAEncryption,TRUSTED,MATCH,398
sim-high-0421,009106d411c057c29e61,static_rsa_compatible,synthetic_simulation,HIGH,True,True,TLSv1.2,"[""TLSv1.2"",""TLSv1.3""]","[""TLS_AES_128_GCM_SHA256"",""TLS_ECDHE_RSA_WITH_AES_128_GCM_SHA256"",""TLS_RSA_WITH_AES_128_CBC_SHA""]",RSA,2048,sha256WithRSAEncryption,TRUSTED,MATCH,398
sim-high-0422,e8fe41ba617d00ce6a72,legacy_protocol,synthetic_simulation,HIGH,True,True,TLSv1.0,"[""TLSv1.0"",""TLSv1.2""]","[""TLS_RSA_WITH_AES_128_GCM_SHA256"",""TLS_RSA_WITH_AES_128_CBC_SHA"",""TLS_ECDHE_RSA_WITH_AES_128_GCM_SHA256""]",RSA,2048,sha256WithRSAEncryption,TRUSTED,MATCH,398
sim-high-0423,f4a6b77b03244314bb8e,static_rsa_compatible,synthetic_simulation,HIGH,True,True,TLSv1.2,"[""TLSv1.2"",""TLSv1.3""]","[""TLS_RSA_WITH_AES_128_CBC_SHA"",""TLS_RSA_WITH_AES_128_GCM_SHA256"",""TLS_AES_128_GCM_SHA256""]",RSA,2048,sha256WithRSAEncryption,TRUSTED,MATCH,398
sim-high-0424,3d46425b9af871b4e641,legacy_protocol,synthetic_simulation,HIGH,True,True,TLSv1.0,"[""TLSv1.0"",""TLSv1.2""]","[""TLS_ECDHE_RSA_WITH_AES_128_GCM_SHA256"",""TLS_RSA_WITH_AES_128_CBC_SHA"",""TLS_RSA_WITH_AES_128_GCM_SHA256""]",RSA,2048,sha256WithRSAEncryption,TRUSTED,MATCH,398
sim-high-0425,7937fc14653a90a6cd28,static_rsa_compatible,synthetic_simulation,HIGH,True,True,TLSv1.2,"[""TLSv1.2"",""TLSv1.3""]","[""TLS_RSA_WITH_AES_128_GCM_SHA256"",""TLS_RSA_WITH_AES_128_CBC_SHA"",""TLS_AES_128_GCM_SHA256""]",RSA,2048,sha256WithRSAEncryption,TRUSTED,MATCH,398
sim-high-0426,ff78aa817d64eb1992b3,legacy_protocol,synthetic_simulation,HIGH,True,True,TLSv1.1,"[""TLSv1.1"",""TLSv1.2""]","[""TLS_ECDHE_RSA_WITH_AES_128_CBC_SHA"",""TLS_RSA_WITH_AES_128_GCM_SHA256"",""TLS_RSA_WITH_AES_128_CBC_SHA""]",RSA,2048,sha256WithRSAEncryption,TRUSTED,MATCH,398
sim-high-0427,e623e0eb0cb22717044b,static_rsa_compatible,synthetic_simulation,HIGH,True,True,TLSv1.2,"[""TLSv1.2"",""TLSv1.3""]","[""TLS_AES_128_GCM_SHA256"",""TLS_RSA_WITH_AES_128_GCM_SHA256"",""TLS_ECDHE_RSA_WITH_AES_128_GCM_SHA256""]",RSA,2048,sha256WithRSAEncryption,TRUSTED,MATCH,398
sim-high-0428,3544e1f268725782e1ae,legacy_protocol,synthetic_simulation,HIGH,True,True,TLSv1.1,"[""TLSv1.1"",""TLSv1.2""]","[""TLS_RSA_WITH_AES_128_CBC_SHA"",""TLS_ECDHE_RSA_WITH_AES_128_GCM_SHA256"",""TLS_RSA_WITH_AES_128_GCM_SHA256""]",RSA,2048,sha256WithRSAEncryption,TRUSTED,MATCH,398
sim-high-0429,e623e0eb0cb22717044b,static_rsa_compatible,synthetic_simulation,HIGH,True,True,TLSv1.2,"[""TLSv1.2"",""TLSv1.3""]","[""TLS_AES_128_GCM_SHA256"",""TLS_RSA_WITH_AES_128_GCM_SHA256"",""TLS_ECDHE_RSA_WITH_AES_128_GCM_SHA256""]",RSA,2048,sha256WithRSAEncryption,TRUSTED,MATCH,398
sim-high-0430,5339e031d048032a4f59,legacy_protocol,synthetic_simulation,HIGH,True,True,TLSv1.1,"[""TLSv1.1"",""TLSv1.2""]","[""TLS_ECDHE_RSA_WITH_AES_128_GCM_SHA256"",""TLS_RSA_WITH_AES_128_CBC_SHA"",""TLS_ECDHE_RSA_WITH_AES_128_CBC_SHA""]",RSA,2048,sha256WithRSAEncryption,TRUSTED,MATCH,398
sim-high-0431,f3ca0bd1077f17a5c814,static_rsa_compatible,synthetic_simulation,HIGH,True,True,TLSv1.2,"[""TLSv1.2"",""TLSv1.3""]","[""TLS_ECDHE_RSA_WITH_AES_128_GCM_SHA256"",""TLS_RSA_WITH_AES_128_CBC_SHA"",""TLS_AES_128_GCM_SHA256""]",RSA,2048,sha256WithRSAEncryption,TRUSTED,MATCH,398
sim-high-0432,3d46425b9af871b4e641,legacy_protocol,synthetic_simulation,HIGH,True,True,TLSv1.0,"[""TLSv1.0"",""TLSv1.2""]","[""TLS_ECDHE_RSA_WITH_AES_128_GCM_SHA256"",""TLS_RSA_WITH_AES_128_CBC_SHA"",""TLS_RSA_WITH_AES_128_GCM_SHA256""]",RSA,2048,sha256WithRSAEncryption,TRUSTED,MATCH,398
sim-high-0433,4c5d402bf4c841e2089f,static_rsa_compatible,synthetic_simulation,HIGH,True,True,TLSv1.2,"[""TLSv1.2"",""TLSv1.3""]","[""TLS_ECDHE_RSA_WITH_AES_128_GCM_SHA256"",""TLS_RSA_WITH_AES_128_GCM_SHA256"",""TLS_RSA_WITH_AES_128_CBC_SHA""]",RSA,2048,sha256WithRSAEncryption,TRUSTED,MATCH,398
sim-high-0434,54c6472f1a13fedf0916,legacy_protocol,synthetic_simulation,HIGH,True,True,TLSv1.0,"[""TLSv1.0"",""TLSv1.2""]","[""TLS_RSA_WITH_AES_128_CBC_SHA"",""TLS_RSA_WITH_AES_128_GCM_SHA256"",""TLS_ECDHE_RSA_WITH_AES_128_CBC_SHA""]",RSA,2048,sha256WithRSAEncryption,TRUSTED,MATCH,398
sim-high-0435,a587f3e8b3d6c2c8ec61,static_rsa_compatible,synthetic_simulation,HIGH,True,True,TLSv1.2,"[""TLSv1.2"",""TLSv1.3""]","[""TLS_RSA_WITH_AES_128_GCM_SHA256"",""TLS_ECDHE_RSA_WITH_AES_128_GCM_SHA256"",""TLS_RSA_WITH_AES_128_CBC_SHA""]",RSA,2048,sha256WithRSAEncryption,TRUSTED,MATCH,398
sim-high-0436,a1c863f4abf30aaa405a,legacy_protocol,synthetic_simulation,HIGH,True,True,TLSv1.0,"[""TLSv1.0"",""TLSv1.2""]","[""TLS_ECDHE_RSA_WITH_AES_128_GCM_SHA256"",""TLS_RSA_WITH_AES_128_GCM_SHA256"",""TLS_RSA_WITH_AES_128_CBC_SHA""]",RSA,2048,sha256WithRSAEncryption,TRUSTED,MATCH,398
sim-high-0437,009106d411c057c29e61,static_rsa_compatible,synthetic_simulation,HIGH,True,True,TLSv1.2,"[""TLSv1.2"",""TLSv1.3""]","[""TLS_AES_128_GCM_SHA256"",""TLS_ECDHE_RSA_WITH_AES_128_GCM_SHA256"",""TLS_RSA_WITH_AES_128_CBC_SHA""]",RSA,2048,sha256WithRSAEncryption,TRUSTED,MATCH,398
sim-high-0438,0f6aa212ee8c40ed3ede,legacy_protocol,synthetic_simulation,HIGH,True,True,TLSv1.1,"[""TLSv1.1"",""TLSv1.2""]","[""TLS_ECDHE_RSA_WITH_AES_128_GCM_SHA256"",""TLS_RSA_WITH_AES_128_GCM_SHA256"",""TLS_RSA_WITH_AES_128_CBC_SHA""]",RSA,2048,sha256WithRSAEncryption,TRUSTED,MATCH,398
sim-high-0439,f4a6b77b03244314bb8e,static_rsa_compatible,synthetic_simulation,HIGH,True,True,TLSv1.2,"[""TLSv1.2"",""TLSv1.3""]","[""TLS_RSA_WITH_AES_128_CBC_SHA"",""TLS_RSA_WITH_AES_128_GCM_SHA256"",""TLS_AES_128_GCM_SHA256""]",RSA,2048,sha256WithRSAEncryption,TRUSTED,MATCH,398
sim-high-0440,3a6d85656aa93e61004d,legacy_protocol,synthetic_simulation,HIGH,True,True,TLSv1.1,"[""TLSv1.1"",""TLSv1.2""]","[""TLS_RSA_WITH_AES_128_GCM_SHA256"",""TLS_ECDHE_RSA_WITH_AES_128_CBC_SHA"",""TLS_RSA_WITH_AES_128_CBC_SHA""]",RSA,2048,sha256WithRSAEncryption,TRUSTED,MATCH,398
sim-high-0441,7937fc14653a90a6cd28,static_rsa_compatible,synthetic_simulation,HIGH,True,True,TLSv1.2,"[""TLSv1.2"",""TLSv1.3""]","[""TLS_RSA_WITH_AES_128_GCM_SHA256"",""TLS_RSA_WITH_AES_128_CBC_SHA"",""TLS_AES_128_GCM_SHA256""]",RSA,2048,sha256WithRSAEncryption,TRUSTED,MATCH,398
sim-high-0442,0028ede1d0a492ef2d22,legacy_protocol,synthetic_simulation,HIGH,True,True,TLSv1.0,"[""TLSv1.0"",""TLSv1.2""]","[""TLS_ECDHE_RSA_WITH_AES_128_CBC_SHA"",""TLS_ECDHE_RSA_WITH_AES_128_GCM_SHA256"",""TLS_RSA_WITH_AES_128_GCM_SHA256""]",RSA,2048,sha256WithRSAEncryption,TRUSTED,MATCH,398
sim-high-0443,e4d7a37192235c6097b3,static_rsa_compatible,synthetic_simulation,HIGH,True,True,TLSv1.2,"[""TLSv1.2"",""TLSv1.3""]","[""TLS_ECDHE_RSA_WITH_AES_128_GCM_SHA256"",""TLS_RSA_WITH_AES_128_CBC_SHA"",""TLS_RSA_WITH_AES_128_GCM_SHA256""]",RSA,2048,sha256WithRSAEncryption,TRUSTED,MATCH,398
sim-high-0444,83756924e90a73673098,legacy_protocol,synthetic_simulation,HIGH,True,True,TLSv1.1,"[""TLSv1.1"",""TLSv1.2""]","[""TLS_ECDHE_RSA_WITH_AES_128_CBC_SHA"",""TLS_RSA_WITH_AES_128_CBC_SHA"",""TLS_ECDHE_RSA_WITH_AES_128_GCM_SHA256""]",RSA,2048,sha256WithRSAEncryption,TRUSTED,MATCH,398
sim-high-0445,45d5b344dbb1b54e3728,static_rsa_compatible,synthetic_simulation,HIGH,True,True,TLSv1.2,"[""TLSv1.2"",""TLSv1.3""]","[""TLS_RSA_WITH_AES_128_CBC_SHA"",""TLS_AES_128_GCM_SHA256"",""TLS_ECDHE_RSA_WITH_AES_128_GCM_SHA256""]",RSA,2048,sha256WithRSAEncryption,TRUSTED,MATCH,398
sim-high-0446,9b6da93054cf4278f8d2,legacy_protocol,synthetic_simulation,HIGH,True,True,TLSv1.1,"[""TLSv1.1"",""TLSv1.2""]","[""TLS_ECDHE_RSA_WITH_AES_128_GCM_SHA256"",""TLS_ECDHE_RSA_WITH_AES_128_CBC_SHA"",""TLS_RSA_WITH_AES_128_CBC_SHA""]",RSA,2048,sha256WithRSAEncryption,TRUSTED,MATCH,398
sim-high-0447,2e1d2a5046e8f5043e68,static_rsa_compatible,synthetic_simulation,HIGH,True,True,TLSv1.2,"[""TLSv1.2"",""TLSv1.3""]","[""TLS_AES_128_GCM_SHA256"",""TLS_RSA_WITH_AES_128_GCM_SHA256"",""TLS_RSA_WITH_AES_128_CBC_SHA""]",RSA,2048,sha256WithRSAEncryption,TRUSTED,MATCH,398
sim-high-0448,0028ede1d0a492ef2d22,legacy_protocol,synthetic_simulation,HIGH,True,True,TLSv1.0,"[""TLSv1.0"",""TLSv1.2""]","[""TLS_ECDHE_RSA_WITH_AES_128_CBC_SHA"",""TLS_ECDHE_RSA_WITH_AES_128_GCM_SHA256"",""TLS_RSA_WITH_AES_128_GCM_SHA256""]",RSA,2048,sha256WithRSAEncryption,TRUSTED,MATCH,398
sim-high-0449,f0209633204379b740cb,static_rsa_compatible,synthetic_simulation,HIGH,True,True,TLSv1.2,"[""TLSv1.2"",""TLSv1.3""]","[""TLS_RSA_WITH_AES_128_CBC_SHA"",""TLS_ECDHE_RSA_WITH_AES_128_GCM_SHA256"",""TLS_RSA_WITH_AES_128_GCM_SHA256""]",RSA,2048,sha256WithRSAEncryption,TRUSTED,MATCH,398
sim-high-0450,752e6efeffe68df99088,legacy_protocol,synthetic_simulation,HIGH,True,True,TLSv1.1,"[""TLSv1.1"",""TLSv1.2""]","[""TLS_ECDHE_RSA_WITH_AES_128_GCM_SHA256"",""TLS_RSA_WITH_AES_128_GCM_SHA256"",""TLS_ECDHE_RSA_WITH_AES_128_CBC_SHA""]",RSA,2048,sha256WithRSAEncryption,TRUSTED,MATCH,398
sim-high-0451,e267aa71e1f3ac561cd3,static_rsa_compatible,synthetic_simulation,HIGH,True,True,TLSv1.2,"[""TLSv1.2"",""TLSv1.3""]","[""TLS_RSA_WITH_AES_128_CBC_SHA"",""TLS_ECDHE_RSA_WITH_AES_128_GCM_SHA256"",""TLS_AES_128_GCM_SHA256""]",RSA,2048,sha256WithRSAEncryption,TRUSTED,MATCH,398
sim-high-0452,752e6efeffe68df99088,legacy_protocol,synthetic_simulation,HIGH,True,True,TLSv1.1,"[""TLSv1.1"",""TLSv1.2""]","[""TLS_ECDHE_RSA_WITH_AES_128_GCM_SHA256"",""TLS_RSA_WITH_AES_128_GCM_SHA256"",""TLS_ECDHE_RSA_WITH_AES_128_CBC_SHA""]",RSA,2048,sha256WithRSAEncryption,TRUSTED,MATCH,398
sim-high-0453,7937fc14653a90a6cd28,static_rsa_compatible,synthetic_simulation,HIGH,True,True,TLSv1.2,"[""TLSv1.2"",""TLSv1.3""]","[""TLS_RSA_WITH_AES_128_GCM_SHA256"",""TLS_RSA_WITH_AES_128_CBC_SHA"",""TLS_AES_128_GCM_SHA256""]",RSA,2048,sha256WithRSAEncryption,TRUSTED,MATCH,398
sim-high-0454,752e6efeffe68df99088,legacy_protocol,synthetic_simulation,HIGH,True,True,TLSv1.1,"[""TLSv1.1"",""TLSv1.2""]","[""TLS_ECDHE_RSA_WITH_AES_128_GCM_SHA256"",""TLS_RSA_WITH_AES_128_GCM_SHA256"",""TLS_ECDHE_RSA_WITH_AES_128_CBC_SHA""]",RSA,2048,sha256WithRSAEncryption,TRUSTED,MATCH,398
sim-high-0455,f0209633204379b740cb,static_rsa_compatible,synthetic_simulation,HIGH,True,True,TLSv1.2,"[""TLSv1.2"",""TLSv1.3""]","[""TLS_RSA_WITH_AES_128_CBC_SHA"",""TLS_ECDHE_RSA_WITH_AES_128_GCM_SHA256"",""TLS_RSA_WITH_AES_128_GCM_SHA256""]",RSA,2048,sha256WithRSAEncryption,TRUSTED,MATCH,398
sim-high-0456,83756924e90a73673098,legacy_protocol,synthetic_simulation,HIGH,True,True,TLSv1.1,"[""TLSv1.1"",""TLSv1.2""]","[""TLS_ECDHE_RSA_WITH_AES_128_CBC_SHA"",""TLS_RSA_WITH_AES_128_CBC_SHA"",""TLS_ECDHE_RSA_WITH_AES_128_GCM_SHA256""]",RSA,2048,sha256WithRSAEncryption,TRUSTED,MATCH,398
sim-high-0457,a587f3e8b3d6c2c8ec61,static_rsa_compatible,synthetic_simulation,HIGH,True,True,TLSv1.2,"[""TLSv1.2"",""TLSv1.3""]","[""TLS_RSA_WITH_AES_128_GCM_SHA256"",""TLS_ECDHE_RSA_WITH_AES_128_GCM_SHA256"",""TLS_RSA_WITH_AES_128_CBC_SHA""]",RSA,2048,sha256WithRSAEncryption,TRUSTED,MATCH,398
sim-high-0458,b3f45632e01676647c7e,legacy_protocol,synthetic_simulation,HIGH,True,True,TLSv1.1,"[""TLSv1.1"",""TLSv1.2""]","[""TLS_RSA_WITH_AES_128_CBC_SHA"",""TLS_RSA_WITH_AES_128_GCM_SHA256"",""TLS_ECDHE_RSA_WITH_AES_128_GCM_SHA256""]",RSA,2048,sha256WithRSAEncryption,TRUSTED,MATCH,398
sim-high-0459,71bbd3b709da27064089,static_rsa_compatible,synthetic_simulation,HIGH,True,True,TLSv1.2,"[""TLSv1.2"",""TLSv1.3""]","[""TLS_RSA_WITH_AES_128_CBC_SHA"",""TLS_RSA_WITH_AES_128_GCM_SHA256"",""TLS_ECDHE_RSA_WITH_AES_128_GCM_SHA256""]",RSA,2048,sha256WithRSAEncryption,TRUSTED,MATCH,398
sim-high-0460,af085b14ca3c6842c613,legacy_protocol,synthetic_simulation,HIGH,True,True,TLSv1.1,"[""TLSv1.1"",""TLSv1.2""]","[""TLS_ECDHE_RSA_WITH_AES_128_CBC_SHA"",""TLS_ECDHE_RSA_WITH_AES_128_GCM_SHA256"",""TLS_RSA_WITH_AES_128_CBC_SHA""]",RSA,2048,sha256WithRSAEncryption,TRUSTED,MATCH,398
sim-high-0461,17dddaeb12d62679611f,static_rsa_compatible,synthetic_simulation,HIGH,True,True,TLSv1.2,"[""TLSv1.2"",""TLSv1.3""]","[""TLS_AES_128_GCM_SHA256"",""TLS_RSA_WITH_AES_128_CBC_SHA"",""TLS_RSA_WITH_AES_128_GCM_SHA256""]",RSA,2048,sha256WithRSAEncryption,TRUSTED,MATCH,398
sim-high-0462,dc4e2f1b39ce9222466b,legacy_protocol,synthetic_simulation,HIGH,True,True,TLSv1.1,"[""TLSv1.1"",""TLSv1.2""]","[""TLS_ECDHE_RSA_WITH_AES_128_CBC_SHA"",""TLS_RSA_WITH_AES_128_CBC_SHA"",""TLS_RSA_WITH_AES_128_GCM_SHA256""]",RSA,2048,sha256WithRSAEncryption,TRUSTED,MATCH,398
sim-high-0463,f2aad38446a88f6e90a4,static_rsa_compatible,synthetic_simulation,HIGH,True,True,TLSv1.2,"[""TLSv1.2"",""TLSv1.3""]","[""TLS_RSA_WITH_AES_128_CBC_SHA"",""TLS_AES_128_GCM_SHA256"",""TLS_RSA_WITH_AES_128_GCM_SHA256""]",RSA,2048,sha256WithRSAEncryption,TRUSTED,MATCH,398
sim-high-0464,20dd61a92ffb3e556978,legacy_protocol,synthetic_simulation,HIGH,True,True,TLSv1.0,"[""TLSv1.0"",""TLSv1.2""]","[""TLS_RSA_WITH_AES_128_GCM_SHA256"",""TLS_ECDHE_RSA_WITH_AES_128_CBC_SHA"",""TLS_RSA_WITH_AES_128_CBC_SHA""]",RSA,2048,sha256WithRSAEncryption,TRUSTED,MATCH,398
sim-high-0465,009106d411c057c29e61,static_rsa_compatible,synthetic_simulation,HIGH,True,True,TLSv1.2,"[""TLSv1.2"",""TLSv1.3""]","[""TLS_AES_128_GCM_SHA256"",""TLS_ECDHE_RSA_WITH_AES_128_GCM_SHA256"",""TLS_RSA_WITH_AES_128_CBC_SHA""]",RSA,2048,sha256WithRSAEncryption,TRUSTED,MATCH,398
sim-high-0466,0f6aa212ee8c40ed3ede,legacy_protocol,synthetic_simulation,HIGH,True,True,TLSv1.1,"[""TLSv1.1"",""TLSv1.2""]","[""TLS_ECDHE_RSA_WITH_AES_128_GCM_SHA256"",""TLS_RSA_WITH_AES_128_GCM_SHA256"",""TLS_RSA_WITH_AES_128_CBC_SHA""]",RSA,2048,sha256WithRSAEncryption,TRUSTED,MATCH,398
sim-high-0467,af185ee62c7563a5122b,static_rsa_compatible,synthetic_simulation,HIGH,True,True,TLSv1.2,"[""TLSv1.2"",""TLSv1.3""]","[""TLS_RSA_WITH_AES_128_GCM_SHA256"",""TLS_AES_128_GCM_SHA256"",""TLS_ECDHE_RSA_WITH_AES_128_GCM_SHA256""]",RSA,2048,sha256WithRSAEncryption,TRUSTED,MATCH,398
sim-high-0468,3a6d85656aa93e61004d,legacy_protocol,synthetic_simulation,HIGH,True,True,TLSv1.1,"[""TLSv1.1"",""TLSv1.2""]","[""TLS_RSA_WITH_AES_128_GCM_SHA256"",""TLS_ECDHE_RSA_WITH_AES_128_CBC_SHA"",""TLS_RSA_WITH_AES_128_CBC_SHA""]",RSA,2048,sha256WithRSAEncryption,TRUSTED,MATCH,398
sim-high-0469,17dddaeb12d62679611f,static_rsa_compatible,synthetic_simulation,HIGH,True,True,TLSv1.2,"[""TLSv1.2"",""TLSv1.3""]","[""TLS_AES_128_GCM_SHA256"",""TLS_RSA_WITH_AES_128_CBC_SHA"",""TLS_RSA_WITH_AES_128_GCM_SHA256""]",RSA,2048,sha256WithRSAEncryption,TRUSTED,MATCH,398
sim-high-0470,964d4a677c49af430b56,legacy_protocol,synthetic_simulation,HIGH,True,True,TLSv1.0,"[""TLSv1.0"",""TLSv1.2""]","[""TLS_ECDHE_RSA_WITH_AES_128_CBC_SHA"",""TLS_RSA_WITH_AES_128_GCM_SHA256"",""TLS_RSA_WITH_AES_128_CBC_SHA""]",RSA,2048,sha256WithRSAEncryption,TRUSTED,MATCH,398
sim-high-0471,fbfb28bb519e4fc8c7e7,static_rsa_compatible,synthetic_simulation,HIGH,True,True,TLSv1.2,"[""TLSv1.2"",""TLSv1.3""]","[""TLS_AES_128_GCM_SHA256"",""TLS_ECDHE_RSA_WITH_AES_128_GCM_SHA256"",""TLS_RSA_WITH_AES_128_GCM_SHA256""]",RSA,2048,sha256WithRSAEncryption,TRUSTED,MATCH,398
sim-high-0472,d1d292fb921f9e68bbb9,legacy_protocol,synthetic_simulation,HIGH,True,True,TLSv1.0,"[""TLSv1.0"",""TLSv1.2""]","[""TLS_ECDHE_RSA_WITH_AES_128_CBC_SHA"",""TLS_RSA_WITH_AES_128_GCM_SHA256"",""TLS_ECDHE_RSA_WITH_AES_128_GCM_SHA256""]",RSA,2048,sha256WithRSAEncryption,TRUSTED,MATCH,398
sim-high-0473,e4d7a37192235c6097b3,static_rsa_compatible,synthetic_simulation,HIGH,True,True,TLSv1.2,"[""TLSv1.2"",""TLSv1.3""]","[""TLS_ECDHE_RSA_WITH_AES_128_GCM_SHA256"",""TLS_RSA_WITH_AES_128_CBC_SHA"",""TLS_RSA_WITH_AES_128_GCM_SHA256""]",RSA,2048,sha256WithRSAEncryption,TRUSTED,MATCH,398
sim-high-0474,b3db24b9dee401e2e87c,legacy_protocol,synthetic_simulation,HIGH,True,True,TLSv1.0,"[""TLSv1.0"",""TLSv1.2""]","[""TLS_ECDHE_RSA_WITH_AES_128_GCM_SHA256"",""TLS_RSA_WITH_AES_128_CBC_SHA"",""TLS_ECDHE_RSA_WITH_AES_128_CBC_SHA""]",RSA,2048,sha256WithRSAEncryption,TRUSTED,MATCH,398
sim-high-0475,17dddaeb12d62679611f,static_rsa_compatible,synthetic_simulation,HIGH,True,True,TLSv1.2,"[""TLSv1.2"",""TLSv1.3""]","[""TLS_AES_128_GCM_SHA256"",""TLS_RSA_WITH_AES_128_CBC_SHA"",""TLS_RSA_WITH_AES_128_GCM_SHA256""]",RSA,2048,sha256WithRSAEncryption,TRUSTED,MATCH,398
sim-high-0476,8757d836179cf0b5fdfe,legacy_protocol,synthetic_simulation,HIGH,True,True,TLSv1.0,"[""TLSv1.0"",""TLSv1.2""]","[""TLS_RSA_WITH_AES_128_CBC_SHA"",""TLS_ECDHE_RSA_WITH_AES_128_CBC_SHA"",""TLS_RSA_WITH_AES_128_GCM_SHA256""]",RSA,2048,sha256WithRSAEncryption,TRUSTED,MATCH,398
sim-high-0477,ea0a13ee4f0ccf650429,static_rsa_compatible,synthetic_simulation,HIGH,True,True,TLSv1.2,"[""TLSv1.2"",""TLSv1.3""]","[""TLS_RSA_WITH_AES_128_GCM_SHA256"",""TLS_ECDHE_RSA_WITH_AES_128_GCM_SHA256"",""TLS_AES_128_GCM_SHA256""]",RSA,2048,sha256WithRSAEncryption,TRUSTED,MATCH,398
sim-high-0478,54c6472f1a13fedf0916,legacy_protocol,synthetic_simulation,HIGH,True,True,TLSv1.0,"[""TLSv1.0"",""TLSv1.2""]","[""TLS_RSA_WITH_AES_128_CBC_SHA"",""TLS_RSA_WITH_AES_128_GCM_SHA256"",""TLS_ECDHE_RSA_WITH_AES_128_CBC_SHA""]",RSA,2048,sha256WithRSAEncryption,TRUSTED,MATCH,398
sim-high-0479,f2aad38446a88f6e90a4,static_rsa_compatible,synthetic_simulation,HIGH,True,True,TLSv1.2,"[""TLSv1.2"",""TLSv1.3""]","[""TLS_RSA_WITH_AES_128_CBC_SHA"",""TLS_AES_128_GCM_SHA256"",""TLS_RSA_WITH_AES_128_GCM_SHA256""]",RSA,2048,sha256WithRSAEncryption,TRUSTED,MATCH,398
sim-high-0480,1afbc2c42fd2b3d8bd4c,legacy_protocol,synthetic_simulation,HIGH,True,True,TLSv1.1,"[""TLSv1.1"",""TLSv1.2""]","[""TLS_RSA_WITH_AES_128_GCM_SHA256"",""TLS_ECDHE_RSA_WITH_AES_128_GCM_SHA256"",""TLS_RSA_WITH_AES_128_CBC_SHA""]",RSA,2048,sha256WithRSAEncryption,TRUSTED,MATCH,398
sim-high-0481,2e1d2a5046e8f5043e68,static_rsa_compatible,synthetic_simulation,HIGH,True,True,TLSv1.2,"[""TLSv1.2"",""TLSv1.3""]","[""TLS_AES_128_GCM_SHA256"",""TLS_RSA_WITH_AES_128_GCM_SHA256"",""TLS_RSA_WITH_AES_128_CBC_SHA""]",RSA,2048,sha256WithRSAEncryption,TRUSTED,MATCH,398
sim-high-0482,c3467470318476fff90b,legacy_protocol,synthetic_simulation,HIGH,True,True,TLSv1.0,"[""TLSv1.0"",""TLSv1.2""]","[""TLS_ECDHE_RSA_WITH_AES_128_GCM_SHA256"",""TLS_ECDHE_RSA_WITH_AES_128_CBC_SHA"",""TLS_RSA_WITH_AES_128_CBC_SHA""]",RSA,2048,sha256WithRSAEncryption,TRUSTED,MATCH,398
sim-high-0483,e4d7a37192235c6097b3,static_rsa_compatible,synthetic_simulation,HIGH,True,True,TLSv1.2,"[""TLSv1.2"",""TLSv1.3""]","[""TLS_ECDHE_RSA_WITH_AES_128_GCM_SHA256"",""TLS_RSA_WITH_AES_128_CBC_SHA"",""TLS_RSA_WITH_AES_128_GCM_SHA256""]",RSA,2048,sha256WithRSAEncryption,TRUSTED,MATCH,398
sim-high-0484,4a2c1378e55e67470187,legacy_protocol,synthetic_simulation,HIGH,True,True,TLSv1.1,"[""TLSv1.1"",""TLSv1.2""]","[""TLS_RSA_WITH_AES_128_GCM_SHA256"",""TLS_RSA_WITH_AES_128_CBC_SHA"",""TLS_ECDHE_RSA_WITH_AES_128_GCM_SHA256""]",RSA,2048,sha256WithRSAEncryption,TRUSTED,MATCH,398
sim-high-0485,fbfb28bb519e4fc8c7e7,static_rsa_compatible,synthetic_simulation,HIGH,True,True,TLSv1.2,"[""TLSv1.2"",""TLSv1.3""]","[""TLS_AES_128_GCM_SHA256"",""TLS_ECDHE_RSA_WITH_AES_128_GCM_SHA256"",""TLS_RSA_WITH_AES_128_GCM_SHA256""]",RSA,2048,sha256WithRSAEncryption,TRUSTED,MATCH,398
sim-high-0486,8757d836179cf0b5fdfe,legacy_protocol,synthetic_simulation,HIGH,True,True,TLSv1.0,"[""TLSv1.0"",""TLSv1.2""]","[""TLS_RSA_WITH_AES_128_CBC_SHA"",""TLS_ECDHE_RSA_WITH_AES_128_CBC_SHA"",""TLS_RSA_WITH_AES_128_GCM_SHA256""]",RSA,2048,sha256WithRSAEncryption,TRUSTED,MATCH,398
sim-high-0487,45d5b344dbb1b54e3728,static_rsa_compatible,synthetic_simulation,HIGH,True,True,TLSv1.2,"[""TLSv1.2"",""TLSv1.3""]","[""TLS_RSA_WITH_AES_128_CBC_SHA"",""TLS_AES_128_GCM_SHA256"",""TLS_ECDHE_RSA_WITH_AES_128_GCM_SHA256""]",RSA,2048,sha256WithRSAEncryption,TRUSTED,MATCH,398
sim-high-0488,31cfc9b391dcbd0fced4,legacy_protocol,synthetic_simulation,HIGH,True,True,TLSv1.0,"[""TLSv1.0"",""TLSv1.2""]","[""TLS_RSA_WITH_AES_128_GCM_SHA256"",""TLS_RSA_WITH_AES_128_CBC_SHA"",""TLS_ECDHE_RSA_WITH_AES_128_CBC_SHA""]",RSA,2048,sha256WithRSAEncryption,TRUSTED,MATCH,398
sim-high-0489,f4a6b77b03244314bb8e,static_rsa_compatible,synthetic_simulation,HIGH,True,True,TLSv1.2,"[""TLSv1.2"",""TLSv1.3""]","[""TLS_RSA_WITH_AES_128_CBC_SHA"",""TLS_RSA_WITH_AES_128_GCM_SHA256"",""TLS_AES_128_GCM_SHA256""]",RSA,2048,sha256WithRSAEncryption,TRUSTED,MATCH,398
sim-high-0490,b9c7af7dfe137d3f9bfc,legacy_protocol,synthetic_simulation,HIGH,True,True,TLSv1.0,"[""TLSv1.0"",""TLSv1.2""]","[""TLS_ECDHE_RSA_WITH_AES_128_GCM_SHA256"",""TLS_ECDHE_RSA_WITH_AES_128_CBC_SHA"",""TLS_RSA_WITH_AES_128_GCM_SHA256""]",RSA,2048,sha256WithRSAEncryption,TRUSTED,MATCH,398
sim-high-0491,d433813082f841c06577,static_rsa_compatible,synthetic_simulation,HIGH,True,True,TLSv1.2,"[""TLSv1.2"",""TLSv1.3""]","[""TLS_ECDHE_RSA_WITH_AES_128_GCM_SHA256"",""TLS_AES_128_GCM_SHA256"",""TLS_RSA_WITH_AES_128_CBC_SHA""]",RSA,2048,sha256WithRSAEncryption,TRUSTED,MATCH,398
sim-high-0492,b3db24b9dee401e2e87c,legacy_protocol,synthetic_simulation,HIGH,True,True,TLSv1.0,"[""TLSv1.0"",""TLSv1.2""]","[""TLS_ECDHE_RSA_WITH_AES_128_GCM_SHA256"",""TLS_RSA_WITH_AES_128_CBC_SHA"",""TLS_ECDHE_RSA_WITH_AES_128_CBC_SHA""]",RSA,2048,sha256WithRSAEncryption,TRUSTED,MATCH,398
sim-high-0493,4c5d402bf4c841e2089f,static_rsa_compatible,synthetic_simulation,HIGH,True,True,TLSv1.2,"[""TLSv1.2"",""TLSv1.3""]","[""TLS_ECDHE_RSA_WITH_AES_128_GCM_SHA256"",""TLS_RSA_WITH_AES_128_GCM_SHA256"",""TLS_RSA_WITH_AES_128_CBC_SHA""]",RSA,2048,sha256WithRSAEncryption,TRUSTED,MATCH,398
sim-high-0494,80caed4eddba377e26d6,legacy_protocol,synthetic_simulation,HIGH,True,True,TLSv1.0,"[""TLSv1.0"",""TLSv1.2""]","[""TLS_ECDHE_RSA_WITH_AES_128_GCM_SHA256"",""TLS_RSA_WITH_AES_128_GCM_SHA256"",""TLS_ECDHE_RSA_WITH_AES_128_CBC_SHA""]",RSA,2048,sha256WithRSAEncryption,TRUSTED,MATCH,398
sim-high-0495,f4a6b77b03244314bb8e,static_rsa_compatible,synthetic_simulation,HIGH,True,True,TLSv1.2,"[""TLSv1.2"",""TLSv1.3""]","[""TLS_RSA_WITH_AES_128_CBC_SHA"",""TLS_RSA_WITH_AES_128_GCM_SHA256"",""TLS_AES_128_GCM_SHA256""]",RSA,2048,sha256WithRSAEncryption,TRUSTED,MATCH,398
sim-high-0496,dc4e2f1b39ce9222466b,legacy_protocol,synthetic_simulation,HIGH,True,True,TLSv1.1,"[""TLSv1.1"",""TLSv1.2""]","[""TLS_ECDHE_RSA_WITH_AES_128_CBC_SHA"",""TLS_RSA_WITH_AES_128_CBC_SHA"",""TLS_RSA_WITH_AES_128_GCM_SHA256""]",RSA,2048,sha256WithRSAEncryption,TRUSTED,MATCH,398
sim-high-0497,f4a6b77b03244314bb8e,static_rsa_compatible,synthetic_simulation,HIGH,True,True,TLSv1.2,"[""TLSv1.2"",""TLSv1.3""]","[""TLS_RSA_WITH_AES_128_CBC_SHA"",""TLS_RSA_WITH_AES_128_GCM_SHA256"",""TLS_AES_128_GCM_SHA256""]",RSA,2048,sha256WithRSAEncryption,TRUSTED,MATCH,398
sim-high-0498,b3db24b9dee401e2e87c,legacy_protocol,synthetic_simulation,HIGH,True,True,TLSv1.0,"[""TLSv1.0"",""TLSv1.2""]","[""TLS_ECDHE_RSA_WITH_AES_128_GCM_SHA256"",""TLS_RSA_WITH_AES_128_CBC_SHA"",""TLS_ECDHE_RSA_WITH_AES_128_CBC_SHA""]",RSA,2048,sha256WithRSAEncryption,TRUSTED,MATCH,398
sim-high-0499,009106d411c057c29e61,static_rsa_compatible,synthetic_simulation,HIGH,True,True,TLSv1.2,"[""TLSv1.2"",""TLSv1.3""]","[""TLS_AES_128_GCM_SHA256"",""TLS_ECDHE_RSA_WITH_AES_128_GCM_SHA256"",""TLS_RSA_WITH_AES_128_CBC_SHA""]",RSA,2048,sha256WithRSAEncryption,TRUSTED,MATCH,398
sim-critical-0000,f9ec101d162f65893c12,cleartext_service,synthetic_simulation,CRITICAL,False,False,TLSv1.2,[],[],RSA,2048,sha256WithRSAEncryption,TRUSTED,MATCH,398
sim-critical-0001,1681ff229122c47dedd4,broken_cipher_enabled,synthetic_simulation,CRITICAL,True,True,TLSv1.2,"[""TLSv1.2"",""TLSv1.3""]","[""TLS_AES_128_GCM_SHA256"",""TLS_RSA_WITH_RC4_128_SHA"",""TLS_ECDHE_RSA_WITH_AES_128_GCM_SHA256""]",RSA,2048,sha256WithRSAEncryption,TRUSTED,MATCH,398
sim-critical-0002,f9ec101d162f65893c12,cleartext_service,synthetic_simulation,CRITICAL,False,False,TLSv1.2,[],[],RSA,2048,sha256WithRSAEncryption,TRUSTED,MATCH,398
sim-critical-0003,2189ced58e6f8accbe5b,broken_cipher_enabled,synthetic_simulation,CRITICAL,True,True,TLSv1.2,"[""TLSv1.2"",""TLSv1.3""]","[""TLS_ECDHE_RSA_WITH_AES_128_GCM_SHA256"",""TLS_RSA_WITH_RC4_128_SHA"",""TLS_RSA_WITH_NULL_SHA256""]",RSA,2048,sha256WithRSAEncryption,TRUSTED,MATCH,398
sim-critical-0004,f9ec101d162f65893c12,cleartext_service,synthetic_simulation,CRITICAL,False,False,TLSv1.2,[],[],RSA,2048,sha256WithRSAEncryption,TRUSTED,MATCH,398
sim-critical-0005,44621309fa044faf1747,broken_cipher_enabled,synthetic_simulation,CRITICAL,True,True,TLSv1.2,"[""TLSv1.2"",""TLSv1.3""]","[""TLS_RSA_WITH_NULL_SHA256"",""TLS_AES_128_GCM_SHA256"",""TLS_ECDHE_RSA_WITH_AES_128_GCM_SHA256""]",RSA,2048,sha256WithRSAEncryption,TRUSTED,MATCH,398
sim-critical-0006,f9ec101d162f65893c12,cleartext_service,synthetic_simulation,CRITICAL,False,False,TLSv1.2,[],[],RSA,2048,sha256WithRSAEncryption,TRUSTED,MATCH,398
sim-critical-0007,b78bfbc8096c313d3fe5,broken_cipher_enabled,synthetic_simulation,CRITICAL,True,True,TLSv1.2,"[""TLSv1.2"",""TLSv1.3""]","[""TLS_RSA_WITH_NULL_SHA256"",""TLS_RSA_WITH_RC4_128_SHA"",""TLS_ECDHE_RSA_WITH_AES_128_GCM_SHA256""]",RSA,2048,sha256WithRSAEncryption,TRUSTED,MATCH,398
sim-critical-0008,f9ec101d162f65893c12,cleartext_service,synthetic_simulation,CRITICAL,False,False,TLSv1.2,[],[],RSA,2048,sha256WithRSAEncryption,TRUSTED,MATCH,398
sim-critical-0009,ceb9e52fb815ca56808e,broken_cipher_enabled,synthetic_simulation,CRITICAL,True,True,TLSv1.2,"[""TLSv1.2"",""TLSv1.3""]","[""TLS_RSA_WITH_NULL_SHA256"",""TLS_ECDHE_RSA_WITH_AES_128_GCM_SHA256"",""TLS_RSA_WITH_RC4_128_SHA""]",RSA,2048,sha256WithRSAEncryption,TRUSTED,MATCH,398
sim-critical-0010,f9ec101d162f65893c12,cleartext_service,synthetic_simulation,CRITICAL,False,False,TLSv1.2,[],[],RSA,2048,sha256WithRSAEncryption,TRUSTED,MATCH,398
sim-critical-0011,a218ac26b23da4142cfc,broken_cipher_enabled,synthetic_simulation,CRITICAL,True,True,TLSv1.2,"[""TLSv1.2"",""TLSv1.3""]","[""TLS_ECDHE_RSA_WITH_AES_128_GCM_SHA256"",""TLS_AES_128_GCM_SHA256"",""TLS_RSA_WITH_NULL_SHA256""]",RSA,2048,sha256WithRSAEncryption,TRUSTED,MATCH,398
sim-critical-0012,f9ec101d162f65893c12,cleartext_service,synthetic_simulation,CRITICAL,False,False,TLSv1.2,[],[],RSA,2048,sha256WithRSAEncryption,TRUSTED,MATCH,398
sim-critical-0013,20c5239864d40e5244d4,broken_cipher_enabled,synthetic_simulation,CRITICAL,True,True,TLSv1.2,"[""TLSv1.2"",""TLSv1.3""]","[""TLS_AES_128_GCM_SHA256"",""TLS_ECDHE_RSA_WITH_AES_128_GCM_SHA256"",""TLS_RSA_WITH_RC4_128_SHA""]",RSA,2048,sha256WithRSAEncryption,TRUSTED,MATCH,398
sim-critical-0014,f9ec101d162f65893c12,cleartext_service,synthetic_simulation,CRITICAL,False,False,TLSv1.2,[],[],RSA,2048,sha256WithRSAEncryption,TRUSTED,MATCH,398
sim-critical-0015,44621309fa044faf1747,broken_cipher_enabled,synthetic_simulation,CRITICAL,True,True,TLSv1.2,"[""TLSv1.2"",""TLSv1.3""]","[""TLS_RSA_WITH_NULL_SHA256"",""TLS_AES_128_GCM_SHA256"",""TLS_ECDHE_RSA_WITH_AES_128_GCM_SHA256""]",RSA,2048,sha256WithRSAEncryption,TRUSTED,MATCH,398
sim-critical-0016,f9ec101d162f65893c12,cleartext_service,synthetic_simulation,CRITICAL,False,False,TLSv1.2,[],[],RSA,2048,sha256WithRSAEncryption,TRUSTED,MATCH,398
sim-critical-0017,c4e52470324a0c9e6b10,broken_cipher_enabled,synthetic_simulation,CRITICAL,True,True,TLSv1.2,"[""TLSv1.2"",""TLSv1.3""]","[""TLS_RSA_WITH_RC4_128_SHA"",""TLS_ECDHE_RSA_WITH_AES_128_GCM_SHA256"",""TLS_RSA_WITH_NULL_SHA256""]",RSA,2048,sha256WithRSAEncryption,TRUSTED,MATCH,398
sim-critical-0018,f9ec101d162f65893c12,cleartext_service,synthetic_simulation,CRITICAL,False,False,TLSv1.2,[],[],RSA,2048,sha256WithRSAEncryption,TRUSTED,MATCH,398
sim-critical-0019,7ef107bf2c742aca8df1,broken_cipher_enabled,synthetic_simulation,CRITICAL,True,True,TLSv1.2,"[""TLSv1.2"",""TLSv1.3""]","[""TLS_AES_128_GCM_SHA256"",""TLS_RSA_WITH_NULL_SHA256"",""TLS_ECDHE_RSA_WITH_AES_128_GCM_SHA256""]",RSA,2048,sha256WithRSAEncryption,TRUSTED,MATCH,398
sim-critical-0020,f9ec101d162f65893c12,cleartext_service,synthetic_simulation,CRITICAL,False,False,TLSv1.2,[],[],RSA,2048,sha256WithRSAEncryption,TRUSTED,MATCH,398
sim-critical-0021,0acea2d98f6e8c8dd688,broken_cipher_enabled,synthetic_simulation,CRITICAL,True,True,TLSv1.2,"[""TLSv1.2"",""TLSv1.3""]","[""TLS_ECDHE_RSA_WITH_AES_128_GCM_SHA256"",""TLS_RSA_WITH_RC4_128_SHA"",""TLS_AES_128_GCM_SHA256""]",RSA,2048,sha256WithRSAEncryption,TRUSTED,MATCH,398
sim-critical-0022,f9ec101d162f65893c12,cleartext_service,synthetic_simulation,CRITICAL,False,False,TLSv1.2,[],[],RSA,2048,sha256WithRSAEncryption,TRUSTED,MATCH,398
sim-critical-0023,112104167ccb5ac4c8e9,broken_cipher_enabled,synthetic_simulation,CRITICAL,True,True,TLSv1.2,"[""TLSv1.2"",""TLSv1.3""]","[""TLS_RSA_WITH_NULL_SHA256"",""TLS_AES_128_GCM_SHA256"",""TLS_RSA_WITH_RC4_128_SHA""]",RSA,2048,sha256WithRSAEncryption,TRUSTED,MATCH,398
sim-critical-0024,f9ec101d162f65893c12,cleartext_service,synthetic_simulation,CRITICAL,False,False,TLSv1.2,[],[],RSA,2048,sha256WithRSAEncryption,TRUSTED,MATCH,398
sim-critical-0025,a218ac26b23da4142cfc,broken_cipher_enabled,synthetic_simulation,CRITICAL,True,True,TLSv1.2,"[""TLSv1.2"",""TLSv1.3""]","[""TLS_ECDHE_RSA_WITH_AES_128_GCM_SHA256"",""TLS_AES_128_GCM_SHA256"",""TLS_RSA_WITH_NULL_SHA256""]",RSA,2048,sha256WithRSAEncryption,TRUSTED,MATCH,398
sim-critical-0026,f9ec101d162f65893c12,cleartext_service,synthetic_simulation,CRITICAL,False,False,TLSv1.2,[],[],RSA,2048,sha256WithRSAEncryption,TRUSTED,MATCH,398
sim-critical-0027,c4e52470324a0c9e6b10,broken_cipher_enabled,synthetic_simulation,CRITICAL,True,True,TLSv1.2,"[""TLSv1.2"",""TLSv1.3""]","[""TLS_RSA_WITH_RC4_128_SHA"",""TLS_ECDHE_RSA_WITH_AES_128_GCM_SHA256"",""TLS_RSA_WITH_NULL_SHA256""]",RSA,2048,sha256WithRSAEncryption,TRUSTED,MATCH,398
sim-critical-0028,f9ec101d162f65893c12,cleartext_service,synthetic_simulation,CRITICAL,False,False,TLSv1.2,[],[],RSA,2048,sha256WithRSAEncryption,TRUSTED,MATCH,398
sim-critical-0029,fe83af94f1fd61177d60,broken_cipher_enabled,synthetic_simulation,CRITICAL,True,True,TLSv1.2,"[""TLSv1.2"",""TLSv1.3""]","[""TLS_RSA_WITH_RC4_128_SHA"",""TLS_AES_128_GCM_SHA256"",""TLS_RSA_WITH_NULL_SHA256""]",RSA,2048,sha256WithRSAEncryption,TRUSTED,MATCH,398
sim-critical-0030,f9ec101d162f65893c12,cleartext_service,synthetic_simulation,CRITICAL,False,False,TLSv1.2,[],[],RSA,2048,sha256WithRSAEncryption,TRUSTED,MATCH,398
sim-critical-0031,d49bcd42b6e670a8c41d,broken_cipher_enabled,synthetic_simulation,CRITICAL,True,True,TLSv1.2,"[""TLSv1.2"",""TLSv1.3""]","[""TLS_RSA_WITH_RC4_128_SHA"",""TLS_RSA_WITH_NULL_SHA256"",""TLS_ECDHE_RSA_WITH_AES_128_GCM_SHA256""]",RSA,2048,sha256WithRSAEncryption,TRUSTED,MATCH,398
sim-critical-0032,f9ec101d162f65893c12,cleartext_service,synthetic_simulation,CRITICAL,False,False,TLSv1.2,[],[],RSA,2048,sha256WithRSAEncryption,TRUSTED,MATCH,398
sim-critical-0033,2189ced58e6f8accbe5b,broken_cipher_enabled,synthetic_simulation,CRITICAL,True,True,TLSv1.2,"[""TLSv1.2"",""TLSv1.3""]","[""TLS_ECDHE_RSA_WITH_AES_128_GCM_SHA256"",""TLS_RSA_WITH_RC4_128_SHA"",""TLS_RSA_WITH_NULL_SHA256""]",RSA,2048,sha256WithRSAEncryption,TRUSTED,MATCH,398
sim-critical-0034,f9ec101d162f65893c12,cleartext_service,synthetic_simulation,CRITICAL,False,False,TLSv1.2,[],[],RSA,2048,sha256WithRSAEncryption,TRUSTED,MATCH,398
sim-critical-0035,d16ff3af7d4b85e4c887,broken_cipher_enabled,synthetic_simulation,CRITICAL,True,True,TLSv1.2,"[""TLSv1.2"",""TLSv1.3""]","[""TLS_ECDHE_RSA_WITH_AES_128_GCM_SHA256"",""TLS_AES_128_GCM_SHA256"",""TLS_RSA_WITH_RC4_128_SHA""]",RSA,2048,sha256WithRSAEncryption,TRUSTED,MATCH,398
sim-critical-0036,f9ec101d162f65893c12,cleartext_service,synthetic_simulation,CRITICAL,False,False,TLSv1.2,[],[],RSA,2048,sha256WithRSAEncryption,TRUSTED,MATCH,398
sim-critical-0037,26105ebc4ff55d2c5e39,broken_cipher_enabled,synthetic_simulation,CRITICAL,True,True,TLSv1.2,"[""TLSv1.2"",""TLSv1.3""]","[""TLS_AES_128_GCM_SHA256"",""TLS_RSA_WITH_RC4_128_SHA"",""TLS_RSA_WITH_NULL_SHA256""]",RSA,2048,sha256WithRSAEncryption,TRUSTED,MATCH,398
sim-critical-0038,f9ec101d162f65893c12,cleartext_service,synthetic_simulation,CRITICAL,False,False,TLSv1.2,[],[],RSA,2048,sha256WithRSAEncryption,TRUSTED,MATCH,398
sim-critical-0039,112104167ccb5ac4c8e9,broken_cipher_enabled,synthetic_simulation,CRITICAL,True,True,TLSv1.2,"[""TLSv1.2"",""TLSv1.3""]","[""TLS_RSA_WITH_NULL_SHA256"",""TLS_AES_128_GCM_SHA256"",""TLS_RSA_WITH_RC4_128_SHA""]",RSA,2048,sha256WithRSAEncryption,TRUSTED,MATCH,398
sim-critical-0040,f9ec101d162f65893c12,cleartext_service,synthetic_simulation,CRITICAL,False,False,TLSv1.2,[],[],RSA,2048,sha256WithRSAEncryption,TRUSTED,MATCH,398
sim-critical-0041,d49bcd42b6e670a8c41d,broken_cipher_enabled,synthetic_simulation,CRITICAL,True,True,TLSv1.2,"[""TLSv1.2"",""TLSv1.3""]","[""TLS_RSA_WITH_RC4_128_SHA"",""TLS_RSA_WITH_NULL_SHA256"",""TLS_ECDHE_RSA_WITH_AES_128_GCM_SHA256""]",RSA,2048,sha256WithRSAEncryption,TRUSTED,MATCH,398
sim-critical-0042,f9ec101d162f65893c12,cleartext_service,synthetic_simulation,CRITICAL,False,False,TLSv1.2,[],[],RSA,2048,sha256WithRSAEncryption,TRUSTED,MATCH,398
sim-critical-0043,ec31280473f1415a9857,broken_cipher_enabled,synthetic_simulation,CRITICAL,True,True,TLSv1.2,"[""TLSv1.2"",""TLSv1.3""]","[""TLS_ECDHE_RSA_WITH_AES_128_GCM_SHA256"",""TLS_RSA_WITH_NULL_SHA256"",""TLS_RSA_WITH_RC4_128_SHA""]",RSA,2048,sha256WithRSAEncryption,TRUSTED,MATCH,398
sim-critical-0044,f9ec101d162f65893c12,cleartext_service,synthetic_simulation,CRITICAL,False,False,TLSv1.2,[],[],RSA,2048,sha256WithRSAEncryption,TRUSTED,MATCH,398
sim-critical-0045,112104167ccb5ac4c8e9,broken_cipher_enabled,synthetic_simulation,CRITICAL,True,True,TLSv1.2,"[""TLSv1.2"",""TLSv1.3""]","[""TLS_RSA_WITH_NULL_SHA256"",""TLS_AES_128_GCM_SHA256"",""TLS_RSA_WITH_RC4_128_SHA""]",RSA,2048,sha256WithRSAEncryption,TRUSTED,MATCH,398
sim-critical-0046,f9ec101d162f65893c12,cleartext_service,synthetic_simulation,CRITICAL,False,False,TLSv1.2,[],[],RSA,2048,sha256WithRSAEncryption,TRUSTED,MATCH,398
sim-critical-0047,cee4d01f4163bb07ff54,broken_cipher_enabled,synthetic_simulation,CRITICAL,True,True,TLSv1.2,"[""TLSv1.2"",""TLSv1.3""]","[""TLS_RSA_WITH_RC4_128_SHA"",""TLS_RSA_WITH_NULL_SHA256"",""TLS_AES_128_GCM_SHA256""]",RSA,2048,sha256WithRSAEncryption,TRUSTED,MATCH,398
sim-critical-0048,f9ec101d162f65893c12,cleartext_service,synthetic_simulation,CRITICAL,False,False,TLSv1.2,[],[],RSA,2048,sha256WithRSAEncryption,TRUSTED,MATCH,398
sim-critical-0049,b78bfbc8096c313d3fe5,broken_cipher_enabled,synthetic_simulation,CRITICAL,True,True,TLSv1.2,"[""TLSv1.2"",""TLSv1.3""]","[""TLS_RSA_WITH_NULL_SHA256"",""TLS_RSA_WITH_RC4_128_SHA"",""TLS_ECDHE_RSA_WITH_AES_128_GCM_SHA256""]",RSA,2048,sha256WithRSAEncryption,TRUSTED,MATCH,398
sim-critical-0050,f9ec101d162f65893c12,cleartext_service,synthetic_simulation,CRITICAL,False,False,TLSv1.2,[],[],RSA,2048,sha256WithRSAEncryption,TRUSTED,MATCH,398
sim-critical-0051,ceb9e52fb815ca56808e,broken_cipher_enabled,synthetic_simulation,CRITICAL,True,True,TLSv1.2,"[""TLSv1.2"",""TLSv1.3""]","[""TLS_RSA_WITH_NULL_SHA256"",""TLS_ECDHE_RSA_WITH_AES_128_GCM_SHA256"",""TLS_RSA_WITH_RC4_128_SHA""]",RSA,2048,sha256WithRSAEncryption,TRUSTED,MATCH,398
sim-critical-0052,f9ec101d162f65893c12,cleartext_service,synthetic_simulation,CRITICAL,False,False,TLSv1.2,[],[],RSA,2048,sha256WithRSAEncryption,TRUSTED,MATCH,398
sim-critical-0053,d49bcd42b6e670a8c41d,broken_cipher_enabled,synthetic_simulation,CRITICAL,True,True,TLSv1.2,"[""TLSv1.2"",""TLSv1.3""]","[""TLS_RSA_WITH_RC4_128_SHA"",""TLS_RSA_WITH_NULL_SHA256"",""TLS_ECDHE_RSA_WITH_AES_128_GCM_SHA256""]",RSA,2048,sha256WithRSAEncryption,TRUSTED,MATCH,398
sim-critical-0054,f9ec101d162f65893c12,cleartext_service,synthetic_simulation,CRITICAL,False,False,TLSv1.2,[],[],RSA,2048,sha256WithRSAEncryption,TRUSTED,MATCH,398
sim-critical-0055,1681ff229122c47dedd4,broken_cipher_enabled,synthetic_simulation,CRITICAL,True,True,TLSv1.2,"[""TLSv1.2"",""TLSv1.3""]","[""TLS_AES_128_GCM_SHA256"",""TLS_RSA_WITH_RC4_128_SHA"",""TLS_ECDHE_RSA_WITH_AES_128_GCM_SHA256""]",RSA,2048,sha256WithRSAEncryption,TRUSTED,MATCH,398
sim-critical-0056,f9ec101d162f65893c12,cleartext_service,synthetic_simulation,CRITICAL,False,False,TLSv1.2,[],[],RSA,2048,sha256WithRSAEncryption,TRUSTED,MATCH,398
sim-critical-0057,672bf994a39886c5402e,broken_cipher_enabled,synthetic_simulation,CRITICAL,True,True,TLSv1.2,"[""TLSv1.2"",""TLSv1.3""]","[""TLS_RSA_WITH_RC4_128_SHA"",""TLS_AES_128_GCM_SHA256"",""TLS_ECDHE_RSA_WITH_AES_128_GCM_SHA256""]",RSA,2048,sha256WithRSAEncryption,TRUSTED,MATCH,398
sim-critical-0058,f9ec101d162f65893c12,cleartext_service,synthetic_simulation,CRITICAL,False,False,TLSv1.2,[],[],RSA,2048,sha256WithRSAEncryption,TRUSTED,MATCH,398
sim-critical-0059,fe83af94f1fd61177d60,broken_cipher_enabled,synthetic_simulation,CRITICAL,True,True,TLSv1.2,"[""TLSv1.2"",""TLSv1.3""]","[""TLS_RSA_WITH_RC4_128_SHA"",""TLS_AES_128_GCM_SHA256"",""TLS_RSA_WITH_NULL_SHA256""]",RSA,2048,sha256WithRSAEncryption,TRUSTED,MATCH,398
sim-critical-0060,f9ec101d162f65893c12,cleartext_service,synthetic_simulation,CRITICAL,False,False,TLSv1.2,[],[],RSA,2048,sha256WithRSAEncryption,TRUSTED,MATCH,398
sim-critical-0061,684178af4f459fc18566,broken_cipher_enabled,synthetic_simulation,CRITICAL,True,True,TLSv1.2,"[""TLSv1.2"",""TLSv1.3""]","[""TLS_ECDHE_RSA_WITH_AES_128_GCM_SHA256"",""TLS_RSA_WITH_NULL_SHA256"",""TLS_AES_128_GCM_SHA256""]",RSA,2048,sha256WithRSAEncryption,TRUSTED,MATCH,398
sim-critical-0062,f9ec101d162f65893c12,cleartext_service,synthetic_simulation,CRITICAL,False,False,TLSv1.2,[],[],RSA,2048,sha256WithRSAEncryption,TRUSTED,MATCH,398
sim-critical-0063,c4e52470324a0c9e6b10,broken_cipher_enabled,synthetic_simulation,CRITICAL,True,True,TLSv1.2,"[""TLSv1.2"",""TLSv1.3""]","[""TLS_RSA_WITH_RC4_128_SHA"",""TLS_ECDHE_RSA_WITH_AES_128_GCM_SHA256"",""TLS_RSA_WITH_NULL_SHA256""]",RSA,2048,sha256WithRSAEncryption,TRUSTED,MATCH,398
sim-critical-0064,f9ec101d162f65893c12,cleartext_service,synthetic_simulation,CRITICAL,False,False,TLSv1.2,[],[],RSA,2048,sha256WithRSAEncryption,TRUSTED,MATCH,398
sim-critical-0065,d49bcd42b6e670a8c41d,broken_cipher_enabled,synthetic_simulation,CRITICAL,True,True,TLSv1.2,"[""TLSv1.2"",""TLSv1.3""]","[""TLS_RSA_WITH_RC4_128_SHA"",""TLS_RSA_WITH_NULL_SHA256"",""TLS_ECDHE_RSA_WITH_AES_128_GCM_SHA256""]",RSA,2048,sha256WithRSAEncryption,TRUSTED,MATCH,398
sim-critical-0066,f9ec101d162f65893c12,cleartext_service,synthetic_simulation,CRITICAL,False,False,TLSv1.2,[],[],RSA,2048,sha256WithRSAEncryption,TRUSTED,MATCH,398
sim-critical-0067,26105ebc4ff55d2c5e39,broken_cipher_enabled,synthetic_simulation,CRITICAL,True,True,TLSv1.2,"[""TLSv1.2"",""TLSv1.3""]","[""TLS_AES_128_GCM_SHA256"",""TLS_RSA_WITH_RC4_128_SHA"",""TLS_RSA_WITH_NULL_SHA256""]",RSA,2048,sha256WithRSAEncryption,TRUSTED,MATCH,398
sim-critical-0068,f9ec101d162f65893c12,cleartext_service,synthetic_simulation,CRITICAL,False,False,TLSv1.2,[],[],RSA,2048,sha256WithRSAEncryption,TRUSTED,MATCH,398
sim-critical-0069,2189ced58e6f8accbe5b,broken_cipher_enabled,synthetic_simulation,CRITICAL,True,True,TLSv1.2,"[""TLSv1.2"",""TLSv1.3""]","[""TLS_ECDHE_RSA_WITH_AES_128_GCM_SHA256"",""TLS_RSA_WITH_RC4_128_SHA"",""TLS_RSA_WITH_NULL_SHA256""]",RSA,2048,sha256WithRSAEncryption,TRUSTED,MATCH,398
sim-critical-0070,f9ec101d162f65893c12,cleartext_service,synthetic_simulation,CRITICAL,False,False,TLSv1.2,[],[],RSA,2048,sha256WithRSAEncryption,TRUSTED,MATCH,398
sim-critical-0071,cee4d01f4163bb07ff54,broken_cipher_enabled,synthetic_simulation,CRITICAL,True,True,TLSv1.2,"[""TLSv1.2"",""TLSv1.3""]","[""TLS_RSA_WITH_RC4_128_SHA"",""TLS_RSA_WITH_NULL_SHA256"",""TLS_AES_128_GCM_SHA256""]",RSA,2048,sha256WithRSAEncryption,TRUSTED,MATCH,398
sim-critical-0072,f9ec101d162f65893c12,cleartext_service,synthetic_simulation,CRITICAL,False,False,TLSv1.2,[],[],RSA,2048,sha256WithRSAEncryption,TRUSTED,MATCH,398
sim-critical-0073,c4e52470324a0c9e6b10,broken_cipher_enabled,synthetic_simulation,CRITICAL,True,True,TLSv1.2,"[""TLSv1.2"",""TLSv1.3""]","[""TLS_RSA_WITH_RC4_128_SHA"",""TLS_ECDHE_RSA_WITH_AES_128_GCM_SHA256"",""TLS_RSA_WITH_NULL_SHA256""]",RSA,2048,sha256WithRSAEncryption,TRUSTED,MATCH,398
sim-critical-0074,f9ec101d162f65893c12,cleartext_service,synthetic_simulation,CRITICAL,False,False,TLSv1.2,[],[],RSA,2048,sha256WithRSAEncryption,TRUSTED,MATCH,398
sim-critical-0075,0acea2d98f6e8c8dd688,broken_cipher_enabled,synthetic_simulation,CRITICAL,True,True,TLSv1.2,"[""TLSv1.2"",""TLSv1.3""]","[""TLS_ECDHE_RSA_WITH_AES_128_GCM_SHA256"",""TLS_RSA_WITH_RC4_128_SHA"",""TLS_AES_128_GCM_SHA256""]",RSA,2048,sha256WithRSAEncryption,TRUSTED,MATCH,398
sim-critical-0076,f9ec101d162f65893c12,cleartext_service,synthetic_simulation,CRITICAL,False,False,TLSv1.2,[],[],RSA,2048,sha256WithRSAEncryption,TRUSTED,MATCH,398
sim-critical-0077,3984945e149ecef355ef,broken_cipher_enabled,synthetic_simulation,CRITICAL,True,True,TLSv1.2,"[""TLSv1.2"",""TLSv1.3""]","[""TLS_RSA_WITH_NULL_SHA256"",""TLS_RSA_WITH_RC4_128_SHA"",""TLS_AES_128_GCM_SHA256""]",RSA,2048,sha256WithRSAEncryption,TRUSTED,MATCH,398
sim-critical-0078,f9ec101d162f65893c12,cleartext_service,synthetic_simulation,CRITICAL,False,False,TLSv1.2,[],[],RSA,2048,sha256WithRSAEncryption,TRUSTED,MATCH,398
sim-critical-0079,cee4d01f4163bb07ff54,broken_cipher_enabled,synthetic_simulation,CRITICAL,True,True,TLSv1.2,"[""TLSv1.2"",""TLSv1.3""]","[""TLS_RSA_WITH_RC4_128_SHA"",""TLS_RSA_WITH_NULL_SHA256"",""TLS_AES_128_GCM_SHA256""]",RSA,2048,sha256WithRSAEncryption,TRUSTED,MATCH,398
sim-critical-0080,f9ec101d162f65893c12,cleartext_service,synthetic_simulation,CRITICAL,False,False,TLSv1.2,[],[],RSA,2048,sha256WithRSAEncryption,TRUSTED,MATCH,398
sim-critical-0081,112104167ccb5ac4c8e9,broken_cipher_enabled,synthetic_simulation,CRITICAL,True,True,TLSv1.2,"[""TLSv1.2"",""TLSv1.3""]","[""TLS_RSA_WITH_NULL_SHA256"",""TLS_AES_128_GCM_SHA256"",""TLS_RSA_WITH_RC4_128_SHA""]",RSA,2048,sha256WithRSAEncryption,TRUSTED,MATCH,398
sim-critical-0082,f9ec101d162f65893c12,cleartext_service,synthetic_simulation,CRITICAL,False,False,TLSv1.2,[],[],RSA,2048,sha256WithRSAEncryption,TRUSTED,MATCH,398
sim-critical-0083,112104167ccb5ac4c8e9,broken_cipher_enabled,synthetic_simulation,CRITICAL,True,True,TLSv1.2,"[""TLSv1.2"",""TLSv1.3""]","[""TLS_RSA_WITH_NULL_SHA256"",""TLS_AES_128_GCM_SHA256"",""TLS_RSA_WITH_RC4_128_SHA""]",RSA,2048,sha256WithRSAEncryption,TRUSTED,MATCH,398
sim-critical-0084,f9ec101d162f65893c12,cleartext_service,synthetic_simulation,CRITICAL,False,False,TLSv1.2,[],[],RSA,2048,sha256WithRSAEncryption,TRUSTED,MATCH,398
sim-critical-0085,a218ac26b23da4142cfc,broken_cipher_enabled,synthetic_simulation,CRITICAL,True,True,TLSv1.2,"[""TLSv1.2"",""TLSv1.3""]","[""TLS_ECDHE_RSA_WITH_AES_128_GCM_SHA256"",""TLS_AES_128_GCM_SHA256"",""TLS_RSA_WITH_NULL_SHA256""]",RSA,2048,sha256WithRSAEncryption,TRUSTED,MATCH,398
sim-critical-0086,f9ec101d162f65893c12,cleartext_service,synthetic_simulation,CRITICAL,False,False,TLSv1.2,[],[],RSA,2048,sha256WithRSAEncryption,TRUSTED,MATCH,398
sim-critical-0087,672bf994a39886c5402e,broken_cipher_enabled,synthetic_simulation,CRITICAL,True,True,TLSv1.2,"[""TLSv1.2"",""TLSv1.3""]","[""TLS_RSA_WITH_RC4_128_SHA"",""TLS_AES_128_GCM_SHA256"",""TLS_ECDHE_RSA_WITH_AES_128_GCM_SHA256""]",RSA,2048,sha256WithRSAEncryption,TRUSTED,MATCH,398
sim-critical-0088,f9ec101d162f65893c12,cleartext_service,synthetic_simulation,CRITICAL,False,False,TLSv1.2,[],[],RSA,2048,sha256WithRSAEncryption,TRUSTED,MATCH,398
sim-critical-0089,c4e52470324a0c9e6b10,broken_cipher_enabled,synthetic_simulation,CRITICAL,True,True,TLSv1.2,"[""TLSv1.2"",""TLSv1.3""]","[""TLS_RSA_WITH_RC4_128_SHA"",""TLS_ECDHE_RSA_WITH_AES_128_GCM_SHA256"",""TLS_RSA_WITH_NULL_SHA256""]",RSA,2048,sha256WithRSAEncryption,TRUSTED,MATCH,398
sim-critical-0090,f9ec101d162f65893c12,cleartext_service,synthetic_simulation,CRITICAL,False,False,TLSv1.2,[],[],RSA,2048,sha256WithRSAEncryption,TRUSTED,MATCH,398
sim-critical-0091,2189ced58e6f8accbe5b,broken_cipher_enabled,synthetic_simulation,CRITICAL,True,True,TLSv1.2,"[""TLSv1.2"",""TLSv1.3""]","[""TLS_ECDHE_RSA_WITH_AES_128_GCM_SHA256"",""TLS_RSA_WITH_RC4_128_SHA"",""TLS_RSA_WITH_NULL_SHA256""]",RSA,2048,sha256WithRSAEncryption,TRUSTED,MATCH,398
sim-critical-0092,f9ec101d162f65893c12,cleartext_service,synthetic_simulation,CRITICAL,False,False,TLSv1.2,[],[],RSA,2048,sha256WithRSAEncryption,TRUSTED,MATCH,398
sim-critical-0093,672bf994a39886c5402e,broken_cipher_enabled,synthetic_simulation,CRITICAL,True,True,TLSv1.2,"[""TLSv1.2"",""TLSv1.3""]","[""TLS_RSA_WITH_RC4_128_SHA"",""TLS_AES_128_GCM_SHA256"",""TLS_ECDHE_RSA_WITH_AES_128_GCM_SHA256""]",RSA,2048,sha256WithRSAEncryption,TRUSTED,MATCH,398
sim-critical-0094,f9ec101d162f65893c12,cleartext_service,synthetic_simulation,CRITICAL,False,False,TLSv1.2,[],[],RSA,2048,sha256WithRSAEncryption,TRUSTED,MATCH,398
sim-critical-0095,112104167ccb5ac4c8e9,broken_cipher_enabled,synthetic_simulation,CRITICAL,True,True,TLSv1.2,"[""TLSv1.2"",""TLSv1.3""]","[""TLS_RSA_WITH_NULL_SHA256"",""TLS_AES_128_GCM_SHA256"",""TLS_RSA_WITH_RC4_128_SHA""]",RSA,2048,sha256WithRSAEncryption,TRUSTED,MATCH,398
sim-critical-0096,f9ec101d162f65893c12,cleartext_service,synthetic_simulation,CRITICAL,False,False,TLSv1.2,[],[],RSA,2048,sha256WithRSAEncryption,TRUSTED,MATCH,398
sim-critical-0097,c4e52470324a0c9e6b10,broken_cipher_enabled,synthetic_simulation,CRITICAL,True,True,TLSv1.2,"[""TLSv1.2"",""TLSv1.3""]","[""TLS_RSA_WITH_RC4_128_SHA"",""TLS_ECDHE_RSA_WITH_AES_128_GCM_SHA256"",""TLS_RSA_WITH_NULL_SHA256""]",RSA,2048,sha256WithRSAEncryption,TRUSTED,MATCH,398
sim-critical-0098,f9ec101d162f65893c12,cleartext_service,synthetic_simulation,CRITICAL,False,False,TLSv1.2,[],[],RSA,2048,sha256WithRSAEncryption,TRUSTED,MATCH,398
sim-critical-0099,1e48b0643436a1d49f9e,broken_cipher_enabled,synthetic_simulation,CRITICAL,True,True,TLSv1.2,"[""TLSv1.2"",""TLSv1.3""]","[""TLS_RSA_WITH_RC4_128_SHA"",""TLS_ECDHE_RSA_WITH_AES_128_GCM_SHA256"",""TLS_AES_128_GCM_SHA256""]",RSA,2048,sha256WithRSAEncryption,TRUSTED,MATCH,398
sim-critical-0100,f9ec101d162f65893c12,cleartext_service,synthetic_simulation,CRITICAL,False,False,TLSv1.2,[],[],RSA,2048,sha256WithRSAEncryption,TRUSTED,MATCH,398
sim-critical-0101,0acea2d98f6e8c8dd688,broken_cipher_enabled,synthetic_simulation,CRITICAL,True,True,TLSv1.2,"[""TLSv1.2"",""TLSv1.3""]","[""TLS_ECDHE_RSA_WITH_AES_128_GCM_SHA256"",""TLS_RSA_WITH_RC4_128_SHA"",""TLS_AES_128_GCM_SHA256""]",RSA,2048,sha256WithRSAEncryption,TRUSTED,MATCH,398
sim-critical-0102,f9ec101d162f65893c12,cleartext_service,synthetic_simulation,CRITICAL,False,False,TLSv1.2,[],[],RSA,2048,sha256WithRSAEncryption,TRUSTED,MATCH,398
sim-critical-0103,1e48b0643436a1d49f9e,broken_cipher_enabled,synthetic_simulation,CRITICAL,True,True,TLSv1.2,"[""TLSv1.2"",""TLSv1.3""]","[""TLS_RSA_WITH_RC4_128_SHA"",""TLS_ECDHE_RSA_WITH_AES_128_GCM_SHA256"",""TLS_AES_128_GCM_SHA256""]",RSA,2048,sha256WithRSAEncryption,TRUSTED,MATCH,398
sim-critical-0104,f9ec101d162f65893c12,cleartext_service,synthetic_simulation,CRITICAL,False,False,TLSv1.2,[],[],RSA,2048,sha256WithRSAEncryption,TRUSTED,MATCH,398
sim-critical-0105,cee4d01f4163bb07ff54,broken_cipher_enabled,synthetic_simulation,CRITICAL,True,True,TLSv1.2,"[""TLSv1.2"",""TLSv1.3""]","[""TLS_RSA_WITH_RC4_128_SHA"",""TLS_RSA_WITH_NULL_SHA256"",""TLS_AES_128_GCM_SHA256""]",RSA,2048,sha256WithRSAEncryption,TRUSTED,MATCH,398
sim-critical-0106,f9ec101d162f65893c12,cleartext_service,synthetic_simulation,CRITICAL,False,False,TLSv1.2,[],[],RSA,2048,sha256WithRSAEncryption,TRUSTED,MATCH,398
sim-critical-0107,20c5239864d40e5244d4,broken_cipher_enabled,synthetic_simulation,CRITICAL,True,True,TLSv1.2,"[""TLSv1.2"",""TLSv1.3""]","[""TLS_AES_128_GCM_SHA256"",""TLS_ECDHE_RSA_WITH_AES_128_GCM_SHA256"",""TLS_RSA_WITH_RC4_128_SHA""]",RSA,2048,sha256WithRSAEncryption,TRUSTED,MATCH,398
sim-critical-0108,f9ec101d162f65893c12,cleartext_service,synthetic_simulation,CRITICAL,False,False,TLSv1.2,[],[],RSA,2048,sha256WithRSAEncryption,TRUSTED,MATCH,398
sim-critical-0109,b78bfbc8096c313d3fe5,broken_cipher_enabled,synthetic_simulation,CRITICAL,True,True,TLSv1.2,"[""TLSv1.2"",""TLSv1.3""]","[""TLS_RSA_WITH_NULL_SHA256"",""TLS_RSA_WITH_RC4_128_SHA"",""TLS_ECDHE_RSA_WITH_AES_128_GCM_SHA256""]",RSA,2048,sha256WithRSAEncryption,TRUSTED,MATCH,398
sim-critical-0110,f9ec101d162f65893c12,cleartext_service,synthetic_simulation,CRITICAL,False,False,TLSv1.2,[],[],RSA,2048,sha256WithRSAEncryption,TRUSTED,MATCH,398
sim-critical-0111,c4e52470324a0c9e6b10,broken_cipher_enabled,synthetic_simulation,CRITICAL,True,True,TLSv1.2,"[""TLSv1.2"",""TLSv1.3""]","[""TLS_RSA_WITH_RC4_128_SHA"",""TLS_ECDHE_RSA_WITH_AES_128_GCM_SHA256"",""TLS_RSA_WITH_NULL_SHA256""]",RSA,2048,sha256WithRSAEncryption,TRUSTED,MATCH,398
sim-critical-0112,f9ec101d162f65893c12,cleartext_service,synthetic_simulation,CRITICAL,False,False,TLSv1.2,[],[],RSA,2048,sha256WithRSAEncryption,TRUSTED,MATCH,398
sim-critical-0113,684178af4f459fc18566,broken_cipher_enabled,synthetic_simulation,CRITICAL,True,True,TLSv1.2,"[""TLSv1.2"",""TLSv1.3""]","[""TLS_ECDHE_RSA_WITH_AES_128_GCM_SHA256"",""TLS_RSA_WITH_NULL_SHA256"",""TLS_AES_128_GCM_SHA256""]",RSA,2048,sha256WithRSAEncryption,TRUSTED,MATCH,398
sim-critical-0114,f9ec101d162f65893c12,cleartext_service,synthetic_simulation,CRITICAL,False,False,TLSv1.2,[],[],RSA,2048,sha256WithRSAEncryption,TRUSTED,MATCH,398
sim-critical-0115,ec31280473f1415a9857,broken_cipher_enabled,synthetic_simulation,CRITICAL,True,True,TLSv1.2,"[""TLSv1.2"",""TLSv1.3""]","[""TLS_ECDHE_RSA_WITH_AES_128_GCM_SHA256"",""TLS_RSA_WITH_NULL_SHA256"",""TLS_RSA_WITH_RC4_128_SHA""]",RSA,2048,sha256WithRSAEncryption,TRUSTED,MATCH,398
sim-critical-0116,f9ec101d162f65893c12,cleartext_service,synthetic_simulation,CRITICAL,False,False,TLSv1.2,[],[],RSA,2048,sha256WithRSAEncryption,TRUSTED,MATCH,398
sim-critical-0117,26105ebc4ff55d2c5e39,broken_cipher_enabled,synthetic_simulation,CRITICAL,True,True,TLSv1.2,"[""TLSv1.2"",""TLSv1.3""]","[""TLS_AES_128_GCM_SHA256"",""TLS_RSA_WITH_RC4_128_SHA"",""TLS_RSA_WITH_NULL_SHA256""]",RSA,2048,sha256WithRSAEncryption,TRUSTED,MATCH,398
sim-critical-0118,f9ec101d162f65893c12,cleartext_service,synthetic_simulation,CRITICAL,False,False,TLSv1.2,[],[],RSA,2048,sha256WithRSAEncryption,TRUSTED,MATCH,398
sim-critical-0119,b8b9b1b122175c2cfb3f,broken_cipher_enabled,synthetic_simulation,CRITICAL,True,True,TLSv1.2,"[""TLSv1.2"",""TLSv1.3""]","[""TLS_AES_128_GCM_SHA256"",""TLS_ECDHE_RSA_WITH_AES_128_GCM_SHA256"",""TLS_RSA_WITH_NULL_SHA256""]",RSA,2048,sha256WithRSAEncryption,TRUSTED,MATCH,398
sim-critical-0120,f9ec101d162f65893c12,cleartext_service,synthetic_simulation,CRITICAL,False,False,TLSv1.2,[],[],RSA,2048,sha256WithRSAEncryption,TRUSTED,MATCH,398
sim-critical-0121,b78bfbc8096c313d3fe5,broken_cipher_enabled,synthetic_simulation,CRITICAL,True,True,TLSv1.2,"[""TLSv1.2"",""TLSv1.3""]","[""TLS_RSA_WITH_NULL_SHA256"",""TLS_RSA_WITH_RC4_128_SHA"",""TLS_ECDHE_RSA_WITH_AES_128_GCM_SHA256""]",RSA,2048,sha256WithRSAEncryption,TRUSTED,MATCH,398
sim-critical-0122,f9ec101d162f65893c12,cleartext_service,synthetic_simulation,CRITICAL,False,False,TLSv1.2,[],[],RSA,2048,sha256WithRSAEncryption,TRUSTED,MATCH,398
sim-critical-0123,1e48b0643436a1d49f9e,broken_cipher_enabled,synthetic_simulation,CRITICAL,True,True,TLSv1.2,"[""TLSv1.2"",""TLSv1.3""]","[""TLS_RSA_WITH_RC4_128_SHA"",""TLS_ECDHE_RSA_WITH_AES_128_GCM_SHA256"",""TLS_AES_128_GCM_SHA256""]",RSA,2048,sha256WithRSAEncryption,TRUSTED,MATCH,398
sim-critical-0124,f9ec101d162f65893c12,cleartext_service,synthetic_simulation,CRITICAL,False,False,TLSv1.2,[],[],RSA,2048,sha256WithRSAEncryption,TRUSTED,MATCH,398
sim-critical-0125,d16ff3af7d4b85e4c887,broken_cipher_enabled,synthetic_simulation,CRITICAL,True,True,TLSv1.2,"[""TLSv1.2"",""TLSv1.3""]","[""TLS_ECDHE_RSA_WITH_AES_128_GCM_SHA256"",""TLS_AES_128_GCM_SHA256"",""TLS_RSA_WITH_RC4_128_SHA""]",RSA,2048,sha256WithRSAEncryption,TRUSTED,MATCH,398
sim-critical-0126,f9ec101d162f65893c12,cleartext_service,synthetic_simulation,CRITICAL,False,False,TLSv1.2,[],[],RSA,2048,sha256WithRSAEncryption,TRUSTED,MATCH,398
sim-critical-0127,3984945e149ecef355ef,broken_cipher_enabled,synthetic_simulation,CRITICAL,True,True,TLSv1.2,"[""TLSv1.2"",""TLSv1.3""]","[""TLS_RSA_WITH_NULL_SHA256"",""TLS_RSA_WITH_RC4_128_SHA"",""TLS_AES_128_GCM_SHA256""]",RSA,2048,sha256WithRSAEncryption,TRUSTED,MATCH,398
sim-critical-0128,f9ec101d162f65893c12,cleartext_service,synthetic_simulation,CRITICAL,False,False,TLSv1.2,[],[],RSA,2048,sha256WithRSAEncryption,TRUSTED,MATCH,398
sim-critical-0129,20c5239864d40e5244d4,broken_cipher_enabled,synthetic_simulation,CRITICAL,True,True,TLSv1.2,"[""TLSv1.2"",""TLSv1.3""]","[""TLS_AES_128_GCM_SHA256"",""TLS_ECDHE_RSA_WITH_AES_128_GCM_SHA256"",""TLS_RSA_WITH_RC4_128_SHA""]",RSA,2048,sha256WithRSAEncryption,TRUSTED,MATCH,398
sim-critical-0130,f9ec101d162f65893c12,cleartext_service,synthetic_simulation,CRITICAL,False,False,TLSv1.2,[],[],RSA,2048,sha256WithRSAEncryption,TRUSTED,MATCH,398
sim-critical-0131,7ef107bf2c742aca8df1,broken_cipher_enabled,synthetic_simulation,CRITICAL,True,True,TLSv1.2,"[""TLSv1.2"",""TLSv1.3""]","[""TLS_AES_128_GCM_SHA256"",""TLS_RSA_WITH_NULL_SHA256"",""TLS_ECDHE_RSA_WITH_AES_128_GCM_SHA256""]",RSA,2048,sha256WithRSAEncryption,TRUSTED,MATCH,398
sim-critical-0132,f9ec101d162f65893c12,cleartext_service,synthetic_simulation,CRITICAL,False,False,TLSv1.2,[],[],RSA,2048,sha256WithRSAEncryption,TRUSTED,MATCH,398
sim-critical-0133,d49bcd42b6e670a8c41d,broken_cipher_enabled,synthetic_simulation,CRITICAL,True,True,TLSv1.2,"[""TLSv1.2"",""TLSv1.3""]","[""TLS_RSA_WITH_RC4_128_SHA"",""TLS_RSA_WITH_NULL_SHA256"",""TLS_ECDHE_RSA_WITH_AES_128_GCM_SHA256""]",RSA,2048,sha256WithRSAEncryption,TRUSTED,MATCH,398
sim-critical-0134,f9ec101d162f65893c12,cleartext_service,synthetic_simulation,CRITICAL,False,False,TLSv1.2,[],[],RSA,2048,sha256WithRSAEncryption,TRUSTED,MATCH,398
sim-critical-0135,20c5239864d40e5244d4,broken_cipher_enabled,synthetic_simulation,CRITICAL,True,True,TLSv1.2,"[""TLSv1.2"",""TLSv1.3""]","[""TLS_AES_128_GCM_SHA256"",""TLS_ECDHE_RSA_WITH_AES_128_GCM_SHA256"",""TLS_RSA_WITH_RC4_128_SHA""]",RSA,2048,sha256WithRSAEncryption,TRUSTED,MATCH,398
sim-critical-0136,f9ec101d162f65893c12,cleartext_service,synthetic_simulation,CRITICAL,False,False,TLSv1.2,[],[],RSA,2048,sha256WithRSAEncryption,TRUSTED,MATCH,398
sim-critical-0137,0acea2d98f6e8c8dd688,broken_cipher_enabled,synthetic_simulation,CRITICAL,True,True,TLSv1.2,"[""TLSv1.2"",""TLSv1.3""]","[""TLS_ECDHE_RSA_WITH_AES_128_GCM_SHA256"",""TLS_RSA_WITH_RC4_128_SHA"",""TLS_AES_128_GCM_SHA256""]",RSA,2048,sha256WithRSAEncryption,TRUSTED,MATCH,398
sim-critical-0138,f9ec101d162f65893c12,cleartext_service,synthetic_simulation,CRITICAL,False,False,TLSv1.2,[],[],RSA,2048,sha256WithRSAEncryption,TRUSTED,MATCH,398
sim-critical-0139,b863eb93cb00f90a8b62,broken_cipher_enabled,synthetic_simulation,CRITICAL,True,True,TLSv1.2,"[""TLSv1.2"",""TLSv1.3""]","[""TLS_RSA_WITH_NULL_SHA256"",""TLS_ECDHE_RSA_WITH_AES_128_GCM_SHA256"",""TLS_AES_128_GCM_SHA256""]",RSA,2048,sha256WithRSAEncryption,TRUSTED,MATCH,398
sim-critical-0140,f9ec101d162f65893c12,cleartext_service,synthetic_simulation,CRITICAL,False,False,TLSv1.2,[],[],RSA,2048,sha256WithRSAEncryption,TRUSTED,MATCH,398
sim-critical-0141,c4e52470324a0c9e6b10,broken_cipher_enabled,synthetic_simulation,CRITICAL,True,True,TLSv1.2,"[""TLSv1.2"",""TLSv1.3""]","[""TLS_RSA_WITH_RC4_128_SHA"",""TLS_ECDHE_RSA_WITH_AES_128_GCM_SHA256"",""TLS_RSA_WITH_NULL_SHA256""]",RSA,2048,sha256WithRSAEncryption,TRUSTED,MATCH,398
sim-critical-0142,f9ec101d162f65893c12,cleartext_service,synthetic_simulation,CRITICAL,False,False,TLSv1.2,[],[],RSA,2048,sha256WithRSAEncryption,TRUSTED,MATCH,398
sim-critical-0143,684178af4f459fc18566,broken_cipher_enabled,synthetic_simulation,CRITICAL,True,True,TLSv1.2,"[""TLSv1.2"",""TLSv1.3""]","[""TLS_ECDHE_RSA_WITH_AES_128_GCM_SHA256"",""TLS_RSA_WITH_NULL_SHA256"",""TLS_AES_128_GCM_SHA256""]",RSA,2048,sha256WithRSAEncryption,TRUSTED,MATCH,398
sim-critical-0144,f9ec101d162f65893c12,cleartext_service,synthetic_simulation,CRITICAL,False,False,TLSv1.2,[],[],RSA,2048,sha256WithRSAEncryption,TRUSTED,MATCH,398
sim-critical-0145,7ef107bf2c742aca8df1,broken_cipher_enabled,synthetic_simulation,CRITICAL,True,True,TLSv1.2,"[""TLSv1.2"",""TLSv1.3""]","[""TLS_AES_128_GCM_SHA256"",""TLS_RSA_WITH_NULL_SHA256"",""TLS_ECDHE_RSA_WITH_AES_128_GCM_SHA256""]",RSA,2048,sha256WithRSAEncryption,TRUSTED,MATCH,398
sim-critical-0146,f9ec101d162f65893c12,cleartext_service,synthetic_simulation,CRITICAL,False,False,TLSv1.2,[],[],RSA,2048,sha256WithRSAEncryption,TRUSTED,MATCH,398
sim-critical-0147,ceb9e52fb815ca56808e,broken_cipher_enabled,synthetic_simulation,CRITICAL,True,True,TLSv1.2,"[""TLSv1.2"",""TLSv1.3""]","[""TLS_RSA_WITH_NULL_SHA256"",""TLS_ECDHE_RSA_WITH_AES_128_GCM_SHA256"",""TLS_RSA_WITH_RC4_128_SHA""]",RSA,2048,sha256WithRSAEncryption,TRUSTED,MATCH,398
sim-critical-0148,f9ec101d162f65893c12,cleartext_service,synthetic_simulation,CRITICAL,False,False,TLSv1.2,[],[],RSA,2048,sha256WithRSAEncryption,TRUSTED,MATCH,398
sim-critical-0149,672bf994a39886c5402e,broken_cipher_enabled,synthetic_simulation,CRITICAL,True,True,TLSv1.2,"[""TLSv1.2"",""TLSv1.3""]","[""TLS_RSA_WITH_RC4_128_SHA"",""TLS_AES_128_GCM_SHA256"",""TLS_ECDHE_RSA_WITH_AES_128_GCM_SHA256""]",RSA,2048,sha256WithRSAEncryption,TRUSTED,MATCH,398
sim-critical-0150,f9ec101d162f65893c12,cleartext_service,synthetic_simulation,CRITICAL,False,False,TLSv1.2,[],[],RSA,2048,sha256WithRSAEncryption,TRUSTED,MATCH,398
sim-critical-0151,c4e52470324a0c9e6b10,broken_cipher_enabled,synthetic_simulation,CRITICAL,True,True,TLSv1.2,"[""TLSv1.2"",""TLSv1.3""]","[""TLS_RSA_WITH_RC4_128_SHA"",""TLS_ECDHE_RSA_WITH_AES_128_GCM_SHA256"",""TLS_RSA_WITH_NULL_SHA256""]",RSA,2048,sha256WithRSAEncryption,TRUSTED,MATCH,398
sim-critical-0152,f9ec101d162f65893c12,cleartext_service,synthetic_simulation,CRITICAL,False,False,TLSv1.2,[],[],RSA,2048,sha256WithRSAEncryption,TRUSTED,MATCH,398
sim-critical-0153,ceb9e52fb815ca56808e,broken_cipher_enabled,synthetic_simulation,CRITICAL,True,True,TLSv1.2,"[""TLSv1.2"",""TLSv1.3""]","[""TLS_RSA_WITH_NULL_SHA256"",""TLS_ECDHE_RSA_WITH_AES_128_GCM_SHA256"",""TLS_RSA_WITH_RC4_128_SHA""]",RSA,2048,sha256WithRSAEncryption,TRUSTED,MATCH,398
sim-critical-0154,f9ec101d162f65893c12,cleartext_service,synthetic_simulation,CRITICAL,False,False,TLSv1.2,[],[],RSA,2048,sha256WithRSAEncryption,TRUSTED,MATCH,398
sim-critical-0155,b78bfbc8096c313d3fe5,broken_cipher_enabled,synthetic_simulation,CRITICAL,True,True,TLSv1.2,"[""TLSv1.2"",""TLSv1.3""]","[""TLS_RSA_WITH_NULL_SHA256"",""TLS_RSA_WITH_RC4_128_SHA"",""TLS_ECDHE_RSA_WITH_AES_128_GCM_SHA256""]",RSA,2048,sha256WithRSAEncryption,TRUSTED,MATCH,398
sim-critical-0156,f9ec101d162f65893c12,cleartext_service,synthetic_simulation,CRITICAL,False,False,TLSv1.2,[],[],RSA,2048,sha256WithRSAEncryption,TRUSTED,MATCH,398
sim-critical-0157,2189ced58e6f8accbe5b,broken_cipher_enabled,synthetic_simulation,CRITICAL,True,True,TLSv1.2,"[""TLSv1.2"",""TLSv1.3""]","[""TLS_ECDHE_RSA_WITH_AES_128_GCM_SHA256"",""TLS_RSA_WITH_RC4_128_SHA"",""TLS_RSA_WITH_NULL_SHA256""]",RSA,2048,sha256WithRSAEncryption,TRUSTED,MATCH,398
sim-critical-0158,f9ec101d162f65893c12,cleartext_service,synthetic_simulation,CRITICAL,False,False,TLSv1.2,[],[],RSA,2048,sha256WithRSAEncryption,TRUSTED,MATCH,398
sim-critical-0159,d49bcd42b6e670a8c41d,broken_cipher_enabled,synthetic_simulation,CRITICAL,True,True,TLSv1.2,"[""TLSv1.2"",""TLSv1.3""]","[""TLS_RSA_WITH_RC4_128_SHA"",""TLS_RSA_WITH_NULL_SHA256"",""TLS_ECDHE_RSA_WITH_AES_128_GCM_SHA256""]",RSA,2048,sha256WithRSAEncryption,TRUSTED,MATCH,398
sim-critical-0160,f9ec101d162f65893c12,cleartext_service,synthetic_simulation,CRITICAL,False,False,TLSv1.2,[],[],RSA,2048,sha256WithRSAEncryption,TRUSTED,MATCH,398
sim-critical-0161,fe83af94f1fd61177d60,broken_cipher_enabled,synthetic_simulation,CRITICAL,True,True,TLSv1.2,"[""TLSv1.2"",""TLSv1.3""]","[""TLS_RSA_WITH_RC4_128_SHA"",""TLS_AES_128_GCM_SHA256"",""TLS_RSA_WITH_NULL_SHA256""]",RSA,2048,sha256WithRSAEncryption,TRUSTED,MATCH,398
sim-critical-0162,f9ec101d162f65893c12,cleartext_service,synthetic_simulation,CRITICAL,False,False,TLSv1.2,[],[],RSA,2048,sha256WithRSAEncryption,TRUSTED,MATCH,398
sim-critical-0163,2189ced58e6f8accbe5b,broken_cipher_enabled,synthetic_simulation,CRITICAL,True,True,TLSv1.2,"[""TLSv1.2"",""TLSv1.3""]","[""TLS_ECDHE_RSA_WITH_AES_128_GCM_SHA256"",""TLS_RSA_WITH_RC4_128_SHA"",""TLS_RSA_WITH_NULL_SHA256""]",RSA,2048,sha256WithRSAEncryption,TRUSTED,MATCH,398
sim-critical-0164,f9ec101d162f65893c12,cleartext_service,synthetic_simulation,CRITICAL,False,False,TLSv1.2,[],[],RSA,2048,sha256WithRSAEncryption,TRUSTED,MATCH,398
sim-critical-0165,cee4d01f4163bb07ff54,broken_cipher_enabled,synthetic_simulation,CRITICAL,True,True,TLSv1.2,"[""TLSv1.2"",""TLSv1.3""]","[""TLS_RSA_WITH_RC4_128_SHA"",""TLS_RSA_WITH_NULL_SHA256"",""TLS_AES_128_GCM_SHA256""]",RSA,2048,sha256WithRSAEncryption,TRUSTED,MATCH,398
sim-critical-0166,f9ec101d162f65893c12,cleartext_service,synthetic_simulation,CRITICAL,False,False,TLSv1.2,[],[],RSA,2048,sha256WithRSAEncryption,TRUSTED,MATCH,398
sim-critical-0167,cee4d01f4163bb07ff54,broken_cipher_enabled,synthetic_simulation,CRITICAL,True,True,TLSv1.2,"[""TLSv1.2"",""TLSv1.3""]","[""TLS_RSA_WITH_RC4_128_SHA"",""TLS_RSA_WITH_NULL_SHA256"",""TLS_AES_128_GCM_SHA256""]",RSA,2048,sha256WithRSAEncryption,TRUSTED,MATCH,398
sim-critical-0168,f9ec101d162f65893c12,cleartext_service,synthetic_simulation,CRITICAL,False,False,TLSv1.2,[],[],RSA,2048,sha256WithRSAEncryption,TRUSTED,MATCH,398
sim-critical-0169,26105ebc4ff55d2c5e39,broken_cipher_enabled,synthetic_simulation,CRITICAL,True,True,TLSv1.2,"[""TLSv1.2"",""TLSv1.3""]","[""TLS_AES_128_GCM_SHA256"",""TLS_RSA_WITH_RC4_128_SHA"",""TLS_RSA_WITH_NULL_SHA256""]",RSA,2048,sha256WithRSAEncryption,TRUSTED,MATCH,398
sim-critical-0170,f9ec101d162f65893c12,cleartext_service,synthetic_simulation,CRITICAL,False,False,TLSv1.2,[],[],RSA,2048,sha256WithRSAEncryption,TRUSTED,MATCH,398
sim-critical-0171,b863eb93cb00f90a8b62,broken_cipher_enabled,synthetic_simulation,CRITICAL,True,True,TLSv1.2,"[""TLSv1.2"",""TLSv1.3""]","[""TLS_RSA_WITH_NULL_SHA256"",""TLS_ECDHE_RSA_WITH_AES_128_GCM_SHA256"",""TLS_AES_128_GCM_SHA256""]",RSA,2048,sha256WithRSAEncryption,TRUSTED,MATCH,398
sim-critical-0172,f9ec101d162f65893c12,cleartext_service,synthetic_simulation,CRITICAL,False,False,TLSv1.2,[],[],RSA,2048,sha256WithRSAEncryption,TRUSTED,MATCH,398
sim-critical-0173,26105ebc4ff55d2c5e39,broken_cipher_enabled,synthetic_simulation,CRITICAL,True,True,TLSv1.2,"[""TLSv1.2"",""TLSv1.3""]","[""TLS_AES_128_GCM_SHA256"",""TLS_RSA_WITH_RC4_128_SHA"",""TLS_RSA_WITH_NULL_SHA256""]",RSA,2048,sha256WithRSAEncryption,TRUSTED,MATCH,398
sim-critical-0174,f9ec101d162f65893c12,cleartext_service,synthetic_simulation,CRITICAL,False,False,TLSv1.2,[],[],RSA,2048,sha256WithRSAEncryption,TRUSTED,MATCH,398
sim-critical-0175,84cfd1e5325734e4b822,broken_cipher_enabled,synthetic_simulation,CRITICAL,True,True,TLSv1.2,"[""TLSv1.2"",""TLSv1.3""]","[""TLS_AES_128_GCM_SHA256"",""TLS_RSA_WITH_NULL_SHA256"",""TLS_RSA_WITH_RC4_128_SHA""]",RSA,2048,sha256WithRSAEncryption,TRUSTED,MATCH,398
sim-critical-0176,f9ec101d162f65893c12,cleartext_service,synthetic_simulation,CRITICAL,False,False,TLSv1.2,[],[],RSA,2048,sha256WithRSAEncryption,TRUSTED,MATCH,398
sim-critical-0177,84cfd1e5325734e4b822,broken_cipher_enabled,synthetic_simulation,CRITICAL,True,True,TLSv1.2,"[""TLSv1.2"",""TLSv1.3""]","[""TLS_AES_128_GCM_SHA256"",""TLS_RSA_WITH_NULL_SHA256"",""TLS_RSA_WITH_RC4_128_SHA""]",RSA,2048,sha256WithRSAEncryption,TRUSTED,MATCH,398
sim-critical-0178,f9ec101d162f65893c12,cleartext_service,synthetic_simulation,CRITICAL,False,False,TLSv1.2,[],[],RSA,2048,sha256WithRSAEncryption,TRUSTED,MATCH,398
sim-critical-0179,1e48b0643436a1d49f9e,broken_cipher_enabled,synthetic_simulation,CRITICAL,True,True,TLSv1.2,"[""TLSv1.2"",""TLSv1.3""]","[""TLS_RSA_WITH_RC4_128_SHA"",""TLS_ECDHE_RSA_WITH_AES_128_GCM_SHA256"",""TLS_AES_128_GCM_SHA256""]",RSA,2048,sha256WithRSAEncryption,TRUSTED,MATCH,398
sim-critical-0180,f9ec101d162f65893c12,cleartext_service,synthetic_simulation,CRITICAL,False,False,TLSv1.2,[],[],RSA,2048,sha256WithRSAEncryption,TRUSTED,MATCH,398
sim-critical-0181,112104167ccb5ac4c8e9,broken_cipher_enabled,synthetic_simulation,CRITICAL,True,True,TLSv1.2,"[""TLSv1.2"",""TLSv1.3""]","[""TLS_RSA_WITH_NULL_SHA256"",""TLS_AES_128_GCM_SHA256"",""TLS_RSA_WITH_RC4_128_SHA""]",RSA,2048,sha256WithRSAEncryption,TRUSTED,MATCH,398
sim-critical-0182,f9ec101d162f65893c12,cleartext_service,synthetic_simulation,CRITICAL,False,False,TLSv1.2,[],[],RSA,2048,sha256WithRSAEncryption,TRUSTED,MATCH,398
sim-critical-0183,d49bcd42b6e670a8c41d,broken_cipher_enabled,synthetic_simulation,CRITICAL,True,True,TLSv1.2,"[""TLSv1.2"",""TLSv1.3""]","[""TLS_RSA_WITH_RC4_128_SHA"",""TLS_RSA_WITH_NULL_SHA256"",""TLS_ECDHE_RSA_WITH_AES_128_GCM_SHA256""]",RSA,2048,sha256WithRSAEncryption,TRUSTED,MATCH,398
sim-critical-0184,f9ec101d162f65893c12,cleartext_service,synthetic_simulation,CRITICAL,False,False,TLSv1.2,[],[],RSA,2048,sha256WithRSAEncryption,TRUSTED,MATCH,398
sim-critical-0185,ec31280473f1415a9857,broken_cipher_enabled,synthetic_simulation,CRITICAL,True,True,TLSv1.2,"[""TLSv1.2"",""TLSv1.3""]","[""TLS_ECDHE_RSA_WITH_AES_128_GCM_SHA256"",""TLS_RSA_WITH_NULL_SHA256"",""TLS_RSA_WITH_RC4_128_SHA""]",RSA,2048,sha256WithRSAEncryption,TRUSTED,MATCH,398
sim-critical-0186,f9ec101d162f65893c12,cleartext_service,synthetic_simulation,CRITICAL,False,False,TLSv1.2,[],[],RSA,2048,sha256WithRSAEncryption,TRUSTED,MATCH,398
sim-critical-0187,684178af4f459fc18566,broken_cipher_enabled,synthetic_simulation,CRITICAL,True,True,TLSv1.2,"[""TLSv1.2"",""TLSv1.3""]","[""TLS_ECDHE_RSA_WITH_AES_128_GCM_SHA256"",""TLS_RSA_WITH_NULL_SHA256"",""TLS_AES_128_GCM_SHA256""]",RSA,2048,sha256WithRSAEncryption,TRUSTED,MATCH,398
sim-critical-0188,f9ec101d162f65893c12,cleartext_service,synthetic_simulation,CRITICAL,False,False,TLSv1.2,[],[],RSA,2048,sha256WithRSAEncryption,TRUSTED,MATCH,398
sim-critical-0189,ec31280473f1415a9857,broken_cipher_enabled,synthetic_simulation,CRITICAL,True,True,TLSv1.2,"[""TLSv1.2"",""TLSv1.3""]","[""TLS_ECDHE_RSA_WITH_AES_128_GCM_SHA256"",""TLS_RSA_WITH_NULL_SHA256"",""TLS_RSA_WITH_RC4_128_SHA""]",RSA,2048,sha256WithRSAEncryption,TRUSTED,MATCH,398
sim-critical-0190,f9ec101d162f65893c12,cleartext_service,synthetic_simulation,CRITICAL,False,False,TLSv1.2,[],[],RSA,2048,sha256WithRSAEncryption,TRUSTED,MATCH,398
sim-critical-0191,a218ac26b23da4142cfc,broken_cipher_enabled,synthetic_simulation,CRITICAL,True,True,TLSv1.2,"[""TLSv1.2"",""TLSv1.3""]","[""TLS_ECDHE_RSA_WITH_AES_128_GCM_SHA256"",""TLS_AES_128_GCM_SHA256"",""TLS_RSA_WITH_NULL_SHA256""]",RSA,2048,sha256WithRSAEncryption,TRUSTED,MATCH,398
sim-critical-0192,f9ec101d162f65893c12,cleartext_service,synthetic_simulation,CRITICAL,False,False,TLSv1.2,[],[],RSA,2048,sha256WithRSAEncryption,TRUSTED,MATCH,398
sim-critical-0193,fe83af94f1fd61177d60,broken_cipher_enabled,synthetic_simulation,CRITICAL,True,True,TLSv1.2,"[""TLSv1.2"",""TLSv1.3""]","[""TLS_RSA_WITH_RC4_128_SHA"",""TLS_AES_128_GCM_SHA256"",""TLS_RSA_WITH_NULL_SHA256""]",RSA,2048,sha256WithRSAEncryption,TRUSTED,MATCH,398
sim-critical-0194,f9ec101d162f65893c12,cleartext_service,synthetic_simulation,CRITICAL,False,False,TLSv1.2,[],[],RSA,2048,sha256WithRSAEncryption,TRUSTED,MATCH,398
sim-critical-0195,112104167ccb5ac4c8e9,broken_cipher_enabled,synthetic_simulation,CRITICAL,True,True,TLSv1.2,"[""TLSv1.2"",""TLSv1.3""]","[""TLS_RSA_WITH_NULL_SHA256"",""TLS_AES_128_GCM_SHA256"",""TLS_RSA_WITH_RC4_128_SHA""]",RSA,2048,sha256WithRSAEncryption,TRUSTED,MATCH,398
sim-critical-0196,f9ec101d162f65893c12,cleartext_service,synthetic_simulation,CRITICAL,False,False,TLSv1.2,[],[],RSA,2048,sha256WithRSAEncryption,TRUSTED,MATCH,398
sim-critical-0197,44621309fa044faf1747,broken_cipher_enabled,synthetic_simulation,CRITICAL,True,True,TLSv1.2,"[""TLSv1.2"",""TLSv1.3""]","[""TLS_RSA_WITH_NULL_SHA256"",""TLS_AES_128_GCM_SHA256"",""TLS_ECDHE_RSA_WITH_AES_128_GCM_SHA256""]",RSA,2048,sha256WithRSAEncryption,TRUSTED,MATCH,398
sim-critical-0198,f9ec101d162f65893c12,cleartext_service,synthetic_simulation,CRITICAL,False,False,TLSv1.2,[],[],RSA,2048,sha256WithRSAEncryption,TRUSTED,MATCH,398
sim-critical-0199,2189ced58e6f8accbe5b,broken_cipher_enabled,synthetic_simulation,CRITICAL,True,True,TLSv1.2,"[""TLSv1.2"",""TLSv1.3""]","[""TLS_ECDHE_RSA_WITH_AES_128_GCM_SHA256"",""TLS_RSA_WITH_RC4_128_SHA"",""TLS_RSA_WITH_NULL_SHA256""]",RSA,2048,sha256WithRSAEncryption,TRUSTED,MATCH,398
sim-critical-0200,f9ec101d162f65893c12,cleartext_service,synthetic_simulation,CRITICAL,False,False,TLSv1.2,[],[],RSA,2048,sha256WithRSAEncryption,TRUSTED,MATCH,398
sim-critical-0201,112104167ccb5ac4c8e9,broken_cipher_enabled,synthetic_simulation,CRITICAL,True,True,TLSv1.2,"[""TLSv1.2"",""TLSv1.3""]","[""TLS_RSA_WITH_NULL_SHA256"",""TLS_AES_128_GCM_SHA256"",""TLS_RSA_WITH_RC4_128_SHA""]",RSA,2048,sha256WithRSAEncryption,TRUSTED,MATCH,398
sim-critical-0202,f9ec101d162f65893c12,cleartext_service,synthetic_simulation,CRITICAL,False,False,TLSv1.2,[],[],RSA,2048,sha256WithRSAEncryption,TRUSTED,MATCH,398
sim-critical-0203,b863eb93cb00f90a8b62,broken_cipher_enabled,synthetic_simulation,CRITICAL,True,True,TLSv1.2,"[""TLSv1.2"",""TLSv1.3""]","[""TLS_RSA_WITH_NULL_SHA256"",""TLS_ECDHE_RSA_WITH_AES_128_GCM_SHA256"",""TLS_AES_128_GCM_SHA256""]",RSA,2048,sha256WithRSAEncryption,TRUSTED,MATCH,398
sim-critical-0204,f9ec101d162f65893c12,cleartext_service,synthetic_simulation,CRITICAL,False,False,TLSv1.2,[],[],RSA,2048,sha256WithRSAEncryption,TRUSTED,MATCH,398
sim-critical-0205,672bf994a39886c5402e,broken_cipher_enabled,synthetic_simulation,CRITICAL,True,True,TLSv1.2,"[""TLSv1.2"",""TLSv1.3""]","[""TLS_RSA_WITH_RC4_128_SHA"",""TLS_AES_128_GCM_SHA256"",""TLS_ECDHE_RSA_WITH_AES_128_GCM_SHA256""]",RSA,2048,sha256WithRSAEncryption,TRUSTED,MATCH,398
sim-critical-0206,f9ec101d162f65893c12,cleartext_service,synthetic_simulation,CRITICAL,False,False,TLSv1.2,[],[],RSA,2048,sha256WithRSAEncryption,TRUSTED,MATCH,398
sim-critical-0207,2189ced58e6f8accbe5b,broken_cipher_enabled,synthetic_simulation,CRITICAL,True,True,TLSv1.2,"[""TLSv1.2"",""TLSv1.3""]","[""TLS_ECDHE_RSA_WITH_AES_128_GCM_SHA256"",""TLS_RSA_WITH_RC4_128_SHA"",""TLS_RSA_WITH_NULL_SHA256""]",RSA,2048,sha256WithRSAEncryption,TRUSTED,MATCH,398
sim-critical-0208,f9ec101d162f65893c12,cleartext_service,synthetic_simulation,CRITICAL,False,False,TLSv1.2,[],[],RSA,2048,sha256WithRSAEncryption,TRUSTED,MATCH,398
sim-critical-0209,b8b9b1b122175c2cfb3f,broken_cipher_enabled,synthetic_simulation,CRITICAL,True,True,TLSv1.2,"[""TLSv1.2"",""TLSv1.3""]","[""TLS_AES_128_GCM_SHA256"",""TLS_ECDHE_RSA_WITH_AES_128_GCM_SHA256"",""TLS_RSA_WITH_NULL_SHA256""]",RSA,2048,sha256WithRSAEncryption,TRUSTED,MATCH,398
sim-critical-0210,f9ec101d162f65893c12,cleartext_service,synthetic_simulation,CRITICAL,False,False,TLSv1.2,[],[],RSA,2048,sha256WithRSAEncryption,TRUSTED,MATCH,398
sim-critical-0211,2189ced58e6f8accbe5b,broken_cipher_enabled,synthetic_simulation,CRITICAL,True,True,TLSv1.2,"[""TLSv1.2"",""TLSv1.3""]","[""TLS_ECDHE_RSA_WITH_AES_128_GCM_SHA256"",""TLS_RSA_WITH_RC4_128_SHA"",""TLS_RSA_WITH_NULL_SHA256""]",RSA,2048,sha256WithRSAEncryption,TRUSTED,MATCH,398
sim-critical-0212,f9ec101d162f65893c12,cleartext_service,synthetic_simulation,CRITICAL,False,False,TLSv1.2,[],[],RSA,2048,sha256WithRSAEncryption,TRUSTED,MATCH,398
sim-critical-0213,b8b9b1b122175c2cfb3f,broken_cipher_enabled,synthetic_simulation,CRITICAL,True,True,TLSv1.2,"[""TLSv1.2"",""TLSv1.3""]","[""TLS_AES_128_GCM_SHA256"",""TLS_ECDHE_RSA_WITH_AES_128_GCM_SHA256"",""TLS_RSA_WITH_NULL_SHA256""]",RSA,2048,sha256WithRSAEncryption,TRUSTED,MATCH,398
sim-critical-0214,f9ec101d162f65893c12,cleartext_service,synthetic_simulation,CRITICAL,False,False,TLSv1.2,[],[],RSA,2048,sha256WithRSAEncryption,TRUSTED,MATCH,398
sim-critical-0215,0acea2d98f6e8c8dd688,broken_cipher_enabled,synthetic_simulation,CRITICAL,True,True,TLSv1.2,"[""TLSv1.2"",""TLSv1.3""]","[""TLS_ECDHE_RSA_WITH_AES_128_GCM_SHA256"",""TLS_RSA_WITH_RC4_128_SHA"",""TLS_AES_128_GCM_SHA256""]",RSA,2048,sha256WithRSAEncryption,TRUSTED,MATCH,398
sim-critical-0216,f9ec101d162f65893c12,cleartext_service,synthetic_simulation,CRITICAL,False,False,TLSv1.2,[],[],RSA,2048,sha256WithRSAEncryption,TRUSTED,MATCH,398
sim-critical-0217,0acea2d98f6e8c8dd688,broken_cipher_enabled,synthetic_simulation,CRITICAL,True,True,TLSv1.2,"[""TLSv1.2"",""TLSv1.3""]","[""TLS_ECDHE_RSA_WITH_AES_128_GCM_SHA256"",""TLS_RSA_WITH_RC4_128_SHA"",""TLS_AES_128_GCM_SHA256""]",RSA,2048,sha256WithRSAEncryption,TRUSTED,MATCH,398
sim-critical-0218,f9ec101d162f65893c12,cleartext_service,synthetic_simulation,CRITICAL,False,False,TLSv1.2,[],[],RSA,2048,sha256WithRSAEncryption,TRUSTED,MATCH,398
sim-critical-0219,0acea2d98f6e8c8dd688,broken_cipher_enabled,synthetic_simulation,CRITICAL,True,True,TLSv1.2,"[""TLSv1.2"",""TLSv1.3""]","[""TLS_ECDHE_RSA_WITH_AES_128_GCM_SHA256"",""TLS_RSA_WITH_RC4_128_SHA"",""TLS_AES_128_GCM_SHA256""]",RSA,2048,sha256WithRSAEncryption,TRUSTED,MATCH,398
sim-critical-0220,f9ec101d162f65893c12,cleartext_service,synthetic_simulation,CRITICAL,False,False,TLSv1.2,[],[],RSA,2048,sha256WithRSAEncryption,TRUSTED,MATCH,398
sim-critical-0221,2189ced58e6f8accbe5b,broken_cipher_enabled,synthetic_simulation,CRITICAL,True,True,TLSv1.2,"[""TLSv1.2"",""TLSv1.3""]","[""TLS_ECDHE_RSA_WITH_AES_128_GCM_SHA256"",""TLS_RSA_WITH_RC4_128_SHA"",""TLS_RSA_WITH_NULL_SHA256""]",RSA,2048,sha256WithRSAEncryption,TRUSTED,MATCH,398
sim-critical-0222,f9ec101d162f65893c12,cleartext_service,synthetic_simulation,CRITICAL,False,False,TLSv1.2,[],[],RSA,2048,sha256WithRSAEncryption,TRUSTED,MATCH,398
sim-critical-0223,44621309fa044faf1747,broken_cipher_enabled,synthetic_simulation,CRITICAL,True,True,TLSv1.2,"[""TLSv1.2"",""TLSv1.3""]","[""TLS_RSA_WITH_NULL_SHA256"",""TLS_AES_128_GCM_SHA256"",""TLS_ECDHE_RSA_WITH_AES_128_GCM_SHA256""]",RSA,2048,sha256WithRSAEncryption,TRUSTED,MATCH,398
sim-critical-0224,f9ec101d162f65893c12,cleartext_service,synthetic_simulation,CRITICAL,False,False,TLSv1.2,[],[],RSA,2048,sha256WithRSAEncryption,TRUSTED,MATCH,398
sim-critical-0225,b8b9b1b122175c2cfb3f,broken_cipher_enabled,synthetic_simulation,CRITICAL,True,True,TLSv1.2,"[""TLSv1.2"",""TLSv1.3""]","[""TLS_AES_128_GCM_SHA256"",""TLS_ECDHE_RSA_WITH_AES_128_GCM_SHA256"",""TLS_RSA_WITH_NULL_SHA256""]",RSA,2048,sha256WithRSAEncryption,TRUSTED,MATCH,398
sim-critical-0226,f9ec101d162f65893c12,cleartext_service,synthetic_simulation,CRITICAL,False,False,TLSv1.2,[],[],RSA,2048,sha256WithRSAEncryption,TRUSTED,MATCH,398
sim-critical-0227,ec31280473f1415a9857,broken_cipher_enabled,synthetic_simulation,CRITICAL,True,True,TLSv1.2,"[""TLSv1.2"",""TLSv1.3""]","[""TLS_ECDHE_RSA_WITH_AES_128_GCM_SHA256"",""TLS_RSA_WITH_NULL_SHA256"",""TLS_RSA_WITH_RC4_128_SHA""]",RSA,2048,sha256WithRSAEncryption,TRUSTED,MATCH,398
sim-critical-0228,f9ec101d162f65893c12,cleartext_service,synthetic_simulation,CRITICAL,False,False,TLSv1.2,[],[],RSA,2048,sha256WithRSAEncryption,TRUSTED,MATCH,398
sim-critical-0229,1e48b0643436a1d49f9e,broken_cipher_enabled,synthetic_simulation,CRITICAL,True,True,TLSv1.2,"[""TLSv1.2"",""TLSv1.3""]","[""TLS_RSA_WITH_RC4_128_SHA"",""TLS_ECDHE_RSA_WITH_AES_128_GCM_SHA256"",""TLS_AES_128_GCM_SHA256""]",RSA,2048,sha256WithRSAEncryption,TRUSTED,MATCH,398
sim-critical-0230,f9ec101d162f65893c12,cleartext_service,synthetic_simulation,CRITICAL,False,False,TLSv1.2,[],[],RSA,2048,sha256WithRSAEncryption,TRUSTED,MATCH,398
sim-critical-0231,d49bcd42b6e670a8c41d,broken_cipher_enabled,synthetic_simulation,CRITICAL,True,True,TLSv1.2,"[""TLSv1.2"",""TLSv1.3""]","[""TLS_RSA_WITH_RC4_128_SHA"",""TLS_RSA_WITH_NULL_SHA256"",""TLS_ECDHE_RSA_WITH_AES_128_GCM_SHA256""]",RSA,2048,sha256WithRSAEncryption,TRUSTED,MATCH,398
sim-critical-0232,f9ec101d162f65893c12,cleartext_service,synthetic_simulation,CRITICAL,False,False,TLSv1.2,[],[],RSA,2048,sha256WithRSAEncryption,TRUSTED,MATCH,398
sim-critical-0233,ceb9e52fb815ca56808e,broken_cipher_enabled,synthetic_simulation,CRITICAL,True,True,TLSv1.2,"[""TLSv1.2"",""TLSv1.3""]","[""TLS_RSA_WITH_NULL_SHA256"",""TLS_ECDHE_RSA_WITH_AES_128_GCM_SHA256"",""TLS_RSA_WITH_RC4_128_SHA""]",RSA,2048,sha256WithRSAEncryption,TRUSTED,MATCH,398
sim-critical-0234,f9ec101d162f65893c12,cleartext_service,synthetic_simulation,CRITICAL,False,False,TLSv1.2,[],[],RSA,2048,sha256WithRSAEncryption,TRUSTED,MATCH,398
sim-critical-0235,1681ff229122c47dedd4,broken_cipher_enabled,synthetic_simulation,CRITICAL,True,True,TLSv1.2,"[""TLSv1.2"",""TLSv1.3""]","[""TLS_AES_128_GCM_SHA256"",""TLS_RSA_WITH_RC4_128_SHA"",""TLS_ECDHE_RSA_WITH_AES_128_GCM_SHA256""]",RSA,2048,sha256WithRSAEncryption,TRUSTED,MATCH,398
sim-critical-0236,f9ec101d162f65893c12,cleartext_service,synthetic_simulation,CRITICAL,False,False,TLSv1.2,[],[],RSA,2048,sha256WithRSAEncryption,TRUSTED,MATCH,398
sim-critical-0237,3984945e149ecef355ef,broken_cipher_enabled,synthetic_simulation,CRITICAL,True,True,TLSv1.2,"[""TLSv1.2"",""TLSv1.3""]","[""TLS_RSA_WITH_NULL_SHA256"",""TLS_RSA_WITH_RC4_128_SHA"",""TLS_AES_128_GCM_SHA256""]",RSA,2048,sha256WithRSAEncryption,TRUSTED,MATCH,398
sim-critical-0238,f9ec101d162f65893c12,cleartext_service,synthetic_simulation,CRITICAL,False,False,TLSv1.2,[],[],RSA,2048,sha256WithRSAEncryption,TRUSTED,MATCH,398
sim-critical-0239,fe83af94f1fd61177d60,broken_cipher_enabled,synthetic_simulation,CRITICAL,True,True,TLSv1.2,"[""TLSv1.2"",""TLSv1.3""]","[""TLS_RSA_WITH_RC4_128_SHA"",""TLS_AES_128_GCM_SHA256"",""TLS_RSA_WITH_NULL_SHA256""]",RSA,2048,sha256WithRSAEncryption,TRUSTED,MATCH,398
sim-critical-0240,f9ec101d162f65893c12,cleartext_service,synthetic_simulation,CRITICAL,False,False,TLSv1.2,[],[],RSA,2048,sha256WithRSAEncryption,TRUSTED,MATCH,398
sim-critical-0241,ceb9e52fb815ca56808e,broken_cipher_enabled,synthetic_simulation,CRITICAL,True,True,TLSv1.2,"[""TLSv1.2"",""TLSv1.3""]","[""TLS_RSA_WITH_NULL_SHA256"",""TLS_ECDHE_RSA_WITH_AES_128_GCM_SHA256"",""TLS_RSA_WITH_RC4_128_SHA""]",RSA,2048,sha256WithRSAEncryption,TRUSTED,MATCH,398
sim-critical-0242,f9ec101d162f65893c12,cleartext_service,synthetic_simulation,CRITICAL,False,False,TLSv1.2,[],[],RSA,2048,sha256WithRSAEncryption,TRUSTED,MATCH,398
sim-critical-0243,b78bfbc8096c313d3fe5,broken_cipher_enabled,synthetic_simulation,CRITICAL,True,True,TLSv1.2,"[""TLSv1.2"",""TLSv1.3""]","[""TLS_RSA_WITH_NULL_SHA256"",""TLS_RSA_WITH_RC4_128_SHA"",""TLS_ECDHE_RSA_WITH_AES_128_GCM_SHA256""]",RSA,2048,sha256WithRSAEncryption,TRUSTED,MATCH,398
sim-critical-0244,f9ec101d162f65893c12,cleartext_service,synthetic_simulation,CRITICAL,False,False,TLSv1.2,[],[],RSA,2048,sha256WithRSAEncryption,TRUSTED,MATCH,398
sim-critical-0245,cee4d01f4163bb07ff54,broken_cipher_enabled,synthetic_simulation,CRITICAL,True,True,TLSv1.2,"[""TLSv1.2"",""TLSv1.3""]","[""TLS_RSA_WITH_RC4_128_SHA"",""TLS_RSA_WITH_NULL_SHA256"",""TLS_AES_128_GCM_SHA256""]",RSA,2048,sha256WithRSAEncryption,TRUSTED,MATCH,398
sim-critical-0246,f9ec101d162f65893c12,cleartext_service,synthetic_simulation,CRITICAL,False,False,TLSv1.2,[],[],RSA,2048,sha256WithRSAEncryption,TRUSTED,MATCH,398
sim-critical-0247,b8b9b1b122175c2cfb3f,broken_cipher_enabled,synthetic_simulation,CRITICAL,True,True,TLSv1.2,"[""TLSv1.2"",""TLSv1.3""]","[""TLS_AES_128_GCM_SHA256"",""TLS_ECDHE_RSA_WITH_AES_128_GCM_SHA256"",""TLS_RSA_WITH_NULL_SHA256""]",RSA,2048,sha256WithRSAEncryption,TRUSTED,MATCH,398
sim-critical-0248,f9ec101d162f65893c12,cleartext_service,synthetic_simulation,CRITICAL,False,False,TLSv1.2,[],[],RSA,2048,sha256WithRSAEncryption,TRUSTED,MATCH,398
sim-critical-0249,672bf994a39886c5402e,broken_cipher_enabled,synthetic_simulation,CRITICAL,True,True,TLSv1.2,"[""TLSv1.2"",""TLSv1.3""]","[""TLS_RSA_WITH_RC4_128_SHA"",""TLS_AES_128_GCM_SHA256"",""TLS_ECDHE_RSA_WITH_AES_128_GCM_SHA256""]",RSA,2048,sha256WithRSAEncryption,TRUSTED,MATCH,398
sim-critical-0250,f9ec101d162f65893c12,cleartext_service,synthetic_simulation,CRITICAL,False,False,TLSv1.2,[],[],RSA,2048,sha256WithRSAEncryption,TRUSTED,MATCH,398
sim-critical-0251,684178af4f459fc18566,broken_cipher_enabled,synthetic_simulation,CRITICAL,True,True,TLSv1.2,"[""TLSv1.2"",""TLSv1.3""]","[""TLS_ECDHE_RSA_WITH_AES_128_GCM_SHA256"",""TLS_RSA_WITH_NULL_SHA256"",""TLS_AES_128_GCM_SHA256""]",RSA,2048,sha256WithRSAEncryption,TRUSTED,MATCH,398
sim-critical-0252,f9ec101d162f65893c12,cleartext_service,synthetic_simulation,CRITICAL,False,False,TLSv1.2,[],[],RSA,2048,sha256WithRSAEncryption,TRUSTED,MATCH,398
sim-critical-0253,684178af4f459fc18566,broken_cipher_enabled,synthetic_simulation,CRITICAL,True,True,TLSv1.2,"[""TLSv1.2"",""TLSv1.3""]","[""TLS_ECDHE_RSA_WITH_AES_128_GCM_SHA256"",""TLS_RSA_WITH_NULL_SHA256"",""TLS_AES_128_GCM_SHA256""]",RSA,2048,sha256WithRSAEncryption,TRUSTED,MATCH,398
sim-critical-0254,f9ec101d162f65893c12,cleartext_service,synthetic_simulation,CRITICAL,False,False,TLSv1.2,[],[],RSA,2048,sha256WithRSAEncryption,TRUSTED,MATCH,398
sim-critical-0255,44621309fa044faf1747,broken_cipher_enabled,synthetic_simulation,CRITICAL,True,True,TLSv1.2,"[""TLSv1.2"",""TLSv1.3""]","[""TLS_RSA_WITH_NULL_SHA256"",""TLS_AES_128_GCM_SHA256"",""TLS_ECDHE_RSA_WITH_AES_128_GCM_SHA256""]",RSA,2048,sha256WithRSAEncryption,TRUSTED,MATCH,398
sim-critical-0256,f9ec101d162f65893c12,cleartext_service,synthetic_simulation,CRITICAL,False,False,TLSv1.2,[],[],RSA,2048,sha256WithRSAEncryption,TRUSTED,MATCH,398
sim-critical-0257,ceb9e52fb815ca56808e,broken_cipher_enabled,synthetic_simulation,CRITICAL,True,True,TLSv1.2,"[""TLSv1.2"",""TLSv1.3""]","[""TLS_RSA_WITH_NULL_SHA256"",""TLS_ECDHE_RSA_WITH_AES_128_GCM_SHA256"",""TLS_RSA_WITH_RC4_128_SHA""]",RSA,2048,sha256WithRSAEncryption,TRUSTED,MATCH,398
sim-critical-0258,f9ec101d162f65893c12,cleartext_service,synthetic_simulation,CRITICAL,False,False,TLSv1.2,[],[],RSA,2048,sha256WithRSAEncryption,TRUSTED,MATCH,398
sim-critical-0259,1e48b0643436a1d49f9e,broken_cipher_enabled,synthetic_simulation,CRITICAL,True,True,TLSv1.2,"[""TLSv1.2"",""TLSv1.3""]","[""TLS_RSA_WITH_RC4_128_SHA"",""TLS_ECDHE_RSA_WITH_AES_128_GCM_SHA256"",""TLS_AES_128_GCM_SHA256""]",RSA,2048,sha256WithRSAEncryption,TRUSTED,MATCH,398
sim-critical-0260,f9ec101d162f65893c12,cleartext_service,synthetic_simulation,CRITICAL,False,False,TLSv1.2,[],[],RSA,2048,sha256WithRSAEncryption,TRUSTED,MATCH,398
sim-critical-0261,b78bfbc8096c313d3fe5,broken_cipher_enabled,synthetic_simulation,CRITICAL,True,True,TLSv1.2,"[""TLSv1.2"",""TLSv1.3""]","[""TLS_RSA_WITH_NULL_SHA256"",""TLS_RSA_WITH_RC4_128_SHA"",""TLS_ECDHE_RSA_WITH_AES_128_GCM_SHA256""]",RSA,2048,sha256WithRSAEncryption,TRUSTED,MATCH,398
sim-critical-0262,f9ec101d162f65893c12,cleartext_service,synthetic_simulation,CRITICAL,False,False,TLSv1.2,[],[],RSA,2048,sha256WithRSAEncryption,TRUSTED,MATCH,398
sim-critical-0263,ec31280473f1415a9857,broken_cipher_enabled,synthetic_simulation,CRITICAL,True,True,TLSv1.2,"[""TLSv1.2"",""TLSv1.3""]","[""TLS_ECDHE_RSA_WITH_AES_128_GCM_SHA256"",""TLS_RSA_WITH_NULL_SHA256"",""TLS_RSA_WITH_RC4_128_SHA""]",RSA,2048,sha256WithRSAEncryption,TRUSTED,MATCH,398
sim-critical-0264,f9ec101d162f65893c12,cleartext_service,synthetic_simulation,CRITICAL,False,False,TLSv1.2,[],[],RSA,2048,sha256WithRSAEncryption,TRUSTED,MATCH,398
sim-critical-0265,26105ebc4ff55d2c5e39,broken_cipher_enabled,synthetic_simulation,CRITICAL,True,True,TLSv1.2,"[""TLSv1.2"",""TLSv1.3""]","[""TLS_AES_128_GCM_SHA256"",""TLS_RSA_WITH_RC4_128_SHA"",""TLS_RSA_WITH_NULL_SHA256""]",RSA,2048,sha256WithRSAEncryption,TRUSTED,MATCH,398
sim-critical-0266,f9ec101d162f65893c12,cleartext_service,synthetic_simulation,CRITICAL,False,False,TLSv1.2,[],[],RSA,2048,sha256WithRSAEncryption,TRUSTED,MATCH,398
sim-critical-0267,b8b9b1b122175c2cfb3f,broken_cipher_enabled,synthetic_simulation,CRITICAL,True,True,TLSv1.2,"[""TLSv1.2"",""TLSv1.3""]","[""TLS_AES_128_GCM_SHA256"",""TLS_ECDHE_RSA_WITH_AES_128_GCM_SHA256"",""TLS_RSA_WITH_NULL_SHA256""]",RSA,2048,sha256WithRSAEncryption,TRUSTED,MATCH,398
sim-critical-0268,f9ec101d162f65893c12,cleartext_service,synthetic_simulation,CRITICAL,False,False,TLSv1.2,[],[],RSA,2048,sha256WithRSAEncryption,TRUSTED,MATCH,398
sim-critical-0269,fe83af94f1fd61177d60,broken_cipher_enabled,synthetic_simulation,CRITICAL,True,True,TLSv1.2,"[""TLSv1.2"",""TLSv1.3""]","[""TLS_RSA_WITH_RC4_128_SHA"",""TLS_AES_128_GCM_SHA256"",""TLS_RSA_WITH_NULL_SHA256""]",RSA,2048,sha256WithRSAEncryption,TRUSTED,MATCH,398
sim-critical-0270,f9ec101d162f65893c12,cleartext_service,synthetic_simulation,CRITICAL,False,False,TLSv1.2,[],[],RSA,2048,sha256WithRSAEncryption,TRUSTED,MATCH,398
sim-critical-0271,fe83af94f1fd61177d60,broken_cipher_enabled,synthetic_simulation,CRITICAL,True,True,TLSv1.2,"[""TLSv1.2"",""TLSv1.3""]","[""TLS_RSA_WITH_RC4_128_SHA"",""TLS_AES_128_GCM_SHA256"",""TLS_RSA_WITH_NULL_SHA256""]",RSA,2048,sha256WithRSAEncryption,TRUSTED,MATCH,398
sim-critical-0272,f9ec101d162f65893c12,cleartext_service,synthetic_simulation,CRITICAL,False,False,TLSv1.2,[],[],RSA,2048,sha256WithRSAEncryption,TRUSTED,MATCH,398
sim-critical-0273,b8b9b1b122175c2cfb3f,broken_cipher_enabled,synthetic_simulation,CRITICAL,True,True,TLSv1.2,"[""TLSv1.2"",""TLSv1.3""]","[""TLS_AES_128_GCM_SHA256"",""TLS_ECDHE_RSA_WITH_AES_128_GCM_SHA256"",""TLS_RSA_WITH_NULL_SHA256""]",RSA,2048,sha256WithRSAEncryption,TRUSTED,MATCH,398
sim-critical-0274,f9ec101d162f65893c12,cleartext_service,synthetic_simulation,CRITICAL,False,False,TLSv1.2,[],[],RSA,2048,sha256WithRSAEncryption,TRUSTED,MATCH,398
sim-critical-0275,112104167ccb5ac4c8e9,broken_cipher_enabled,synthetic_simulation,CRITICAL,True,True,TLSv1.2,"[""TLSv1.2"",""TLSv1.3""]","[""TLS_RSA_WITH_NULL_SHA256"",""TLS_AES_128_GCM_SHA256"",""TLS_RSA_WITH_RC4_128_SHA""]",RSA,2048,sha256WithRSAEncryption,TRUSTED,MATCH,398
sim-critical-0276,f9ec101d162f65893c12,cleartext_service,synthetic_simulation,CRITICAL,False,False,TLSv1.2,[],[],RSA,2048,sha256WithRSAEncryption,TRUSTED,MATCH,398
sim-critical-0277,7ef107bf2c742aca8df1,broken_cipher_enabled,synthetic_simulation,CRITICAL,True,True,TLSv1.2,"[""TLSv1.2"",""TLSv1.3""]","[""TLS_AES_128_GCM_SHA256"",""TLS_RSA_WITH_NULL_SHA256"",""TLS_ECDHE_RSA_WITH_AES_128_GCM_SHA256""]",RSA,2048,sha256WithRSAEncryption,TRUSTED,MATCH,398
sim-critical-0278,f9ec101d162f65893c12,cleartext_service,synthetic_simulation,CRITICAL,False,False,TLSv1.2,[],[],RSA,2048,sha256WithRSAEncryption,TRUSTED,MATCH,398
sim-critical-0279,1681ff229122c47dedd4,broken_cipher_enabled,synthetic_simulation,CRITICAL,True,True,TLSv1.2,"[""TLSv1.2"",""TLSv1.3""]","[""TLS_AES_128_GCM_SHA256"",""TLS_RSA_WITH_RC4_128_SHA"",""TLS_ECDHE_RSA_WITH_AES_128_GCM_SHA256""]",RSA,2048,sha256WithRSAEncryption,TRUSTED,MATCH,398
sim-critical-0280,f9ec101d162f65893c12,cleartext_service,synthetic_simulation,CRITICAL,False,False,TLSv1.2,[],[],RSA,2048,sha256WithRSAEncryption,TRUSTED,MATCH,398
sim-critical-0281,26105ebc4ff55d2c5e39,broken_cipher_enabled,synthetic_simulation,CRITICAL,True,True,TLSv1.2,"[""TLSv1.2"",""TLSv1.3""]","[""TLS_AES_128_GCM_SHA256"",""TLS_RSA_WITH_RC4_128_SHA"",""TLS_RSA_WITH_NULL_SHA256""]",RSA,2048,sha256WithRSAEncryption,TRUSTED,MATCH,398
sim-critical-0282,f9ec101d162f65893c12,cleartext_service,synthetic_simulation,CRITICAL,False,False,TLSv1.2,[],[],RSA,2048,sha256WithRSAEncryption,TRUSTED,MATCH,398
sim-critical-0283,ec31280473f1415a9857,broken_cipher_enabled,synthetic_simulation,CRITICAL,True,True,TLSv1.2,"[""TLSv1.2"",""TLSv1.3""]","[""TLS_ECDHE_RSA_WITH_AES_128_GCM_SHA256"",""TLS_RSA_WITH_NULL_SHA256"",""TLS_RSA_WITH_RC4_128_SHA""]",RSA,2048,sha256WithRSAEncryption,TRUSTED,MATCH,398
sim-critical-0284,f9ec101d162f65893c12,cleartext_service,synthetic_simulation,CRITICAL,False,False,TLSv1.2,[],[],RSA,2048,sha256WithRSAEncryption,TRUSTED,MATCH,398
sim-critical-0285,fe83af94f1fd61177d60,broken_cipher_enabled,synthetic_simulation,CRITICAL,True,True,TLSv1.2,"[""TLSv1.2"",""TLSv1.3""]","[""TLS_RSA_WITH_RC4_128_SHA"",""TLS_AES_128_GCM_SHA256"",""TLS_RSA_WITH_NULL_SHA256""]",RSA,2048,sha256WithRSAEncryption,TRUSTED,MATCH,398
sim-critical-0286,f9ec101d162f65893c12,cleartext_service,synthetic_simulation,CRITICAL,False,False,TLSv1.2,[],[],RSA,2048,sha256WithRSAEncryption,TRUSTED,MATCH,398
sim-critical-0287,b863eb93cb00f90a8b62,broken_cipher_enabled,synthetic_simulation,CRITICAL,True,True,TLSv1.2,"[""TLSv1.2"",""TLSv1.3""]","[""TLS_RSA_WITH_NULL_SHA256"",""TLS_ECDHE_RSA_WITH_AES_128_GCM_SHA256"",""TLS_AES_128_GCM_SHA256""]",RSA,2048,sha256WithRSAEncryption,TRUSTED,MATCH,398
sim-critical-0288,f9ec101d162f65893c12,cleartext_service,synthetic_simulation,CRITICAL,False,False,TLSv1.2,[],[],RSA,2048,sha256WithRSAEncryption,TRUSTED,MATCH,398
sim-critical-0289,26105ebc4ff55d2c5e39,broken_cipher_enabled,synthetic_simulation,CRITICAL,True,True,TLSv1.2,"[""TLSv1.2"",""TLSv1.3""]","[""TLS_AES_128_GCM_SHA256"",""TLS_RSA_WITH_RC4_128_SHA"",""TLS_RSA_WITH_NULL_SHA256""]",RSA,2048,sha256WithRSAEncryption,TRUSTED,MATCH,398
sim-critical-0290,f9ec101d162f65893c12,cleartext_service,synthetic_simulation,CRITICAL,False,False,TLSv1.2,[],[],RSA,2048,sha256WithRSAEncryption,TRUSTED,MATCH,398
sim-critical-0291,20c5239864d40e5244d4,broken_cipher_enabled,synthetic_simulation,CRITICAL,True,True,TLSv1.2,"[""TLSv1.2"",""TLSv1.3""]","[""TLS_AES_128_GCM_SHA256"",""TLS_ECDHE_RSA_WITH_AES_128_GCM_SHA256"",""TLS_RSA_WITH_RC4_128_SHA""]",RSA,2048,sha256WithRSAEncryption,TRUSTED,MATCH,398
sim-critical-0292,f9ec101d162f65893c12,cleartext_service,synthetic_simulation,CRITICAL,False,False,TLSv1.2,[],[],RSA,2048,sha256WithRSAEncryption,TRUSTED,MATCH,398
sim-critical-0293,26105ebc4ff55d2c5e39,broken_cipher_enabled,synthetic_simulation,CRITICAL,True,True,TLSv1.2,"[""TLSv1.2"",""TLSv1.3""]","[""TLS_AES_128_GCM_SHA256"",""TLS_RSA_WITH_RC4_128_SHA"",""TLS_RSA_WITH_NULL_SHA256""]",RSA,2048,sha256WithRSAEncryption,TRUSTED,MATCH,398
sim-critical-0294,f9ec101d162f65893c12,cleartext_service,synthetic_simulation,CRITICAL,False,False,TLSv1.2,[],[],RSA,2048,sha256WithRSAEncryption,TRUSTED,MATCH,398
sim-critical-0295,ec31280473f1415a9857,broken_cipher_enabled,synthetic_simulation,CRITICAL,True,True,TLSv1.2,"[""TLSv1.2"",""TLSv1.3""]","[""TLS_ECDHE_RSA_WITH_AES_128_GCM_SHA256"",""TLS_RSA_WITH_NULL_SHA256"",""TLS_RSA_WITH_RC4_128_SHA""]",RSA,2048,sha256WithRSAEncryption,TRUSTED,MATCH,398
sim-critical-0296,f9ec101d162f65893c12,cleartext_service,synthetic_simulation,CRITICAL,False,False,TLSv1.2,[],[],RSA,2048,sha256WithRSAEncryption,TRUSTED,MATCH,398
sim-critical-0297,2189ced58e6f8accbe5b,broken_cipher_enabled,synthetic_simulation,CRITICAL,True,True,TLSv1.2,"[""TLSv1.2"",""TLSv1.3""]","[""TLS_ECDHE_RSA_WITH_AES_128_GCM_SHA256"",""TLS_RSA_WITH_RC4_128_SHA"",""TLS_RSA_WITH_NULL_SHA256""]",RSA,2048,sha256WithRSAEncryption,TRUSTED,MATCH,398
sim-critical-0298,f9ec101d162f65893c12,cleartext_service,synthetic_simulation,CRITICAL,False,False,TLSv1.2,[],[],RSA,2048,sha256WithRSAEncryption,TRUSTED,MATCH,398
sim-critical-0299,ec31280473f1415a9857,broken_cipher_enabled,synthetic_simulation,CRITICAL,True,True,TLSv1.2,"[""TLSv1.2"",""TLSv1.3""]","[""TLS_ECDHE_RSA_WITH_AES_128_GCM_SHA256"",""TLS_RSA_WITH_NULL_SHA256"",""TLS_RSA_WITH_RC4_128_SHA""]",RSA,2048,sha256WithRSAEncryption,TRUSTED,MATCH,398
sim-critical-0300,f9ec101d162f65893c12,cleartext_service,synthetic_simulation,CRITICAL,False,False,TLSv1.2,[],[],RSA,2048,sha256WithRSAEncryption,TRUSTED,MATCH,398
sim-critical-0301,84cfd1e5325734e4b822,broken_cipher_enabled,synthetic_simulation,CRITICAL,True,True,TLSv1.2,"[""TLSv1.2"",""TLSv1.3""]","[""TLS_AES_128_GCM_SHA256"",""TLS_RSA_WITH_NULL_SHA256"",""TLS_RSA_WITH_RC4_128_SHA""]",RSA,2048,sha256WithRSAEncryption,TRUSTED,MATCH,398
sim-critical-0302,f9ec101d162f65893c12,cleartext_service,synthetic_simulation,CRITICAL,False,False,TLSv1.2,[],[],RSA,2048,sha256WithRSAEncryption,TRUSTED,MATCH,398
sim-critical-0303,2189ced58e6f8accbe5b,broken_cipher_enabled,synthetic_simulation,CRITICAL,True,True,TLSv1.2,"[""TLSv1.2"",""TLSv1.3""]","[""TLS_ECDHE_RSA_WITH_AES_128_GCM_SHA256"",""TLS_RSA_WITH_RC4_128_SHA"",""TLS_RSA_WITH_NULL_SHA256""]",RSA,2048,sha256WithRSAEncryption,TRUSTED,MATCH,398
sim-critical-0304,f9ec101d162f65893c12,cleartext_service,synthetic_simulation,CRITICAL,False,False,TLSv1.2,[],[],RSA,2048,sha256WithRSAEncryption,TRUSTED,MATCH,398
sim-critical-0305,ec31280473f1415a9857,broken_cipher_enabled,synthetic_simulation,CRITICAL,True,True,TLSv1.2,"[""TLSv1.2"",""TLSv1.3""]","[""TLS_ECDHE_RSA_WITH_AES_128_GCM_SHA256"",""TLS_RSA_WITH_NULL_SHA256"",""TLS_RSA_WITH_RC4_128_SHA""]",RSA,2048,sha256WithRSAEncryption,TRUSTED,MATCH,398
sim-critical-0306,f9ec101d162f65893c12,cleartext_service,synthetic_simulation,CRITICAL,False,False,TLSv1.2,[],[],RSA,2048,sha256WithRSAEncryption,TRUSTED,MATCH,398
sim-critical-0307,a218ac26b23da4142cfc,broken_cipher_enabled,synthetic_simulation,CRITICAL,True,True,TLSv1.2,"[""TLSv1.2"",""TLSv1.3""]","[""TLS_ECDHE_RSA_WITH_AES_128_GCM_SHA256"",""TLS_AES_128_GCM_SHA256"",""TLS_RSA_WITH_NULL_SHA256""]",RSA,2048,sha256WithRSAEncryption,TRUSTED,MATCH,398
sim-critical-0308,f9ec101d162f65893c12,cleartext_service,synthetic_simulation,CRITICAL,False,False,TLSv1.2,[],[],RSA,2048,sha256WithRSAEncryption,TRUSTED,MATCH,398
sim-critical-0309,ceb9e52fb815ca56808e,broken_cipher_enabled,synthetic_simulation,CRITICAL,True,True,TLSv1.2,"[""TLSv1.2"",""TLSv1.3""]","[""TLS_RSA_WITH_NULL_SHA256"",""TLS_ECDHE_RSA_WITH_AES_128_GCM_SHA256"",""TLS_RSA_WITH_RC4_128_SHA""]",RSA,2048,sha256WithRSAEncryption,TRUSTED,MATCH,398
sim-critical-0310,f9ec101d162f65893c12,cleartext_service,synthetic_simulation,CRITICAL,False,False,TLSv1.2,[],[],RSA,2048,sha256WithRSAEncryption,TRUSTED,MATCH,398
sim-critical-0311,1e48b0643436a1d49f9e,broken_cipher_enabled,synthetic_simulation,CRITICAL,True,True,TLSv1.2,"[""TLSv1.2"",""TLSv1.3""]","[""TLS_RSA_WITH_RC4_128_SHA"",""TLS_ECDHE_RSA_WITH_AES_128_GCM_SHA256"",""TLS_AES_128_GCM_SHA256""]",RSA,2048,sha256WithRSAEncryption,TRUSTED,MATCH,398
sim-critical-0312,f9ec101d162f65893c12,cleartext_service,synthetic_simulation,CRITICAL,False,False,TLSv1.2,[],[],RSA,2048,sha256WithRSAEncryption,TRUSTED,MATCH,398
sim-critical-0313,112104167ccb5ac4c8e9,broken_cipher_enabled,synthetic_simulation,CRITICAL,True,True,TLSv1.2,"[""TLSv1.2"",""TLSv1.3""]","[""TLS_RSA_WITH_NULL_SHA256"",""TLS_AES_128_GCM_SHA256"",""TLS_RSA_WITH_RC4_128_SHA""]",RSA,2048,sha256WithRSAEncryption,TRUSTED,MATCH,398
sim-critical-0314,f9ec101d162f65893c12,cleartext_service,synthetic_simulation,CRITICAL,False,False,TLSv1.2,[],[],RSA,2048,sha256WithRSAEncryption,TRUSTED,MATCH,398
sim-critical-0315,c4e52470324a0c9e6b10,broken_cipher_enabled,synthetic_simulation,CRITICAL,True,True,TLSv1.2,"[""TLSv1.2"",""TLSv1.3""]","[""TLS_RSA_WITH_RC4_128_SHA"",""TLS_ECDHE_RSA_WITH_AES_128_GCM_SHA256"",""TLS_RSA_WITH_NULL_SHA256""]",RSA,2048,sha256WithRSAEncryption,TRUSTED,MATCH,398
sim-critical-0316,f9ec101d162f65893c12,cleartext_service,synthetic_simulation,CRITICAL,False,False,TLSv1.2,[],[],RSA,2048,sha256WithRSAEncryption,TRUSTED,MATCH,398
sim-critical-0317,3984945e149ecef355ef,broken_cipher_enabled,synthetic_simulation,CRITICAL,True,True,TLSv1.2,"[""TLSv1.2"",""TLSv1.3""]","[""TLS_RSA_WITH_NULL_SHA256"",""TLS_RSA_WITH_RC4_128_SHA"",""TLS_AES_128_GCM_SHA256""]",RSA,2048,sha256WithRSAEncryption,TRUSTED,MATCH,398
sim-critical-0318,f9ec101d162f65893c12,cleartext_service,synthetic_simulation,CRITICAL,False,False,TLSv1.2,[],[],RSA,2048,sha256WithRSAEncryption,TRUSTED,MATCH,398
sim-critical-0319,1681ff229122c47dedd4,broken_cipher_enabled,synthetic_simulation,CRITICAL,True,True,TLSv1.2,"[""TLSv1.2"",""TLSv1.3""]","[""TLS_AES_128_GCM_SHA256"",""TLS_RSA_WITH_RC4_128_SHA"",""TLS_ECDHE_RSA_WITH_AES_128_GCM_SHA256""]",RSA,2048,sha256WithRSAEncryption,TRUSTED,MATCH,398
sim-critical-0320,f9ec101d162f65893c12,cleartext_service,synthetic_simulation,CRITICAL,False,False,TLSv1.2,[],[],RSA,2048,sha256WithRSAEncryption,TRUSTED,MATCH,398
sim-critical-0321,0acea2d98f6e8c8dd688,broken_cipher_enabled,synthetic_simulation,CRITICAL,True,True,TLSv1.2,"[""TLSv1.2"",""TLSv1.3""]","[""TLS_ECDHE_RSA_WITH_AES_128_GCM_SHA256"",""TLS_RSA_WITH_RC4_128_SHA"",""TLS_AES_128_GCM_SHA256""]",RSA,2048,sha256WithRSAEncryption,TRUSTED,MATCH,398
sim-critical-0322,f9ec101d162f65893c12,cleartext_service,synthetic_simulation,CRITICAL,False,False,TLSv1.2,[],[],RSA,2048,sha256WithRSAEncryption,TRUSTED,MATCH,398
sim-critical-0323,7ef107bf2c742aca8df1,broken_cipher_enabled,synthetic_simulation,CRITICAL,True,True,TLSv1.2,"[""TLSv1.2"",""TLSv1.3""]","[""TLS_AES_128_GCM_SHA256"",""TLS_RSA_WITH_NULL_SHA256"",""TLS_ECDHE_RSA_WITH_AES_128_GCM_SHA256""]",RSA,2048,sha256WithRSAEncryption,TRUSTED,MATCH,398
sim-critical-0324,f9ec101d162f65893c12,cleartext_service,synthetic_simulation,CRITICAL,False,False,TLSv1.2,[],[],RSA,2048,sha256WithRSAEncryption,TRUSTED,MATCH,398
sim-critical-0325,d16ff3af7d4b85e4c887,broken_cipher_enabled,synthetic_simulation,CRITICAL,True,True,TLSv1.2,"[""TLSv1.2"",""TLSv1.3""]","[""TLS_ECDHE_RSA_WITH_AES_128_GCM_SHA256"",""TLS_AES_128_GCM_SHA256"",""TLS_RSA_WITH_RC4_128_SHA""]",RSA,2048,sha256WithRSAEncryption,TRUSTED,MATCH,398
sim-critical-0326,f9ec101d162f65893c12,cleartext_service,synthetic_simulation,CRITICAL,False,False,TLSv1.2,[],[],RSA,2048,sha256WithRSAEncryption,TRUSTED,MATCH,398
sim-critical-0327,cee4d01f4163bb07ff54,broken_cipher_enabled,synthetic_simulation,CRITICAL,True,True,TLSv1.2,"[""TLSv1.2"",""TLSv1.3""]","[""TLS_RSA_WITH_RC4_128_SHA"",""TLS_RSA_WITH_NULL_SHA256"",""TLS_AES_128_GCM_SHA256""]",RSA,2048,sha256WithRSAEncryption,TRUSTED,MATCH,398
sim-critical-0328,f9ec101d162f65893c12,cleartext_service,synthetic_simulation,CRITICAL,False,False,TLSv1.2,[],[],RSA,2048,sha256WithRSAEncryption,TRUSTED,MATCH,398
sim-critical-0329,7ef107bf2c742aca8df1,broken_cipher_enabled,synthetic_simulation,CRITICAL,True,True,TLSv1.2,"[""TLSv1.2"",""TLSv1.3""]","[""TLS_AES_128_GCM_SHA256"",""TLS_RSA_WITH_NULL_SHA256"",""TLS_ECDHE_RSA_WITH_AES_128_GCM_SHA256""]",RSA,2048,sha256WithRSAEncryption,TRUSTED,MATCH,398
sim-critical-0330,f9ec101d162f65893c12,cleartext_service,synthetic_simulation,CRITICAL,False,False,TLSv1.2,[],[],RSA,2048,sha256WithRSAEncryption,TRUSTED,MATCH,398
sim-critical-0331,cee4d01f4163bb07ff54,broken_cipher_enabled,synthetic_simulation,CRITICAL,True,True,TLSv1.2,"[""TLSv1.2"",""TLSv1.3""]","[""TLS_RSA_WITH_RC4_128_SHA"",""TLS_RSA_WITH_NULL_SHA256"",""TLS_AES_128_GCM_SHA256""]",RSA,2048,sha256WithRSAEncryption,TRUSTED,MATCH,398
sim-critical-0332,f9ec101d162f65893c12,cleartext_service,synthetic_simulation,CRITICAL,False,False,TLSv1.2,[],[],RSA,2048,sha256WithRSAEncryption,TRUSTED,MATCH,398
sim-critical-0333,84cfd1e5325734e4b822,broken_cipher_enabled,synthetic_simulation,CRITICAL,True,True,TLSv1.2,"[""TLSv1.2"",""TLSv1.3""]","[""TLS_AES_128_GCM_SHA256"",""TLS_RSA_WITH_NULL_SHA256"",""TLS_RSA_WITH_RC4_128_SHA""]",RSA,2048,sha256WithRSAEncryption,TRUSTED,MATCH,398
sim-critical-0334,f9ec101d162f65893c12,cleartext_service,synthetic_simulation,CRITICAL,False,False,TLSv1.2,[],[],RSA,2048,sha256WithRSAEncryption,TRUSTED,MATCH,398
sim-critical-0335,2189ced58e6f8accbe5b,broken_cipher_enabled,synthetic_simulation,CRITICAL,True,True,TLSv1.2,"[""TLSv1.2"",""TLSv1.3""]","[""TLS_ECDHE_RSA_WITH_AES_128_GCM_SHA256"",""TLS_RSA_WITH_RC4_128_SHA"",""TLS_RSA_WITH_NULL_SHA256""]",RSA,2048,sha256WithRSAEncryption,TRUSTED,MATCH,398
sim-critical-0336,f9ec101d162f65893c12,cleartext_service,synthetic_simulation,CRITICAL,False,False,TLSv1.2,[],[],RSA,2048,sha256WithRSAEncryption,TRUSTED,MATCH,398
sim-critical-0337,b863eb93cb00f90a8b62,broken_cipher_enabled,synthetic_simulation,CRITICAL,True,True,TLSv1.2,"[""TLSv1.2"",""TLSv1.3""]","[""TLS_RSA_WITH_NULL_SHA256"",""TLS_ECDHE_RSA_WITH_AES_128_GCM_SHA256"",""TLS_AES_128_GCM_SHA256""]",RSA,2048,sha256WithRSAEncryption,TRUSTED,MATCH,398
sim-critical-0338,f9ec101d162f65893c12,cleartext_service,synthetic_simulation,CRITICAL,False,False,TLSv1.2,[],[],RSA,2048,sha256WithRSAEncryption,TRUSTED,MATCH,398
sim-critical-0339,3984945e149ecef355ef,broken_cipher_enabled,synthetic_simulation,CRITICAL,True,True,TLSv1.2,"[""TLSv1.2"",""TLSv1.3""]","[""TLS_RSA_WITH_NULL_SHA256"",""TLS_RSA_WITH_RC4_128_SHA"",""TLS_AES_128_GCM_SHA256""]",RSA,2048,sha256WithRSAEncryption,TRUSTED,MATCH,398
sim-critical-0340,f9ec101d162f65893c12,cleartext_service,synthetic_simulation,CRITICAL,False,False,TLSv1.2,[],[],RSA,2048,sha256WithRSAEncryption,TRUSTED,MATCH,398
sim-critical-0341,44621309fa044faf1747,broken_cipher_enabled,synthetic_simulation,CRITICAL,True,True,TLSv1.2,"[""TLSv1.2"",""TLSv1.3""]","[""TLS_RSA_WITH_NULL_SHA256"",""TLS_AES_128_GCM_SHA256"",""TLS_ECDHE_RSA_WITH_AES_128_GCM_SHA256""]",RSA,2048,sha256WithRSAEncryption,TRUSTED,MATCH,398
sim-critical-0342,f9ec101d162f65893c12,cleartext_service,synthetic_simulation,CRITICAL,False,False,TLSv1.2,[],[],RSA,2048,sha256WithRSAEncryption,TRUSTED,MATCH,398
sim-critical-0343,84cfd1e5325734e4b822,broken_cipher_enabled,synthetic_simulation,CRITICAL,True,True,TLSv1.2,"[""TLSv1.2"",""TLSv1.3""]","[""TLS_AES_128_GCM_SHA256"",""TLS_RSA_WITH_NULL_SHA256"",""TLS_RSA_WITH_RC4_128_SHA""]",RSA,2048,sha256WithRSAEncryption,TRUSTED,MATCH,398
sim-critical-0344,f9ec101d162f65893c12,cleartext_service,synthetic_simulation,CRITICAL,False,False,TLSv1.2,[],[],RSA,2048,sha256WithRSAEncryption,TRUSTED,MATCH,398
sim-critical-0345,3984945e149ecef355ef,broken_cipher_enabled,synthetic_simulation,CRITICAL,True,True,TLSv1.2,"[""TLSv1.2"",""TLSv1.3""]","[""TLS_RSA_WITH_NULL_SHA256"",""TLS_RSA_WITH_RC4_128_SHA"",""TLS_AES_128_GCM_SHA256""]",RSA,2048,sha256WithRSAEncryption,TRUSTED,MATCH,398
sim-critical-0346,f9ec101d162f65893c12,cleartext_service,synthetic_simulation,CRITICAL,False,False,TLSv1.2,[],[],RSA,2048,sha256WithRSAEncryption,TRUSTED,MATCH,398
sim-critical-0347,84cfd1e5325734e4b822,broken_cipher_enabled,synthetic_simulation,CRITICAL,True,True,TLSv1.2,"[""TLSv1.2"",""TLSv1.3""]","[""TLS_AES_128_GCM_SHA256"",""TLS_RSA_WITH_NULL_SHA256"",""TLS_RSA_WITH_RC4_128_SHA""]",RSA,2048,sha256WithRSAEncryption,TRUSTED,MATCH,398
sim-critical-0348,f9ec101d162f65893c12,cleartext_service,synthetic_simulation,CRITICAL,False,False,TLSv1.2,[],[],RSA,2048,sha256WithRSAEncryption,TRUSTED,MATCH,398
sim-critical-0349,672bf994a39886c5402e,broken_cipher_enabled,synthetic_simulation,CRITICAL,True,True,TLSv1.2,"[""TLSv1.2"",""TLSv1.3""]","[""TLS_RSA_WITH_RC4_128_SHA"",""TLS_AES_128_GCM_SHA256"",""TLS_ECDHE_RSA_WITH_AES_128_GCM_SHA256""]",RSA,2048,sha256WithRSAEncryption,TRUSTED,MATCH,398
sim-critical-0350,f9ec101d162f65893c12,cleartext_service,synthetic_simulation,CRITICAL,False,False,TLSv1.2,[],[],RSA,2048,sha256WithRSAEncryption,TRUSTED,MATCH,398
sim-critical-0351,c4e52470324a0c9e6b10,broken_cipher_enabled,synthetic_simulation,CRITICAL,True,True,TLSv1.2,"[""TLSv1.2"",""TLSv1.3""]","[""TLS_RSA_WITH_RC4_128_SHA"",""TLS_ECDHE_RSA_WITH_AES_128_GCM_SHA256"",""TLS_RSA_WITH_NULL_SHA256""]",RSA,2048,sha256WithRSAEncryption,TRUSTED,MATCH,398
sim-critical-0352,f9ec101d162f65893c12,cleartext_service,synthetic_simulation,CRITICAL,False,False,TLSv1.2,[],[],RSA,2048,sha256WithRSAEncryption,TRUSTED,MATCH,398
sim-critical-0353,26105ebc4ff55d2c5e39,broken_cipher_enabled,synthetic_simulation,CRITICAL,True,True,TLSv1.2,"[""TLSv1.2"",""TLSv1.3""]","[""TLS_AES_128_GCM_SHA256"",""TLS_RSA_WITH_RC4_128_SHA"",""TLS_RSA_WITH_NULL_SHA256""]",RSA,2048,sha256WithRSAEncryption,TRUSTED,MATCH,398
sim-critical-0354,f9ec101d162f65893c12,cleartext_service,synthetic_simulation,CRITICAL,False,False,TLSv1.2,[],[],RSA,2048,sha256WithRSAEncryption,TRUSTED,MATCH,398
sim-critical-0355,84cfd1e5325734e4b822,broken_cipher_enabled,synthetic_simulation,CRITICAL,True,True,TLSv1.2,"[""TLSv1.2"",""TLSv1.3""]","[""TLS_AES_128_GCM_SHA256"",""TLS_RSA_WITH_NULL_SHA256"",""TLS_RSA_WITH_RC4_128_SHA""]",RSA,2048,sha256WithRSAEncryption,TRUSTED,MATCH,398
sim-critical-0356,f9ec101d162f65893c12,cleartext_service,synthetic_simulation,CRITICAL,False,False,TLSv1.2,[],[],RSA,2048,sha256WithRSAEncryption,TRUSTED,MATCH,398
sim-critical-0357,684178af4f459fc18566,broken_cipher_enabled,synthetic_simulation,CRITICAL,True,True,TLSv1.2,"[""TLSv1.2"",""TLSv1.3""]","[""TLS_ECDHE_RSA_WITH_AES_128_GCM_SHA256"",""TLS_RSA_WITH_NULL_SHA256"",""TLS_AES_128_GCM_SHA256""]",RSA,2048,sha256WithRSAEncryption,TRUSTED,MATCH,398
sim-critical-0358,f9ec101d162f65893c12,cleartext_service,synthetic_simulation,CRITICAL,False,False,TLSv1.2,[],[],RSA,2048,sha256WithRSAEncryption,TRUSTED,MATCH,398
sim-critical-0359,2189ced58e6f8accbe5b,broken_cipher_enabled,synthetic_simulation,CRITICAL,True,True,TLSv1.2,"[""TLSv1.2"",""TLSv1.3""]","[""TLS_ECDHE_RSA_WITH_AES_128_GCM_SHA256"",""TLS_RSA_WITH_RC4_128_SHA"",""TLS_RSA_WITH_NULL_SHA256""]",RSA,2048,sha256WithRSAEncryption,TRUSTED,MATCH,398
sim-critical-0360,f9ec101d162f65893c12,cleartext_service,synthetic_simulation,CRITICAL,False,False,TLSv1.2,[],[],RSA,2048,sha256WithRSAEncryption,TRUSTED,MATCH,398
sim-critical-0361,1e48b0643436a1d49f9e,broken_cipher_enabled,synthetic_simulation,CRITICAL,True,True,TLSv1.2,"[""TLSv1.2"",""TLSv1.3""]","[""TLS_RSA_WITH_RC4_128_SHA"",""TLS_ECDHE_RSA_WITH_AES_128_GCM_SHA256"",""TLS_AES_128_GCM_SHA256""]",RSA,2048,sha256WithRSAEncryption,TRUSTED,MATCH,398
sim-critical-0362,f9ec101d162f65893c12,cleartext_service,synthetic_simulation,CRITICAL,False,False,TLSv1.2,[],[],RSA,2048,sha256WithRSAEncryption,TRUSTED,MATCH,398
sim-critical-0363,672bf994a39886c5402e,broken_cipher_enabled,synthetic_simulation,CRITICAL,True,True,TLSv1.2,"[""TLSv1.2"",""TLSv1.3""]","[""TLS_RSA_WITH_RC4_128_SHA"",""TLS_AES_128_GCM_SHA256"",""TLS_ECDHE_RSA_WITH_AES_128_GCM_SHA256""]",RSA,2048,sha256WithRSAEncryption,TRUSTED,MATCH,398
sim-critical-0364,f9ec101d162f65893c12,cleartext_service,synthetic_simulation,CRITICAL,False,False,TLSv1.2,[],[],RSA,2048,sha256WithRSAEncryption,TRUSTED,MATCH,398
sim-critical-0365,d16ff3af7d4b85e4c887,broken_cipher_enabled,synthetic_simulation,CRITICAL,True,True,TLSv1.2,"[""TLSv1.2"",""TLSv1.3""]","[""TLS_ECDHE_RSA_WITH_AES_128_GCM_SHA256"",""TLS_AES_128_GCM_SHA256"",""TLS_RSA_WITH_RC4_128_SHA""]",RSA,2048,sha256WithRSAEncryption,TRUSTED,MATCH,398
sim-critical-0366,f9ec101d162f65893c12,cleartext_service,synthetic_simulation,CRITICAL,False,False,TLSv1.2,[],[],RSA,2048,sha256WithRSAEncryption,TRUSTED,MATCH,398
sim-critical-0367,672bf994a39886c5402e,broken_cipher_enabled,synthetic_simulation,CRITICAL,True,True,TLSv1.2,"[""TLSv1.2"",""TLSv1.3""]","[""TLS_RSA_WITH_RC4_128_SHA"",""TLS_AES_128_GCM_SHA256"",""TLS_ECDHE_RSA_WITH_AES_128_GCM_SHA256""]",RSA,2048,sha256WithRSAEncryption,TRUSTED,MATCH,398
sim-critical-0368,f9ec101d162f65893c12,cleartext_service,synthetic_simulation,CRITICAL,False,False,TLSv1.2,[],[],RSA,2048,sha256WithRSAEncryption,TRUSTED,MATCH,398
sim-critical-0369,1e48b0643436a1d49f9e,broken_cipher_enabled,synthetic_simulation,CRITICAL,True,True,TLSv1.2,"[""TLSv1.2"",""TLSv1.3""]","[""TLS_RSA_WITH_RC4_128_SHA"",""TLS_ECDHE_RSA_WITH_AES_128_GCM_SHA256"",""TLS_AES_128_GCM_SHA256""]",RSA,2048,sha256WithRSAEncryption,TRUSTED,MATCH,398
sim-critical-0370,f9ec101d162f65893c12,cleartext_service,synthetic_simulation,CRITICAL,False,False,TLSv1.2,[],[],RSA,2048,sha256WithRSAEncryption,TRUSTED,MATCH,398
sim-critical-0371,2189ced58e6f8accbe5b,broken_cipher_enabled,synthetic_simulation,CRITICAL,True,True,TLSv1.2,"[""TLSv1.2"",""TLSv1.3""]","[""TLS_ECDHE_RSA_WITH_AES_128_GCM_SHA256"",""TLS_RSA_WITH_RC4_128_SHA"",""TLS_RSA_WITH_NULL_SHA256""]",RSA,2048,sha256WithRSAEncryption,TRUSTED,MATCH,398
sim-critical-0372,f9ec101d162f65893c12,cleartext_service,synthetic_simulation,CRITICAL,False,False,TLSv1.2,[],[],RSA,2048,sha256WithRSAEncryption,TRUSTED,MATCH,398
sim-critical-0373,ceb9e52fb815ca56808e,broken_cipher_enabled,synthetic_simulation,CRITICAL,True,True,TLSv1.2,"[""TLSv1.2"",""TLSv1.3""]","[""TLS_RSA_WITH_NULL_SHA256"",""TLS_ECDHE_RSA_WITH_AES_128_GCM_SHA256"",""TLS_RSA_WITH_RC4_128_SHA""]",RSA,2048,sha256WithRSAEncryption,TRUSTED,MATCH,398
sim-critical-0374,f9ec101d162f65893c12,cleartext_service,synthetic_simulation,CRITICAL,False,False,TLSv1.2,[],[],RSA,2048,sha256WithRSAEncryption,TRUSTED,MATCH,398
sim-critical-0375,b863eb93cb00f90a8b62,broken_cipher_enabled,synthetic_simulation,CRITICAL,True,True,TLSv1.2,"[""TLSv1.2"",""TLSv1.3""]","[""TLS_RSA_WITH_NULL_SHA256"",""TLS_ECDHE_RSA_WITH_AES_128_GCM_SHA256"",""TLS_AES_128_GCM_SHA256""]",RSA,2048,sha256WithRSAEncryption,TRUSTED,MATCH,398
sim-critical-0376,f9ec101d162f65893c12,cleartext_service,synthetic_simulation,CRITICAL,False,False,TLSv1.2,[],[],RSA,2048,sha256WithRSAEncryption,TRUSTED,MATCH,398
sim-critical-0377,a218ac26b23da4142cfc,broken_cipher_enabled,synthetic_simulation,CRITICAL,True,True,TLSv1.2,"[""TLSv1.2"",""TLSv1.3""]","[""TLS_ECDHE_RSA_WITH_AES_128_GCM_SHA256"",""TLS_AES_128_GCM_SHA256"",""TLS_RSA_WITH_NULL_SHA256""]",RSA,2048,sha256WithRSAEncryption,TRUSTED,MATCH,398
sim-critical-0378,f9ec101d162f65893c12,cleartext_service,synthetic_simulation,CRITICAL,False,False,TLSv1.2,[],[],RSA,2048,sha256WithRSAEncryption,TRUSTED,MATCH,398
sim-critical-0379,ec31280473f1415a9857,broken_cipher_enabled,synthetic_simulation,CRITICAL,True,True,TLSv1.2,"[""TLSv1.2"",""TLSv1.3""]","[""TLS_ECDHE_RSA_WITH_AES_128_GCM_SHA256"",""TLS_RSA_WITH_NULL_SHA256"",""TLS_RSA_WITH_RC4_128_SHA""]",RSA,2048,sha256WithRSAEncryption,TRUSTED,MATCH,398
sim-critical-0380,f9ec101d162f65893c12,cleartext_service,synthetic_simulation,CRITICAL,False,False,TLSv1.2,[],[],RSA,2048,sha256WithRSAEncryption,TRUSTED,MATCH,398
sim-critical-0381,b863eb93cb00f90a8b62,broken_cipher_enabled,synthetic_simulation,CRITICAL,True,True,TLSv1.2,"[""TLSv1.2"",""TLSv1.3""]","[""TLS_RSA_WITH_NULL_SHA256"",""TLS_ECDHE_RSA_WITH_AES_128_GCM_SHA256"",""TLS_AES_128_GCM_SHA256""]",RSA,2048,sha256WithRSAEncryption,TRUSTED,MATCH,398
sim-critical-0382,f9ec101d162f65893c12,cleartext_service,synthetic_simulation,CRITICAL,False,False,TLSv1.2,[],[],RSA,2048,sha256WithRSAEncryption,TRUSTED,MATCH,398
sim-critical-0383,1e48b0643436a1d49f9e,broken_cipher_enabled,synthetic_simulation,CRITICAL,True,True,TLSv1.2,"[""TLSv1.2"",""TLSv1.3""]","[""TLS_RSA_WITH_RC4_128_SHA"",""TLS_ECDHE_RSA_WITH_AES_128_GCM_SHA256"",""TLS_AES_128_GCM_SHA256""]",RSA,2048,sha256WithRSAEncryption,TRUSTED,MATCH,398
sim-critical-0384,f9ec101d162f65893c12,cleartext_service,synthetic_simulation,CRITICAL,False,False,TLSv1.2,[],[],RSA,2048,sha256WithRSAEncryption,TRUSTED,MATCH,398
sim-critical-0385,2189ced58e6f8accbe5b,broken_cipher_enabled,synthetic_simulation,CRITICAL,True,True,TLSv1.2,"[""TLSv1.2"",""TLSv1.3""]","[""TLS_ECDHE_RSA_WITH_AES_128_GCM_SHA256"",""TLS_RSA_WITH_RC4_128_SHA"",""TLS_RSA_WITH_NULL_SHA256""]",RSA,2048,sha256WithRSAEncryption,TRUSTED,MATCH,398
sim-critical-0386,f9ec101d162f65893c12,cleartext_service,synthetic_simulation,CRITICAL,False,False,TLSv1.2,[],[],RSA,2048,sha256WithRSAEncryption,TRUSTED,MATCH,398
sim-critical-0387,2189ced58e6f8accbe5b,broken_cipher_enabled,synthetic_simulation,CRITICAL,True,True,TLSv1.2,"[""TLSv1.2"",""TLSv1.3""]","[""TLS_ECDHE_RSA_WITH_AES_128_GCM_SHA256"",""TLS_RSA_WITH_RC4_128_SHA"",""TLS_RSA_WITH_NULL_SHA256""]",RSA,2048,sha256WithRSAEncryption,TRUSTED,MATCH,398
sim-critical-0388,f9ec101d162f65893c12,cleartext_service,synthetic_simulation,CRITICAL,False,False,TLSv1.2,[],[],RSA,2048,sha256WithRSAEncryption,TRUSTED,MATCH,398
sim-critical-0389,20c5239864d40e5244d4,broken_cipher_enabled,synthetic_simulation,CRITICAL,True,True,TLSv1.2,"[""TLSv1.2"",""TLSv1.3""]","[""TLS_AES_128_GCM_SHA256"",""TLS_ECDHE_RSA_WITH_AES_128_GCM_SHA256"",""TLS_RSA_WITH_RC4_128_SHA""]",RSA,2048,sha256WithRSAEncryption,TRUSTED,MATCH,398
sim-critical-0390,f9ec101d162f65893c12,cleartext_service,synthetic_simulation,CRITICAL,False,False,TLSv1.2,[],[],RSA,2048,sha256WithRSAEncryption,TRUSTED,MATCH,398
sim-critical-0391,84cfd1e5325734e4b822,broken_cipher_enabled,synthetic_simulation,CRITICAL,True,True,TLSv1.2,"[""TLSv1.2"",""TLSv1.3""]","[""TLS_AES_128_GCM_SHA256"",""TLS_RSA_WITH_NULL_SHA256"",""TLS_RSA_WITH_RC4_128_SHA""]",RSA,2048,sha256WithRSAEncryption,TRUSTED,MATCH,398
sim-critical-0392,f9ec101d162f65893c12,cleartext_service,synthetic_simulation,CRITICAL,False,False,TLSv1.2,[],[],RSA,2048,sha256WithRSAEncryption,TRUSTED,MATCH,398
sim-critical-0393,ec31280473f1415a9857,broken_cipher_enabled,synthetic_simulation,CRITICAL,True,True,TLSv1.2,"[""TLSv1.2"",""TLSv1.3""]","[""TLS_ECDHE_RSA_WITH_AES_128_GCM_SHA256"",""TLS_RSA_WITH_NULL_SHA256"",""TLS_RSA_WITH_RC4_128_SHA""]",RSA,2048,sha256WithRSAEncryption,TRUSTED,MATCH,398
sim-critical-0394,f9ec101d162f65893c12,cleartext_service,synthetic_simulation,CRITICAL,False,False,TLSv1.2,[],[],RSA,2048,sha256WithRSAEncryption,TRUSTED,MATCH,398
sim-critical-0395,d49bcd42b6e670a8c41d,broken_cipher_enabled,synthetic_simulation,CRITICAL,True,True,TLSv1.2,"[""TLSv1.2"",""TLSv1.3""]","[""TLS_RSA_WITH_RC4_128_SHA"",""TLS_RSA_WITH_NULL_SHA256"",""TLS_ECDHE_RSA_WITH_AES_128_GCM_SHA256""]",RSA,2048,sha256WithRSAEncryption,TRUSTED,MATCH,398
sim-critical-0396,f9ec101d162f65893c12,cleartext_service,synthetic_simulation,CRITICAL,False,False,TLSv1.2,[],[],RSA,2048,sha256WithRSAEncryption,TRUSTED,MATCH,398
sim-critical-0397,b863eb93cb00f90a8b62,broken_cipher_enabled,synthetic_simulation,CRITICAL,True,True,TLSv1.2,"[""TLSv1.2"",""TLSv1.3""]","[""TLS_RSA_WITH_NULL_SHA256"",""TLS_ECDHE_RSA_WITH_AES_128_GCM_SHA256"",""TLS_AES_128_GCM_SHA256""]",RSA,2048,sha256WithRSAEncryption,TRUSTED,MATCH,398
sim-critical-0398,f9ec101d162f65893c12,cleartext_service,synthetic_simulation,CRITICAL,False,False,TLSv1.2,[],[],RSA,2048,sha256WithRSAEncryption,TRUSTED,MATCH,398
sim-critical-0399,c4e52470324a0c9e6b10,broken_cipher_enabled,synthetic_simulation,CRITICAL,True,True,TLSv1.2,"[""TLSv1.2"",""TLSv1.3""]","[""TLS_RSA_WITH_RC4_128_SHA"",""TLS_ECDHE_RSA_WITH_AES_128_GCM_SHA256"",""TLS_RSA_WITH_NULL_SHA256""]",RSA,2048,sha256WithRSAEncryption,TRUSTED,MATCH,398
sim-critical-0400,f9ec101d162f65893c12,cleartext_service,synthetic_simulation,CRITICAL,False,False,TLSv1.2,[],[],RSA,2048,sha256WithRSAEncryption,TRUSTED,MATCH,398
sim-critical-0401,d16ff3af7d4b85e4c887,broken_cipher_enabled,synthetic_simulation,CRITICAL,True,True,TLSv1.2,"[""TLSv1.2"",""TLSv1.3""]","[""TLS_ECDHE_RSA_WITH_AES_128_GCM_SHA256"",""TLS_AES_128_GCM_SHA256"",""TLS_RSA_WITH_RC4_128_SHA""]",RSA,2048,sha256WithRSAEncryption,TRUSTED,MATCH,398
sim-critical-0402,f9ec101d162f65893c12,cleartext_service,synthetic_simulation,CRITICAL,False,False,TLSv1.2,[],[],RSA,2048,sha256WithRSAEncryption,TRUSTED,MATCH,398
sim-critical-0403,d49bcd42b6e670a8c41d,broken_cipher_enabled,synthetic_simulation,CRITICAL,True,True,TLSv1.2,"[""TLSv1.2"",""TLSv1.3""]","[""TLS_RSA_WITH_RC4_128_SHA"",""TLS_RSA_WITH_NULL_SHA256"",""TLS_ECDHE_RSA_WITH_AES_128_GCM_SHA256""]",RSA,2048,sha256WithRSAEncryption,TRUSTED,MATCH,398
sim-critical-0404,f9ec101d162f65893c12,cleartext_service,synthetic_simulation,CRITICAL,False,False,TLSv1.2,[],[],RSA,2048,sha256WithRSAEncryption,TRUSTED,MATCH,398
sim-critical-0405,7ef107bf2c742aca8df1,broken_cipher_enabled,synthetic_simulation,CRITICAL,True,True,TLSv1.2,"[""TLSv1.2"",""TLSv1.3""]","[""TLS_AES_128_GCM_SHA256"",""TLS_RSA_WITH_NULL_SHA256"",""TLS_ECDHE_RSA_WITH_AES_128_GCM_SHA256""]",RSA,2048,sha256WithRSAEncryption,TRUSTED,MATCH,398
sim-critical-0406,f9ec101d162f65893c12,cleartext_service,synthetic_simulation,CRITICAL,False,False,TLSv1.2,[],[],RSA,2048,sha256WithRSAEncryption,TRUSTED,MATCH,398
sim-critical-0407,fe83af94f1fd61177d60,broken_cipher_enabled,synthetic_simulation,CRITICAL,True,True,TLSv1.2,"[""TLSv1.2"",""TLSv1.3""]","[""TLS_RSA_WITH_RC4_128_SHA"",""TLS_AES_128_GCM_SHA256"",""TLS_RSA_WITH_NULL_SHA256""]",RSA,2048,sha256WithRSAEncryption,TRUSTED,MATCH,398
sim-critical-0408,f9ec101d162f65893c12,cleartext_service,synthetic_simulation,CRITICAL,False,False,TLSv1.2,[],[],RSA,2048,sha256WithRSAEncryption,TRUSTED,MATCH,398
sim-critical-0409,b863eb93cb00f90a8b62,broken_cipher_enabled,synthetic_simulation,CRITICAL,True,True,TLSv1.2,"[""TLSv1.2"",""TLSv1.3""]","[""TLS_RSA_WITH_NULL_SHA256"",""TLS_ECDHE_RSA_WITH_AES_128_GCM_SHA256"",""TLS_AES_128_GCM_SHA256""]",RSA,2048,sha256WithRSAEncryption,TRUSTED,MATCH,398
sim-critical-0410,f9ec101d162f65893c12,cleartext_service,synthetic_simulation,CRITICAL,False,False,TLSv1.2,[],[],RSA,2048,sha256WithRSAEncryption,TRUSTED,MATCH,398
sim-critical-0411,0acea2d98f6e8c8dd688,broken_cipher_enabled,synthetic_simulation,CRITICAL,True,True,TLSv1.2,"[""TLSv1.2"",""TLSv1.3""]","[""TLS_ECDHE_RSA_WITH_AES_128_GCM_SHA256"",""TLS_RSA_WITH_RC4_128_SHA"",""TLS_AES_128_GCM_SHA256""]",RSA,2048,sha256WithRSAEncryption,TRUSTED,MATCH,398
sim-critical-0412,f9ec101d162f65893c12,cleartext_service,synthetic_simulation,CRITICAL,False,False,TLSv1.2,[],[],RSA,2048,sha256WithRSAEncryption,TRUSTED,MATCH,398
sim-critical-0413,d16ff3af7d4b85e4c887,broken_cipher_enabled,synthetic_simulation,CRITICAL,True,True,TLSv1.2,"[""TLSv1.2"",""TLSv1.3""]","[""TLS_ECDHE_RSA_WITH_AES_128_GCM_SHA256"",""TLS_AES_128_GCM_SHA256"",""TLS_RSA_WITH_RC4_128_SHA""]",RSA,2048,sha256WithRSAEncryption,TRUSTED,MATCH,398
sim-critical-0414,f9ec101d162f65893c12,cleartext_service,synthetic_simulation,CRITICAL,False,False,TLSv1.2,[],[],RSA,2048,sha256WithRSAEncryption,TRUSTED,MATCH,398
sim-critical-0415,3984945e149ecef355ef,broken_cipher_enabled,synthetic_simulation,CRITICAL,True,True,TLSv1.2,"[""TLSv1.2"",""TLSv1.3""]","[""TLS_RSA_WITH_NULL_SHA256"",""TLS_RSA_WITH_RC4_128_SHA"",""TLS_AES_128_GCM_SHA256""]",RSA,2048,sha256WithRSAEncryption,TRUSTED,MATCH,398
sim-critical-0416,f9ec101d162f65893c12,cleartext_service,synthetic_simulation,CRITICAL,False,False,TLSv1.2,[],[],RSA,2048,sha256WithRSAEncryption,TRUSTED,MATCH,398
sim-critical-0417,84cfd1e5325734e4b822,broken_cipher_enabled,synthetic_simulation,CRITICAL,True,True,TLSv1.2,"[""TLSv1.2"",""TLSv1.3""]","[""TLS_AES_128_GCM_SHA256"",""TLS_RSA_WITH_NULL_SHA256"",""TLS_RSA_WITH_RC4_128_SHA""]",RSA,2048,sha256WithRSAEncryption,TRUSTED,MATCH,398
sim-critical-0418,f9ec101d162f65893c12,cleartext_service,synthetic_simulation,CRITICAL,False,False,TLSv1.2,[],[],RSA,2048,sha256WithRSAEncryption,TRUSTED,MATCH,398
sim-critical-0419,20c5239864d40e5244d4,broken_cipher_enabled,synthetic_simulation,CRITICAL,True,True,TLSv1.2,"[""TLSv1.2"",""TLSv1.3""]","[""TLS_AES_128_GCM_SHA256"",""TLS_ECDHE_RSA_WITH_AES_128_GCM_SHA256"",""TLS_RSA_WITH_RC4_128_SHA""]",RSA,2048,sha256WithRSAEncryption,TRUSTED,MATCH,398
sim-critical-0420,f9ec101d162f65893c12,cleartext_service,synthetic_simulation,CRITICAL,False,False,TLSv1.2,[],[],RSA,2048,sha256WithRSAEncryption,TRUSTED,MATCH,398
sim-critical-0421,1681ff229122c47dedd4,broken_cipher_enabled,synthetic_simulation,CRITICAL,True,True,TLSv1.2,"[""TLSv1.2"",""TLSv1.3""]","[""TLS_AES_128_GCM_SHA256"",""TLS_RSA_WITH_RC4_128_SHA"",""TLS_ECDHE_RSA_WITH_AES_128_GCM_SHA256""]",RSA,2048,sha256WithRSAEncryption,TRUSTED,MATCH,398
sim-critical-0422,f9ec101d162f65893c12,cleartext_service,synthetic_simulation,CRITICAL,False,False,TLSv1.2,[],[],RSA,2048,sha256WithRSAEncryption,TRUSTED,MATCH,398
sim-critical-0423,7ef107bf2c742aca8df1,broken_cipher_enabled,synthetic_simulation,CRITICAL,True,True,TLSv1.2,"[""TLSv1.2"",""TLSv1.3""]","[""TLS_AES_128_GCM_SHA256"",""TLS_RSA_WITH_NULL_SHA256"",""TLS_ECDHE_RSA_WITH_AES_128_GCM_SHA256""]",RSA,2048,sha256WithRSAEncryption,TRUSTED,MATCH,398
sim-critical-0424,f9ec101d162f65893c12,cleartext_service,synthetic_simulation,CRITICAL,False,False,TLSv1.2,[],[],RSA,2048,sha256WithRSAEncryption,TRUSTED,MATCH,398
sim-critical-0425,b78bfbc8096c313d3fe5,broken_cipher_enabled,synthetic_simulation,CRITICAL,True,True,TLSv1.2,"[""TLSv1.2"",""TLSv1.3""]","[""TLS_RSA_WITH_NULL_SHA256"",""TLS_RSA_WITH_RC4_128_SHA"",""TLS_ECDHE_RSA_WITH_AES_128_GCM_SHA256""]",RSA,2048,sha256WithRSAEncryption,TRUSTED,MATCH,398
sim-critical-0426,f9ec101d162f65893c12,cleartext_service,synthetic_simulation,CRITICAL,False,False,TLSv1.2,[],[],RSA,2048,sha256WithRSAEncryption,TRUSTED,MATCH,398
sim-critical-0427,0acea2d98f6e8c8dd688,broken_cipher_enabled,synthetic_simulation,CRITICAL,True,True,TLSv1.2,"[""TLSv1.2"",""TLSv1.3""]","[""TLS_ECDHE_RSA_WITH_AES_128_GCM_SHA256"",""TLS_RSA_WITH_RC4_128_SHA"",""TLS_AES_128_GCM_SHA256""]",RSA,2048,sha256WithRSAEncryption,TRUSTED,MATCH,398
sim-critical-0428,f9ec101d162f65893c12,cleartext_service,synthetic_simulation,CRITICAL,False,False,TLSv1.2,[],[],RSA,2048,sha256WithRSAEncryption,TRUSTED,MATCH,398
sim-critical-0429,b78bfbc8096c313d3fe5,broken_cipher_enabled,synthetic_simulation,CRITICAL,True,True,TLSv1.2,"[""TLSv1.2"",""TLSv1.3""]","[""TLS_RSA_WITH_NULL_SHA256"",""TLS_RSA_WITH_RC4_128_SHA"",""TLS_ECDHE_RSA_WITH_AES_128_GCM_SHA256""]",RSA,2048,sha256WithRSAEncryption,TRUSTED,MATCH,398
sim-critical-0430,f9ec101d162f65893c12,cleartext_service,synthetic_simulation,CRITICAL,False,False,TLSv1.2,[],[],RSA,2048,sha256WithRSAEncryption,TRUSTED,MATCH,398
sim-critical-0431,cee4d01f4163bb07ff54,broken_cipher_enabled,synthetic_simulation,CRITICAL,True,True,TLSv1.2,"[""TLSv1.2"",""TLSv1.3""]","[""TLS_RSA_WITH_RC4_128_SHA"",""TLS_RSA_WITH_NULL_SHA256"",""TLS_AES_128_GCM_SHA256""]",RSA,2048,sha256WithRSAEncryption,TRUSTED,MATCH,398
sim-critical-0432,f9ec101d162f65893c12,cleartext_service,synthetic_simulation,CRITICAL,False,False,TLSv1.2,[],[],RSA,2048,sha256WithRSAEncryption,TRUSTED,MATCH,398
sim-critical-0433,b863eb93cb00f90a8b62,broken_cipher_enabled,synthetic_simulation,CRITICAL,True,True,TLSv1.2,"[""TLSv1.2"",""TLSv1.3""]","[""TLS_RSA_WITH_NULL_SHA256"",""TLS_ECDHE_RSA_WITH_AES_128_GCM_SHA256"",""TLS_AES_128_GCM_SHA256""]",RSA,2048,sha256WithRSAEncryption,TRUSTED,MATCH,398
sim-critical-0434,f9ec101d162f65893c12,cleartext_service,synthetic_simulation,CRITICAL,False,False,TLSv1.2,[],[],RSA,2048,sha256WithRSAEncryption,TRUSTED,MATCH,398
sim-critical-0435,1e48b0643436a1d49f9e,broken_cipher_enabled,synthetic_simulation,CRITICAL,True,True,TLSv1.2,"[""TLSv1.2"",""TLSv1.3""]","[""TLS_RSA_WITH_RC4_128_SHA"",""TLS_ECDHE_RSA_WITH_AES_128_GCM_SHA256"",""TLS_AES_128_GCM_SHA256""]",RSA,2048,sha256WithRSAEncryption,TRUSTED,MATCH,398
sim-critical-0436,f9ec101d162f65893c12,cleartext_service,synthetic_simulation,CRITICAL,False,False,TLSv1.2,[],[],RSA,2048,sha256WithRSAEncryption,TRUSTED,MATCH,398
sim-critical-0437,d49bcd42b6e670a8c41d,broken_cipher_enabled,synthetic_simulation,CRITICAL,True,True,TLSv1.2,"[""TLSv1.2"",""TLSv1.3""]","[""TLS_RSA_WITH_RC4_128_SHA"",""TLS_RSA_WITH_NULL_SHA256"",""TLS_ECDHE_RSA_WITH_AES_128_GCM_SHA256""]",RSA,2048,sha256WithRSAEncryption,TRUSTED,MATCH,398
sim-critical-0438,f9ec101d162f65893c12,cleartext_service,synthetic_simulation,CRITICAL,False,False,TLSv1.2,[],[],RSA,2048,sha256WithRSAEncryption,TRUSTED,MATCH,398
sim-critical-0439,d49bcd42b6e670a8c41d,broken_cipher_enabled,synthetic_simulation,CRITICAL,True,True,TLSv1.2,"[""TLSv1.2"",""TLSv1.3""]","[""TLS_RSA_WITH_RC4_128_SHA"",""TLS_RSA_WITH_NULL_SHA256"",""TLS_ECDHE_RSA_WITH_AES_128_GCM_SHA256""]",RSA,2048,sha256WithRSAEncryption,TRUSTED,MATCH,398
sim-critical-0440,f9ec101d162f65893c12,cleartext_service,synthetic_simulation,CRITICAL,False,False,TLSv1.2,[],[],RSA,2048,sha256WithRSAEncryption,TRUSTED,MATCH,398
sim-critical-0441,cee4d01f4163bb07ff54,broken_cipher_enabled,synthetic_simulation,CRITICAL,True,True,TLSv1.2,"[""TLSv1.2"",""TLSv1.3""]","[""TLS_RSA_WITH_RC4_128_SHA"",""TLS_RSA_WITH_NULL_SHA256"",""TLS_AES_128_GCM_SHA256""]",RSA,2048,sha256WithRSAEncryption,TRUSTED,MATCH,398
sim-critical-0442,f9ec101d162f65893c12,cleartext_service,synthetic_simulation,CRITICAL,False,False,TLSv1.2,[],[],RSA,2048,sha256WithRSAEncryption,TRUSTED,MATCH,398
sim-critical-0443,20c5239864d40e5244d4,broken_cipher_enabled,synthetic_simulation,CRITICAL,True,True,TLSv1.2,"[""TLSv1.2"",""TLSv1.3""]","[""TLS_AES_128_GCM_SHA256"",""TLS_ECDHE_RSA_WITH_AES_128_GCM_SHA256"",""TLS_RSA_WITH_RC4_128_SHA""]",RSA,2048,sha256WithRSAEncryption,TRUSTED,MATCH,398
sim-critical-0444,f9ec101d162f65893c12,cleartext_service,synthetic_simulation,CRITICAL,False,False,TLSv1.2,[],[],RSA,2048,sha256WithRSAEncryption,TRUSTED,MATCH,398
sim-critical-0445,0acea2d98f6e8c8dd688,broken_cipher_enabled,synthetic_simulation,CRITICAL,True,True,TLSv1.2,"[""TLSv1.2"",""TLSv1.3""]","[""TLS_ECDHE_RSA_WITH_AES_128_GCM_SHA256"",""TLS_RSA_WITH_RC4_128_SHA"",""TLS_AES_128_GCM_SHA256""]",RSA,2048,sha256WithRSAEncryption,TRUSTED,MATCH,398
sim-critical-0446,f9ec101d162f65893c12,cleartext_service,synthetic_simulation,CRITICAL,False,False,TLSv1.2,[],[],RSA,2048,sha256WithRSAEncryption,TRUSTED,MATCH,398
sim-critical-0447,20c5239864d40e5244d4,broken_cipher_enabled,synthetic_simulation,CRITICAL,True,True,TLSv1.2,"[""TLSv1.2"",""TLSv1.3""]","[""TLS_AES_128_GCM_SHA256"",""TLS_ECDHE_RSA_WITH_AES_128_GCM_SHA256"",""TLS_RSA_WITH_RC4_128_SHA""]",RSA,2048,sha256WithRSAEncryption,TRUSTED,MATCH,398
sim-critical-0448,f9ec101d162f65893c12,cleartext_service,synthetic_simulation,CRITICAL,False,False,TLSv1.2,[],[],RSA,2048,sha256WithRSAEncryption,TRUSTED,MATCH,398
sim-critical-0449,cee4d01f4163bb07ff54,broken_cipher_enabled,synthetic_simulation,CRITICAL,True,True,TLSv1.2,"[""TLSv1.2"",""TLSv1.3""]","[""TLS_RSA_WITH_RC4_128_SHA"",""TLS_RSA_WITH_NULL_SHA256"",""TLS_AES_128_GCM_SHA256""]",RSA,2048,sha256WithRSAEncryption,TRUSTED,MATCH,398
sim-critical-0450,f9ec101d162f65893c12,cleartext_service,synthetic_simulation,CRITICAL,False,False,TLSv1.2,[],[],RSA,2048,sha256WithRSAEncryption,TRUSTED,MATCH,398
sim-critical-0451,112104167ccb5ac4c8e9,broken_cipher_enabled,synthetic_simulation,CRITICAL,True,True,TLSv1.2,"[""TLSv1.2"",""TLSv1.3""]","[""TLS_RSA_WITH_NULL_SHA256"",""TLS_AES_128_GCM_SHA256"",""TLS_RSA_WITH_RC4_128_SHA""]",RSA,2048,sha256WithRSAEncryption,TRUSTED,MATCH,398
sim-critical-0452,f9ec101d162f65893c12,cleartext_service,synthetic_simulation,CRITICAL,False,False,TLSv1.2,[],[],RSA,2048,sha256WithRSAEncryption,TRUSTED,MATCH,398
sim-critical-0453,ec31280473f1415a9857,broken_cipher_enabled,synthetic_simulation,CRITICAL,True,True,TLSv1.2,"[""TLSv1.2"",""TLSv1.3""]","[""TLS_ECDHE_RSA_WITH_AES_128_GCM_SHA256"",""TLS_RSA_WITH_NULL_SHA256"",""TLS_RSA_WITH_RC4_128_SHA""]",RSA,2048,sha256WithRSAEncryption,TRUSTED,MATCH,398
sim-critical-0454,f9ec101d162f65893c12,cleartext_service,synthetic_simulation,CRITICAL,False,False,TLSv1.2,[],[],RSA,2048,sha256WithRSAEncryption,TRUSTED,MATCH,398
sim-critical-0455,cee4d01f4163bb07ff54,broken_cipher_enabled,synthetic_simulation,CRITICAL,True,True,TLSv1.2,"[""TLSv1.2"",""TLSv1.3""]","[""TLS_RSA_WITH_RC4_128_SHA"",""TLS_RSA_WITH_NULL_SHA256"",""TLS_AES_128_GCM_SHA256""]",RSA,2048,sha256WithRSAEncryption,TRUSTED,MATCH,398
sim-critical-0456,f9ec101d162f65893c12,cleartext_service,synthetic_simulation,CRITICAL,False,False,TLSv1.2,[],[],RSA,2048,sha256WithRSAEncryption,TRUSTED,MATCH,398
sim-critical-0457,1681ff229122c47dedd4,broken_cipher_enabled,synthetic_simulation,CRITICAL,True,True,TLSv1.2,"[""TLSv1.2"",""TLSv1.3""]","[""TLS_AES_128_GCM_SHA256"",""TLS_RSA_WITH_RC4_128_SHA"",""TLS_ECDHE_RSA_WITH_AES_128_GCM_SHA256""]",RSA,2048,sha256WithRSAEncryption,TRUSTED,MATCH,398
sim-critical-0458,f9ec101d162f65893c12,cleartext_service,synthetic_simulation,CRITICAL,False,False,TLSv1.2,[],[],RSA,2048,sha256WithRSAEncryption,TRUSTED,MATCH,398
sim-critical-0459,1681ff229122c47dedd4,broken_cipher_enabled,synthetic_simulation,CRITICAL,True,True,TLSv1.2,"[""TLSv1.2"",""TLSv1.3""]","[""TLS_AES_128_GCM_SHA256"",""TLS_RSA_WITH_RC4_128_SHA"",""TLS_ECDHE_RSA_WITH_AES_128_GCM_SHA256""]",RSA,2048,sha256WithRSAEncryption,TRUSTED,MATCH,398
sim-critical-0460,f9ec101d162f65893c12,cleartext_service,synthetic_simulation,CRITICAL,False,False,TLSv1.2,[],[],RSA,2048,sha256WithRSAEncryption,TRUSTED,MATCH,398
sim-critical-0461,fe83af94f1fd61177d60,broken_cipher_enabled,synthetic_simulation,CRITICAL,True,True,TLSv1.2,"[""TLSv1.2"",""TLSv1.3""]","[""TLS_RSA_WITH_RC4_128_SHA"",""TLS_AES_128_GCM_SHA256"",""TLS_RSA_WITH_NULL_SHA256""]",RSA,2048,sha256WithRSAEncryption,TRUSTED,MATCH,398
sim-critical-0462,f9ec101d162f65893c12,cleartext_service,synthetic_simulation,CRITICAL,False,False,TLSv1.2,[],[],RSA,2048,sha256WithRSAEncryption,TRUSTED,MATCH,398
sim-critical-0463,d49bcd42b6e670a8c41d,broken_cipher_enabled,synthetic_simulation,CRITICAL,True,True,TLSv1.2,"[""TLSv1.2"",""TLSv1.3""]","[""TLS_RSA_WITH_RC4_128_SHA"",""TLS_RSA_WITH_NULL_SHA256"",""TLS_ECDHE_RSA_WITH_AES_128_GCM_SHA256""]",RSA,2048,sha256WithRSAEncryption,TRUSTED,MATCH,398
sim-critical-0464,f9ec101d162f65893c12,cleartext_service,synthetic_simulation,CRITICAL,False,False,TLSv1.2,[],[],RSA,2048,sha256WithRSAEncryption,TRUSTED,MATCH,398
sim-critical-0465,1681ff229122c47dedd4,broken_cipher_enabled,synthetic_simulation,CRITICAL,True,True,TLSv1.2,"[""TLSv1.2"",""TLSv1.3""]","[""TLS_AES_128_GCM_SHA256"",""TLS_RSA_WITH_RC4_128_SHA"",""TLS_ECDHE_RSA_WITH_AES_128_GCM_SHA256""]",RSA,2048,sha256WithRSAEncryption,TRUSTED,MATCH,398
sim-critical-0466,f9ec101d162f65893c12,cleartext_service,synthetic_simulation,CRITICAL,False,False,TLSv1.2,[],[],RSA,2048,sha256WithRSAEncryption,TRUSTED,MATCH,398
sim-critical-0467,a218ac26b23da4142cfc,broken_cipher_enabled,synthetic_simulation,CRITICAL,True,True,TLSv1.2,"[""TLSv1.2"",""TLSv1.3""]","[""TLS_ECDHE_RSA_WITH_AES_128_GCM_SHA256"",""TLS_AES_128_GCM_SHA256"",""TLS_RSA_WITH_NULL_SHA256""]",RSA,2048,sha256WithRSAEncryption,TRUSTED,MATCH,398
sim-critical-0468,f9ec101d162f65893c12,cleartext_service,synthetic_simulation,CRITICAL,False,False,TLSv1.2,[],[],RSA,2048,sha256WithRSAEncryption,TRUSTED,MATCH,398
sim-critical-0469,b78bfbc8096c313d3fe5,broken_cipher_enabled,synthetic_simulation,CRITICAL,True,True,TLSv1.2,"[""TLSv1.2"",""TLSv1.3""]","[""TLS_RSA_WITH_NULL_SHA256"",""TLS_RSA_WITH_RC4_128_SHA"",""TLS_ECDHE_RSA_WITH_AES_128_GCM_SHA256""]",RSA,2048,sha256WithRSAEncryption,TRUSTED,MATCH,398
sim-critical-0470,f9ec101d162f65893c12,cleartext_service,synthetic_simulation,CRITICAL,False,False,TLSv1.2,[],[],RSA,2048,sha256WithRSAEncryption,TRUSTED,MATCH,398
sim-critical-0471,672bf994a39886c5402e,broken_cipher_enabled,synthetic_simulation,CRITICAL,True,True,TLSv1.2,"[""TLSv1.2"",""TLSv1.3""]","[""TLS_RSA_WITH_RC4_128_SHA"",""TLS_AES_128_GCM_SHA256"",""TLS_ECDHE_RSA_WITH_AES_128_GCM_SHA256""]",RSA,2048,sha256WithRSAEncryption,TRUSTED,MATCH,398
sim-critical-0472,f9ec101d162f65893c12,cleartext_service,synthetic_simulation,CRITICAL,False,False,TLSv1.2,[],[],RSA,2048,sha256WithRSAEncryption,TRUSTED,MATCH,398
sim-critical-0473,d16ff3af7d4b85e4c887,broken_cipher_enabled,synthetic_simulation,CRITICAL,True,True,TLSv1.2,"[""TLSv1.2"",""TLSv1.3""]","[""TLS_ECDHE_RSA_WITH_AES_128_GCM_SHA256"",""TLS_AES_128_GCM_SHA256"",""TLS_RSA_WITH_RC4_128_SHA""]",RSA,2048,sha256WithRSAEncryption,TRUSTED,MATCH,398
sim-critical-0474,f9ec101d162f65893c12,cleartext_service,synthetic_simulation,CRITICAL,False,False,TLSv1.2,[],[],RSA,2048,sha256WithRSAEncryption,TRUSTED,MATCH,398
sim-critical-0475,3984945e149ecef355ef,broken_cipher_enabled,synthetic_simulation,CRITICAL,True,True,TLSv1.2,"[""TLSv1.2"",""TLSv1.3""]","[""TLS_RSA_WITH_NULL_SHA256"",""TLS_RSA_WITH_RC4_128_SHA"",""TLS_AES_128_GCM_SHA256""]",RSA,2048,sha256WithRSAEncryption,TRUSTED,MATCH,398
sim-critical-0476,f9ec101d162f65893c12,cleartext_service,synthetic_simulation,CRITICAL,False,False,TLSv1.2,[],[],RSA,2048,sha256WithRSAEncryption,TRUSTED,MATCH,398
sim-critical-0477,1e48b0643436a1d49f9e,broken_cipher_enabled,synthetic_simulation,CRITICAL,True,True,TLSv1.2,"[""TLSv1.2"",""TLSv1.3""]","[""TLS_RSA_WITH_RC4_128_SHA"",""TLS_ECDHE_RSA_WITH_AES_128_GCM_SHA256"",""TLS_AES_128_GCM_SHA256""]",RSA,2048,sha256WithRSAEncryption,TRUSTED,MATCH,398
sim-critical-0478,f9ec101d162f65893c12,cleartext_service,synthetic_simulation,CRITICAL,False,False,TLSv1.2,[],[],RSA,2048,sha256WithRSAEncryption,TRUSTED,MATCH,398
sim-critical-0479,b8b9b1b122175c2cfb3f,broken_cipher_enabled,synthetic_simulation,CRITICAL,True,True,TLSv1.2,"[""TLSv1.2"",""TLSv1.3""]","[""TLS_AES_128_GCM_SHA256"",""TLS_ECDHE_RSA_WITH_AES_128_GCM_SHA256"",""TLS_RSA_WITH_NULL_SHA256""]",RSA,2048,sha256WithRSAEncryption,TRUSTED,MATCH,398
sim-critical-0480,f9ec101d162f65893c12,cleartext_service,synthetic_simulation,CRITICAL,False,False,TLSv1.2,[],[],RSA,2048,sha256WithRSAEncryption,TRUSTED,MATCH,398
sim-critical-0481,3984945e149ecef355ef,broken_cipher_enabled,synthetic_simulation,CRITICAL,True,True,TLSv1.2,"[""TLSv1.2"",""TLSv1.3""]","[""TLS_RSA_WITH_NULL_SHA256"",""TLS_RSA_WITH_RC4_128_SHA"",""TLS_AES_128_GCM_SHA256""]",RSA,2048,sha256WithRSAEncryption,TRUSTED,MATCH,398
sim-critical-0482,f9ec101d162f65893c12,cleartext_service,synthetic_simulation,CRITICAL,False,False,TLSv1.2,[],[],RSA,2048,sha256WithRSAEncryption,TRUSTED,MATCH,398
sim-critical-0483,684178af4f459fc18566,broken_cipher_enabled,synthetic_simulation,CRITICAL,True,True,TLSv1.2,"[""TLSv1.2"",""TLSv1.3""]","[""TLS_ECDHE_RSA_WITH_AES_128_GCM_SHA256"",""TLS_RSA_WITH_NULL_SHA256"",""TLS_AES_128_GCM_SHA256""]",RSA,2048,sha256WithRSAEncryption,TRUSTED,MATCH,398
sim-critical-0484,f9ec101d162f65893c12,cleartext_service,synthetic_simulation,CRITICAL,False,False,TLSv1.2,[],[],RSA,2048,sha256WithRSAEncryption,TRUSTED,MATCH,398
sim-critical-0485,b863eb93cb00f90a8b62,broken_cipher_enabled,synthetic_simulation,CRITICAL,True,True,TLSv1.2,"[""TLSv1.2"",""TLSv1.3""]","[""TLS_RSA_WITH_NULL_SHA256"",""TLS_ECDHE_RSA_WITH_AES_128_GCM_SHA256"",""TLS_AES_128_GCM_SHA256""]",RSA,2048,sha256WithRSAEncryption,TRUSTED,MATCH,398
sim-critical-0486,f9ec101d162f65893c12,cleartext_service,synthetic_simulation,CRITICAL,False,False,TLSv1.2,[],[],RSA,2048,sha256WithRSAEncryption,TRUSTED,MATCH,398
sim-critical-0487,d16ff3af7d4b85e4c887,broken_cipher_enabled,synthetic_simulation,CRITICAL,True,True,TLSv1.2,"[""TLSv1.2"",""TLSv1.3""]","[""TLS_ECDHE_RSA_WITH_AES_128_GCM_SHA256"",""TLS_AES_128_GCM_SHA256"",""TLS_RSA_WITH_RC4_128_SHA""]",RSA,2048,sha256WithRSAEncryption,TRUSTED,MATCH,398
sim-critical-0488,f9ec101d162f65893c12,cleartext_service,synthetic_simulation,CRITICAL,False,False,TLSv1.2,[],[],RSA,2048,sha256WithRSAEncryption,TRUSTED,MATCH,398
sim-critical-0489,1681ff229122c47dedd4,broken_cipher_enabled,synthetic_simulation,CRITICAL,True,True,TLSv1.2,"[""TLSv1.2"",""TLSv1.3""]","[""TLS_AES_128_GCM_SHA256"",""TLS_RSA_WITH_RC4_128_SHA"",""TLS_ECDHE_RSA_WITH_AES_128_GCM_SHA256""]",RSA,2048,sha256WithRSAEncryption,TRUSTED,MATCH,398
sim-critical-0490,f9ec101d162f65893c12,cleartext_service,synthetic_simulation,CRITICAL,False,False,TLSv1.2,[],[],RSA,2048,sha256WithRSAEncryption,TRUSTED,MATCH,398
sim-critical-0491,b863eb93cb00f90a8b62,broken_cipher_enabled,synthetic_simulation,CRITICAL,True,True,TLSv1.2,"[""TLSv1.2"",""TLSv1.3""]","[""TLS_RSA_WITH_NULL_SHA256"",""TLS_ECDHE_RSA_WITH_AES_128_GCM_SHA256"",""TLS_AES_128_GCM_SHA256""]",RSA,2048,sha256WithRSAEncryption,TRUSTED,MATCH,398
sim-critical-0492,f9ec101d162f65893c12,cleartext_service,synthetic_simulation,CRITICAL,False,False,TLSv1.2,[],[],RSA,2048,sha256WithRSAEncryption,TRUSTED,MATCH,398
sim-critical-0493,672bf994a39886c5402e,broken_cipher_enabled,synthetic_simulation,CRITICAL,True,True,TLSv1.2,"[""TLSv1.2"",""TLSv1.3""]","[""TLS_RSA_WITH_RC4_128_SHA"",""TLS_AES_128_GCM_SHA256"",""TLS_ECDHE_RSA_WITH_AES_128_GCM_SHA256""]",RSA,2048,sha256WithRSAEncryption,TRUSTED,MATCH,398
sim-critical-0494,f9ec101d162f65893c12,cleartext_service,synthetic_simulation,CRITICAL,False,False,TLSv1.2,[],[],RSA,2048,sha256WithRSAEncryption,TRUSTED,MATCH,398
sim-critical-0495,d49bcd42b6e670a8c41d,broken_cipher_enabled,synthetic_simulation,CRITICAL,True,True,TLSv1.2,"[""TLSv1.2"",""TLSv1.3""]","[""TLS_RSA_WITH_RC4_128_SHA"",""TLS_RSA_WITH_NULL_SHA256"",""TLS_ECDHE_RSA_WITH_AES_128_GCM_SHA256""]",RSA,2048,sha256WithRSAEncryption,TRUSTED,MATCH,398
sim-critical-0496,f9ec101d162f65893c12,cleartext_service,synthetic_simulation,CRITICAL,False,False,TLSv1.2,[],[],RSA,2048,sha256WithRSAEncryption,TRUSTED,MATCH,398
sim-critical-0497,ec31280473f1415a9857,broken_cipher_enabled,synthetic_simulation,CRITICAL,True,True,TLSv1.2,"[""TLSv1.2"",""TLSv1.3""]","[""TLS_ECDHE_RSA_WITH_AES_128_GCM_SHA256"",""TLS_RSA_WITH_NULL_SHA256"",""TLS_RSA_WITH_RC4_128_SHA""]",RSA,2048,sha256WithRSAEncryption,TRUSTED,MATCH,398
sim-critical-0498,f9ec101d162f65893c12,cleartext_service,synthetic_simulation,CRITICAL,False,False,TLSv1.2,[],[],RSA,2048,sha256WithRSAEncryption,TRUSTED,MATCH,398
sim-critical-0499,ceb9e52fb815ca56808e,broken_cipher_enabled,synthetic_simulation,CRITICAL,True,True,TLSv1.2,"[""TLSv1.2"",""TLSv1.3""]","[""TLS_RSA_WITH_NULL_SHA256"",""TLS_ECDHE_RSA_WITH_AES_128_GCM_SHA256"",""TLS_RSA_WITH_RC4_128_SHA""]",RSA,2048,sha256WithRSAEncryption,TRUSTED,MATCH,398
